interval_start_utc,interval_end_utc,indoor_temperature_mean,indoor_temperature_min,indoor_temperature_max,indoor_temperature_samples,indoor_temperature_first_utc,indoor_temperature_last_utc,indoor_rh_mean,indoor_rh_min,indoor_rh_max,indoor_rh_samples,indoor_rh_first_utc,indoor_rh_last_utc,outdoor_temperature_mean,outdoor_temperature_min,outdoor_temperature_max,outdoor_temperature_samples,outdoor_temperature_first_utc,outdoor_temperature_last_utc,outdoor_rh_mean,outdoor_rh_min,outdoor_rh_max,outdoor_rh_samples,outdoor_rh_first_utc,outdoor_rh_last_utc
2018-01-12T00:00:00.000Z,2018-01-12T01:00:00.000Z,16.088129496402843,15.9,16.3,278,2018-01-12T00:00:00Z,2018-01-12T00:59:50Z,45.62769784172645,45.2,45.9,278,2018-01-12T00:00:00Z,2018-01-12T00:59:50Z,4.675000000000001,4.4,4.8,4,2018-01-12T00:00:03Z,2018-01-12T00:45:04Z,91.25,91,92,4,2018-01-12T00:00:03Z,2018-01-12T00:45:04Z
2018-01-12T01:00:00.000Z,2018-01-12T02:00:00.000Z,15.894339622641494,15.8,15.9,53,2018-01-12T01:00:02Z,2018-01-12T01:10:50Z,45.93396226415096,45.9,46,53,2018-01-12T01:00:02Z,2018-01-12T01:10:50Z,3.8,3.5,4.1,4,2018-01-12T01:00:09Z,2018-01-12T01:45:03Z,93.5,93,94,4,2018-01-12T01:00:09Z,2018-01-12T01:45:03Z
2018-01-12T02:00:00.000Z,2018-01-12T03:00:00.000Z,,,,0,,,,,,0,,,4.074999999999999,3.6,4.4,4,2018-01-12T02:00:02Z,2018-01-12T02:45:04Z,93.25,93,94,4,2018-01-12T02:00:02Z,2018-01-12T02:45:04Z
2018-01-12T03:00:00.000Z,2018-01-12T04:00:00.000Z,15.281506849315033,15.2,15.3,146,2018-01-12T03:30:06Z,2018-01-12T03:59:55Z,46.9294520547944,46.9,47,146,2018-01-12T03:30:06Z,2018-01-12T03:59:55Z,4.625,4.4,4.8,4,2018-01-12T03:00:19Z,2018-01-12T03:45:03Z,90.75,90,91,4,2018-01-12T03:00:19Z,2018-01-12T03:45:03Z
2018-01-12T04:00:00.000Z,2018-01-12T05:00:00.000Z,15.160416666666647,15.1,15.2,288,2018-01-12T04:00:07Z,2018-01-12T04:59:57Z,47.06805555555585,46.9,47.2,288,2018-01-12T04:00:07Z,2018-01-12T04:59:57Z,5.1,5,5.2,4,2018-01-12T04:00:05Z,2018-01-12T04:45:05Z,90.25,90,91,4,2018-01-12T04:00:05Z,2018-01-12T04:45:05Z
2018-01-12T05:00:00.000Z,2018-01-12T06:00:00.000Z,15.04305084745761,15,15.1,295,2018-01-12T05:00:09Z,2018-01-12T05:59:59Z,47.28779661016929,47.2,47.4,295,2018-01-12T05:00:09Z,2018-01-12T05:59:59Z,4.9,4.8,5,4,2018-01-12T05:00:03Z,2018-01-12T05:45:02Z,91.5,91,92,4,2018-01-12T05:00:03Z,2018-01-12T05:45:02Z
2018-01-12T06:00:00.000Z,2018-01-12T07:00:00.000Z,14.94027777777781,14.9,15,288,2018-01-12T06:00:11Z,2018-01-12T06:59:50Z,47.59305555555564,47.4,48.2,288,2018-01-12T06:00:11Z,2018-01-12T06:59:50Z,5.074999999999999,5,5.1,4,2018-01-12T06:00:14Z,2018-01-12T06:45:01Z,92,92,92,4,2018-01-12T06:00:14Z,2018-01-12T06:45:01Z
2018-01-12T07:00:00.000Z,2018-01-12T08:00:00.000Z,14.888775510204157,14.8,14.9,294,2018-01-12T07:00:02Z,2018-01-12T07:59:52Z,48.76802721088443,48.2,49.2,294,2018-01-12T07:00:02Z,2018-01-12T07:59:52Z,5.025,4.9,5.1,4,2018-01-12T07:00:02Z,2018-01-12T07:45:02Z,92.5,92,93,4,2018-01-12T07:00:02Z,2018-01-12T07:45:02Z
2018-01-12T08:00:00.000Z,2018-01-12T09:00:00.000Z,14.800000000000077,14.8,14.8,286,2018-01-12T08:00:04Z,2018-01-12T08:59:54Z,49.69545454545455,49.2,50.1,286,2018-01-12T08:00:04Z,2018-01-12T08:59:54Z,4.925,4.8,5.1,4,2018-01-12T08:00:02Z,2018-01-12T08:45:01Z,93,93,93,4,2018-01-12T08:00:02Z,2018-01-12T08:45:01Z
2018-01-12T09:00:00.000Z,2018-01-12T10:00:00.000Z,14.800000000000074,14.8,14.8,278,2018-01-12T09:00:06Z,2018-01-12T09:59:56Z,50.20323741007197,50,50.4,278,2018-01-12T09:00:06Z,2018-01-12T09:59:56Z,5.425,5.1,5.8,4,2018-01-12T09:00:03Z,2018-01-12T09:45:02Z,90.5,88,93,4,2018-01-12T09:00:03Z,2018-01-12T09:45:02Z
2018-01-12T10:00:00.000Z,2018-01-12T11:00:00.000Z,14.895323741007225,14.8,15.1,278,2018-01-12T10:00:08Z,2018-01-12T10:59:58Z,49.79568345323747,49.5,50,278,2018-01-12T10:00:08Z,2018-01-12T10:59:58Z,6.375,6,6.9,4,2018-01-12T10:00:02Z,2018-01-12T10:45:03Z,80.5,74,87,4,2018-01-12T10:00:02Z,2018-01-12T10:45:03Z
2018-01-12T11:00:00.000Z,2018-01-12T12:00:00.000Z,15.918115942028994,15.1,17.8,276,2018-01-12T11:00:10Z,2018-01-12T11:59:36Z,47.656884057971034,43.1,49.5,276,2018-01-12T11:00:10Z,2018-01-12T11:59:36Z,7.5,7.3,7.6,4,2018-01-12T11:00:03Z,2018-01-12T11:45:02Z,70.25,69,72,4,2018-01-12T11:00:03Z,2018-01-12T11:45:02Z
2018-01-12T12:00:00.000Z,2018-01-12T13:00:00.000Z,16.741071428571455,16.2,17.8,280,2018-01-12T12:00:00Z,2018-01-12T12:59:49Z,44.34821428571431,43,45.1,280,2018-01-12T12:00:00Z,2018-01-12T12:59:49Z,7.525,7.5,7.6,4,2018-01-12T12:00:05Z,2018-01-12T12:45:02Z,69,68,70,4,2018-01-12T12:00:05Z,2018-01-12T12:45:02Z
2018-01-12T13:00:00.000Z,2018-01-12T14:00:00.000Z,16.600000000000026,16,17,281,2018-01-12T13:00:01Z,2018-01-12T13:59:51Z,44.2537366548043,43.5,45.5,281,2018-01-12T13:00:01Z,2018-01-12T13:59:51Z,7.75,7.7,7.8,4,2018-01-12T13:00:09Z,2018-01-12T13:45:03Z,67.5,67,68,4,2018-01-12T13:00:09Z,2018-01-12T13:45:03Z
2018-01-12T14:00:00.000Z,2018-01-12T15:00:00.000Z,15.67046263345191,15.4,16,281,2018-01-12T14:00:03Z,2018-01-12T14:59:53Z,46.277935943060484,45.5,46.8,281,2018-01-12T14:00:03Z,2018-01-12T14:59:53Z,7.625,7.3,7.8,4,2018-01-12T14:00:03Z,2018-01-12T14:45:02Z,69,68,70,4,2018-01-12T14:00:03Z,2018-01-12T14:45:02Z
2018-01-12T15:00:00.000Z,2018-01-12T16:00:00.000Z,15.259574468084999,15.2,15.4,282,2018-01-12T15:00:05Z,2018-01-12T15:59:55Z,47.948226950354574,46.9,49.4,282,2018-01-12T15:00:05Z,2018-01-12T15:59:55Z,6.8,6.5,7.1,4,2018-01-12T15:00:03Z,2018-01-12T15:45:02Z,71.25,70,72,4,2018-01-12T15:00:03Z,2018-01-12T15:45:02Z
2018-01-12T16:00:00.000Z,2018-01-12T17:00:00.000Z,15.162323943661919,15.1,15.5,284,2018-01-12T16:00:07Z,2018-01-12T16:59:57Z,49.94647887323951,49.4,50.7,284,2018-01-12T16:00:07Z,2018-01-12T16:59:57Z,5.975,5.6,6.3,4,2018-01-12T16:00:10Z,2018-01-12T16:45:01Z,73.75,72,75,4,2018-01-12T16:00:10Z,2018-01-12T16:45:01Z
2018-01-12T17:00:00.000Z,2018-01-12T18:00:00.000Z,16.821993127147767,15.5,17.9,291,2018-01-12T17:00:09Z,2018-01-12T17:59:58Z,48.789003436426114,47,50.6,291,2018-01-12T17:00:09Z,2018-01-12T17:59:58Z,5.3500000000000005,5.3,5.5,4,2018-01-12T17:00:02Z,2018-01-12T17:45:02Z,76.75,75,78,4,2018-01-12T17:00:02Z,2018-01-12T17:45:02Z
2018-01-12T18:00:00.000Z,2018-01-12T19:00:00.000Z,18.347278911564562,17.9,18.6,294,2018-01-12T18:00:10Z,2018-01-12T18:59:59Z,46.389115646258325,45.8,47.4,294,2018-01-12T18:00:10Z,2018-01-12T18:59:59Z,5.6000000000000005,5.4,5.8,4,2018-01-12T18:00:02Z,2018-01-12T18:45:03Z,78.75,78,79,4,2018-01-12T18:00:02Z,2018-01-12T18:45:03Z
2018-01-12T19:00:00.000Z,2018-01-12T20:00:00.000Z,18.003754266211615,17.7,18.4,293,2018-01-12T19:00:11Z,2018-01-12T19:59:48Z,46.16484641638237,45.3,47.2,293,2018-01-12T19:00:11Z,2018-01-12T19:59:48Z,5.75,5.7,5.8,4,2018-01-12T19:00:08Z,2018-01-12T19:45:04Z,75.75,74,79,4,2018-01-12T19:00:08Z,2018-01-12T19:45:04Z
2018-01-12T20:00:00.000Z,2018-01-12T21:00:00.000Z,17.65602836879427,17.5,17.9,282,2018-01-12T20:00:00Z,2018-01-12T20:59:49Z,46.80602836879425,45.8,47.4,282,2018-01-12T20:00:00Z,2018-01-12T20:59:49Z,5.45,5.3,5.6,4,2018-01-12T20:00:07Z,2018-01-12T20:45:02Z,76.5,75,78,4,2018-01-12T20:00:07Z,2018-01-12T20:45:02Z
2018-01-12T21:00:00.000Z,2018-01-12T22:00:00.000Z,18.11649122807007,17.9,18.2,285,2018-01-12T21:00:01Z,2018-01-12T21:59:50Z,45.31754385964909,44.7,45.8,285,2018-01-12T21:00:01Z,2018-01-12T21:59:50Z,5.125,5.1,5.2,4,2018-01-12T21:00:01Z,2018-01-12T21:45:02Z,79.25,79,80,4,2018-01-12T21:00:01Z,2018-01-12T21:45:02Z
2018-01-12T22:00:00.000Z,2018-01-12T23:00:00.000Z,18.111743772241933,17.8,18.2,281,2018-01-12T22:00:02Z,2018-01-12T22:59:51Z,44.54946619217085,44.4,44.7,281,2018-01-12T22:00:02Z,2018-01-12T22:59:51Z,5.074999999999999,5,5.1,4,2018-01-12T22:00:06Z,2018-01-12T22:45:02Z,79.75,79,80,4,2018-01-12T22:00:06Z,2018-01-12T22:45:02Z
2018-01-12T23:00:00.000Z,2018-01-13T00:00:00.000Z,17.35288135593226,17,17.8,295,2018-01-12T23:00:03Z,2018-01-12T23:59:53Z,44.414237288135496,44.3,44.6,295,2018-01-12T23:00:03Z,2018-01-12T23:59:53Z,4.575,4.4,4.7,4,2018-01-12T23:00:03Z,2018-01-12T23:45:01Z,78.5,78,79,4,2018-01-12T23:00:03Z,2018-01-12T23:45:01Z
2018-01-13T00:00:00.000Z,2018-01-13T01:00:00.000Z,16.7989932885906,16.6,17,298,2018-01-13T00:00:05Z,2018-01-13T00:59:54Z,44.77214765100652,44.5,45,298,2018-01-13T00:00:05Z,2018-01-13T00:59:54Z,4.175,3.9,4.4,4,2018-01-13T00:00:02Z,2018-01-13T00:45:01Z,80.25,78,83,4,2018-01-13T00:00:02Z,2018-01-13T00:45:01Z
2018-01-13T01:00:00.000Z,2018-01-13T02:00:00.000Z,16.45925925925931,16.3,16.6,297,2018-01-13T01:00:06Z,2018-01-13T01:59:56Z,45.116498316498564,45,45.3,297,2018-01-13T01:00:06Z,2018-01-13T01:59:56Z,3.7250000000000005,3.7,3.8,4,2018-01-13T01:00:07Z,2018-01-13T01:45:05Z,82.5,82,83,4,2018-01-13T01:00:07Z,2018-01-13T01:45:05Z
2018-01-13T02:00:00.000Z,2018-01-13T03:00:00.000Z,16.205743243243226,16.1,16.3,296,2018-01-13T02:00:08Z,2018-01-13T02:59:57Z,45.39121621621601,45.3,45.5,296,2018-01-13T02:00:08Z,2018-01-13T02:59:57Z,3.4749999999999996,3.3,3.7,4,2018-01-13T02:00:02Z,2018-01-13T02:45:03Z,84.25,84,85,4,2018-01-13T02:00:02Z,2018-01-13T02:45:03Z
2018-01-13T03:00:00.000Z,2018-01-13T04:00:00.000Z,16.053767123287646,16,16.1,292,2018-01-13T03:00:09Z,2018-01-13T03:59:59Z,45.72568493150698,45.4,46,292,2018-01-13T03:00:09Z,2018-01-13T03:59:59Z,3.075,2.9,3.2,4,2018-01-13T03:00:16Z,2018-01-13T03:45:02Z,85.75,85,86,4,2018-01-13T03:00:16Z,2018-01-13T03:45:02Z
2018-01-13T04:00:00.000Z,2018-01-13T05:00:00.000Z,15.916778523489942,15.9,16,298,2018-01-13T04:00:11Z,2018-01-13T04:59:49Z,45.4929530201342,45.4,45.5,298,2018-01-13T04:00:11Z,2018-01-13T04:59:49Z,3.2,3.1,3.3,4,2018-01-13T04:00:02Z,2018-01-13T04:45:04Z,87,87,87,4,2018-01-13T04:00:02Z,2018-01-13T04:45:04Z
2018-01-13T05:00:00.000Z,2018-01-13T06:00:00.000Z,15.792567567567614,15.7,15.9,296,2018-01-13T05:00:01Z,2018-01-13T05:59:51Z,45.45979729729727,45.4,45.5,296,2018-01-13T05:00:01Z,2018-01-13T05:59:51Z,3.4000000000000004,3.2,3.7,4,2018-01-13T05:00:10Z,2018-01-13T05:45:01Z,87.5,87,88,4,2018-01-13T05:00:10Z,2018-01-13T05:45:01Z
2018-01-13T06:00:00.000Z,2018-01-13T07:00:00.000Z,15.685762711864387,15.6,15.7,295,2018-01-13T06:00:03Z,2018-01-13T06:59:41Z,45.405084745762736,45.3,45.8,295,2018-01-13T06:00:03Z,2018-01-13T06:59:41Z,3.5500000000000003,3.4,3.8,4,2018-01-13T06:00:03Z,2018-01-13T06:45:03Z,88.25,87,89,4,2018-01-13T06:00:03Z,2018-01-13T06:45:03Z
2018-01-13T07:00:00.000Z,2018-01-13T08:00:00.000Z,16.312925170068088,15.6,17.1,294,2018-01-13T07:00:05Z,2018-01-13T07:59:54Z,46.040816326530646,45,46.8,294,2018-01-13T07:00:05Z,2018-01-13T07:59:54Z,3.7500000000000004,3.6,3.9,4,2018-01-13T07:00:06Z,2018-01-13T07:45:02Z,84.75,83,86,4,2018-01-13T07:00:06Z,2018-01-13T07:45:02Z
2018-01-13T08:00:00.000Z,2018-01-13T09:00:00.000Z,17.009698996655455,16.8,17.1,299,2018-01-13T08:00:06Z,2018-01-13T08:59:56Z,44.84548494983271,44.4,45.3,299,2018-01-13T08:00:06Z,2018-01-13T08:59:56Z,4.225,4.1,4.3,4,2018-01-13T08:00:02Z,2018-01-13T08:45:02Z,82.75,82,83,4,2018-01-13T08:00:02Z,2018-01-13T08:45:02Z
2018-01-13T09:00:00.000Z,2018-01-13T10:00:00.000Z,16.630388692579483,16.5,16.8,283,2018-01-13T09:00:08Z,2018-01-13T09:59:57Z,45.511660777385266,45.1,45.8,283,2018-01-13T09:00:08Z,2018-01-13T09:59:57Z,4.4,4.3,4.6,4,2018-01-13T09:00:02Z,2018-01-13T09:45:02Z,83,83,83,4,2018-01-13T09:00:02Z,2018-01-13T09:45:02Z
2018-01-13T10:00:00.000Z,2018-01-13T11:00:00.000Z,16.339726027397372,16.3,16.5,292,2018-01-13T10:00:09Z,2018-01-13T10:59:59Z,45.85787671232874,45.5,46.5,292,2018-01-13T10:00:09Z,2018-01-13T10:59:59Z,4.825,4.7,4.9,4,2018-01-13T10:00:02Z,2018-01-13T10:45:01Z,81.5,81,82,4,2018-01-13T10:00:02Z,2018-01-13T10:45:01Z
2018-01-13T11:00:00.000Z,2018-01-13T12:00:00.000Z,16.28936170212775,16.2,16.3,282,2018-01-13T11:00:11Z,2018-01-13T11:59:49Z,47.795035460992864,46.5,49.3,282,2018-01-13T11:00:11Z,2018-01-13T11:59:49Z,5.15,5,5.3,4,2018-01-13T11:00:05Z,2018-01-13T11:45:02Z,80.25,80,81,4,2018-01-13T11:00:05Z,2018-01-13T11:45:02Z
2018-01-13T12:00:00.000Z,2018-01-13T13:00:00.000Z,16.30513698630143,16.3,16.4,292,2018-01-13T12:00:01Z,2018-01-13T12:59:50Z,48.44280821917813,47.5,49.5,292,2018-01-13T12:00:01Z,2018-01-13T12:59:50Z,5.575,5.4,5.8,4,2018-01-13T12:00:03Z,2018-01-13T12:45:02Z,78.25,75,80,4,2018-01-13T12:00:03Z,2018-01-13T12:45:02Z
2018-01-13T13:00:00.000Z,2018-01-13T14:00:00.000Z,16.665614035087685,16.4,16.9,285,2018-01-13T13:00:02Z,2018-01-13T13:59:52Z,46.47754385964908,46.1,47.5,285,2018-01-13T13:00:02Z,2018-01-13T13:59:52Z,6.299999999999999,6.1,6.4,4,2018-01-13T13:00:02Z,2018-01-13T13:45:02Z,72.5,72,73,4,2018-01-13T13:00:02Z,2018-01-13T13:45:02Z
2018-01-13T14:00:00.000Z,2018-01-13T15:00:00.000Z,16.252203389830505,16.1,16.4,295,2018-01-13T14:00:04Z,2018-01-13T14:59:54Z,45.82644067796626,45.6,46.4,295,2018-01-13T14:00:04Z,2018-01-13T14:59:54Z,6.45,6.3,6.5,4,2018-01-13T14:00:02Z,2018-01-13T14:45:01Z,73,72,74,4,2018-01-13T14:00:02Z,2018-01-13T14:45:01Z
2018-01-13T15:00:00.000Z,2018-01-13T16:00:00.000Z,16.056802721088435,15.9,16.5,294,2018-01-13T15:00:06Z,2018-01-13T15:59:55Z,46.1061224489796,45.5,47.5,294,2018-01-13T15:00:06Z,2018-01-13T15:59:55Z,5.95,5.8,6.1,4,2018-01-13T15:00:02Z,2018-01-13T15:45:02Z,74.75,74,76,4,2018-01-13T15:00:02Z,2018-01-13T15:45:02Z
2018-01-13T16:00:00.000Z,2018-01-13T17:00:00.000Z,17.76421052631581,16.5,18.9,285,2018-01-13T16:00:07Z,2018-01-13T16:59:57Z,46.190175438596484,44.5,47.5,285,2018-01-13T16:00:07Z,2018-01-13T16:59:57Z,5.625,5.5,5.7,4,2018-01-13T16:00:03Z,2018-01-13T16:45:01Z,77.25,76,78,4,2018-01-13T16:00:03Z,2018-01-13T16:45:01Z
2018-01-13T17:00:00.000Z,2018-01-13T18:00:00.000Z,19.588541666666675,18.9,20.2,288,2018-01-13T17:00:21Z,2018-01-13T17:59:57Z,43.22465277777783,42.3,44.5,288,2018-01-13T17:00:21Z,2018-01-13T17:59:57Z,5.4,5.3,5.5,4,2018-01-13T17:00:08Z,2018-01-13T17:45:03Z,79.5,79,80,4,2018-01-13T17:00:08Z,2018-01-13T17:45:03Z
2018-01-13T18:00:00.000Z,2018-01-13T19:00:00.000Z,20.43286219081267,20.2,20.6,283,2018-01-13T18:00:09Z,2018-01-13T18:59:57Z,42.46466431095409,42.1,43.6,283,2018-01-13T18:00:09Z,2018-01-13T18:59:57Z,5.2,5.2,5.2,4,2018-01-13T18:00:02Z,2018-01-13T18:45:01Z,80.5,80,81,4,2018-01-13T18:00:02Z,2018-01-13T18:45:01Z
2018-01-13T19:00:00.000Z,2018-01-13T20:00:00.000Z,19.810452961672546,19.4,20.2,287,2018-01-13T19:00:09Z,2018-01-13T19:59:57Z,45.300348432055905,43.5,46.2,287,2018-01-13T19:00:09Z,2018-01-13T19:59:57Z,5.45,5.4,5.5,4,2018-01-13T19:00:02Z,2018-01-13T19:45:02Z,79.5,79,80,4,2018-01-13T19:00:02Z,2018-01-13T19:45:02Z
2018-01-13T20:00:00.000Z,2018-01-13T21:00:00.000Z,19.056293706293705,18.7,19.4,286,2018-01-13T20:00:09Z,2018-01-13T20:59:58Z,44.817132867133076,44,46,286,2018-01-13T20:00:09Z,2018-01-13T20:59:58Z,5.574999999999999,5.5,5.6,4,2018-01-13T20:00:07Z,2018-01-13T20:45:01Z,79.5,79,80,4,2018-01-13T20:00:07Z,2018-01-13T20:45:01Z
2018-01-13T21:00:00.000Z,2018-01-13T22:00:00.000Z,18.71330935251797,18.5,19,278,2018-01-13T21:00:10Z,2018-01-13T21:59:47Z,43.84244604316539,43.2,44.4,278,2018-01-13T21:00:10Z,2018-01-13T21:59:47Z,5.675000000000001,5.6,5.7,4,2018-01-13T21:00:02Z,2018-01-13T21:45:03Z,79.25,79,80,4,2018-01-13T21:00:02Z,2018-01-13T21:45:03Z
2018-01-13T22:00:00.000Z,2018-01-13T23:00:00.000Z,19.121379310344796,18.8,19.3,290,2018-01-13T22:00:11Z,2018-01-13T22:59:59Z,42.90758620689639,42.6,43.2,290,2018-01-13T22:00:11Z,2018-01-13T22:59:59Z,5.6,5.6,5.6,4,2018-01-13T22:00:02Z,2018-01-13T22:45:01Z,80,80,80,4,2018-01-13T22:00:02Z,2018-01-13T22:45:01Z
2018-01-13T23:00:00.000Z,2018-01-14T00:00:00.000Z,18.505944055944088,18.2,18.8,286,2018-01-13T23:00:11Z,2018-01-13T23:59:48Z,42.91503496503496,42.8,43.1,286,2018-01-13T23:00:11Z,2018-01-13T23:59:48Z,5.6,5.6,5.6,4,2018-01-13T23:00:02Z,2018-01-13T23:45:11Z,81,81,81,4,2018-01-13T23:00:02Z,2018-01-13T23:45:11Z
2018-01-14T00:00:00.000Z,2018-01-14T01:00:00.000Z,17.983448275862095,17.8,18.2,290,2018-01-14T00:00:00Z,2018-01-14T00:59:49Z,43.10206896551747,43.1,43.2,290,2018-01-14T00:00:00Z,2018-01-14T00:59:49Z,5.550000000000001,5.5,5.6,4,2018-01-14T00:00:23Z,2018-01-14T00:45:02Z,82,82,82,4,2018-01-14T00:00:23Z,2018-01-14T00:45:02Z
2018-01-14T01:00:00.000Z,2018-01-14T02:00:00.000Z,17.635254237288105,17.5,17.8,295,2018-01-14T01:00:01Z,2018-01-14T01:59:50Z,43.476271186440634,43.1,43.9,295,2018-01-14T01:00:01Z,2018-01-14T01:59:50Z,5.6,5.6,5.6,4,2018-01-14T01:00:06Z,2018-01-14T01:45:02Z,82.25,82,83,4,2018-01-14T01:00:06Z,2018-01-14T01:45:02Z
2018-01-14T02:00:00.000Z,2018-01-14T03:00:00.000Z,17.392334494773614,17.3,17.5,287,2018-01-14T02:00:02Z,2018-01-14T02:59:51Z,44.18083623693394,43.9,44.3,287,2018-01-14T02:00:02Z,2018-01-14T02:59:51Z,5.65,5.6,5.7,4,2018-01-14T02:00:04Z,2018-01-14T02:45:09Z,82.25,82,83,4,2018-01-14T02:00:04Z,2018-01-14T02:45:09Z
2018-01-14T03:00:00.000Z,2018-01-14T04:00:00.000Z,17.20319148936169,17.1,17.3,282,2018-01-14T03:00:03Z,2018-01-14T03:59:52Z,44.18156028368806,44.1,44.2,282,2018-01-14T03:00:03Z,2018-01-14T03:59:52Z,5.3,5.2,5.5,4,2018-01-14T03:00:10Z,2018-01-14T03:45:02Z,84.25,84,85,4,2018-01-14T03:00:10Z,2018-01-14T03:45:02Z
2018-01-14T04:00:00.000Z,2018-01-14T05:00:00.000Z,17.038732394366185,16.9,17.1,284,2018-01-14T04:00:04Z,2018-01-14T04:59:54Z,43.83309859154944,43.6,44.1,284,2018-01-14T04:00:04Z,2018-01-14T04:59:54Z,5.2749999999999995,5.2,5.3,4,2018-01-14T04:00:04Z,2018-01-14T04:45:02Z,82.75,82,83,4,2018-01-14T04:00:04Z,2018-01-14T04:45:02Z
2018-01-14T05:00:00.000Z,2018-01-14T06:00:00.000Z,16.85729166666677,16.8,17,288,2018-01-14T05:00:06Z,2018-01-14T05:59:55Z,43.29409722222235,43,43.6,288,2018-01-14T05:00:06Z,2018-01-14T05:59:55Z,5.1,5.1,5.1,4,2018-01-14T05:00:12Z,2018-01-14T05:45:02Z,82.25,82,83,4,2018-01-14T05:00:12Z,2018-01-14T05:45:02Z
2018-01-14T06:00:00.000Z,2018-01-14T07:00:00.000Z,16.679930795847756,16.6,16.8,289,2018-01-14T06:00:07Z,2018-01-14T06:59:57Z,42.86539792387532,42.8,43,289,2018-01-14T06:00:07Z,2018-01-14T06:59:57Z,5.125,5,5.2,4,2018-01-14T06:00:06Z,2018-01-14T06:45:02Z,81.25,81,82,4,2018-01-14T06:00:06Z,2018-01-14T06:45:02Z
2018-01-14T07:00:00.000Z,2018-01-14T08:00:00.000Z,16.520905923344944,16.4,16.6,287,2018-01-14T07:00:09Z,2018-01-14T07:59:58Z,42.99651567944274,42.8,43.3,287,2018-01-14T07:00:09Z,2018-01-14T07:59:58Z,4.95,4.7,5.2,4,2018-01-14T07:00:01Z,2018-01-14T07:45:03Z,82.25,81,83,4,2018-01-14T07:00:01Z,2018-01-14T07:45:03Z
2018-01-14T08:00:00.000Z,2018-01-14T09:00:00.000Z,16.371428571428666,16.3,16.4,287,2018-01-14T08:00:10Z,2018-01-14T08:59:48Z,43.24843205574901,43.1,43.5,287,2018-01-14T08:00:10Z,2018-01-14T08:59:48Z,4.725,4.6,4.9,4,2018-01-14T08:00:03Z,2018-01-14T08:45:01Z,81,80,83,4,2018-01-14T08:00:03Z,2018-01-14T08:45:01Z
2018-01-14T09:00:00.000Z,2018-01-14T10:00:00.000Z,16.30000000000009,16.3,16.3,291,2018-01-14T09:00:00Z,2018-01-14T09:59:49Z,43.92783505154643,43.4,44.4,291,2018-01-14T09:00:00Z,2018-01-14T09:59:49Z,4.675,4.6,4.8,4,2018-01-14T09:00:02Z,2018-01-14T09:45:01Z,81.25,80,82,4,2018-01-14T09:00:02Z,2018-01-14T09:45:01Z
2018-01-14T10:00:00.000Z,2018-01-14T11:00:00.000Z,16.30614334470995,16.3,16.4,293,2018-01-14T10:00:01Z,2018-01-14T10:59:51Z,43.67030716723576,43.5,43.8,293,2018-01-14T10:00:01Z,2018-01-14T10:59:51Z,4.775,4.6,5,4,2018-01-14T10:00:01Z,2018-01-14T10:45:02Z,81.75,81,82,4,2018-01-14T10:00:01Z,2018-01-14T10:45:02Z
2018-01-14T11:00:00.000Z,2018-01-14T12:00:00.000Z,17.95363321799308,16.4,20.4,289,2018-01-14T11:00:03Z,2018-01-14T11:59:52Z,41.635986159169555,36.2,44.7,289,2018-01-14T11:00:03Z,2018-01-14T11:59:52Z,5.725,5.3,6,4,2018-01-14T11:00:06Z,2018-01-14T11:45:02Z,81,81,81,4,2018-01-14T11:00:06Z,2018-01-14T11:45:02Z
2018-01-14T12:00:00.000Z,2018-01-14T13:00:00.000Z,19.013120567375882,18.5,20.3,282,2018-01-14T12:00:04Z,2018-01-14T12:59:53Z,37.63723404255323,36.2,38.6,282,2018-01-14T12:00:04Z,2018-01-14T12:59:53Z,5.875,5.8,6,4,2018-01-14T12:00:02Z,2018-01-14T12:45:02Z,81.25,80,82,4,2018-01-14T12:00:02Z,2018-01-14T12:45:02Z
2018-01-14T13:00:00.000Z,2018-01-14T14:00:00.000Z,17.74216027874568,17,18.9,287,2018-01-14T13:00:05Z,2018-01-14T13:59:54Z,38.99825783972125,37.5,40.1,287,2018-01-14T13:00:05Z,2018-01-14T13:59:54Z,6.1,5.9,6.2,4,2018-01-14T13:00:10Z,2018-01-14T13:45:01Z,79,79,79,4,2018-01-14T13:00:10Z,2018-01-14T13:45:01Z
2018-01-14T14:00:00.000Z,2018-01-14T15:00:00.000Z,16.656293706293628,16.4,17,286,2018-01-14T14:00:06Z,2018-01-14T14:59:55Z,40.87202797202797,40.1,41.5,286,2018-01-14T14:00:06Z,2018-01-14T14:59:55Z,5.85,5.7,6,4,2018-01-14T14:00:06Z,2018-01-14T14:45:02Z,81,80,82,4,2018-01-14T14:00:06Z,2018-01-14T14:45:02Z
2018-01-14T15:00:00.000Z,2018-01-14T16:00:00.000Z,16.16655172413789,16,16.4,290,2018-01-14T15:00:07Z,2018-01-14T15:59:57Z,41.99482758620685,41.5,42.4,290,2018-01-14T15:00:07Z,2018-01-14T15:59:57Z,5.675,5.6,5.7,4,2018-01-14T15:00:04Z,2018-01-14T15:45:02Z,81.75,81,82,4,2018-01-14T15:00:04Z,2018-01-14T15:45:02Z
2018-01-14T16:00:00.000Z,2018-01-14T17:00:00.000Z,15.968055555555601,15.9,16.4,288,2018-01-14T16:00:09Z,2018-01-14T16:59:58Z,43.21527777777774,42.4,44.5,288,2018-01-14T16:00:09Z,2018-01-14T16:59:58Z,5.875,5.7,6.1,4,2018-01-14T16:00:02Z,2018-01-14T16:45:02Z,81,80,82,4,2018-01-14T16:00:02Z,2018-01-14T16:45:02Z
2018-01-14T17:00:00.000Z,2018-01-14T18:00:00.000Z,17.81894736842106,16.5,19,285,2018-01-14T17:00:10Z,2018-01-14T17:59:48Z,42.04631578947369,39.7,44.4,285,2018-01-14T17:00:10Z,2018-01-14T17:59:48Z,6.074999999999999,5.9,6.2,4,2018-01-14T17:00:06Z,2018-01-14T17:45:02Z,79,74,81,4,2018-01-14T17:00:06Z,2018-01-14T17:45:02Z
2018-01-14T18:00:00.000Z,2018-01-14T19:00:00.000Z,19.352797202797213,19,19.5,286,2018-01-14T18:00:00Z,2018-01-14T18:59:48Z,38.921328671328766,38.6,39.7,286,2018-01-14T18:00:00Z,2018-01-14T18:59:48Z,5.875,5.7,6,4,2018-01-14T18:00:09Z,2018-01-14T18:45:02Z,82.25,82,83,4,2018-01-14T18:00:09Z,2018-01-14T18:45:02Z
2018-01-14T19:00:00.000Z,2018-01-14T20:00:00.000Z,18.6250859106529,18.2,19.1,291,2018-01-14T19:00:00Z,2018-01-14T19:59:49Z,39.49725085910653,39.2,39.6,291,2018-01-14T19:00:00Z,2018-01-14T19:59:49Z,6.0249999999999995,5.8,6.2,4,2018-01-14T19:00:08Z,2018-01-14T19:45:02Z,79.5,79,80,4,2018-01-14T19:00:08Z,2018-01-14T19:45:02Z
2018-01-14T20:00:00.000Z,2018-01-14T21:00:00.000Z,18.300701754385955,18.2,18.4,285,2018-01-14T20:00:01Z,2018-01-14T20:59:50Z,39.137894736841986,38.8,39.5,285,2018-01-14T20:00:01Z,2018-01-14T20:59:50Z,6.075,5.8,6.3,4,2018-01-14T20:00:06Z,2018-01-14T20:45:02Z,83,80,85,4,2018-01-14T20:00:06Z,2018-01-14T20:45:02Z
2018-01-14T21:00:00.000Z,2018-01-14T22:00:00.000Z,18.14285714285716,17.7,18.4,287,2018-01-14T21:00:02Z,2018-01-14T21:59:50Z,39.09581881533095,38.8,39.4,287,2018-01-14T21:00:02Z,2018-01-14T21:59:50Z,5.525,5.4,5.7,4,2018-01-14T21:00:03Z,2018-01-14T21:45:01Z,87,86,88,4,2018-01-14T21:00:03Z,2018-01-14T21:45:01Z
2018-01-14T22:00:00.000Z,2018-01-14T23:00:00.000Z,17.279584775086505,17,17.7,289,2018-01-14T22:00:02Z,2018-01-14T22:59:52Z,40.223183391003474,39.4,41,289,2018-01-14T22:00:02Z,2018-01-14T22:59:52Z,5.875,5.7,6.2,4,2018-01-14T22:00:03Z,2018-01-14T22:45:02Z,86.25,85,87,4,2018-01-14T22:00:03Z,2018-01-14T22:45:02Z
2018-01-14T23:00:00.000Z,2018-01-15T00:00:00.000Z,16.668041237113336,16.4,17,291,2018-01-14T23:00:04Z,2018-01-14T23:59:53Z,41.86288659793813,41,42.6,291,2018-01-14T23:00:04Z,2018-01-14T23:59:53Z,6.874999999999999,6.5,7.2,4,2018-01-14T23:00:04Z,2018-01-14T23:45:02Z,83.5,82,85,4,2018-01-14T23:00:04Z,2018-01-14T23:45:02Z
2018-01-15T00:00:00.000Z,2018-01-15T01:00:00.000Z,16.25929824561399,16.1,16.4,285,2018-01-15T00:00:05Z,2018-01-15T00:59:55Z,43.414736842105306,42.6,44.3,285,2018-01-15T00:00:05Z,2018-01-15T00:59:55Z,7.574999999999999,7.2,7.9,4,2018-01-15T00:00:02Z,2018-01-15T00:45:02Z,84,84,84,4,2018-01-15T00:00:02Z,2018-01-15T00:45:02Z
2018-01-15T01:00:00.000Z,2018-01-15T02:00:00.000Z,16.049049429657774,16,16.1,263,2018-01-15T01:00:07Z,2018-01-15T01:53:20Z,44.62965779467688,44.2,45.1,263,2018-01-15T01:00:07Z,2018-01-15T01:53:20Z,8.375,8.1,8.6,4,2018-01-15T01:00:05Z,2018-01-15T01:45:01Z,84.25,83,86,4,2018-01-15T01:00:05Z,2018-01-15T01:45:01Z
2018-01-15T02:00:00.000Z,2018-01-15T03:00:00.000Z,,,,0,,,,,,0,,,8.575,8.5,8.7,4,2018-01-15T02:00:02Z,2018-01-15T02:45:02Z,87.5,87,89,4,2018-01-15T02:00:02Z,2018-01-15T02:45:02Z
2018-01-15T03:00:00.000Z,2018-01-15T04:00:00.000Z,,,,0,,,,,,0,,,8.2,7.8,8.4,4,2018-01-15T03:00:16Z,2018-01-15T03:45:02Z,87.25,87,88,4,2018-01-15T03:00:16Z,2018-01-15T03:45:02Z
2018-01-15T04:00:00.000Z,2018-01-15T05:00:00.000Z,15.768636363636306,15.7,15.8,220,2018-01-15T04:14:12Z,2018-01-15T04:59:49Z,47.14318181818189,46.9,47.2,220,2018-01-15T04:14:12Z,2018-01-15T04:59:49Z,7.800000000000001,7.6,7.9,4,2018-01-15T04:00:04Z,2018-01-15T04:45:02Z,89.5,88,91,4,2018-01-15T04:00:04Z,2018-01-15T04:45:02Z
2018-01-15T05:00:00.000Z,2018-01-15T06:00:00.000Z,15.699999999999912,15.7,15.7,297,2018-01-15T05:00:01Z,2018-01-15T05:59:51Z,47.269696969696696,47.2,47.4,297,2018-01-15T05:00:01Z,2018-01-15T05:59:51Z,7.025,6.9,7.3,4,2018-01-15T05:00:01Z,2018-01-15T05:45:02Z,90.75,90,91,4,2018-01-15T05:00:01Z,2018-01-15T05:45:02Z
2018-01-15T06:00:00.000Z,2018-01-15T07:00:00.000Z,15.635763888888883,15.6,15.7,288,2018-01-15T06:00:03Z,2018-01-15T06:59:53Z,47.511805555555696,47.4,47.7,288,2018-01-15T06:00:03Z,2018-01-15T06:59:53Z,6.7250000000000005,6.6,6.9,4,2018-01-15T06:00:02Z,2018-01-15T06:45:01Z,90.75,89,93,4,2018-01-15T06:00:02Z,2018-01-15T06:45:01Z
2018-01-15T07:00:00.000Z,2018-01-15T08:00:00.000Z,15.599999999999985,15.6,15.6,295,2018-01-15T07:00:05Z,2018-01-15T07:59:55Z,48.23932203389822,47.7,49,295,2018-01-15T07:00:05Z,2018-01-15T07:59:55Z,6.324999999999999,6.1,6.6,4,2018-01-15T07:00:02Z,2018-01-15T07:45:01Z,88.5,87,89,4,2018-01-15T07:00:02Z,2018-01-15T07:45:01Z
2018-01-15T08:00:00.000Z,2018-01-15T09:00:00.000Z,15.599999999999978,15.6,15.6,290,2018-01-15T08:00:07Z,2018-01-15T08:59:57Z,49.00068965517242,48.5,49.7,290,2018-01-15T08:00:07Z,2018-01-15T08:59:57Z,5.8999999999999995,5.7,6,4,2018-01-15T08:00:07Z,2018-01-15T08:45:01Z,88.5,87,90,4,2018-01-15T08:00:07Z,2018-01-15T08:45:01Z
2018-01-15T09:00:00.000Z,2018-01-15T10:00:00.000Z,15.643197278911483,15.6,15.8,294,2018-01-15T09:00:21Z,2018-01-15T09:59:59Z,49.34353741496596,49,50,294,2018-01-15T09:00:21Z,2018-01-15T09:59:59Z,5.05,4.7,5.5,4,2018-01-15T09:00:02Z,2018-01-15T09:45:02Z,90.75,89,92,4,2018-01-15T09:00:02Z,2018-01-15T09:45:02Z
2018-01-15T10:00:00.000Z,2018-01-15T11:00:00.000Z,15.881118881118919,15.8,15.9,286,2018-01-15T10:00:11Z,2018-01-15T10:59:49Z,50.0391608391609,49.4,50.3,286,2018-01-15T10:00:11Z,2018-01-15T10:59:49Z,5.475,4.9,6,4,2018-01-15T10:00:02Z,2018-01-15T10:45:02Z,86.25,85,88,4,2018-01-15T10:00:02Z,2018-01-15T10:45:02Z
2018-01-15T11:00:00.000Z,2018-01-15T12:00:00.000Z,16.511340206185594,15.8,18,291,2018-01-15T11:00:01Z,2018-01-15T11:59:50Z,49.12783505154643,46.4,50.4,291,2018-01-15T11:00:01Z,2018-01-15T11:59:50Z,5.8999999999999995,5.7,6.1,4,2018-01-15T11:00:02Z,2018-01-15T11:45:02Z,85,84,86,4,2018-01-15T11:00:02Z,2018-01-15T11:45:02Z
2018-01-15T12:00:00.000Z,2018-01-15T13:00:00.000Z,17.818794326241147,17.2,20.4,282,2018-01-15T12:00:02Z,2018-01-15T12:59:51Z,46.14503546099284,40.9,47.6,282,2018-01-15T12:00:02Z,2018-01-15T12:59:51Z,6.1,5.9,6.2,4,2018-01-15T12:00:02Z,2018-01-15T12:45:02Z,82.75,81,84,4,2018-01-15T12:00:02Z,2018-01-15T12:45:02Z
2018-01-15T13:00:00.000Z,2018-01-15T14:00:00.000Z,18.52947368421055,17.5,19.8,285,2018-01-15T13:00:03Z,2018-01-15T13:59:52Z,42.96421052631579,41,44.7,285,2018-01-15T13:00:03Z,2018-01-15T13:59:52Z,6.574999999999999,6.5,6.7,4,2018-01-15T13:00:10Z,2018-01-15T13:45:01Z,77.75,76,79,4,2018-01-15T13:00:10Z,2018-01-15T13:45:01Z
2018-01-15T14:00:00.000Z,2018-01-15T15:00:00.000Z,16.9640845070423,16.5,17.5,284,2018-01-15T14:00:04Z,2018-01-15T14:59:53Z,45.15211267605652,44.7,45.3,284,2018-01-15T14:00:04Z,2018-01-15T14:59:53Z,6.2,5.8,6.5,4,2018-01-15T14:00:02Z,2018-01-15T14:45:02Z,78.25,77,79,4,2018-01-15T14:00:02Z,2018-01-15T14:45:02Z
2018-01-15T15:00:00.000Z,2018-01-15T16:00:00.000Z,16.234137931034425,16,16.5,290,2018-01-15T15:00:06Z,2018-01-15T15:59:55Z,45.42344827586199,45.3,45.5,290,2018-01-15T15:00:06Z,2018-01-15T15:59:55Z,5.1499999999999995,4.8,5.6,4,2018-01-15T15:00:03Z,2018-01-15T15:45:01Z,79.5,77,82,4,2018-01-15T15:00:03Z,2018-01-15T15:45:01Z
2018-01-15T16:00:00.000Z,2018-01-15T17:00:00.000Z,15.806896551724135,15.6,16,290,2018-01-15T16:00:07Z,2018-01-15T16:59:57Z,45.30758620689673,45.1,45.5,290,2018-01-15T16:00:07Z,2018-01-15T16:59:57Z,4.225,4,4.6,4,2018-01-15T16:00:03Z,2018-01-15T16:45:01Z,80.25,80,81,4,2018-01-15T16:00:03Z,2018-01-15T16:45:01Z
2018-01-15T17:00:00.000Z,2018-01-15T18:00:00.000Z,15.883391003460199,15.5,16.8,289,2018-01-15T17:00:09Z,2018-01-15T17:59:59Z,45.31833910034603,45,45.9,289,2018-01-15T17:00:09Z,2018-01-15T17:59:59Z,3.575,3.2,4,4,2018-01-15T17:00:02Z,2018-01-15T17:45:02Z,85.75,84,87,4,2018-01-15T17:00:02Z,2018-01-15T17:45:02Z
2018-01-15T18:00:00.000Z,2018-01-15T19:00:00.000Z,17.96690391459075,16.9,18.9,281,2018-01-15T18:00:11Z,2018-01-15T18:59:48Z,44.234163701067466,43.5,45,281,2018-01-15T18:00:11Z,2018-01-15T18:59:48Z,3.175,3,3.3,4,2018-01-15T18:00:14Z,2018-01-15T18:45:02Z,86.75,86,87,4,2018-01-15T18:00:14Z,2018-01-15T18:45:02Z
2018-01-15T19:00:00.000Z,2018-01-15T20:00:00.000Z,19.165949820788533,18.9,19.4,279,2018-01-15T19:00:00Z,2018-01-15T19:59:48Z,42.22186379928329,41.6,43.5,279,2018-01-15T19:00:00Z,2018-01-15T19:59:48Z,2.9749999999999996,2.8,3.1,4,2018-01-15T19:00:06Z,2018-01-15T19:45:02Z,86.75,86,88,4,2018-01-15T19:00:06Z,2018-01-15T19:45:02Z
2018-01-15T20:00:00.000Z,2018-01-15T21:00:00.000Z,18.834736842105226,18.7,18.9,285,2018-01-15T20:00:00Z,2018-01-15T20:59:49Z,41.098947368421,40.3,41.7,285,2018-01-15T20:00:00Z,2018-01-15T20:59:49Z,2.6500000000000004,2.6,2.7,4,2018-01-15T20:00:04Z,2018-01-15T20:45:03Z,87.5,87,88,4,2018-01-15T20:00:04Z,2018-01-15T20:45:03Z
2018-01-15T21:00:00.000Z,2018-01-15T22:00:00.000Z,18.947517730496386,18.9,19,282,2018-01-15T21:00:01Z,2018-01-15T21:59:50Z,39.863120567375866,39.4,40.3,282,2018-01-15T21:00:01Z,2018-01-15T21:59:50Z,2.575,2.5,2.6,4,2018-01-15T21:00:02Z,2018-01-15T21:45:01Z,88,87,89,4,2018-01-15T21:00:02Z,2018-01-15T21:45:01Z
2018-01-15T22:00:00.000Z,2018-01-15T23:00:00.000Z,18.436332179930773,17.9,18.9,289,2018-01-15T22:00:02Z,2018-01-15T22:59:50Z,39.214186851211004,38.9,39.5,289,2018-01-15T22:00:02Z,2018-01-15T22:59:50Z,2.25,2.2,2.3,4,2018-01-15T22:00:02Z,2018-01-15T22:45:02Z,86.75,86,87,4,2018-01-15T22:00:02Z,2018-01-15T22:45:02Z
2018-01-15T23:00:00.000Z,2018-01-16T00:00:00.000Z,17.441496598639496,17.1,17.8,294,2018-01-15T23:00:02Z,2018-01-15T23:59:51Z,40.19047619047637,39.5,40.8,294,2018-01-15T23:00:02Z,2018-01-15T23:59:51Z,2.275,2.2,2.3,4,2018-01-15T23:00:22Z,2018-01-15T23:45:02Z,85.5,84,87,4,2018-01-15T23:00:22Z,2018-01-15T23:45:02Z
2018-01-16T00:00:00.000Z,2018-01-16T01:00:00.000Z,16.843344709897654,16.6,17.1,293,2018-01-16T00:00:03Z,2018-01-16T00:59:53Z,41.10409556314015,40.7,41.2,293,2018-01-16T00:00:03Z,2018-01-16T00:59:53Z,1.925,1.7,2.2,4,2018-01-16T00:00:19Z,2018-01-16T00:45:01Z,88.75,88,89,4,2018-01-16T00:00:19Z,2018-01-16T00:45:01Z
2018-01-16T01:00:00.000Z,2018-01-16T02:00:00.000Z,16.426297577854754,16.3,16.6,289,2018-01-16T01:00:05Z,2018-01-16T01:59:54Z,41.33564013840827,41.2,41.5,289,2018-01-16T01:00:05Z,2018-01-16T01:59:54Z,1.625,1.6,1.7,4,2018-01-16T01:00:15Z,2018-01-16T01:45:02Z,85,84,86,4,2018-01-16T01:00:15Z,2018-01-16T01:45:02Z
2018-01-16T02:00:00.000Z,2018-01-16T03:00:00.000Z,16.156462585034028,16,16.3,294,2018-01-16T02:00:06Z,2018-01-16T02:59:56Z,41.672448979591714,41.5,41.9,294,2018-01-16T02:00:06Z,2018-01-16T02:59:56Z,1.3,1.2,1.4,4,2018-01-16T02:00:03Z,2018-01-16T02:45:10Z,85.25,85,86,4,2018-01-16T02:00:03Z,2018-01-16T02:45:10Z
2018-01-16T03:00:00.000Z,2018-01-16T04:00:00.000Z,15.935517241379339,15.8,16,290,2018-01-16T03:00:08Z,2018-01-16T03:59:58Z,41.775862068965765,41.7,41.9,290,2018-01-16T03:00:08Z,2018-01-16T03:59:58Z,1.15,1,1.4,4,2018-01-16T03:00:09Z,2018-01-16T03:45:02Z,89,88,90,4,2018-01-16T03:00:09Z,2018-01-16T03:45:02Z
2018-01-16T04:00:00.000Z,2018-01-16T05:00:00.000Z,15.74398625429542,15.6,15.8,291,2018-01-16T04:00:10Z,2018-01-16T04:59:59Z,41.80103092783492,41.6,41.9,291,2018-01-16T04:00:10Z,2018-01-16T04:59:59Z,1.175,1.1,1.3,4,2018-01-16T04:00:05Z,2018-01-16T04:45:02Z,86.75,86,88,4,2018-01-16T04:00:05Z,2018-01-16T04:45:02Z
2018-01-16T05:00:00.000Z,2018-01-16T06:00:00.000Z,15.561379310344797,15.5,15.6,290,2018-01-16T05:00:11Z,2018-01-16T05:59:49Z,41.79586206896558,41.5,41.9,290,2018-01-16T05:00:11Z,2018-01-16T05:59:49Z,1.3,1.1,1.7,4,2018-01-16T05:00:02Z,2018-01-16T05:45:01Z,85.75,84,87,4,2018-01-16T05:00:02Z,2018-01-16T05:45:01Z
2018-01-16T06:00:00.000Z,2018-01-16T07:00:00.000Z,15.400000000000084,15.3,15.5,286,2018-01-16T06:00:01Z,2018-01-16T06:59:51Z,41.381818181818005,41.2,41.5,286,2018-01-16T06:00:01Z,2018-01-16T06:59:51Z,1.075,1,1.2,4,2018-01-16T06:00:17Z,2018-01-16T06:45:04Z,89.25,88,91,4,2018-01-16T06:00:17Z,2018-01-16T06:45:04Z
2018-01-16T07:00:00.000Z,2018-01-16T08:00:00.000Z,15.27713310580205,15.2,15.3,293,2018-01-16T07:00:03Z,2018-01-16T07:59:53Z,41.98361774744023,41.4,42.6,293,2018-01-16T07:00:03Z,2018-01-16T07:59:53Z,0.925,0.8,1,4,2018-01-16T07:00:08Z,2018-01-16T07:45:01Z,91.25,90,93,4,2018-01-16T07:00:08Z,2018-01-16T07:45:01Z
2018-01-16T08:00:00.000Z,2018-01-16T09:00:00.000Z,15.133788395904414,15,15.2,293,2018-01-16T08:00:05Z,2018-01-16T08:59:55Z,43.28225255972697,42.6,44.2,293,2018-01-16T08:00:05Z,2018-01-16T08:59:55Z,0.825,0.6,1.1,4,2018-01-16T08:00:03Z,2018-01-16T08:45:01Z,91,89,93,4,2018-01-16T08:00:03Z,2018-01-16T08:45:01Z
2018-01-16T09:00:00.000Z,2018-01-16T10:00:00.000Z,15,15,15,254,2018-01-16T09:00:07Z,2018-01-16T09:59:57Z,43.67047244094486,43.3,44.7,254,2018-01-16T09:00:07Z,2018-01-16T09:59:57Z,0.7,0.6,0.9,4,2018-01-16T09:00:02Z,2018-01-16T09:45:01Z,93.5,93,94,4,2018-01-16T09:00:02Z,2018-01-16T09:45:01Z
2018-01-16T10:00:00.000Z,2018-01-16T11:00:00.000Z,14.969064748201461,14.9,15,278,2018-01-16T10:00:09Z,2018-01-16T10:59:59Z,43.942086330935204,43.3,44.8,278,2018-01-16T10:00:09Z,2018-01-16T10:59:59Z,1.15,0.8,1.5,4,2018-01-16T10:00:08Z,2018-01-16T10:45:01Z,88.25,86,92,4,2018-01-16T10:00:08Z,2018-01-16T10:45:01Z
2018-01-16T11:00:00.000Z,2018-01-16T12:00:00.000Z,15.06810035842292,14.9,15.7,279,2018-01-16T11:00:11Z,2018-01-16T11:59:49Z,43.007526881720544,42.6,43.4,279,2018-01-16T11:00:11Z,2018-01-16T11:59:49Z,1.8250000000000002,1.5,2.1,4,2018-01-16T11:00:02Z,2018-01-16T11:45:02Z,85.25,84,87,4,2018-01-16T11:00:02Z,2018-01-16T11:45:02Z
2018-01-16T12:00:00.000Z,2018-01-16T13:00:00.000Z,15.298916967508996,14.9,16.1,277,2018-01-16T12:00:01Z,2018-01-16T12:59:51Z,41.91841155234644,41.5,42.8,277,2018-01-16T12:00:01Z,2018-01-16T12:59:51Z,1.825,1.7,1.9,4,2018-01-16T12:00:02Z,2018-01-16T12:45:02Z,83.25,81,86,4,2018-01-16T12:00:02Z,2018-01-16T12:45:02Z
2018-01-16T13:00:00.000Z,2018-01-16T14:00:00.000Z,15.762909090909115,14.9,16.5,275,2018-01-16T13:00:03Z,2018-01-16T13:59:53Z,39.90545454545451,39,41.9,275,2018-01-16T13:00:03Z,2018-01-16T13:59:53Z,1.8,1.5,2,4,2018-01-16T13:00:04Z,2018-01-16T13:45:02Z,79.25,78,80,4,2018-01-16T13:00:04Z,2018-01-16T13:45:02Z
2018-01-16T14:00:00.000Z,2018-01-16T15:00:00.000Z,14.913261648745546,14.7,15.2,279,2018-01-16T14:00:17Z,2018-01-16T14:59:55Z,40.457347670251096,40.1,40.7,279,2018-01-16T14:00:17Z,2018-01-16T14:59:55Z,1.625,1.5,1.8,4,2018-01-16T14:00:04Z,2018-01-16T14:45:02Z,80,80,80,4,2018-01-16T14:00:04Z,2018-01-16T14:45:02Z
2018-01-16T15:00:00.000Z,2018-01-16T16:00:00.000Z,14.495000000000035,14.4,14.7,280,2018-01-16T15:00:07Z,2018-01-16T15:59:57Z,40.82499999999999,40.7,41,280,2018-01-16T15:00:07Z,2018-01-16T15:59:57Z,1.2750000000000001,1.2,1.4,4,2018-01-16T15:00:02Z,2018-01-16T15:45:02Z,83,82,84,4,2018-01-16T15:00:02Z,2018-01-16T15:45:02Z
2018-01-16T16:00:00.000Z,2018-01-16T17:00:00.000Z,14.295185185185133,14.2,14.7,270,2018-01-16T16:00:09Z,2018-01-16T16:59:48Z,41.40222222222223,41,42.5,270,2018-01-16T16:00:09Z,2018-01-16T16:59:48Z,1,0.9,1.1,4,2018-01-16T16:00:02Z,2018-01-16T16:45:04Z,84.5,83,86,4,2018-01-16T16:00:02Z,2018-01-16T16:45:04Z
2018-01-16T17:00:00.000Z,2018-01-16T18:00:00.000Z,16.319531249999997,14.7,17.8,256,2018-01-16T17:00:00Z,2018-01-16T17:59:49Z,41.31523437500003,39.6,42.5,256,2018-01-16T17:00:00Z,2018-01-16T17:59:49Z,0.25,0,0.7,4,2018-01-16T17:00:02Z,2018-01-16T17:45:02Z,92.5,91,93,4,2018-01-16T17:00:02Z,2018-01-16T17:45:02Z
2018-01-16T18:00:00.000Z,2018-01-16T19:00:00.000Z,18.476642335766414,17.8,19.1,274,2018-01-16T18:00:01Z,2018-01-16T18:59:50Z,38.86788321167891,38.3,39.5,274,2018-01-16T18:00:01Z,2018-01-16T18:59:50Z,0.25,0,0.5,4,2018-01-16T18:00:08Z,2018-01-16T18:45:02Z,89.25,87,91,4,2018-01-16T18:00:08Z,2018-01-16T18:45:02Z
2018-01-16T19:00:00.000Z,2018-01-16T20:00:00.000Z,18.818148148148126,18.3,19.2,270,2018-01-16T19:00:02Z,2018-01-16T19:59:51Z,38.17296296296296,37.4,39.1,270,2018-01-16T19:00:02Z,2018-01-16T19:59:51Z,0.35000000000000003,0.2,0.4,4,2018-01-16T19:00:02Z,2018-01-16T19:45:03Z,86.75,84,90,4,2018-01-16T19:00:02Z,2018-01-16T19:45:03Z
2018-01-16T20:00:00.000Z,2018-01-16T21:00:00.000Z,18.324242424242478,17.9,18.5,264,2018-01-16T20:00:03Z,2018-01-16T20:59:52Z,36.68219696969704,36,37.4,264,2018-01-16T20:00:03Z,2018-01-16T20:59:52Z,0.35000000000000003,0.2,0.5,4,2018-01-16T20:00:03Z,2018-01-16T20:45:02Z,87.25,84,91,4,2018-01-16T20:00:03Z,2018-01-16T20:45:02Z
2018-01-16T21:00:00.000Z,2018-01-16T22:00:00.000Z,17.40346153846152,16.9,17.9,260,2018-01-16T21:00:04Z,2018-01-16T21:59:53Z,36.485384615384646,35.9,37.2,260,2018-01-16T21:00:04Z,2018-01-16T21:59:53Z,0,0,0,4,2018-01-16T21:00:03Z,2018-01-16T21:45:02Z,88.75,88,91,4,2018-01-16T21:00:03Z,2018-01-16T21:45:02Z
2018-01-16T22:00:00.000Z,2018-01-16T23:00:00.000Z,16.577323420074382,16.2,16.9,269,2018-01-16T22:00:05Z,2018-01-16T22:59:54Z,37.697397769516634,37.1,38,269,2018-01-16T22:00:05Z,2018-01-16T22:59:54Z,0.125,0,0.3,4,2018-01-16T22:00:09Z,2018-01-16T22:45:01Z,89.25,86,94,4,2018-01-16T22:00:09Z,2018-01-16T22:45:01Z
2018-01-16T23:00:00.000Z,2018-01-17T00:00:00.000Z,15.985454545454598,15.8,16.2,275,2018-01-16T23:00:30Z,2018-01-16T23:59:56Z,38.233818181818066,38,38.5,275,2018-01-16T23:00:30Z,2018-01-16T23:59:56Z,-0.2,-0.3,-0.1,4,2018-01-16T23:00:09Z,2018-01-16T23:45:01Z,92.25,91,94,4,2018-01-16T23:00:09Z,2018-01-16T23:45:01Z
2018-01-17T00:00:00.000Z,2018-01-17T01:00:00.000Z,15.563405797101415,15.4,15.7,276,2018-01-17T00:00:08Z,2018-01-17T00:59:58Z,38.800724637681014,38.5,39,276,2018-01-17T00:00:08Z,2018-01-17T00:59:58Z,-0.025,-0.1,0,4,2018-01-17T00:00:03Z,2018-01-17T00:45:02Z,90,89,91,4,2018-01-17T00:00:03Z,2018-01-17T00:45:02Z
2018-01-17T01:00:00.000Z,2018-01-17T02:00:00.000Z,15.271851851851784,15.1,15.4,270,2018-01-17T01:00:10Z,2018-01-17T01:59:48Z,39.007037037037215,38.9,39.2,270,2018-01-17T01:00:10Z,2018-01-17T01:59:48Z,-0.025,-0.1,0,4,2018-01-17T01:00:02Z,2018-01-17T01:45:01Z,87.75,87,88,4,2018-01-17T01:00:02Z,2018-01-17T01:45:01Z
2018-01-17T02:00:00.000Z,2018-01-17T03:00:00.000Z,15.011702127659575,14.9,15.1,282,2018-01-17T02:00:00Z,2018-01-17T02:59:50Z,39.394680851063804,39.2,39.6,282,2018-01-17T02:00:00Z,2018-01-17T02:59:50Z,-0.025,-0.1,0,4,2018-01-17T02:00:02Z,2018-01-17T02:45:05Z,89.25,89,90,4,2018-01-17T02:00:02Z,2018-01-17T02:45:05Z
2018-01-17T03:00:00.000Z,2018-01-17T04:00:00.000Z,14.814801444043344,14.7,14.9,277,2018-01-17T03:00:02Z,2018-01-17T03:59:52Z,39.5985559566789,39.5,39.6,277,2018-01-17T03:00:02Z,2018-01-17T03:59:52Z,0.2,0.1,0.4,4,2018-01-17T03:00:18Z,2018-01-17T03:45:02Z,88.5,88,89,4,2018-01-17T03:00:18Z,2018-01-17T03:45:02Z
2018-01-17T04:00:00.000Z,2018-01-17T05:00:00.000Z,14.608992805755362,14.5,14.7,278,2018-01-17T04:00:04Z,2018-01-17T04:59:54Z,39.535611510791355,39.4,39.6,278,2018-01-17T04:00:04Z,2018-01-17T04:59:54Z,0.65,0.5,0.8,4,2018-01-17T04:00:04Z,2018-01-17T04:45:04Z,88,87,89,4,2018-01-17T04:00:04Z,2018-01-17T04:45:04Z
2018-01-17T05:00:00.000Z,2018-01-17T06:00:00.000Z,14.41775362318848,14.3,14.5,276,2018-01-17T05:00:06Z,2018-01-17T05:59:56Z,39.683333333333195,39.5,39.8,276,2018-01-17T05:00:06Z,2018-01-17T05:59:56Z,0.825,0.7,0.9,4,2018-01-17T05:00:02Z,2018-01-17T05:45:01Z,88,87,89,4,2018-01-17T05:00:02Z,2018-01-17T05:45:01Z
2018-01-17T06:00:00.000Z,2018-01-17T07:00:00.000Z,14.24184397163111,14.2,14.3,282,2018-01-17T06:00:08Z,2018-01-17T06:59:58Z,39.8755319148936,39.7,40,282,2018-01-17T06:00:08Z,2018-01-17T06:59:58Z,0.475,0.4,0.5,4,2018-01-17T06:00:25Z,2018-01-17T06:45:02Z,88,88,88,4,2018-01-17T06:00:25Z,2018-01-17T06:45:02Z
2018-01-17T07:00:00.000Z,2018-01-17T08:00:00.000Z,14.920224719101133,14.2,16.2,267,2018-01-17T07:00:10Z,2018-01-17T07:59:48Z,40.353932584269685,39.3,41.2,267,2018-01-17T07:00:10Z,2018-01-17T07:59:48Z,0.625,0.5,0.7,4,2018-01-17T07:00:02Z,2018-01-17T07:45:02Z,86,85,87,4,2018-01-17T07:00:02Z,2018-01-17T07:45:02Z
2018-01-17T08:00:00.000Z,2018-01-17T09:00:00.000Z,17.123863636363623,16.2,17.8,264,2018-01-17T08:00:00Z,2018-01-17T08:59:50Z,38.443560606060664,37.7,39.3,264,2018-01-17T08:00:00Z,2018-01-17T08:59:50Z,0.85,0.8,0.9,4,2018-01-17T08:00:02Z,2018-01-17T08:45:02Z,85.5,84,86,4,2018-01-17T08:00:02Z,2018-01-17T08:45:02Z
2018-01-17T09:00:00.000Z,2018-01-17T10:00:00.000Z,17.383516483516473,16.9,17.8,273,2018-01-17T09:00:02Z,2018-01-17T09:59:51Z,37.46849816849819,37.2,37.8,273,2018-01-17T09:00:02Z,2018-01-17T09:59:51Z,1.3,1,1.6,4,2018-01-17T09:00:04Z,2018-01-17T09:45:02Z,86,86,86,4,2018-01-17T09:00:04Z,2018-01-17T09:45:02Z
2018-01-17T10:00:00.000Z,2018-01-17T11:00:00.000Z,16.777238805970114,16.6,17.2,268,2018-01-17T10:00:03Z,2018-01-17T10:59:52Z,38.56641791044786,37.7,39.2,268,2018-01-17T10:00:03Z,2018-01-17T10:59:52Z,2.1,1.8,2.5,4,2018-01-17T10:00:03Z,2018-01-17T10:45:01Z,84,82,86,4,2018-01-17T10:00:03Z,2018-01-17T10:45:01Z
2018-01-17T11:00:00.000Z,2018-01-17T12:00:00.000Z,20.120274914089354,17.2,25.9,291,2018-01-17T11:00:04Z,2018-01-17T11:59:52Z,35.9982817869416,26.5,39.4,291,2018-01-17T11:00:04Z,2018-01-17T11:59:52Z,3.175,2.8,3.5,4,2018-01-17T11:00:02Z,2018-01-17T11:45:03Z,80.25,80,81,4,2018-01-17T11:00:02Z,2018-01-17T11:45:03Z
2018-01-17T12:00:00.000Z,2018-01-17T13:00:00.000Z,23.00184501845019,20.9,26,271,2018-01-17T12:00:16Z,2018-01-17T12:59:51Z,28.852029520295197,26.2,31.3,271,2018-01-17T12:00:16Z,2018-01-17T12:59:51Z,3.65,3.6,3.7,4,2018-01-17T12:00:03Z,2018-01-17T12:45:02Z,81,81,81,4,2018-01-17T12:00:03Z,2018-01-17T12:45:02Z
2018-01-17T13:00:00.000Z,2018-01-17T14:00:00.000Z,21.688596491228054,19.4,24.6,228,2018-01-17T13:00:03Z,2018-01-17T13:59:51Z,29.280701754385984,26.2,32.6,228,2018-01-17T13:00:03Z,2018-01-17T13:59:51Z,3.525,3.4,3.6,4,2018-01-17T13:00:02Z,2018-01-17T13:45:02Z,81.75,81,83,4,2018-01-17T13:00:02Z,2018-01-17T13:45:02Z
2018-01-17T14:00:00.000Z,2018-01-17T15:00:00.000Z,18.289010989010983,17.5,19.4,182,2018-01-17T14:00:03Z,2018-01-17T14:59:39Z,33.89010989010991,32.6,34.8,182,2018-01-17T14:00:03Z,2018-01-17T14:59:39Z,3.3,3,3.6,4,2018-01-17T14:00:02Z,2018-01-17T14:45:02Z,81.5,81,82,4,2018-01-17T14:00:02Z,2018-01-17T14:45:02Z
2018-01-17T15:00:00.000Z,2018-01-17T16:00:00.000Z,16.927586206896535,16.5,17.5,174,2018-01-17T15:00:03Z,2018-01-17T15:59:41Z,35.73908045977013,34.9,36.4,174,2018-01-17T15:00:03Z,2018-01-17T15:59:41Z,2.8000000000000003,2.6,3,4,2018-01-17T15:00:02Z,2018-01-17T15:45:02Z,82,81,83,4,2018-01-17T15:00:02Z,2018-01-17T15:45:02Z
2018-01-17T16:00:00.000Z,2018-01-17T17:00:00.000Z,16.622222222222206,16.3,17.4,216,2018-01-17T16:00:17Z,2018-01-17T16:59:54Z,38.793981481481495,36.4,40.2,216,2018-01-17T16:00:17Z,2018-01-17T16:59:54Z,2.6500000000000004,2.6,2.7,4,2018-01-17T16:00:11Z,2018-01-17T16:45:01Z,81,80,82,4,2018-01-17T16:00:11Z,2018-01-17T16:45:01Z
2018-01-17T17:00:00.000Z,2018-01-17T18:00:00.000Z,18.408866995073865,17.4,19.3,203,2018-01-17T17:00:06Z,2018-01-17T17:59:42Z,38.42413793103446,37.7,39.6,203,2018-01-17T17:00:06Z,2018-01-17T17:59:42Z,2.425,2.1,2.6,4,2018-01-17T17:00:02Z,2018-01-17T17:45:01Z,83.25,81,84,4,2018-01-17T17:00:02Z,2018-01-17T17:45:01Z
2018-01-17T18:00:00.000Z,2018-01-17T19:00:00.000Z,19.790909090909075,19.3,20.4,165,2018-01-17T18:00:06Z,2018-01-17T18:59:07Z,37.499999999999964,37.2,37.8,165,2018-01-17T18:00:06Z,2018-01-17T18:59:07Z,2.3,2.3,2.3,4,2018-01-17T18:00:02Z,2018-01-17T18:45:02Z,87,87,87,4,2018-01-17T18:00:02Z,2018-01-17T18:45:02Z
2018-01-17T19:00:00.000Z,2018-01-17T20:00:00.000Z,20.63679245283019,20.3,20.8,106,2018-01-17T19:00:19Z,2018-01-17T19:59:55Z,37.50849056603778,37.2,37.8,106,2018-01-17T19:00:19Z,2018-01-17T19:59:55Z,2.55,2.1,3.9,4,2018-01-17T19:00:02Z,2018-01-17T19:45:02Z,85.25,80,87,4,2018-01-17T19:00:02Z,2018-01-17T19:45:02Z
2018-01-17T20:00:00.000Z,2018-01-17T21:00:00.000Z,19.48230769230768,19,20.3,130,2018-01-17T20:00:55Z,2018-01-17T20:59:55Z,37.51230769230773,37.2,38.1,130,2018-01-17T20:00:55Z,2018-01-17T20:59:55Z,2.3,2.3,2.3,4,2018-01-17T20:00:02Z,2018-01-17T20:45:02Z,87,87,87,4,2018-01-17T20:00:02Z,2018-01-17T20:45:02Z
2018-01-17T21:00:00.000Z,2018-01-17T22:00:00.000Z,18.504888888888896,18.1,19,225,2018-01-17T21:00:19Z,2018-01-17T21:59:55Z,38.14844444444454,37.7,38.8,225,2018-01-17T21:00:19Z,2018-01-17T21:59:55Z,2.6,2.3,2.9,4,2018-01-17T21:00:02Z,2018-01-17T21:45:02Z,85.25,83,88,4,2018-01-17T21:00:02Z,2018-01-17T21:45:02Z
2018-01-17T22:00:00.000Z,2018-01-17T23:00:00.000Z,18.25682819383262,18,18.6,227,2018-01-17T22:00:07Z,2018-01-17T22:59:56Z,38.1497797356828,37.2,38.8,227,2018-01-17T22:00:07Z,2018-01-17T22:59:56Z,2.6,2.6,2.6,4,2018-01-17T22:00:02Z,2018-01-17T22:45:01Z,88.25,88,89,4,2018-01-17T22:00:02Z,2018-01-17T22:45:01Z
2018-01-17T23:00:00.000Z,2018-01-18T00:00:00.000Z,18.65668016194331,18.3,18.8,247,2018-01-17T23:00:08Z,2018-01-17T23:59:57Z,36.807692307692335,36.5,37.2,247,2018-01-17T23:00:08Z,2018-01-17T23:59:57Z,2.575,2.5,2.6,4,2018-01-17T23:00:02Z,2018-01-17T23:45:01Z,87,87,87,4,2018-01-17T23:00:02Z,2018-01-17T23:45:01Z
2018-01-18T00:00:00.000Z,2018-01-18T01:00:00.000Z,17.88745247148291,17.5,18.3,263,2018-01-18T00:00:21Z,2018-01-18T00:59:57Z,36.74866920152084,36.5,37.1,263,2018-01-18T00:00:21Z,2018-01-18T00:59:57Z,2.475,2.4,2.5,4,2018-01-18T00:00:04Z,2018-01-18T00:45:01Z,88,88,88,4,2018-01-18T00:00:04Z,2018-01-18T00:45:01Z
2018-01-18T01:00:00.000Z,2018-01-18T02:00:00.000Z,17.210588235294072,17,17.5,255,2018-01-18T01:00:09Z,2018-01-18T01:59:58Z,37.30588235294111,37.1,37.6,255,2018-01-18T01:00:09Z,2018-01-18T01:59:58Z,2.3,2.2,2.4,4,2018-01-18T01:00:04Z,2018-01-18T01:45:02Z,88.75,88,89,4,2018-01-18T01:00:04Z,2018-01-18T01:45:02Z
2018-01-18T02:00:00.000Z,2018-01-18T03:00:00.000Z,16.75273437499994,16.6,17,256,2018-01-18T02:00:10Z,2018-01-18T02:59:48Z,37.78749999999994,37.6,38,256,2018-01-18T02:00:10Z,2018-01-18T02:59:48Z,2.125,2.1,2.2,4,2018-01-18T02:00:02Z,2018-01-18T02:45:05Z,90.5,90,91,4,2018-01-18T02:00:02Z,2018-01-18T02:45:05Z
2018-01-18T03:00:00.000Z,2018-01-18T04:00:00.000Z,16.428030303030376,16.3,16.6,264,2018-01-18T03:00:00Z,2018-01-18T03:59:37Z,38.147727272727145,38,38.3,264,2018-01-18T03:00:00Z,2018-01-18T03:59:37Z,2.1,2.1,2.1,4,2018-01-18T03:00:11Z,2018-01-18T03:45:11Z,91,91,91,4,2018-01-18T03:00:11Z,2018-01-18T03:45:11Z
2018-01-18T04:00:00.000Z,2018-01-18T05:00:00.000Z,16.1721804511278,16.1,16.3,266,2018-01-18T04:00:01Z,2018-01-18T04:59:50Z,38.43609022556386,38.3,38.5,266,2018-01-18T04:00:01Z,2018-01-18T04:59:50Z,1.85,1.7,2,4,2018-01-18T04:00:07Z,2018-01-18T04:45:02Z,91.25,91,92,4,2018-01-18T04:00:07Z,2018-01-18T04:45:02Z
2018-01-18T05:00:00.000Z,2018-01-18T06:00:00.000Z,15.940977443609079,15.8,16.1,266,2018-01-18T05:00:02Z,2018-01-18T05:59:52Z,38.584586466165625,38.5,38.7,266,2018-01-18T05:00:02Z,2018-01-18T05:59:52Z,1.5499999999999998,1.4,1.7,4,2018-01-18T05:00:02Z,2018-01-18T05:45:02Z,92,92,92,4,2018-01-18T05:00:02Z,2018-01-18T05:45:02Z
2018-01-18T06:00:00.000Z,2018-01-18T07:00:00.000Z,15.736293436293343,15.6,15.8,259,2018-01-18T06:00:04Z,2018-01-18T06:59:53Z,38.80424710424714,38.7,38.9,259,2018-01-18T06:00:04Z,2018-01-18T06:59:53Z,1.4249999999999998,1.4,1.5,4,2018-01-18T06:00:15Z,2018-01-18T06:45:01Z,92.5,92,93,4,2018-01-18T06:00:15Z,2018-01-18T06:45:01Z
2018-01-18T07:00:00.000Z,2018-01-18T08:00:00.000Z,15.57418181818179,15.5,15.8,275,2018-01-18T07:00:17Z,2018-01-18T07:59:55Z,39.185090909090995,38.9,40.1,275,2018-01-18T07:00:17Z,2018-01-18T07:59:55Z,1.725,1.6,1.9,4,2018-01-18T07:00:02Z,2018-01-18T07:45:03Z,92,92,92,4,2018-01-18T07:00:02Z,2018-01-18T07:45:03Z
2018-01-18T08:00:00.000Z,2018-01-18T09:00:00.000Z,17.178030303030297,15.8,17.9,264,2018-01-18T08:00:07Z,2018-01-18T08:59:32Z,39.15606060606056,38.2,40.1,264,2018-01-18T08:00:07Z,2018-01-18T08:59:32Z,1.8749999999999998,1.8,1.9,4,2018-01-18T08:00:05Z,2018-01-18T08:45:02Z,91,91,91,4,2018-01-18T08:00:05Z,2018-01-18T08:45:02Z
2018-01-18T09:00:00.000Z,2018-01-18T10:00:00.000Z,17.72399999999995,17.6,17.9,250,2018-01-18T09:00:08Z,2018-01-18T09:59:57Z,39.53480000000006,38.1,40.3,250,2018-01-18T09:00:08Z,2018-01-18T09:59:57Z,1.9,1.8,2.1,4,2018-01-18T09:00:02Z,2018-01-18T09:45:01Z,91.5,91,92,4,2018-01-18T09:00:02Z,2018-01-18T09:45:01Z
2018-01-18T10:00:00.000Z,2018-01-18T11:00:00.000Z,17.387596899224913,17.3,17.6,258,2018-01-18T10:00:09Z,2018-01-18T10:59:58Z,39.403100775193806,38.6,40.4,258,2018-01-18T10:00:09Z,2018-01-18T10:59:58Z,2.425,2.1,2.8,4,2018-01-18T10:00:02Z,2018-01-18T10:45:02Z,91.75,91,92,4,2018-01-18T10:00:02Z,2018-01-18T10:45:02Z
2018-01-18T11:00:00.000Z,2018-01-18T12:00:00.000Z,18.573360655737712,17.3,21,244,2018-01-18T11:00:10Z,2018-01-18T11:59:58Z,36.979508196721284,33.4,38.8,244,2018-01-18T11:00:10Z,2018-01-18T11:59:58Z,3.2,2.9,3.4,4,2018-01-18T11:00:02Z,2018-01-18T11:45:02Z,90.25,90,91,4,2018-01-18T11:00:02Z,2018-01-18T11:45:02Z
2018-01-18T12:00:00.000Z,2018-01-18T13:00:00.000Z,19.3320895522388,18.6,20.3,268,2018-01-18T12:00:10Z,2018-01-18T12:59:59Z,34.664179104477604,33.7,35.5,268,2018-01-18T12:00:10Z,2018-01-18T12:59:59Z,4.2,3.8,4.5,4,2018-01-18T12:00:01Z,2018-01-18T12:45:01Z,87.5,86,89,4,2018-01-18T12:00:01Z,2018-01-18T12:45:01Z
2018-01-18T13:00:00.000Z,2018-01-18T14:00:00.000Z,17.778467153284677,17.2,18.6,274,2018-01-18T13:00:11Z,2018-01-18T13:59:59Z,36.320072992700716,35,37.5,274,2018-01-18T13:00:11Z,2018-01-18T13:59:59Z,4.375,4.2,4.5,4,2018-01-18T13:00:02Z,2018-01-18T13:45:03Z,85.5,85,86,4,2018-01-18T13:00:02Z,2018-01-18T13:45:03Z
2018-01-18T14:00:00.000Z,2018-01-18T15:00:00.000Z,17.464541832669312,17,18.4,251,2018-01-18T14:00:11Z,2018-01-18T14:59:48Z,38.43147410358562,37.5,39.1,251,2018-01-18T14:00:11Z,2018-01-18T14:59:48Z,3.975,3.9,4.1,4,2018-01-18T14:00:02Z,2018-01-18T14:45:02Z,86,86,86,4,2018-01-18T14:00:02Z,2018-01-18T14:45:02Z
2018-01-18T15:00:00.000Z,2018-01-18T16:00:00.000Z,18.559591836734697,18.2,18.8,245,2018-01-18T15:00:12Z,2018-01-18T15:59:49Z,37.59020408163274,37.1,38.2,245,2018-01-18T15:00:12Z,2018-01-18T15:59:49Z,3.425,3.2,3.7,4,2018-01-18T15:00:09Z,2018-01-18T15:45:02Z,86.25,86,87,4,2018-01-18T15:00:09Z,2018-01-18T15:45:02Z
2018-01-18T16:00:00.000Z,2018-01-18T17:00:00.000Z,17.76768060836497,17.4,18.2,263,2018-01-18T16:00:01Z,2018-01-18T16:56:50Z,36.98859315589345,36.9,37.2,263,2018-01-18T16:00:01Z,2018-01-18T16:56:50Z,2.55,2.3,2.8,4,2018-01-18T16:00:01Z,2018-01-18T16:45:04Z,87.5,87,88,4,2018-01-18T16:00:01Z,2018-01-18T16:45:04Z
2018-01-18T17:00:00.000Z,2018-01-18T18:00:00.000Z,16.986122448979643,16.7,17.3,245,2018-01-18T17:02:02Z,2018-01-18T17:59:51Z,37.926530612244825,36.9,38.5,245,2018-01-18T17:02:02Z,2018-01-18T17:59:51Z,2.2333333333333334,2.2,2.3,3,2018-01-18T17:15:08Z,2018-01-18T17:45:01Z,89,89,89,3,2018-01-18T17:15:08Z,2018-01-18T17:45:01Z
2018-01-18T18:00:00.000Z,2018-01-18T19:00:00.000Z,17.294273127753332,16.7,18.5,227,2018-01-18T18:00:03Z,2018-01-18T18:59:52Z,39.76343612334807,38.5,40.4,227,2018-01-18T18:00:03Z,2018-01-18T18:59:52Z,2.025,2,2.1,4,2018-01-18T18:00:02Z,2018-01-18T18:45:01Z,89.5,89,90,4,2018-01-18T18:00:02Z,2018-01-18T18:45:01Z
2018-01-18T19:00:00.000Z,2018-01-18T20:00:00.000Z,19.198007968127516,18.5,19.5,251,2018-01-18T19:00:04Z,2018-01-18T19:59:52Z,38.560159362549854,37.7,40.1,251,2018-01-18T19:00:04Z,2018-01-18T19:59:52Z,1.825,1.7,1.9,4,2018-01-18T19:00:02Z,2018-01-18T19:45:02Z,89.25,89,90,4,2018-01-18T19:00:02Z,2018-01-18T19:45:02Z
2018-01-18T20:00:00.000Z,2018-01-18T21:00:00.000Z,18.835622317596542,18.4,19.3,233,2018-01-18T20:00:16Z,2018-01-18T20:59:40Z,38.57854077253228,38.3,38.7,233,2018-01-18T20:00:16Z,2018-01-18T20:59:40Z,1.6,1.6,1.6,4,2018-01-18T20:00:03Z,2018-01-18T20:45:02Z,90,90,90,4,2018-01-18T20:00:03Z,2018-01-18T20:45:02Z
2018-01-18T21:00:00.000Z,2018-01-18T22:00:00.000Z,17.98104265402849,17.7,18.4,211,2018-01-18T21:00:28Z,2018-01-18T21:59:53Z,39.43933649289101,38.5,40.6,211,2018-01-18T21:00:28Z,2018-01-18T21:59:53Z,1.4000000000000001,1.2,1.5,4,2018-01-18T21:00:02Z,2018-01-18T21:45:01Z,90,90,90,4,2018-01-18T21:00:02Z,2018-01-18T21:45:01Z
2018-01-18T22:00:00.000Z,2018-01-18T23:00:00.000Z,17.97672413793107,17.6,18.4,116,2018-01-18T22:00:05Z,2018-01-18T22:59:54Z,40.02758620689655,38.8,40.6,116,2018-01-18T22:00:05Z,2018-01-18T22:59:54Z,1.2249999999999999,1.2,1.3,4,2018-01-18T22:00:02Z,2018-01-18T22:45:02Z,90.25,90,91,4,2018-01-18T22:00:02Z,2018-01-18T22:45:02Z
2018-01-18T23:00:00.000Z,2018-01-19T00:00:00.000Z,18.065925925925942,17.7,18.4,135,2018-01-18T23:00:54Z,2018-01-18T23:59:54Z,38.335555555555636,38.2,38.7,135,2018-01-18T23:00:54Z,2018-01-18T23:59:54Z,1.3,1.3,1.3,4,2018-01-18T23:00:03Z,2018-01-18T23:45:02Z,91,91,91,4,2018-01-18T23:00:03Z,2018-01-18T23:45:02Z
2018-01-19T00:00:00.000Z,2018-01-19T01:00:00.000Z,17.342483660130686,17.1,17.7,153,2018-01-19T00:00:30Z,2018-01-19T00:59:43Z,37.84052287581705,37.6,38.3,153,2018-01-19T00:00:30Z,2018-01-19T00:59:43Z,1.3,1.3,1.3,4,2018-01-19T00:00:02Z,2018-01-19T00:45:01Z,91.75,91,92,4,2018-01-19T00:00:02Z,2018-01-19T00:45:01Z
2018-01-19T01:00:00.000Z,2018-01-19T02:00:00.000Z,16.83300970873783,16.6,17.1,206,2018-01-19T01:00:31Z,2018-01-19T01:59:44Z,37.79320388349514,37.7,38,206,2018-01-19T01:00:31Z,2018-01-19T01:59:44Z,1.225,1.1,1.4,4,2018-01-19T01:00:02Z,2018-01-19T01:45:01Z,91.25,91,92,4,2018-01-19T01:00:02Z,2018-01-19T01:45:01Z
2018-01-19T02:00:00.000Z,2018-01-19T03:00:00.000Z,16.438636363636437,16.3,16.6,220,2018-01-19T02:00:08Z,2018-01-19T02:59:58Z,38.06227272727283,38,38.1,220,2018-01-19T02:00:08Z,2018-01-19T02:59:58Z,1.15,1.1,1.2,4,2018-01-19T02:00:10Z,2018-01-19T02:45:16Z,91,91,91,4,2018-01-19T02:00:10Z,2018-01-19T02:45:16Z
2018-01-19T03:00:00.000Z,2018-01-19T04:00:00.000Z,16.15829145728641,16,16.3,199,2018-01-19T03:00:10Z,2018-01-19T03:59:47Z,38.11155778894479,38,38.2,199,2018-01-19T03:00:10Z,2018-01-19T03:59:47Z,1,1,1,4,2018-01-19T03:00:11Z,2018-01-19T03:45:06Z,90.75,90,91,4,2018-01-19T03:00:11Z,2018-01-19T03:45:06Z
2018-01-19T04:00:00.000Z,2018-01-19T05:00:00.000Z,15.904800000000007,15.8,16,125,2018-01-19T04:00:11Z,2018-01-19T04:59:48Z,38.05999999999998,38,38.1,125,2018-01-19T04:00:11Z,2018-01-19T04:59:48Z,1,1,1,4,2018-01-19T04:00:16Z,2018-01-19T04:45:02Z,91.5,91,92,4,2018-01-19T04:00:16Z,2018-01-19T04:45:02Z
2018-01-19T05:00:00.000Z,2018-01-19T06:00:00.000Z,15.694444444444436,15.6,15.8,144,2018-01-19T05:00:00Z,2018-01-19T05:59:50Z,38.00347222222227,37.9,38.1,144,2018-01-19T05:00:00Z,2018-01-19T05:59:50Z,1.1,1.1,1.1,4,2018-01-19T05:00:15Z,2018-01-19T05:45:05Z,90.75,90,91,4,2018-01-19T05:00:15Z,2018-01-19T05:45:05Z
2018-01-19T06:00:00.000Z,2018-01-19T07:00:00.000Z,15.513669064748216,15.4,15.6,139,2018-01-19T06:00:14Z,2018-01-19T06:59:52Z,38.20215827338131,38.1,38.3,139,2018-01-19T06:00:14Z,2018-01-19T06:59:52Z,1.1,1.1,1.1,4,2018-01-19T06:00:01Z,2018-01-19T06:45:02Z,90,90,90,4,2018-01-19T06:00:01Z,2018-01-19T06:45:02Z
2018-01-19T07:00:00.000Z,2018-01-19T08:00:00.000Z,15.563999999999991,15.3,16.6,125,2018-01-19T07:00:05Z,2018-01-19T07:59:05Z,38.76399999999999,38.3,39.6,125,2018-01-19T07:00:05Z,2018-01-19T07:59:05Z,1.05,0.8,1.3,4,2018-01-19T07:00:02Z,2018-01-19T07:45:03Z,91.25,91,92,4,2018-01-19T07:00:02Z,2018-01-19T07:45:03Z
2018-01-19T08:00:00.000Z,2018-01-19T09:00:00.000Z,17.46853932584271,16.6,17.7,89,2018-01-19T08:00:05Z,2018-01-19T08:58:54Z,37.99999999999997,37.5,38.8,89,2018-01-19T08:00:05Z,2018-01-19T08:58:54Z,0.75,0.7,0.8,4,2018-01-19T08:00:14Z,2018-01-19T08:45:01Z,93.5,93,94,4,2018-01-19T08:00:14Z,2018-01-19T08:45:01Z
2018-01-19T09:00:00.000Z,2018-01-19T10:00:00.000Z,17.361403508771925,17,17.6,57,2018-01-19T09:00:30Z,2018-01-19T09:59:07Z,37.72280701754387,37.5,38,57,2018-01-19T09:00:30Z,2018-01-19T09:59:07Z,0.925,0.8,1.1,4,2018-01-19T09:00:02Z,2018-01-19T09:45:02Z,94.75,94,95,4,2018-01-19T09:00:02Z,2018-01-19T09:45:02Z
2018-01-19T10:00:00.000Z,2018-01-19T11:00:00.000Z,16.73142857142858,16.6,17,70,2018-01-19T10:01:07Z,2018-01-19T10:58:32Z,37.19142857142853,37,37.5,70,2018-01-19T10:01:07Z,2018-01-19T10:58:32Z,1.775,1.5,2.1,4,2018-01-19T10:00:01Z,2018-01-19T10:45:02Z,93.75,93,95,4,2018-01-19T10:00:01Z,2018-01-19T10:45:02Z
2018-01-19T11:00:00.000Z,2018-01-19T12:00:00.000Z,17.68354430379748,16.6,22,79,2018-01-19T11:00:44Z,2018-01-19T11:58:45Z,35.75949367088607,29.7,37.2,79,2018-01-19T11:00:44Z,2018-01-19T11:58:45Z,2.675,2.4,3.1,4,2018-01-19T11:00:02Z,2018-01-19T11:45:02Z,92.5,91,93,4,2018-01-19T11:00:02Z,2018-01-19T11:45:02Z
2018-01-19T12:00:00.000Z,2018-01-19T13:00:00.000Z,19.38510638297874,17.9,22.6,94,2018-01-19T12:00:33Z,2018-01-19T12:59:58Z,31.98829787234042,28.2,33.9,94,2018-01-19T12:00:33Z,2018-01-19T12:59:58Z,3.4499999999999997,3.3,3.6,4,2018-01-19T12:00:02Z,2018-01-19T12:45:01Z,88.25,86,89,4,2018-01-19T12:00:02Z,2018-01-19T12:45:01Z
2018-01-19T13:00:00.000Z,2018-01-19T14:00:00.000Z,17.25340909090911,16.9,17.9,88,2018-01-19T13:00:10Z,2018-01-19T13:59:58Z,36.32727272727269,33.9,37.8,88,2018-01-19T13:00:10Z,2018-01-19T13:59:58Z,3.325,3.2,3.5,4,2018-01-19T13:00:02Z,2018-01-19T13:45:01Z,86.75,86,87,4,2018-01-19T13:00:02Z,2018-01-19T13:45:01Z
2018-01-19T14:00:00.000Z,2018-01-19T15:00:00.000Z,16.571296296296303,16.4,16.9,108,2018-01-19T14:01:47Z,2018-01-19T14:59:36Z,39.071296296296296,37.7,40.4,108,2018-01-19T14:01:47Z,2018-01-19T14:59:36Z,3,3,3,4,2018-01-19T14:00:03Z,2018-01-19T14:45:02Z,87.25,87,88,4,2018-01-19T14:00:03Z,2018-01-19T14:45:02Z
2018-01-19T15:00:00.000Z,2018-01-19T16:00:00.000Z,16.38076923076922,16.1,16.4,52,2018-01-19T15:00:00Z,2018-01-19T15:41:13Z,40.42884615384616,38.8,40.8,52,2018-01-19T15:00:00Z,2018-01-19T15:41:13Z,2.7,2.4,2.9,4,2018-01-19T15:00:16Z,2018-01-19T15:45:01Z,85.25,85,86,4,2018-01-19T15:00:16Z,2018-01-19T15:45:01Z
2018-01-19T16:00:00.000Z,2018-01-19T17:00:00.000Z,15.882926829268294,15.7,16.2,41,2018-01-19T16:09:25Z,2018-01-19T16:59:39Z,40.59512195121951,38.5,41.6,41,2018-01-19T16:09:25Z,2018-01-19T16:59:39Z,2.35,2.3,2.4,4,2018-01-19T16:00:13Z,2018-01-19T16:45:02Z,87.75,87,88,4,2018-01-19T16:00:13Z,2018-01-19T16:45:02Z
2018-01-19T17:00:00.000Z,2018-01-19T18:00:00.000Z,17.260550458715596,16.2,18.4,109,2018-01-19T17:00:03Z,2018-01-19T17:58:52Z,40.84311926605504,38.9,42,109,2018-01-19T17:00:03Z,2018-01-19T17:58:52Z,1.9,1.7,2.2,4,2018-01-19T17:00:05Z,2018-01-19T17:45:01Z,90,89,91,4,2018-01-19T17:00:05Z,2018-01-19T17:45:01Z
2018-01-19T18:00:00.000Z,2018-01-19T19:00:00.000Z,19.084722222222233,18.5,19.4,144,2018-01-19T18:00:04Z,2018-01-19T18:59:52Z,39.23333333333326,39,39.6,144,2018-01-19T18:00:04Z,2018-01-19T18:59:52Z,1.35,1.1,1.5,4,2018-01-19T18:00:06Z,2018-01-19T18:45:01Z,91.25,91,92,4,2018-01-19T18:00:06Z,2018-01-19T18:45:01Z
2018-01-19T19:00:00.000Z,2018-01-19T20:00:00.000Z,19.292499999999993,18.6,19.4,40,2018-01-19T19:00:04Z,2018-01-19T19:51:29Z,39.344999999999985,38.8,39.6,40,2018-01-19T19:00:04Z,2018-01-19T19:51:29Z,0.925,0.8,1.1,4,2018-01-19T19:00:03Z,2018-01-19T19:45:02Z,92,92,92,4,2018-01-19T19:00:03Z,2018-01-19T19:45:02Z
2018-01-19T20:00:00.000Z,2018-01-19T21:00:00.000Z,17.90909090909091,17.8,18,11,2018-01-19T20:34:05Z,2018-01-19T20:42:53Z,38.32727272727273,38.3,38.5,11,2018-01-19T20:34:05Z,2018-01-19T20:42:53Z,0.9,0.8,1,4,2018-01-19T20:00:06Z,2018-01-19T20:45:02Z,92,92,92,4,2018-01-19T20:00:06Z,2018-01-19T20:45:02Z
2018-01-19T21:00:00.000Z,2018-01-19T22:00:00.000Z,17.236000000000004,17.1,17.3,25,2018-01-19T21:26:30Z,2018-01-19T21:56:06Z,38.52400000000001,38.2,39,25,2018-01-19T21:26:30Z,2018-01-19T21:56:06Z,1.1,1.1,1.1,4,2018-01-19T21:00:03Z,2018-01-19T21:45:02Z,91,91,91,4,2018-01-19T21:00:03Z,2018-01-19T21:45:02Z
2018-01-19T22:00:00.000Z,2018-01-19T23:00:00.000Z,17.737931034482752,17.5,17.9,29,2018-01-19T22:20:19Z,2018-01-19T22:52:55Z,37.62413793103448,36.8,38.5,29,2018-01-19T22:20:19Z,2018-01-19T22:52:55Z,0.9,0.9,0.9,4,2018-01-19T22:00:02Z,2018-01-19T22:45:02Z,91,91,91,4,2018-01-19T22:00:02Z,2018-01-19T22:45:02Z
2018-01-19T23:00:00.000Z,2018-01-20T00:00:00.000Z,17.39354838709677,17,17.8,31,2018-01-19T23:01:07Z,2018-01-19T23:56:08Z,36.40967741935482,36.3,36.7,31,2018-01-19T23:01:07Z,2018-01-19T23:56:08Z,1.0250000000000001,0.9,1.2,4,2018-01-19T23:00:01Z,2018-01-19T23:45:11Z,92.25,92,93,4,2018-01-19T23:00:01Z,2018-01-19T23:45:11Z
2018-01-20T00:00:00.000Z,2018-01-20T01:00:00.000Z,16.67083333333333,16.4,16.9,24,2018-01-20T00:03:08Z,2018-01-20T00:59:57Z,36.69166666666667,36.5,36.9,24,2018-01-20T00:03:08Z,2018-01-20T00:59:57Z,1.375,1.2,1.6,4,2018-01-20T00:00:20Z,2018-01-20T00:45:04Z,92.75,92,93,4,2018-01-20T00:00:20Z,2018-01-20T00:45:04Z
2018-01-20T01:00:00.000Z,2018-01-20T02:00:00.000Z,16.19512195121952,16,16.4,41,2018-01-20T01:00:09Z,2018-01-20T01:58:23Z,37.1658536585366,36.9,37.4,41,2018-01-20T01:00:09Z,2018-01-20T01:58:23Z,1.275,1.1,1.6,4,2018-01-20T01:00:01Z,2018-01-20T01:45:02Z,92.5,92,93,4,2018-01-20T01:00:01Z,2018-01-20T01:45:02Z
2018-01-20T02:00:00.000Z,2018-01-20T03:00:00.000Z,15.854545454545448,15.7,16,55,2018-01-20T02:00:23Z,2018-01-20T02:59:24Z,37.6181818181818,37.4,37.9,55,2018-01-20T02:00:23Z,2018-01-20T02:59:24Z,1.05,1,1.1,4,2018-01-20T02:00:02Z,2018-01-20T02:45:03Z,94,94,94,4,2018-01-20T02:00:02Z,2018-01-20T02:45:03Z
2018-01-20T03:00:00.000Z,2018-01-20T04:00:00.000Z,15.595744680851071,15.5,15.7,47,2018-01-20T03:01:24Z,2018-01-20T03:59:14Z,38.065957446808504,37.9,38.3,47,2018-01-20T03:01:24Z,2018-01-20T03:59:14Z,0.425,-1.2,1,4,2018-01-20T03:00:04Z,2018-01-20T03:45:08Z,95.5,94,100,4,2018-01-20T03:00:04Z,2018-01-20T03:45:08Z
2018-01-20T04:00:00.000Z,2018-01-20T05:00:00.000Z,15.385106382978705,15.3,15.5,47,2018-01-20T04:00:02Z,2018-01-20T04:59:03Z,38.489361702127624,38.3,38.6,47,2018-01-20T04:00:02Z,2018-01-20T04:59:03Z,0.925,0.8,1,4,2018-01-20T04:00:03Z,2018-01-20T04:45:02Z,94,94,94,4,2018-01-20T04:00:03Z,2018-01-20T04:45:02Z
2018-01-20T05:00:00.000Z,2018-01-20T06:00:00.000Z,15.241025641025667,15.1,15.3,78,2018-01-20T05:00:04Z,2018-01-20T05:59:53Z,38.64487179487175,38.5,38.7,78,2018-01-20T05:00:04Z,2018-01-20T05:59:53Z,0.75,0.7,0.8,4,2018-01-20T05:00:02Z,2018-01-20T05:45:09Z,94,94,94,4,2018-01-20T05:00:02Z,2018-01-20T05:45:09Z
2018-01-20T06:00:00.000Z,2018-01-20T07:00:00.000Z,15.073684210526315,15,15.1,19,2018-01-20T06:04:41Z,2018-01-20T06:49:55Z,38.821052631578944,38.7,39.1,19,2018-01-20T06:04:41Z,2018-01-20T06:49:55Z,0.55,0.5,0.6,4,2018-01-20T06:00:02Z,2018-01-20T06:45:02Z,94,94,94,4,2018-01-20T06:00:02Z,2018-01-20T06:45:02Z
2018-01-20T07:00:00.000Z,2018-01-20T08:00:00.000Z,15.75,15.1,16.5,18,2018-01-20T07:20:56Z,2018-01-20T07:46:09Z,40.00555555555556,39.6,40.2,18,2018-01-20T07:20:56Z,2018-01-20T07:46:09Z,0.475,0.4,0.5,4,2018-01-20T07:00:02Z,2018-01-20T07:45:02Z,93.75,93,94,4,2018-01-20T07:00:02Z,2018-01-20T07:45:02Z
2018-01-20T08:00:00.000Z,2018-01-20T09:00:00.000Z,18.37272727272727,18.1,18.7,33,2018-01-20T08:28:09Z,2018-01-20T08:55:10Z,37.44242424242424,37.1,37.6,33,2018-01-20T08:28:09Z,2018-01-20T08:55:10Z,0.325,0.2,0.4,4,2018-01-20T08:00:02Z,2018-01-20T08:45:01Z,93,93,93,4,2018-01-20T08:00:02Z,2018-01-20T08:45:01Z
2018-01-20T09:00:00.000Z,2018-01-20T10:00:00.000Z,18.269918699186967,18,18.8,123,2018-01-20T09:00:22Z,2018-01-20T09:58:46Z,36.74959349593497,36.4,36.9,123,2018-01-20T09:00:22Z,2018-01-20T09:58:46Z,0.15,0.1,0.2,4,2018-01-20T09:00:04Z,2018-01-20T09:45:01Z,93,93,93,4,2018-01-20T09:00:04Z,2018-01-20T09:45:01Z
2018-01-20T10:00:00.000Z,2018-01-20T11:00:00.000Z,17.65797872340424,17.5,17.9,188,2018-01-20T10:01:58Z,2018-01-20T10:59:59Z,37.62500000000008,36.8,38.1,188,2018-01-20T10:01:58Z,2018-01-20T10:59:59Z,0.30000000000000004,0.2,0.4,4,2018-01-20T10:00:01Z,2018-01-20T10:45:02Z,94,94,94,4,2018-01-20T10:00:01Z,2018-01-20T10:45:02Z
2018-01-20T11:00:00.000Z,2018-01-20T12:00:00.000Z,19.677005347593575,17.5,25,187,2018-01-20T11:00:11Z,2018-01-20T11:59:59Z,35.022459893048115,26.7,38.1,187,2018-01-20T11:00:11Z,2018-01-20T11:59:59Z,1.225,0.5,2.5,4,2018-01-20T11:00:01Z,2018-01-20T11:45:01Z,90.75,81,94,4,2018-01-20T11:00:01Z,2018-01-20T11:45:01Z
2018-01-20T12:00:00.000Z,2018-01-20T13:00:00.000Z,22.757333333333328,20.6,25.3,150,2018-01-20T12:00:23Z,2018-01-20T12:59:59Z,28.619999999999994,25.5,31.6,150,2018-01-20T12:00:23Z,2018-01-20T12:59:59Z,1.5750000000000002,1.2,1.9,4,2018-01-20T12:00:08Z,2018-01-20T12:45:01Z,92,91,94,4,2018-01-20T12:00:08Z,2018-01-20T12:45:01Z
2018-01-20T13:00:00.000Z,2018-01-20T14:00:00.000Z,21.776223776223773,19.5,25.2,143,2018-01-20T13:00:35Z,2018-01-20T13:59:58Z,28.816783216783225,25,32,143,2018-01-20T13:00:35Z,2018-01-20T13:59:58Z,2.125,1.9,2.3,4,2018-01-20T13:00:04Z,2018-01-20T13:45:01Z,90.25,90,91,4,2018-01-20T13:00:04Z,2018-01-20T13:45:01Z
2018-01-20T14:00:00.000Z,2018-01-20T15:00:00.000Z,18.409027777777776,17.6,19.5,144,2018-01-20T14:00:22Z,2018-01-20T14:59:58Z,33.69444444444444,32.1,34.7,144,2018-01-20T14:00:22Z,2018-01-20T14:59:58Z,2.55,2.4,2.6,4,2018-01-20T14:00:01Z,2018-01-20T14:45:01Z,87.75,87,89,4,2018-01-20T14:00:01Z,2018-01-20T14:45:01Z
2018-01-20T15:00:00.000Z,2018-01-20T16:00:00.000Z,17.288359788359756,17.1,17.7,189,2018-01-20T15:00:10Z,2018-01-20T15:59:23Z,36.757671957671946,34.7,38.9,189,2018-01-20T15:00:10Z,2018-01-20T15:59:23Z,2.525,2.4,2.6,4,2018-01-20T15:00:03Z,2018-01-20T15:45:01Z,85.75,85,86,4,2018-01-20T15:00:03Z,2018-01-20T15:45:01Z
2018-01-20T16:00:00.000Z,2018-01-20T17:00:00.000Z,18.613207547169836,17.8,19.4,212,2018-01-20T16:00:11Z,2018-01-20T16:59:48Z,37.99858490566038,36.8,38.8,212,2018-01-20T16:00:11Z,2018-01-20T16:59:48Z,1.875,1.6,2.1,4,2018-01-20T16:00:02Z,2018-01-20T16:45:01Z,85,84,86,4,2018-01-20T16:00:02Z,2018-01-20T16:45:01Z
2018-01-20T17:00:00.000Z,2018-01-20T18:00:00.000Z,20.00268817204302,19.4,20.5,186,2018-01-20T17:00:12Z,2018-01-20T17:59:48Z,35.43655913978495,34.6,36.8,186,2018-01-20T17:00:12Z,2018-01-20T17:59:48Z,1.175,0.9,1.6,4,2018-01-20T17:00:02Z,2018-01-20T17:45:02Z,87,86,88,4,2018-01-20T17:00:02Z,2018-01-20T17:45:02Z
2018-01-20T18:00:00.000Z,2018-01-20T19:00:00.000Z,20.513872832369906,20.1,20.7,173,2018-01-20T18:00:12Z,2018-01-20T18:58:12Z,34.86300578034685,34.6,35.9,173,2018-01-20T18:00:12Z,2018-01-20T18:58:12Z,0.7,0.7,0.7,4,2018-01-20T18:00:05Z,2018-01-20T18:45:02Z,88,88,88,4,2018-01-20T18:00:05Z,2018-01-20T18:45:02Z
2018-01-20T19:00:00.000Z,2018-01-20T20:00:00.000Z,19.474025974025967,19,20,77,2018-01-20T19:00:36Z,2018-01-20T19:59:12Z,35.29350649350648,34.9,36,77,2018-01-20T19:00:36Z,2018-01-20T19:59:12Z,-0.275,-0.4,-0.2,4,2018-01-20T19:00:01Z,2018-01-20T19:45:02Z,87,86,88,4,2018-01-20T19:00:01Z,2018-01-20T19:45:02Z
2018-01-20T20:00:00.000Z,2018-01-20T21:00:00.000Z,18.550847457627146,18.2,19,118,2018-01-20T20:00:12Z,2018-01-20T20:59:36Z,35.30508474576265,34.9,35.8,118,2018-01-20T20:00:12Z,2018-01-20T20:59:36Z,-0.55,-0.6,-0.5,4,2018-01-20T20:00:08Z,2018-01-20T20:45:02Z,85.5,85,86,4,2018-01-20T20:00:08Z,2018-01-20T20:45:02Z
2018-01-20T21:00:00.000Z,2018-01-20T22:00:00.000Z,17.855555555555547,17.6,18.2,126,2018-01-20T21:00:00Z,2018-01-20T21:59:49Z,35.31984126984132,35.1,35.6,126,2018-01-20T21:00:00Z,2018-01-20T21:59:49Z,-0.47500000000000003,-0.6,-0.3,4,2018-01-20T21:00:02Z,2018-01-20T21:45:05Z,83.75,83,85,4,2018-01-20T21:00:02Z,2018-01-20T21:45:05Z
2018-01-20T22:00:00.000Z,2018-01-20T23:00:00.000Z,17.321019108280208,17.1,17.6,157,2018-01-20T22:00:25Z,2018-01-20T22:59:50Z,35.24331210191086,35.1,35.4,157,2018-01-20T22:00:25Z,2018-01-20T22:59:50Z,-0.5249999999999999,-0.7,-0.3,4,2018-01-20T22:00:01Z,2018-01-20T22:45:01Z,83.25,83,84,4,2018-01-20T22:00:01Z,2018-01-20T22:45:01Z
2018-01-20T23:00:00.000Z,2018-01-21T00:00:00.000Z,16.92340425531919,16.8,17.1,141,2018-01-20T23:00:02Z,2018-01-20T23:58:27Z,35.50709219858159,35.4,35.6,141,2018-01-20T23:00:02Z,2018-01-20T23:58:27Z,-0.975,-2,-0.3,4,2018-01-20T23:00:02Z,2018-01-20T23:45:05Z,82.5,80,86,4,2018-01-20T23:00:02Z,2018-01-20T23:45:05Z
2018-01-21T00:00:00.000Z,2018-01-21T01:00:00.000Z,16.599280575539552,16.5,16.8,139,2018-01-21T00:00:15Z,2018-01-21T00:59:40Z,35.70647482014385,35.4,35.9,139,2018-01-21T00:00:15Z,2018-01-21T00:59:40Z,-0.65,-0.9,-0.4,4,2018-01-21T00:00:06Z,2018-01-21T00:45:01Z,82,80,85,4,2018-01-21T00:00:06Z,2018-01-21T00:45:01Z
2018-01-21T01:00:00.000Z,2018-01-21T02:00:00.000Z,16.34369747899158,16.2,16.5,119,2018-01-21T01:00:04Z,2018-01-21T01:59:29Z,35.33277310924374,35.1,35.5,119,2018-01-21T01:00:04Z,2018-01-21T01:59:29Z,-1.4,-1.5,-1.2,4,2018-01-21T01:00:02Z,2018-01-21T01:45:01Z,84.75,84,85,4,2018-01-21T01:00:02Z,2018-01-21T01:45:01Z
2018-01-21T02:00:00.000Z,2018-01-21T03:00:00.000Z,16.10399999999998,16,16.2,125,2018-01-21T02:00:17Z,2018-01-21T02:59:55Z,35.089600000000004,35,35.2,125,2018-01-21T02:00:17Z,2018-01-21T02:59:55Z,-1.7999999999999998,-2,-1.6,4,2018-01-21T02:00:02Z,2018-01-21T02:45:02Z,87.25,86,88,4,2018-01-21T02:00:02Z,2018-01-21T02:45:02Z
2018-01-21T03:00:00.000Z,2018-01-21T04:00:00.000Z,15.8783132530121,15.8,16,166,2018-01-21T03:00:07Z,2018-01-21T03:59:20Z,35.04819277108437,35,35.1,166,2018-01-21T03:00:07Z,2018-01-21T03:59:20Z,-2.05,-2.1,-2,4,2018-01-21T03:00:04Z,2018-01-21T03:45:02Z,88,87,89,4,2018-01-21T03:00:04Z,2018-01-21T03:45:02Z
2018-01-21T04:00:00.000Z,2018-01-21T05:00:00.000Z,15.662732919254635,15.6,15.8,161,2018-01-21T04:00:32Z,2018-01-21T04:59:58Z,35.21490683229812,35.1,35.3,161,2018-01-21T04:00:32Z,2018-01-21T04:59:58Z,-1.7750000000000001,-1.9,-1.7,4,2018-01-21T04:00:02Z,2018-01-21T04:45:02Z,86.5,86,87,4,2018-01-21T04:00:02Z,2018-01-21T04:45:02Z
2018-01-21T05:00:00.000Z,2018-01-21T06:00:00.000Z,15.480588235294146,15.4,15.6,170,2018-01-21T05:00:10Z,2018-01-21T05:59:59Z,35.367058823529334,35.3,35.5,170,2018-01-21T05:00:10Z,2018-01-21T05:59:59Z,-1.475,-1.6,-1.2,4,2018-01-21T05:00:09Z,2018-01-21T05:45:02Z,85.5,83,87,4,2018-01-21T05:00:09Z,2018-01-21T05:45:02Z
2018-01-21T06:00:00.000Z,2018-01-21T07:00:00.000Z,15.31890243902438,15.2,15.4,164,2018-01-21T06:00:35Z,2018-01-21T06:59:37Z,35.559756097560935,35.4,35.7,164,2018-01-21T06:00:35Z,2018-01-21T06:59:37Z,-0.8250000000000001,-1.1,-0.6,4,2018-01-21T06:00:01Z,2018-01-21T06:45:02Z,81.5,80,83,4,2018-01-21T06:00:01Z,2018-01-21T06:45:02Z
2018-01-21T07:00:00.000Z,2018-01-21T08:00:00.000Z,15.176878612716749,15.1,15.3,173,2018-01-21T07:00:13Z,2018-01-21T07:59:51Z,35.92716763005782,35.6,37,173,2018-01-21T07:00:13Z,2018-01-21T07:59:51Z,-0.15000000000000002,-0.4,0,4,2018-01-21T07:00:08Z,2018-01-21T07:45:02Z,77,75,79,4,2018-01-21T07:00:08Z,2018-01-21T07:45:02Z
2018-01-21T08:00:00.000Z,2018-01-21T09:00:00.000Z,16.68904109589046,15.3,17.3,219,2018-01-21T08:00:03Z,2018-01-21T08:59:52Z,36.30410958904107,35.6,37.1,219,2018-01-21T08:00:03Z,2018-01-21T08:59:52Z,-0.05,-0.1,0,4,2018-01-21T08:00:08Z,2018-01-21T08:45:02Z,77.5,77,78,4,2018-01-21T08:00:08Z,2018-01-21T08:45:02Z
2018-01-21T09:00:00.000Z,2018-01-21T10:00:00.000Z,17.00291970802919,16.6,17.3,137,2018-01-21T09:00:16Z,2018-01-21T09:59:17Z,35.67591240875909,35.5,35.8,137,2018-01-21T09:00:16Z,2018-01-21T09:59:17Z,0.15000000000000002,0,0.4,4,2018-01-21T09:00:02Z,2018-01-21T09:45:01Z,76.75,76,78,4,2018-01-21T09:00:02Z,2018-01-21T09:45:01Z
2018-01-21T10:00:00.000Z,2018-01-21T11:00:00.000Z,16.30078740157478,16.1,16.6,127,2018-01-21T10:00:05Z,2018-01-21T10:59:42Z,35.23385826771651,35,35.6,127,2018-01-21T10:00:05Z,2018-01-21T10:59:42Z,0.75,0.5,1.1,4,2018-01-21T10:00:01Z,2018-01-21T10:45:01Z,74.5,73,76,4,2018-01-21T10:00:01Z,2018-01-21T10:45:01Z
2018-01-21T11:00:00.000Z,2018-01-21T12:00:00.000Z,15.862595419847322,15.7,16.1,131,2018-01-21T11:00:06Z,2018-01-21T11:59:32Z,35.20152671755723,35,35.5,131,2018-01-21T11:00:06Z,2018-01-21T11:59:32Z,1.4500000000000002,1.3,1.6,4,2018-01-21T11:00:05Z,2018-01-21T11:45:02Z,74.5,74,75,4,2018-01-21T11:00:05Z,2018-01-21T11:45:02Z
2018-01-21T12:00:00.000Z,2018-01-21T13:00:00.000Z,15.510975609756132,15.4,15.7,164,2018-01-21T12:00:08Z,2018-01-21T12:59:45Z,35.79939024390246,35.5,36,164,2018-01-21T12:00:08Z,2018-01-21T12:59:45Z,1.625,1.5,1.8,4,2018-01-21T12:00:06Z,2018-01-21T12:45:02Z,75.25,74,76,4,2018-01-21T12:00:06Z,2018-01-21T12:45:02Z
2018-01-21T13:00:00.000Z,2018-01-21T14:00:00.000Z,15.241007194244611,15.1,15.4,139,2018-01-21T13:00:09Z,2018-01-21T13:59:23Z,36.4115107913669,36,36.8,139,2018-01-21T13:00:09Z,2018-01-21T13:59:23Z,1.5499999999999998,1.1,1.8,4,2018-01-21T13:00:01Z,2018-01-21T13:45:01Z,84.75,77,91,4,2018-01-21T13:00:01Z,2018-01-21T13:45:01Z
2018-01-21T14:00:00.000Z,2018-01-21T15:00:00.000Z,15.043373493975908,15,15.1,166,2018-01-21T14:00:11Z,2018-01-21T14:59:37Z,37.1530120481927,36.8,37.4,166,2018-01-21T14:00:11Z,2018-01-21T14:59:37Z,0.7250000000000001,0.7,0.8,4,2018-01-21T14:00:10Z,2018-01-21T14:45:01Z,93.25,93,94,4,2018-01-21T14:00:10Z,2018-01-21T14:45:01Z
2018-01-21T15:00:00.000Z,2018-01-21T16:00:00.000Z,14.921052631578998,14.8,15,171,2018-01-21T15:00:49Z,2018-01-21T15:59:27Z,37.7403508771929,37.5,38,171,2018-01-21T15:00:49Z,2018-01-21T15:59:27Z,0.9,0.8,1.1,4,2018-01-21T15:00:06Z,2018-01-21T15:45:01Z,91.25,89,93,4,2018-01-21T15:00:06Z,2018-01-21T15:45:01Z
2018-01-21T16:00:00.000Z,2018-01-21T17:00:00.000Z,14.776344086021442,14.7,14.8,186,2018-01-21T16:00:27Z,2018-01-21T16:59:53Z,38.262903225806376,38,38.5,186,2018-01-21T16:00:27Z,2018-01-21T16:59:53Z,1.425,1.3,1.5,4,2018-01-21T16:00:02Z,2018-01-21T16:45:02Z,88.75,88,90,4,2018-01-21T16:00:02Z,2018-01-21T16:45:02Z
2018-01-21T17:00:00.000Z,2018-01-21T18:00:00.000Z,14.700000000000015,14.7,14.7,152,2018-01-21T17:00:05Z,2018-01-21T17:59:55Z,38.8296052631579,38.5,39.4,152,2018-01-21T17:00:05Z,2018-01-21T17:59:55Z,1.5499999999999998,1.5,1.6,4,2018-01-21T17:00:02Z,2018-01-21T17:45:02Z,92.25,91,93,4,2018-01-21T17:00:02Z,2018-01-21T17:45:02Z
2018-01-21T18:00:00.000Z,2018-01-21T19:00:00.000Z,15.87727272727272,14.7,17.3,110,2018-01-21T18:00:19Z,2018-01-21T18:58:20Z,39.71545454545457,39.4,39.9,110,2018-01-21T18:00:19Z,2018-01-21T18:58:20Z,1.8250000000000002,1.7,1.9,4,2018-01-21T18:00:02Z,2018-01-21T18:45:02Z,94,94,94,4,2018-01-21T18:00:02Z,2018-01-21T18:45:02Z
2018-01-21T19:00:00.000Z,2018-01-21T20:00:00.000Z,18.26808510638298,17.4,19,47,2018-01-21T19:01:44Z,2018-01-21T19:57:09Z,39.16808510638296,37.8,39.9,47,2018-01-21T19:01:44Z,2018-01-21T19:57:09Z,1.975,1.9,2,4,2018-01-21T19:00:04Z,2018-01-21T19:45:02Z,94.75,94,95,4,2018-01-21T19:00:04Z,2018-01-21T19:45:02Z
2018-01-21T20:00:00.000Z,2018-01-21T21:00:00.000Z,19.549999999999997,19.1,20,18,2018-01-21T20:00:57Z,2018-01-21T20:44:21Z,36.80555555555557,36.2,37.6,18,2018-01-21T20:00:57Z,2018-01-21T20:44:21Z,2.0749999999999997,2,2.1,4,2018-01-21T20:00:02Z,2018-01-21T20:45:02Z,95.5,95,96,4,2018-01-21T20:00:02Z,2018-01-21T20:45:02Z
2018-01-21T21:00:00.000Z,2018-01-21T22:00:00.000Z,18.992307692307694,18.9,19.2,13,2018-01-21T21:42:45Z,2018-01-21T21:59:45Z,36.62307692307692,36.2,36.9,13,2018-01-21T21:42:45Z,2018-01-21T21:59:45Z,2.3,2.2,2.5,4,2018-01-21T21:00:02Z,2018-01-21T21:45:01Z,96,96,96,4,2018-01-21T21:00:02Z,2018-01-21T21:45:01Z
2018-01-21T22:00:00.000Z,2018-01-21T23:00:00.000Z,18.33863636363637,18,18.8,44,2018-01-21T22:00:21Z,2018-01-21T22:58:58Z,37.081818181818186,36.9,37.2,44,2018-01-21T22:00:21Z,2018-01-21T22:58:58Z,2.9499999999999997,2.7,3.1,4,2018-01-21T22:00:02Z,2018-01-21T22:45:02Z,96,96,96,4,2018-01-21T22:00:02Z,2018-01-21T22:45:02Z
2018-01-21T23:00:00.000Z,2018-01-22T00:00:00.000Z,17.609375000000007,17.3,17.9,64,2018-01-21T23:00:58Z,2018-01-21T23:59:58Z,37.642187499999984,37.3,38.1,64,2018-01-21T23:00:58Z,2018-01-21T23:59:58Z,3.3,3.1,3.7,4,2018-01-21T23:00:12Z,2018-01-21T23:45:01Z,95,94,96,4,2018-01-21T23:00:12Z,2018-01-21T23:45:01Z
2018-01-22T00:00:00.000Z,2018-01-22T01:00:00.000Z,17.129729729729736,16.9,17.3,37,2018-01-22T00:00:58Z,2018-01-22T00:59:23Z,38.46756756756756,38.1,38.7,37,2018-01-22T00:00:58Z,2018-01-22T00:59:23Z,4.225,4,4.5,4,2018-01-22T00:00:16Z,2018-01-22T00:45:02Z,92,91,93,4,2018-01-22T00:00:16Z,2018-01-22T00:45:02Z
2018-01-22T01:00:00.000Z,2018-01-22T02:00:00.000Z,16.759016393442643,16.6,16.9,61,2018-01-22T01:00:23Z,2018-01-22T01:59:49Z,39.28852459016393,38.7,39.6,61,2018-01-22T01:00:23Z,2018-01-22T01:59:49Z,4.85,4.7,5,4,2018-01-22T01:00:08Z,2018-01-22T01:45:02Z,91,89,92,4,2018-01-22T01:00:08Z,2018-01-22T01:45:02Z
2018-01-22T02:00:00.000Z,2018-01-22T03:00:00.000Z,16.508695652173923,16.4,16.6,69,2018-01-22T02:00:13Z,2018-01-22T02:59:26Z,39.84782608695652,39.6,40.1,69,2018-01-22T02:00:13Z,2018-01-22T02:59:26Z,5.074999999999999,5,5.1,4,2018-01-22T02:00:01Z,2018-01-22T02:45:12Z,88.5,88,89,4,2018-01-22T02:00:01Z,2018-01-22T02:45:12Z
2018-01-22T03:00:00.000Z,2018-01-22T04:00:00.000Z,16.280645161290334,16.2,16.4,62,2018-01-22T03:01:02Z,2018-01-22T03:57:51Z,40.267741935483905,40.1,40.5,62,2018-01-22T03:01:02Z,2018-01-22T03:57:51Z,5.175000000000001,5,5.4,4,2018-01-22T03:00:13Z,2018-01-22T03:45:04Z,86.75,86,87,4,2018-01-22T03:00:13Z,2018-01-22T03:45:04Z
2018-01-22T04:00:00.000Z,2018-01-22T05:00:00.000Z,16.09452054794522,16,16.2,73,2018-01-22T04:01:15Z,2018-01-22T04:59:53Z,40.64657534246571,40.5,40.7,73,2018-01-22T04:01:15Z,2018-01-22T04:59:53Z,5.199999999999999,5.1,5.3,4,2018-01-22T04:00:03Z,2018-01-22T04:45:15Z,86,85,87,4,2018-01-22T04:00:03Z,2018-01-22T04:45:15Z
2018-01-22T05:00:00.000Z,2018-01-22T06:00:00.000Z,15.953571428571443,15.9,16,84,2018-01-22T05:00:04Z,2018-01-22T05:59:42Z,40.8476190476191,40.7,40.9,84,2018-01-22T05:00:04Z,2018-01-22T05:59:42Z,5.125,5,5.2,4,2018-01-22T05:00:06Z,2018-01-22T05:45:01Z,86.5,86,87,4,2018-01-22T05:00:06Z,2018-01-22T05:45:01Z
2018-01-22T06:00:00.000Z,2018-01-22T07:00:00.000Z,15.828985507246355,15.8,15.9,69,2018-01-22T06:00:54Z,2018-01-22T06:59:43Z,41.01014492753619,40.9,41.1,69,2018-01-22T06:00:54Z,2018-01-22T06:59:43Z,5.275,5.2,5.3,4,2018-01-22T06:00:12Z,2018-01-22T06:45:01Z,85.25,85,86,4,2018-01-22T06:00:12Z,2018-01-22T06:45:01Z
2018-01-22T07:00:00.000Z,2018-01-22T08:00:00.000Z,15.906122448979588,15.7,16.7,49,2018-01-22T07:00:19Z,2018-01-22T07:59:33Z,41.50816326530613,41.1,42.2,49,2018-01-22T07:00:19Z,2018-01-22T07:59:33Z,5.449999999999999,5.4,5.5,4,2018-01-22T07:00:08Z,2018-01-22T07:45:07Z,85.25,85,86,4,2018-01-22T07:00:08Z,2018-01-22T07:45:07Z
2018-01-22T08:00:00.000Z,2018-01-22T09:00:00.000Z,17.877884615384616,16.8,18.1,104,2018-01-22T08:01:33Z,2018-01-22T08:59:58Z,40.244230769230754,39.6,41.9,104,2018-01-22T08:01:33Z,2018-01-22T08:59:58Z,5.4,5.3,5.5,4,2018-01-22T08:00:01Z,2018-01-22T08:45:02Z,85.5,85,86,4,2018-01-22T08:00:01Z,2018-01-22T08:45:02Z
2018-01-22T09:00:00.000Z,2018-01-22T10:00:00.000Z,17.837090909090982,17.6,18,275,2018-01-22T09:00:10Z,2018-01-22T09:59:59Z,41.58290909090911,40.6,42.4,275,2018-01-22T09:00:10Z,2018-01-22T09:59:59Z,5.775,5.6,6,4,2018-01-22T09:00:04Z,2018-01-22T09:45:01Z,83.75,82,85,4,2018-01-22T09:00:04Z,2018-01-22T09:45:01Z
2018-01-22T10:00:00.000Z,2018-01-22T11:00:00.000Z,17.303558718861225,17,17.6,281,2018-01-22T10:00:11Z,2018-01-22T10:59:48Z,41.45160142348749,40.9,42.2,281,2018-01-22T10:00:11Z,2018-01-22T10:59:48Z,6.124999999999999,6.1,6.2,4,2018-01-22T10:00:02Z,2018-01-22T10:45:02Z,83.75,83,85,4,2018-01-22T10:00:02Z,2018-01-22T10:45:02Z
2018-01-22T11:00:00.000Z,2018-01-22T12:00:00.000Z,16.773476702508855,16.7,17,279,2018-01-22T11:00:00Z,2018-01-22T11:59:49Z,40.838351254480045,40.8,40.9,279,2018-01-22T11:00:00Z,2018-01-22T11:59:49Z,6.35,6.3,6.5,4,2018-01-22T11:00:03Z,2018-01-22T11:45:02Z,83,83,83,4,2018-01-22T11:00:03Z,2018-01-22T11:45:02Z
2018-01-22T12:00:00.000Z,2018-01-22T13:00:00.000Z,16.516849816849792,16.4,16.7,273,2018-01-22T12:00:01Z,2018-01-22T12:59:50Z,41.19597069597068,40.9,42,273,2018-01-22T12:00:01Z,2018-01-22T12:59:50Z,6.799999999999999,6.6,6.9,4,2018-01-22T12:00:02Z,2018-01-22T12:45:02Z,83,83,83,4,2018-01-22T12:00:02Z,2018-01-22T12:45:02Z
2018-01-22T13:00:00.000Z,2018-01-22T14:00:00.000Z,16.6119565217391,16.4,16.8,184,2018-01-22T13:00:26Z,2018-01-22T13:59:52Z,42.76521739130436,42,43.2,184,2018-01-22T13:00:26Z,2018-01-22T13:59:52Z,7.225,7,7.5,4,2018-01-22T13:00:02Z,2018-01-22T13:45:03Z,82.25,81,83,4,2018-01-22T13:00:02Z,2018-01-22T13:45:03Z
2018-01-22T14:00:00.000Z,2018-01-22T15:00:00.000Z,16.7791443850267,16.5,17.2,187,2018-01-22T14:00:04Z,2018-01-22T14:59:17Z,44.787165775401036,43.1,46,187,2018-01-22T14:00:04Z,2018-01-22T14:59:17Z,7.3999999999999995,7.2,7.5,4,2018-01-22T14:00:07Z,2018-01-22T14:45:01Z,83,82,85,4,2018-01-22T14:00:07Z,2018-01-22T14:45:01Z
2018-01-22T15:00:00.000Z,2018-01-22T16:00:00.000Z,16.908530805687292,16.8,17.1,211,2018-01-22T15:00:53Z,2018-01-22T15:59:54Z,44.56966824644546,44.2,45,211,2018-01-22T15:00:53Z,2018-01-22T15:59:54Z,6.8,6.7,7,4,2018-01-22T15:00:05Z,2018-01-22T15:45:02Z,85.75,85,87,4,2018-01-22T15:00:05Z,2018-01-22T15:45:02Z
2018-01-22T16:00:00.000Z,2018-01-22T17:00:00.000Z,16.51125000000004,16.3,16.8,240,2018-01-22T16:00:18Z,2018-01-22T16:59:55Z,43.521249999999846,43.3,44.3,240,2018-01-22T16:00:18Z,2018-01-22T16:59:55Z,6.525,6.4,6.7,4,2018-01-22T16:00:02Z,2018-01-22T16:45:02Z,84.5,83,86,4,2018-01-22T16:00:02Z,2018-01-22T16:45:02Z
2018-01-22T17:00:00.000Z,2018-01-22T18:00:00.000Z,16.201136363636294,16.1,16.3,264,2018-01-22T17:00:07Z,2018-01-22T17:59:57Z,45.663636363636236,43.3,47,264,2018-01-22T17:00:07Z,2018-01-22T17:59:57Z,6.775,6.6,6.9,4,2018-01-22T17:00:08Z,2018-01-22T17:45:03Z,83.75,83,85,4,2018-01-22T17:00:08Z,2018-01-22T17:45:03Z
2018-01-22T18:00:00.000Z,2018-01-22T19:00:00.000Z,17.218894009216584,16.1,18.5,217,2018-01-22T18:00:21Z,2018-01-22T18:59:58Z,47.789400921659045,46.9,48.7,217,2018-01-22T18:00:21Z,2018-01-22T18:59:58Z,6.525,6.5,6.6,4,2018-01-22T18:00:02Z,2018-01-22T18:45:06Z,85,85,85,4,2018-01-22T18:00:02Z,2018-01-22T18:45:06Z
2018-01-22T19:00:00.000Z,2018-01-22T20:00:00.000Z,19.12958333333338,18.5,19.4,240,2018-01-22T19:00:10Z,2018-01-22T19:59:59Z,45.09166666666668,43.4,47,240,2018-01-22T19:00:10Z,2018-01-22T19:59:59Z,6.7,6.7,6.7,4,2018-01-22T19:00:06Z,2018-01-22T19:45:02Z,83.75,83,84,4,2018-01-22T19:00:06Z,2018-01-22T19:45:02Z
2018-01-22T20:00:00.000Z,2018-01-22T21:00:00.000Z,18.64254385964914,18.4,19,228,2018-01-22T20:00:11Z,2018-01-22T20:59:59Z,43.45482456140353,43.3,43.6,228,2018-01-22T20:00:11Z,2018-01-22T20:59:59Z,6.725,6.6,6.9,4,2018-01-22T20:00:05Z,2018-01-22T20:45:02Z,81.25,80,83,4,2018-01-22T20:00:05Z,2018-01-22T20:45:02Z
2018-01-22T21:00:00.000Z,2018-01-22T22:00:00.000Z,18.377777777777784,17.9,18.7,207,2018-01-22T21:00:23Z,2018-01-22T21:59:48Z,42.802415458937276,42.5,43.3,207,2018-01-22T21:00:23Z,2018-01-22T21:59:48Z,6.925,6.8,7,4,2018-01-22T21:00:02Z,2018-01-22T21:45:02Z,80.5,78,82,4,2018-01-22T21:00:02Z,2018-01-22T21:45:02Z
2018-01-22T22:00:00.000Z,2018-01-22T23:00:00.000Z,17.630909090909096,17.3,17.9,110,2018-01-22T22:00:00Z,2018-01-22T22:58:13Z,42.30272727272728,42.2,42.5,110,2018-01-22T22:00:00Z,2018-01-22T22:58:13Z,7.075,7,7.2,4,2018-01-22T22:00:02Z,2018-01-22T22:45:03Z,78.25,78,79,4,2018-01-22T22:00:02Z,2018-01-22T22:45:03Z
2018-01-22T23:00:00.000Z,2018-01-23T00:00:00.000Z,17.087179487179487,16.9,17.3,39,2018-01-22T23:00:25Z,2018-01-22T23:57:50Z,42.65384615384616,42.4,43,39,2018-01-22T23:00:25Z,2018-01-22T23:57:50Z,6.975,6.9,7,4,2018-01-22T23:00:05Z,2018-01-22T23:45:02Z,80,78,82,4,2018-01-22T23:00:05Z,2018-01-22T23:45:02Z
2018-01-23T00:00:00.000Z,2018-01-23T01:00:00.000Z,16.685294117647064,16.6,16.8,34,2018-01-23T00:01:50Z,2018-01-23T00:59:51Z,43.32647058823529,43,43.6,34,2018-01-23T00:01:50Z,2018-01-23T00:59:51Z,6.4,6.2,6.7,4,2018-01-23T00:00:14Z,2018-01-23T00:45:01Z,84,83,85,4,2018-01-23T00:00:14Z,2018-01-23T00:45:01Z
2018-01-23T01:00:00.000Z,2018-01-23T02:00:00.000Z,16.43483146067417,16.3,16.6,89,2018-01-23T01:00:15Z,2018-01-23T01:59:17Z,43.876404494382044,43.6,44,89,2018-01-23T01:00:15Z,2018-01-23T01:59:17Z,6.4,6.3,6.5,4,2018-01-23T01:00:12Z,2018-01-23T01:45:01Z,85,84,86,4,2018-01-23T01:00:12Z,2018-01-23T01:45:01Z
2018-01-23T02:00:00.000Z,2018-01-23T03:00:00.000Z,16.248571428571445,16.2,16.3,105,2018-01-23T02:00:41Z,2018-01-23T02:59:30Z,44.1733333333333,44,44.4,105,2018-01-23T02:00:41Z,2018-01-23T02:59:30Z,6.95,6.6,7.2,4,2018-01-23T02:00:02Z,2018-01-23T02:45:14Z,82.75,82,83,4,2018-01-23T02:00:02Z,2018-01-23T02:45:14Z
2018-01-23T03:00:00.000Z,2018-01-23T04:00:00.000Z,16.116101694915223,16,16.2,118,2018-01-23T03:00:42Z,2018-01-23T03:59:32Z,44.56779661016948,44.4,44.8,118,2018-01-23T03:00:42Z,2018-01-23T03:59:32Z,7.875,7.5,8.1,4,2018-01-23T03:00:18Z,2018-01-23T03:45:02Z,81.75,80,83,4,2018-01-23T03:00:18Z,2018-01-23T03:45:02Z
2018-01-23T04:00:00.000Z,2018-01-23T05:00:00.000Z,15.963636363636386,15.9,16,88,2018-01-23T04:01:08Z,2018-01-23T04:59:57Z,45.21477272727271,44.9,45.6,88,2018-01-23T04:01:08Z,2018-01-23T04:59:57Z,8.525,8.2,8.8,4,2018-01-23T04:00:04Z,2018-01-23T04:45:03Z,81.5,81,83,4,2018-01-23T04:00:04Z,2018-01-23T04:45:03Z
2018-01-23T05:00:00.000Z,2018-01-23T06:00:00.000Z,15.847154471544684,15.8,15.9,123,2018-01-23T05:00:21Z,2018-01-23T05:59:11Z,45.959349593495915,45.6,46.1,123,2018-01-23T05:00:21Z,2018-01-23T05:59:11Z,8.825,8.2,9.2,4,2018-01-23T05:00:04Z,2018-01-23T05:45:03Z,82.25,79,87,4,2018-01-23T05:00:04Z,2018-01-23T05:45:03Z
2018-01-23T06:00:00.000Z,2018-01-23T07:00:00.000Z,15.755555555555569,15.7,15.8,90,2018-01-23T06:02:23Z,2018-01-23T06:58:25Z,46.08666666666663,45.9,46.3,90,2018-01-23T06:02:23Z,2018-01-23T06:58:25Z,8.525,8.3,8.7,4,2018-01-23T06:00:02Z,2018-01-23T06:45:01Z,86.5,86,87,4,2018-01-23T06:00:02Z,2018-01-23T06:45:01Z
2018-01-23T07:00:00.000Z,2018-01-23T08:00:00.000Z,15.64725274725273,15.6,15.7,91,2018-01-23T07:00:01Z,2018-01-23T07:59:50Z,46.65274725274726,46.3,47,91,2018-01-23T07:00:01Z,2018-01-23T07:59:50Z,8.95,8.9,9,4,2018-01-23T07:00:09Z,2018-01-23T07:45:02Z,85,85,85,4,2018-01-23T07:00:09Z,2018-01-23T07:45:02Z
2018-01-23T08:00:00.000Z,2018-01-23T09:00:00.000Z,15.599999999999984,15.6,15.6,94,2018-01-23T08:00:50Z,2018-01-23T08:59:04Z,47.761702127659575,47,49.1,94,2018-01-23T08:00:50Z,2018-01-23T08:59:04Z,9.100000000000001,9,9.2,4,2018-01-23T08:00:10Z,2018-01-23T08:45:02Z,85,85,85,4,2018-01-23T08:00:10Z,2018-01-23T08:45:02Z
2018-01-23T09:00:00.000Z,2018-01-23T10:00:00.000Z,15.54473684210526,15.5,15.6,38,2018-01-23T09:00:16Z,2018-01-23T09:45:17Z,49.7,49.2,50.3,38,2018-01-23T09:00:16Z,2018-01-23T09:45:17Z,9.325,9.2,9.7,4,2018-01-23T09:00:01Z,2018-01-23T09:45:02Z,87.5,86,90,4,2018-01-23T09:00:01Z,2018-01-23T09:45:02Z
2018-01-23T10:00:00.000Z,2018-01-23T11:00:00.000Z,15.5,15.5,15.5,8,2018-01-23T10:09:30Z,2018-01-23T10:51:55Z,50.8375,50.4,51.2,8,2018-01-23T10:09:30Z,2018-01-23T10:51:55Z,10.25,10,10.4,4,2018-01-23T10:00:11Z,2018-01-23T10:45:02Z,88.25,88,89,4,2018-01-23T10:00:11Z,2018-01-23T10:45:02Z
2018-01-23T11:00:00.000Z,2018-01-23T12:00:00.000Z,15.5,15.5,15.5,11,2018-01-23T11:05:32Z,2018-01-23T11:59:22Z,51.554545454545455,51.4,51.7,11,2018-01-23T11:05:32Z,2018-01-23T11:59:22Z,10.775,10.7,10.9,4,2018-01-23T11:00:01Z,2018-01-23T11:45:02Z,86.25,86,87,4,2018-01-23T11:00:01Z,2018-01-23T11:45:02Z
2018-01-23T12:00:00.000Z,2018-01-23T13:00:00.000Z,15.5,15.5,15.5,4,2018-01-23T12:00:46Z,2018-01-23T12:46:23Z,51.85,51.7,52.1,4,2018-01-23T12:00:46Z,2018-01-23T12:46:23Z,10.55,10.5,10.6,4,2018-01-23T12:00:02Z,2018-01-23T12:45:01Z,88.5,88,89,4,2018-01-23T12:00:02Z,2018-01-23T12:45:01Z
2018-01-23T13:00:00.000Z,2018-01-23T14:00:00.000Z,15.5,15.5,15.5,6,2018-01-23T13:16:12Z,2018-01-23T13:42:49Z,51.76666666666666,51.7,51.9,6,2018-01-23T13:16:12Z,2018-01-23T13:42:49Z,10.775000000000002,10.7,10.8,4,2018-01-23T13:00:02Z,2018-01-23T13:45:02Z,87.5,87,88,4,2018-01-23T13:00:02Z,2018-01-23T13:45:02Z
2018-01-23T14:00:00.000Z,2018-01-23T15:00:00.000Z,15.5,15.5,15.5,5,2018-01-23T14:07:01Z,2018-01-23T14:59:39Z,51.46,51.4,51.5,5,2018-01-23T14:07:01Z,2018-01-23T14:59:39Z,10.2,9.9,10.6,4,2018-01-23T14:00:02Z,2018-01-23T14:45:01Z,85.75,85,87,4,2018-01-23T14:00:02Z,2018-01-23T14:45:01Z
2018-01-23T15:00:00.000Z,2018-01-23T16:00:00.000Z,15.437500000000002,15.4,15.5,8,2018-01-23T15:08:27Z,2018-01-23T15:46:16Z,51.24999999999999,51.2,51.4,8,2018-01-23T15:08:27Z,2018-01-23T15:46:16Z,9.3,9,9.7,4,2018-01-23T15:00:02Z,2018-01-23T15:45:02Z,87,85,88,4,2018-01-23T15:00:02Z,2018-01-23T15:45:02Z
2018-01-23T16:00:00.000Z,2018-01-23T17:00:00.000Z,15.400000000000004,15.4,15.4,11,2018-01-23T16:19:41Z,2018-01-23T16:42:06Z,51.38181818181817,51.3,51.4,11,2018-01-23T16:19:41Z,2018-01-23T16:42:06Z,8.575,8.3,8.7,4,2018-01-23T16:00:02Z,2018-01-23T16:45:02Z,89,89,89,4,2018-01-23T16:00:02Z,2018-01-23T16:45:02Z
2018-01-23T17:00:00.000Z,2018-01-23T18:00:00.000Z,15.398360655737688,15.3,15.4,61,2018-01-23T17:00:55Z,2018-01-23T17:58:21Z,51.78196721311477,51.2,52.4,61,2018-01-23T17:00:55Z,2018-01-23T17:58:21Z,7.800000000000001,7.5,8.2,4,2018-01-23T17:00:05Z,2018-01-23T17:45:06Z,88.5,88,89,4,2018-01-23T17:00:05Z,2018-01-23T17:45:06Z
2018-01-23T18:00:00.000Z,2018-01-23T19:00:00.000Z,15.32380952380952,15.3,15.4,21,2018-01-23T18:00:33Z,2018-01-23T18:22:57Z,52.63333333333334,52.4,52.9,21,2018-01-23T18:00:33Z,2018-01-23T18:22:57Z,7.025,6.8,7.4,4,2018-01-23T18:00:02Z,2018-01-23T18:45:02Z,89.25,89,90,4,2018-01-23T18:00:02Z,2018-01-23T18:45:02Z
2018-01-23T19:00:00.000Z,2018-01-23T20:00:00.000Z,,,,0,,,,,,0,,,6.35,6.2,6.5,4,2018-01-23T19:00:02Z,2018-01-23T19:45:02Z,88,88,88,4,2018-01-23T19:00:02Z,2018-01-23T19:45:02Z
2018-01-23T20:00:00.000Z,2018-01-23T21:00:00.000Z,,,,0,,,,,,0,,,5.9750000000000005,5.8,6.1,4,2018-01-23T20:00:12Z,2018-01-23T20:45:02Z,88,88,88,4,2018-01-23T20:00:12Z,2018-01-23T20:45:02Z
2018-01-23T21:00:00.000Z,2018-01-23T22:00:00.000Z,,,,0,,,,,,0,,,5.35,4.1,5.8,4,2018-01-23T21:00:05Z,2018-01-23T21:45:02Z,90.5,87,100,4,2018-01-23T21:00:05Z,2018-01-23T21:45:02Z
2018-01-23T22:00:00.000Z,2018-01-23T23:00:00.000Z,,,,0,,,,,,0,,,6.15,6,6.4,4,2018-01-23T22:00:08Z,2018-01-23T22:45:02Z,86.25,85,87,4,2018-01-23T22:00:08Z,2018-01-23T22:45:02Z
2018-01-23T23:00:00.000Z,2018-01-24T00:00:00.000Z,,,,0,,,,,,0,,,6.675,6.5,6.8,4,2018-01-23T23:00:09Z,2018-01-23T23:45:02Z,84,84,84,4,2018-01-23T23:00:09Z,2018-01-23T23:45:02Z
2018-01-24T00:00:00.000Z,2018-01-24T01:00:00.000Z,16.8,16.8,16.8,1,2018-01-24T00:24:03Z,2018-01-24T00:24:03Z,45.2,45.2,45.2,1,2018-01-24T00:24:03Z,2018-01-24T00:24:03Z,7.125,7,7.3,4,2018-01-24T00:00:01Z,2018-01-24T00:45:01Z,84.75,84,85,4,2018-01-24T00:00:01Z,2018-01-24T00:45:01Z
2018-01-24T01:00:00.000Z,2018-01-24T02:00:00.000Z,16.4,16.4,16.4,1,2018-01-24T01:47:41Z,2018-01-24T01:47:41Z,46.6,46.6,46.6,1,2018-01-24T01:47:41Z,2018-01-24T01:47:41Z,7.325,7.2,7.4,4,2018-01-24T01:00:02Z,2018-01-24T01:45:01Z,86,86,86,4,2018-01-24T01:00:02Z,2018-01-24T01:45:01Z
2018-01-24T02:00:00.000Z,2018-01-24T03:00:00.000Z,,,,0,,,,,,0,,,7,6.9,7.2,4,2018-01-24T02:00:03Z,2018-01-24T02:45:03Z,88.5,87,90,4,2018-01-24T02:00:03Z,2018-01-24T02:45:03Z
2018-01-24T03:00:00.000Z,2018-01-24T04:00:00.000Z,16,16,16,1,2018-01-24T03:40:20Z,2018-01-24T03:40:20Z,50,50,50,1,2018-01-24T03:40:20Z,2018-01-24T03:40:20Z,8,8,8,4,2018-01-24T03:00:03Z,2018-01-24T03:45:02Z,91,91,91,4,2018-01-24T03:00:03Z,2018-01-24T03:45:02Z
2018-01-24T04:00:00.000Z,2018-01-24T05:00:00.000Z,15.819999999999999,15.8,15.9,5,2018-01-24T04:09:20Z,2018-01-24T04:49:34Z,51.220000000000006,50.8,51.7,5,2018-01-24T04:09:20Z,2018-01-24T04:49:34Z,9.375,9.2,9.5,4,2018-01-24T04:00:05Z,2018-01-24T04:45:02Z,88,87,89,4,2018-01-24T04:00:05Z,2018-01-24T04:45:02Z
2018-01-24T05:00:00.000Z,2018-01-24T06:00:00.000Z,15.774999999999997,15.7,15.8,12,2018-01-24T05:00:59Z,2018-01-24T05:54:36Z,51.80833333333333,51.7,51.9,12,2018-01-24T05:00:59Z,2018-01-24T05:54:36Z,9.25,8.5,9.7,4,2018-01-24T05:00:02Z,2018-01-24T05:45:06Z,89,87,91,4,2018-01-24T05:00:02Z,2018-01-24T05:45:06Z
2018-01-24T06:00:00.000Z,2018-01-24T07:00:00.000Z,15.649999999999999,15.6,15.7,2,2018-01-24T06:21:36Z,2018-01-24T06:48:01Z,51.6,51.5,51.7,2,2018-01-24T06:21:36Z,2018-01-24T06:48:01Z,8.6,8.3,8.8,4,2018-01-24T06:00:09Z,2018-01-24T06:45:01Z,83.5,78,87,4,2018-01-24T06:00:09Z,2018-01-24T06:45:01Z
2018-01-24T07:00:00.000Z,2018-01-24T08:00:00.000Z,15.6,15.6,15.6,2,2018-01-24T07:00:49Z,2018-01-24T07:06:50Z,51.25,51.2,51.3,2,2018-01-24T07:00:49Z,2018-01-24T07:06:50Z,7.950000000000001,7.4,8.5,4,2018-01-24T07:00:02Z,2018-01-24T07:45:02Z,81.5,80,85,4,2018-01-24T07:00:02Z,2018-01-24T07:45:02Z
2018-01-24T08:00:00.000Z,2018-01-24T09:00:00.000Z,17.90705882352943,17.4,18,85,2018-01-24T08:09:15Z,2018-01-24T08:59:04Z,47.258823529411764,46.6,49.3,85,2018-01-24T08:09:15Z,2018-01-24T08:59:04Z,6.1499999999999995,5.9,6.5,4,2018-01-24T08:00:02Z,2018-01-24T08:45:01Z,82.25,78,87,4,2018-01-24T08:00:02Z,2018-01-24T08:45:01Z
2018-01-24T09:00:00.000Z,2018-01-24T10:00:00.000Z,17.618750000000002,17.4,17.8,48,2018-01-24T09:01:40Z,2018-01-24T09:35:53Z,46.52708333333333,46.2,46.7,48,2018-01-24T09:01:40Z,2018-01-24T09:35:53Z,6.050000000000001,6,6.1,4,2018-01-24T09:00:07Z,2018-01-24T09:45:02Z,77.5,75,81,4,2018-01-24T09:00:07Z,2018-01-24T09:45:02Z
2018-01-24T10:00:00.000Z,2018-01-24T11:00:00.000Z,16.85,16.7,17,4,2018-01-24T10:12:53Z,2018-01-24T10:48:42Z,45.05,45,45.1,4,2018-01-24T10:12:53Z,2018-01-24T10:48:42Z,6.225,6.1,6.5,4,2018-01-24T10:00:04Z,2018-01-24T10:45:01Z,74.75,74,75,4,2018-01-24T10:00:04Z,2018-01-24T10:45:01Z
2018-01-24T11:00:00.000Z,2018-01-24T12:00:00.000Z,19.45,18.9,20,2,2018-01-24T11:47:08Z,2018-01-24T11:58:08Z,41.2,39.7,42.7,2,2018-01-24T11:47:08Z,2018-01-24T11:58:08Z,7.0249999999999995,6.8,7.2,4,2018-01-24T11:00:05Z,2018-01-24T11:45:03Z,73.25,73,74,4,2018-01-24T11:00:05Z,2018-01-24T11:45:03Z
2018-01-24T12:00:00.000Z,2018-01-24T13:00:00.000Z,20.2,20.2,20.2,1,2018-01-24T12:06:20Z,2018-01-24T12:06:20Z,38.7,38.7,38.7,1,2018-01-24T12:06:20Z,2018-01-24T12:06:20Z,7.55,7.4,7.7,4,2018-01-24T12:00:04Z,2018-01-24T12:45:03Z,72.25,72,73,4,2018-01-24T12:00:04Z,2018-01-24T12:45:03Z
2018-01-24T13:00:00.000Z,2018-01-24T14:00:00.000Z,17.3,17.2,17.4,3,2018-01-24T13:08:33Z,2018-01-24T13:10:21Z,43.333333333333336,43.3,43.4,3,2018-01-24T13:08:33Z,2018-01-24T13:10:21Z,7.625,7.5,7.8,4,2018-01-24T13:00:03Z,2018-01-24T13:45:02Z,72.25,72,73,4,2018-01-24T13:00:03Z,2018-01-24T13:45:02Z
2018-01-24T14:00:00.000Z,2018-01-24T15:00:00.000Z,17,17,17,2,2018-01-24T14:10:58Z,2018-01-24T14:12:46Z,44.650000000000006,44.6,44.7,2,2018-01-24T14:10:58Z,2018-01-24T14:12:46Z,7.699999999999999,7.5,7.9,4,2018-01-24T14:00:09Z,2018-01-24T14:45:02Z,74.25,73,76,4,2018-01-24T14:00:09Z,2018-01-24T14:45:02Z
2018-01-24T15:00:00.000Z,2018-01-24T16:00:00.000Z,,,,0,,,,,,0,,,6.5249999999999995,5.8,7.3,4,2018-01-24T15:00:09Z,2018-01-24T15:45:02Z,83.75,78,87,4,2018-01-24T15:00:09Z,2018-01-24T15:45:02Z
2018-01-24T16:00:00.000Z,2018-01-24T17:00:00.000Z,,,,0,,,,,,0,,,5.6499999999999995,5.5,5.8,4,2018-01-24T16:00:02Z,2018-01-24T16:45:02Z,85.25,84,87,4,2018-01-24T16:00:02Z,2018-01-24T16:45:02Z
2018-01-24T17:00:00.000Z,2018-01-24T18:00:00.000Z,17.042857142857144,15.7,17.9,14,2018-01-24T17:06:26Z,2018-01-24T17:59:15Z,46.721428571428575,45.4,48.4,14,2018-01-24T17:06:26Z,2018-01-24T17:59:15Z,5.65,5.4,5.8,4,2018-01-24T17:00:06Z,2018-01-24T17:45:01Z,81,80,82,4,2018-01-24T17:00:06Z,2018-01-24T17:45:01Z
2018-01-24T18:00:00.000Z,2018-01-24T19:00:00.000Z,18.4,18.1,18.6,5,2018-01-24T18:03:15Z,2018-01-24T18:53:16Z,44.540000000000006,44.1,45.1,5,2018-01-24T18:03:15Z,2018-01-24T18:53:16Z,5.449999999999999,5.1,5.6,4,2018-01-24T18:00:02Z,2018-01-24T18:45:02Z,84.25,81,88,4,2018-01-24T18:00:02Z,2018-01-24T18:45:02Z
2018-01-24T19:00:00.000Z,2018-01-24T20:00:00.000Z,18.3,18,18.4,8,2018-01-24T19:01:28Z,2018-01-24T19:29:16Z,44.8125,44.8,44.9,8,2018-01-24T19:01:28Z,2018-01-24T19:29:16Z,4.95,4.6,5.4,4,2018-01-24T19:00:02Z,2018-01-24T19:45:02Z,85.25,82,89,4,2018-01-24T19:00:02Z,2018-01-24T19:45:02Z
2018-01-24T20:00:00.000Z,2018-01-24T21:00:00.000Z,17.32,17.2,17.4,5,2018-01-24T20:26:29Z,2018-01-24T20:58:54Z,48.14,47.6,48.6,5,2018-01-24T20:26:29Z,2018-01-24T20:58:54Z,5.55,5.3,6.1,4,2018-01-24T20:00:02Z,2018-01-24T20:45:02Z,82,81,83,4,2018-01-24T20:00:02Z,2018-01-24T20:45:02Z
2018-01-24T21:00:00.000Z,2018-01-24T22:00:00.000Z,17.845205479452048,17.2,18,73,2018-01-24T21:01:54Z,2018-01-24T21:59:43Z,45.66301369863016,44.8,47.8,73,2018-01-24T21:01:54Z,2018-01-24T21:59:43Z,5.2,5.1,5.3,4,2018-01-24T21:00:02Z,2018-01-24T21:45:01Z,80,78,82,4,2018-01-24T21:00:02Z,2018-01-24T21:45:01Z
2018-01-24T22:00:00.000Z,2018-01-24T23:00:00.000Z,18.181481481481494,18,18.4,81,2018-01-24T22:00:07Z,2018-01-24T22:59:43Z,43.86913580246914,43,44.8,81,2018-01-24T22:00:07Z,2018-01-24T22:59:43Z,5.2,5.1,5.3,4,2018-01-24T22:00:07Z,2018-01-24T22:45:01Z,78.25,78,79,4,2018-01-24T22:00:07Z,2018-01-24T22:45:01Z
2018-01-24T23:00:00.000Z,2018-01-25T00:00:00.000Z,18.299999999999997,18.1,18.4,8,2018-01-24T23:00:31Z,2018-01-24T23:13:20Z,42.900000000000006,42.8,43,8,2018-01-24T23:00:31Z,2018-01-24T23:13:20Z,5.050000000000001,4.9,5.2,4,2018-01-24T23:00:04Z,2018-01-24T23:45:02Z,78.75,78,79,4,2018-01-24T23:00:04Z,2018-01-24T23:45:02Z
2018-01-25T00:00:00.000Z,2018-01-25T01:00:00.000Z,16.799999999999997,16.7,17.2,10,2018-01-25T00:06:56Z,2018-01-25T00:59:45Z,44.19999999999999,43.4,44.4,10,2018-01-25T00:06:56Z,2018-01-25T00:59:45Z,4.925,4.7,5.2,4,2018-01-25T00:00:13Z,2018-01-25T00:45:01Z,79.5,79,80,4,2018-01-25T00:00:13Z,2018-01-25T00:45:01Z
2018-01-25T01:00:00.000Z,2018-01-25T02:00:00.000Z,16.600000000000005,16.5,16.7,39,2018-01-25T01:00:23Z,2018-01-25T01:37:10Z,44.569230769230785,44.3,44.9,39,2018-01-25T01:00:23Z,2018-01-25T01:37:10Z,5.25,5.2,5.3,4,2018-01-25T01:00:03Z,2018-01-25T01:45:01Z,78.5,78,79,4,2018-01-25T01:00:03Z,2018-01-25T01:45:01Z
2018-01-25T02:00:00.000Z,2018-01-25T03:00:00.000Z,,,,0,,,,,,0,,,4.85,4.7,5.1,4,2018-01-25T02:00:01Z,2018-01-25T02:45:01Z,79.75,79,80,4,2018-01-25T02:00:01Z,2018-01-25T02:45:01Z
2018-01-25T03:00:00.000Z,2018-01-25T04:00:00.000Z,16,16,16,7,2018-01-25T03:50:25Z,2018-01-25T03:58:50Z,45.5,45.5,45.5,7,2018-01-25T03:50:25Z,2018-01-25T03:58:50Z,4.625,4.6,4.7,4,2018-01-25T03:00:06Z,2018-01-25T03:45:01Z,78.75,78,79,4,2018-01-25T03:00:06Z,2018-01-25T03:45:01Z
2018-01-25T04:00:00.000Z,2018-01-25T05:00:00.000Z,15.922222222222224,15.9,16,18,2018-01-25T04:01:14Z,2018-01-25T04:17:38Z,45.349999999999994,45.3,45.5,18,2018-01-25T04:01:14Z,2018-01-25T04:17:38Z,4.6499999999999995,4.6,4.7,4,2018-01-25T04:00:09Z,2018-01-25T04:45:02Z,78.25,78,79,4,2018-01-25T04:00:09Z,2018-01-25T04:45:02Z
2018-01-25T05:00:00.000Z,2018-01-25T06:00:00.000Z,,,,0,,,,,,0,,,4.8,4.8,4.8,4,2018-01-25T05:00:02Z,2018-01-25T05:45:02Z,78.25,78,79,4,2018-01-25T05:00:02Z,2018-01-25T05:45:02Z
2018-01-25T06:00:00.000Z,2018-01-25T07:00:00.000Z,15.5,15.5,15.5,18,2018-01-25T06:36:42Z,2018-01-25T06:57:43Z,44.41666666666666,44.3,44.5,18,2018-01-25T06:36:42Z,2018-01-25T06:57:43Z,4.95,4.9,5,4,2018-01-25T06:00:09Z,2018-01-25T06:45:01Z,78.25,78,79,4,2018-01-25T06:00:09Z,2018-01-25T06:45:01Z
2018-01-25T07:00:00.000Z,2018-01-25T08:00:00.000Z,15.5,15.5,15.5,5,2018-01-25T07:00:07Z,2018-01-25T07:05:07Z,44.5,44.5,44.5,5,2018-01-25T07:00:07Z,2018-01-25T07:05:07Z,5.2,5.1,5.3,4,2018-01-25T07:00:02Z,2018-01-25T07:45:02Z,76.5,76,77,4,2018-01-25T07:00:02Z,2018-01-25T07:45:02Z
2018-01-25T08:00:00.000Z,2018-01-25T09:00:00.000Z,,,,0,,,,,,0,,,5.050000000000001,4.9,5.2,4,2018-01-25T08:00:02Z,2018-01-25T08:45:02Z,78.5,78,79,4,2018-01-25T08:00:02Z,2018-01-25T08:45:02Z
2018-01-25T09:00:00.000Z,2018-01-25T10:00:00.000Z,15.300000000000002,15.3,15.3,3,2018-01-25T09:28:59Z,2018-01-25T09:59:48Z,45.46666666666667,45.4,45.5,3,2018-01-25T09:28:59Z,2018-01-25T09:59:48Z,5.1,4.9,5.2,4,2018-01-25T09:00:02Z,2018-01-25T09:45:03Z,78.25,78,79,4,2018-01-25T09:00:02Z,2018-01-25T09:45:03Z
2018-01-25T10:00:00.000Z,2018-01-25T11:00:00.000Z,15.318750000000003,15.3,15.4,16,2018-01-25T10:01:48Z,2018-01-25T10:53:14Z,45.381249999999994,44.8,45.6,16,2018-01-25T10:01:48Z,2018-01-25T10:53:14Z,5.6,5.3,5.9,4,2018-01-25T10:00:01Z,2018-01-25T10:45:01Z,75.75,74,78,4,2018-01-25T10:00:01Z,2018-01-25T10:45:01Z
2018-01-25T11:00:00.000Z,2018-01-25T12:00:00.000Z,17.483999999999995,15.4,20.2,25,2018-01-25T11:00:02Z,2018-01-25T11:59:16Z,41.44,36.6,44.7,25,2018-01-25T11:00:02Z,2018-01-25T11:59:16Z,6.375000000000001,6.1,6.8,4,2018-01-25T11:00:05Z,2018-01-25T11:45:01Z,72.75,72,74,4,2018-01-25T11:00:05Z,2018-01-25T11:45:01Z
2018-01-25T12:00:00.000Z,2018-01-25T13:00:00.000Z,19.76923076923077,17.6,22.6,13,2018-01-25T12:01:16Z,2018-01-25T12:58:04Z,36.91538461538461,32.5,40.4,13,2018-01-25T12:01:16Z,2018-01-25T12:58:04Z,7.000000000000001,6.8,7.2,4,2018-01-25T12:00:02Z,2018-01-25T12:45:01Z,72.5,71,75,4,2018-01-25T12:00:02Z,2018-01-25T12:45:01Z
2018-01-25T13:00:00.000Z,2018-01-25T14:00:00.000Z,19.40833333333333,17.9,22.5,12,2018-01-25T13:03:40Z,2018-01-25T13:58:16Z,36.858333333333334,32.4,39.4,12,2018-01-25T13:03:40Z,2018-01-25T13:58:16Z,8,7.4,8.5,4,2018-01-25T13:00:03Z,2018-01-25T13:45:02Z,67,65,70,4,2018-01-25T13:00:03Z,2018-01-25T13:45:02Z
2018-01-25T14:00:00.000Z,2018-01-25T15:00:00.000Z,17.525000000000002,17.2,17.8,8,2018-01-25T14:03:41Z,2018-01-25T14:31:29Z,40.31249999999999,39.7,41,8,2018-01-25T14:03:41Z,2018-01-25T14:31:29Z,8.95,8.6,9.2,4,2018-01-25T14:00:02Z,2018-01-25T14:45:02Z,65.5,62,70,4,2018-01-25T14:00:02Z,2018-01-25T14:45:02Z
2018-01-25T15:00:00.000Z,2018-01-25T16:00:00.000Z,16.258823529411764,16.1,16.6,17,2018-01-25T15:05:42Z,2018-01-25T15:58:55Z,42.54117647058823,41.9,42.9,17,2018-01-25T15:05:42Z,2018-01-25T15:58:55Z,6.55,6,7.3,4,2018-01-25T15:00:02Z,2018-01-25T15:45:02Z,73.75,71,78,4,2018-01-25T15:00:02Z,2018-01-25T15:45:02Z
2018-01-25T16:00:00.000Z,2018-01-25T17:00:00.000Z,15.96666666666667,15.8,16.1,15,2018-01-25T16:00:55Z,2018-01-25T16:59:08Z,43.17333333333334,42.9,43.7,15,2018-01-25T16:00:55Z,2018-01-25T16:59:08Z,5.6,5.5,5.7,4,2018-01-25T16:00:04Z,2018-01-25T16:45:02Z,79.5,79,81,4,2018-01-25T16:00:04Z,2018-01-25T16:45:02Z
2018-01-25T17:00:00.000Z,2018-01-25T18:00:00.000Z,15.9625,15.7,16.8,8,2018-01-25T17:01:44Z,2018-01-25T17:43:45Z,44.425,43.8,45.5,8,2018-01-25T17:01:44Z,2018-01-25T17:43:45Z,5.3500000000000005,5.3,5.4,4,2018-01-25T17:00:02Z,2018-01-25T17:45:01Z,81.75,81,82,4,2018-01-25T17:00:02Z,2018-01-25T17:45:01Z
2018-01-25T18:00:00.000Z,2018-01-25T19:00:00.000Z,18.62,17.5,19.2,5,2018-01-25T18:01:10Z,2018-01-25T18:59:46Z,43.580000000000005,43.3,44.3,5,2018-01-25T18:01:10Z,2018-01-25T18:59:46Z,5.2250000000000005,5.2,5.3,4,2018-01-25T18:00:07Z,2018-01-25T18:45:02Z,82,82,82,4,2018-01-25T18:00:07Z,2018-01-25T18:45:02Z
2018-01-25T19:00:00.000Z,2018-01-25T20:00:00.000Z,18.940000000000005,18.6,19.2,35,2018-01-25T19:00:10Z,2018-01-25T19:59:11Z,43.657142857142844,43,44.4,35,2018-01-25T19:00:10Z,2018-01-25T19:59:11Z,4.9,4.6,5.2,4,2018-01-25T19:00:11Z,2018-01-25T19:45:01Z,85.25,83,87,4,2018-01-25T19:00:11Z,2018-01-25T19:45:01Z
2018-01-25T20:00:00.000Z,2018-01-25T21:00:00.000Z,18.449999999999996,18.4,18.6,18,2018-01-25T20:00:35Z,2018-01-25T20:13:23Z,44.38888888888887,44.3,44.4,18,2018-01-25T20:00:35Z,2018-01-25T20:13:23Z,4.1000000000000005,3.8,4.4,4,2018-01-25T20:00:09Z,2018-01-25T20:45:01Z,89.5,88,90,4,2018-01-25T20:00:09Z,2018-01-25T20:45:01Z
2018-01-25T21:00:00.000Z,2018-01-25T22:00:00.000Z,18.5,18.5,18.5,2,2018-01-25T21:10:12Z,2018-01-25T21:13:48Z,42.8,42.7,42.9,2,2018-01-25T21:10:12Z,2018-01-25T21:13:48Z,3.3749999999999996,3.1,3.6,4,2018-01-25T21:00:06Z,2018-01-25T21:45:01Z,91,90,92,4,2018-01-25T21:00:06Z,2018-01-25T21:45:01Z
2018-01-25T22:00:00.000Z,2018-01-25T23:00:00.000Z,17.975,17.7,18.2,8,2018-01-25T22:13:24Z,2018-01-25T22:56:01Z,42.35,42.2,42.6,8,2018-01-25T22:13:24Z,2018-01-25T22:56:01Z,2.325,2.1,2.6,4,2018-01-25T22:00:07Z,2018-01-25T22:45:01Z,93.75,93,95,4,2018-01-25T22:00:07Z,2018-01-25T22:45:01Z
2018-01-25T23:00:00.000Z,2018-01-26T00:00:00.000Z,17.31983471074378,17,17.6,121,2018-01-25T23:00:13Z,2018-01-25T23:59:50Z,42.508264462809926,42.5,42.6,121,2018-01-25T23:00:13Z,2018-01-25T23:59:50Z,2.45,2.2,2.8,4,2018-01-25T23:00:15Z,2018-01-25T23:45:06Z,93.75,93,95,4,2018-01-25T23:00:15Z,2018-01-25T23:45:06Z
