interval_start_utc,interval_end_utc,indoor_temperature_mean,indoor_temperature_min,indoor_temperature_max,indoor_temperature_samples,indoor_temperature_first_utc,indoor_temperature_last_utc,indoor_rh_mean,indoor_rh_min,indoor_rh_max,indoor_rh_samples,indoor_rh_first_utc,indoor_rh_last_utc,outdoor_temperature_mean,outdoor_temperature_min,outdoor_temperature_max,outdoor_temperature_samples,outdoor_temperature_first_utc,outdoor_temperature_last_utc,outdoor_rh_mean,outdoor_rh_min,outdoor_rh_max,outdoor_rh_samples,outdoor_rh_first_utc,outdoor_rh_last_utc
2017-12-01T00:00:00.000Z,2017-12-01T01:00:00.000Z,13.826621160409598,13.7,13.9,293,2017-12-01T00:00:01Z,2017-12-01T00:59:52Z,47.35358361774731,47.2,47.6,293,2017-12-01T00:00:01Z,2017-12-01T00:59:52Z,0.975,0.9,1,4,2017-12-01T00:00:08Z,2017-12-01T00:45:10Z,71,71,71,4,2017-12-01T00:00:08Z,2017-12-01T00:45:10Z
2017-12-01T01:00:00.000Z,2017-12-01T02:00:00.000Z,13.945608108108132,13.9,14,296,2017-12-01T01:00:04Z,2017-12-01T01:59:54Z,47.00506756756742,46.9,47.2,296,2017-12-01T01:00:04Z,2017-12-01T01:59:54Z,0.9249999999999999,0.9,1,4,2017-12-01T01:00:08Z,2017-12-01T01:45:02Z,71.75,71,72,4,2017-12-01T01:00:08Z,2017-12-01T01:45:02Z
2017-12-01T02:00:00.000Z,2017-12-01T03:00:00.000Z,14.068055555555494,14,14.1,288,2017-12-01T02:00:06Z,2017-12-01T02:59:57Z,46.88749999999979,46.8,46.9,288,2017-12-01T02:00:06Z,2017-12-01T02:59:57Z,0.8999999999999999,0.8,1,4,2017-12-01T02:00:03Z,2017-12-01T02:45:03Z,72,72,72,4,2017-12-01T02:00:03Z,2017-12-01T02:45:03Z
2017-12-01T03:00:00.000Z,2017-12-01T04:00:00.000Z,14.203146853146832,14.1,14.3,286,2017-12-01T03:00:09Z,2017-12-01T03:59:59Z,46.993006993007,46.9,47.1,286,2017-12-01T03:00:09Z,2017-12-01T03:59:59Z,0.575,0.5,0.7,4,2017-12-01T03:00:04Z,2017-12-01T03:45:03Z,73,73,73,4,2017-12-01T03:00:04Z,2017-12-01T03:45:03Z
2017-12-01T04:00:00.000Z,2017-12-01T05:00:00.000Z,14.3356164383562,14.3,14.4,292,2017-12-01T04:00:11Z,2017-12-01T04:59:49Z,46.970890410958795,46.9,47,292,2017-12-01T04:00:11Z,2017-12-01T04:59:49Z,0.475,0.4,0.5,4,2017-12-01T04:00:03Z,2017-12-01T04:45:02Z,73,73,73,4,2017-12-01T04:00:03Z,2017-12-01T04:45:02Z
2017-12-01T05:00:00.000Z,2017-12-01T06:00:00.000Z,14.44863013698632,14.4,14.5,292,2017-12-01T05:00:01Z,2017-12-01T05:59:51Z,46.671232876712374,46.4,46.9,292,2017-12-01T05:00:01Z,2017-12-01T05:59:51Z,0.6749999999999999,0.6,0.7,4,2017-12-01T05:00:15Z,2017-12-01T05:45:02Z,72,71,73,4,2017-12-01T05:00:15Z,2017-12-01T05:45:02Z
2017-12-01T06:00:00.000Z,2017-12-01T07:00:00.000Z,14.557638888888846,14.5,14.6,288,2017-12-01T06:00:03Z,2017-12-01T06:59:53Z,46.30312499999983,46.2,46.5,288,2017-12-01T06:00:03Z,2017-12-01T06:59:53Z,0.75,0.5,0.9,4,2017-12-01T06:00:15Z,2017-12-01T06:45:02Z,71,71,71,4,2017-12-01T06:00:15Z,2017-12-01T06:45:02Z
2017-12-01T07:00:00.000Z,2017-12-01T08:00:00.000Z,14.67689655172406,14.6,14.7,290,2017-12-01T07:00:06Z,2017-12-01T07:59:56Z,46.564482758620926,46.5,46.6,290,2017-12-01T07:00:06Z,2017-12-01T07:59:56Z,0.27499999999999997,0.2,0.4,4,2017-12-01T07:00:03Z,2017-12-01T07:45:02Z,71,71,71,4,2017-12-01T07:00:03Z,2017-12-01T07:45:02Z
2017-12-01T08:00:00.000Z,2017-12-01T09:00:00.000Z,14.715789473684127,14.7,14.8,285,2017-12-01T08:00:08Z,2017-12-01T08:59:57Z,46.792280701754215,45.7,49.1,285,2017-12-01T08:00:08Z,2017-12-01T08:59:57Z,0.47500000000000003,0.3,0.8,4,2017-12-01T08:00:06Z,2017-12-01T08:45:02Z,71.75,71,72,4,2017-12-01T08:00:06Z,2017-12-01T08:45:02Z
2017-12-01T09:00:00.000Z,2017-12-01T10:00:00.000Z,14.559515570934227,14.4,14.7,289,2017-12-01T09:00:09Z,2017-12-01T09:59:59Z,46.56608996539769,46,46.9,289,2017-12-01T09:00:09Z,2017-12-01T09:59:59Z,1.125,1,1.2,4,2017-12-01T09:00:09Z,2017-12-01T09:45:03Z,70.75,70,71,4,2017-12-01T09:00:09Z,2017-12-01T09:45:03Z
2017-12-01T10:00:00.000Z,2017-12-01T11:00:00.000Z,14.313402061855681,14.2,14.4,291,2017-12-01T10:00:11Z,2017-12-01T10:59:50Z,46.62405498281792,46.4,46.9,291,2017-12-01T10:00:11Z,2017-12-01T10:59:50Z,2.825,1.9,4.4,4,2017-12-01T10:00:16Z,2017-12-01T10:45:02Z,68.25,66,70,4,2017-12-01T10:00:16Z,2017-12-01T10:45:02Z
2017-12-01T11:00:00.000Z,2017-12-01T12:00:00.000Z,14.22318339100347,14.2,14.3,289,2017-12-01T11:00:02Z,2017-12-01T11:59:52Z,47.003460207612676,46.6,47.1,289,2017-12-01T11:00:02Z,2017-12-01T11:59:52Z,3.4000000000000004,1.6,5.8,4,2017-12-01T11:00:10Z,2017-12-01T11:45:02Z,73.5,63,80,4,2017-12-01T11:00:10Z,2017-12-01T11:45:02Z
2017-12-01T12:00:00.000Z,2017-12-01T13:00:00.000Z,14.222525597269549,14.1,14.3,293,2017-12-01T12:00:04Z,2017-12-01T12:59:54Z,46.535836177474124,46.3,47.1,293,2017-12-01T12:00:04Z,2017-12-01T12:59:54Z,5.125,4.7,5.6,4,2017-12-01T12:00:24Z,2017-12-01T12:45:03Z,70.25,69,72,4,2017-12-01T12:00:24Z,2017-12-01T12:45:03Z
2017-12-01T13:00:00.000Z,2017-12-01T14:00:00.000Z,14.013058419244,13.9,14.1,291,2017-12-01T13:00:06Z,2017-12-01T13:59:56Z,46.41855670103092,46.2,46.6,291,2017-12-01T13:00:06Z,2017-12-01T13:59:56Z,5.725,5.1,6.1,4,2017-12-01T13:00:03Z,2017-12-01T13:45:03Z,59.75,57,68,4,2017-12-01T13:00:03Z,2017-12-01T13:45:03Z
2017-12-01T14:00:00.000Z,2017-12-01T15:00:00.000Z,13.814765100671163,13.7,13.9,298,2017-12-01T14:00:08Z,2017-12-01T14:59:59Z,46.716442953019914,46.5,46.9,298,2017-12-01T14:00:08Z,2017-12-01T14:59:59Z,4.25,4.2,4.3,4,2017-12-01T14:00:06Z,2017-12-01T14:45:03Z,60,60,60,4,2017-12-01T14:00:06Z,2017-12-01T14:45:03Z
2017-12-01T15:00:00.000Z,2017-12-01T16:00:00.000Z,13.605782312925133,13.5,13.7,294,2017-12-01T15:00:11Z,2017-12-01T15:59:49Z,46.90986394557803,46.8,47,294,2017-12-01T15:00:11Z,2017-12-01T15:59:49Z,4.3,4.1,4.5,4,2017-12-01T15:00:09Z,2017-12-01T15:45:08Z,59.5,59,61,4,2017-12-01T15:00:09Z,2017-12-01T15:45:08Z
2017-12-01T16:00:00.000Z,2017-12-01T17:00:00.000Z,13.433445945946007,13.4,13.5,296,2017-12-01T16:00:01Z,2017-12-01T16:59:52Z,46.23040540540548,45,46.9,296,2017-12-01T16:00:01Z,2017-12-01T16:59:52Z,3.9250000000000003,3.8,4,4,2017-12-01T16:00:03Z,2017-12-01T16:45:03Z,60,59,61,4,2017-12-01T16:00:03Z,2017-12-01T16:45:03Z
2017-12-01T17:00:00.000Z,2017-12-01T18:00:00.000Z,13.36955017301047,13.3,13.4,289,2017-12-01T17:00:04Z,2017-12-01T17:59:55Z,48.380276816608905,46,50.1,289,2017-12-01T17:00:04Z,2017-12-01T17:59:55Z,4.025,4,4.1,4,2017-12-01T17:00:06Z,2017-12-01T17:45:02Z,61.75,61,63,4,2017-12-01T17:00:06Z,2017-12-01T17:45:02Z
2017-12-01T18:00:00.000Z,2017-12-01T19:00:00.000Z,13.202061855670047,13.1,13.3,291,2017-12-01T18:00:07Z,2017-12-01T18:59:58Z,48.335395189003535,48.1,48.7,291,2017-12-01T18:00:07Z,2017-12-01T18:59:58Z,3.6999999999999997,3.6,3.8,4,2017-12-01T18:00:03Z,2017-12-01T18:45:06Z,65,64,66,4,2017-12-01T18:00:03Z,2017-12-01T18:45:06Z
2017-12-01T19:00:00.000Z,2017-12-01T20:00:00.000Z,13.048226950354595,13,13.1,282,2017-12-01T19:00:10Z,2017-12-01T19:59:49Z,48.85992907801411,48.6,49.1,282,2017-12-01T19:00:10Z,2017-12-01T19:59:49Z,3.05,2.8,3.3,4,2017-12-01T19:00:03Z,2017-12-01T19:45:02Z,67.5,66,69,4,2017-12-01T19:00:03Z,2017-12-01T19:45:02Z
2017-12-01T20:00:00.000Z,2017-12-01T21:00:00.000Z,12.885958904109671,12.8,13,292,2017-12-01T20:00:01Z,2017-12-01T20:59:52Z,49.25205479452052,49.1,49.5,292,2017-12-01T20:00:01Z,2017-12-01T20:59:52Z,2.475,2.4,2.6,4,2017-12-01T20:00:08Z,2017-12-01T20:45:02Z,71.5,70,73,4,2017-12-01T20:00:08Z,2017-12-01T20:45:02Z
2017-12-01T21:00:00.000Z,2017-12-01T22:00:00.000Z,12.764285714285649,12.7,12.8,294,2017-12-01T21:00:04Z,2017-12-01T21:59:55Z,49.76292517006807,49.4,50.2,294,2017-12-01T21:00:04Z,2017-12-01T21:59:55Z,2.625,2.3,2.9,4,2017-12-01T21:00:03Z,2017-12-01T21:45:02Z,76.75,74,79,4,2017-12-01T21:00:03Z,2017-12-01T21:45:02Z
2017-12-01T22:00:00.000Z,2017-12-01T23:00:00.000Z,12.654295532646023,12.6,12.7,291,2017-12-01T22:00:07Z,2017-12-01T22:59:58Z,50.415120274914145,50.1,50.6,291,2017-12-01T22:00:07Z,2017-12-01T22:59:58Z,3.0500000000000003,2.8,3.2,4,2017-12-01T22:00:04Z,2017-12-01T22:45:02Z,79.5,79,80,4,2017-12-01T22:00:04Z,2017-12-01T22:45:02Z
2017-12-01T23:00:00.000Z,2017-12-02T00:00:00.000Z,12.547931034482744,12.5,12.6,290,2017-12-01T23:00:10Z,2017-12-01T23:59:49Z,50.98862068965523,50.7,51.3,290,2017-12-01T23:00:10Z,2017-12-01T23:59:49Z,3.4499999999999997,3.2,3.6,4,2017-12-01T23:00:04Z,2017-12-01T23:45:03Z,82.25,81,83,4,2017-12-01T23:00:04Z,2017-12-01T23:45:03Z
2017-12-02T00:00:00.000Z,2017-12-02T01:00:00.000Z,12.449134948096932,12.4,12.5,289,2017-12-02T00:00:01Z,2017-12-02T00:59:52Z,51.5301038062286,51.3,51.7,289,2017-12-02T00:00:01Z,2017-12-02T00:59:52Z,3.05,2.9,3.3,4,2017-12-02T00:00:04Z,2017-12-02T00:45:03Z,82.25,82,83,4,2017-12-02T00:00:04Z,2017-12-02T00:45:03Z
2017-12-02T01:00:00.000Z,2017-12-02T02:00:00.000Z,12.341580756013824,12.3,12.4,291,2017-12-02T01:00:04Z,2017-12-02T01:59:56Z,51.92714776632306,51.7,52.2,291,2017-12-02T01:00:04Z,2017-12-02T01:59:56Z,3,2.6,3.5,4,2017-12-02T01:00:03Z,2017-12-02T01:45:02Z,83.75,83,85,4,2017-12-02T01:00:03Z,2017-12-02T01:45:02Z
2017-12-02T02:00:00.000Z,2017-12-02T03:00:00.000Z,12.26452702702696,12.2,12.3,296,2017-12-02T02:00:08Z,2017-12-02T02:59:59Z,52.44864864864879,52.2,52.7,296,2017-12-02T02:00:08Z,2017-12-02T02:59:59Z,3.95,3.8,4,4,2017-12-02T02:00:06Z,2017-12-02T02:45:05Z,85,85,85,4,2017-12-02T02:00:06Z,2017-12-02T02:45:05Z
2017-12-02T03:00:00.000Z,2017-12-02T04:00:00.000Z,12.186505190311374,12.1,12.2,289,2017-12-02T03:00:11Z,2017-12-02T03:59:51Z,52.875086505190346,52.7,53.1,289,2017-12-02T03:00:11Z,2017-12-02T03:59:51Z,4.025,3.7,4.4,4,2017-12-02T03:00:06Z,2017-12-02T03:45:03Z,85.25,85,86,4,2017-12-02T03:00:06Z,2017-12-02T03:45:03Z
2017-12-02T04:00:00.000Z,2017-12-02T05:00:00.000Z,12.099999999999941,12.1,12.1,291,2017-12-02T04:00:03Z,2017-12-02T04:59:54Z,53.34604810996557,53.1,53.6,291,2017-12-02T04:00:03Z,2017-12-02T04:59:54Z,4.35,4.3,4.4,4,2017-12-02T04:00:04Z,2017-12-02T04:45:03Z,85.5,85,86,4,2017-12-02T04:00:04Z,2017-12-02T04:45:03Z
2017-12-02T05:00:00.000Z,2017-12-02T06:00:00.000Z,12.032876712328768,12,12.1,292,2017-12-02T05:00:06Z,2017-12-02T05:59:58Z,53.86712328767117,53.6,54.1,292,2017-12-02T05:00:06Z,2017-12-02T05:59:58Z,5.050000000000001,4.7,5.3,4,2017-12-02T05:00:13Z,2017-12-02T05:45:02Z,86.5,86,87,4,2017-12-02T05:00:13Z,2017-12-02T05:45:02Z
2017-12-02T06:00:00.000Z,2017-12-02T07:00:00.000Z,12,12,12,288,2017-12-02T06:00:10Z,2017-12-02T06:59:49Z,54.28437499999976,54.1,54.5,288,2017-12-02T06:00:10Z,2017-12-02T06:59:49Z,5.875,5.6,6.1,4,2017-12-02T06:00:15Z,2017-12-02T06:45:03Z,86.5,86,87,4,2017-12-02T06:00:15Z,2017-12-02T06:45:03Z
2017-12-02T07:00:00.000Z,2017-12-02T08:00:00.000Z,11.944406779661067,11.9,12,295,2017-12-02T07:00:01Z,2017-12-02T07:59:53Z,54.671864406779605,54.5,54.9,295,2017-12-02T07:00:01Z,2017-12-02T07:59:53Z,5.9,5.8,6.1,4,2017-12-02T07:00:10Z,2017-12-02T07:45:02Z,86,86,86,4,2017-12-02T07:00:10Z,2017-12-02T07:45:02Z
2017-12-02T08:00:00.000Z,2017-12-02T09:00:00.000Z,11.900000000000059,11.9,11.9,291,2017-12-02T08:00:05Z,2017-12-02T08:59:57Z,54.97800687285232,54.8,55.2,291,2017-12-02T08:00:05Z,2017-12-02T08:59:57Z,5.6000000000000005,5.4,5.8,4,2017-12-02T08:00:10Z,2017-12-02T08:45:02Z,86.25,86,87,4,2017-12-02T08:00:10Z,2017-12-02T08:45:02Z
2017-12-02T09:00:00.000Z,2017-12-02T10:00:00.000Z,11.96855123674911,11.9,12,283,2017-12-02T09:00:09Z,2017-12-02T09:59:48Z,55.306713780918486,55.2,55.4,283,2017-12-02T09:00:09Z,2017-12-02T09:59:48Z,5.725,5.5,5.9,4,2017-12-02T09:00:07Z,2017-12-02T09:45:02Z,86,86,86,4,2017-12-02T09:00:07Z,2017-12-02T09:45:02Z
2017-12-02T10:00:00.000Z,2017-12-02T11:00:00.000Z,12,12,12,290,2017-12-02T10:00:00Z,2017-12-02T10:59:52Z,55.66068965517237,55.4,56,290,2017-12-02T10:00:00Z,2017-12-02T10:59:52Z,7.175000000000001,6.4,8.1,4,2017-12-02T10:00:09Z,2017-12-02T10:45:02Z,84,82,85,4,2017-12-02T10:00:09Z,2017-12-02T10:45:02Z
2017-12-02T11:00:00.000Z,2017-12-02T12:00:00.000Z,12,12,12,289,2017-12-02T11:00:04Z,2017-12-02T11:59:55Z,57.570588235294096,56,59.3,289,2017-12-02T11:00:04Z,2017-12-02T11:59:55Z,8.125,8,8.2,4,2017-12-02T11:00:07Z,2017-12-02T11:45:02Z,81.25,81,82,4,2017-12-02T11:00:07Z,2017-12-02T11:45:02Z
2017-12-02T12:00:00.000Z,2017-12-02T13:00:00.000Z,12,12,12,289,2017-12-02T12:00:07Z,2017-12-02T12:59:59Z,58.92179930795848,58.5,59.4,289,2017-12-02T12:00:07Z,2017-12-02T12:59:59Z,7.85,7.8,7.9,4,2017-12-02T12:00:10Z,2017-12-02T12:45:02Z,81.25,81,82,4,2017-12-02T12:00:10Z,2017-12-02T12:45:02Z
2017-12-02T13:00:00.000Z,2017-12-02T14:00:00.000Z,12,12,12,294,2017-12-02T13:00:11Z,2017-12-02T13:59:51Z,58.22585034013625,57.9,58.5,294,2017-12-02T13:00:11Z,2017-12-02T13:59:51Z,7.550000000000001,7.4,7.7,4,2017-12-02T13:00:06Z,2017-12-02T13:45:03Z,81,81,81,4,2017-12-02T13:00:06Z,2017-12-02T13:45:03Z
2017-12-02T14:00:00.000Z,2017-12-02T15:00:00.000Z,11.91655172413799,11.9,12,290,2017-12-02T14:00:03Z,2017-12-02T14:59:55Z,57.74310344827624,57.7,57.9,290,2017-12-02T14:00:03Z,2017-12-02T14:59:55Z,7.050000000000001,6.9,7.2,4,2017-12-02T14:00:05Z,2017-12-02T14:45:03Z,82,82,82,4,2017-12-02T14:00:05Z,2017-12-02T14:45:03Z
2017-12-02T15:00:00.000Z,2017-12-02T16:00:00.000Z,11.900000000000059,11.9,11.9,292,2017-12-02T15:00:07Z,2017-12-02T15:59:58Z,57.65171232876753,57.6,57.7,292,2017-12-02T15:00:07Z,2017-12-02T15:59:58Z,6.525,6.4,6.8,4,2017-12-02T15:00:07Z,2017-12-02T15:45:02Z,83.5,83,84,4,2017-12-02T15:00:07Z,2017-12-02T15:45:02Z
2017-12-02T16:00:00.000Z,2017-12-02T17:00:00.000Z,11.816015625000036,11.8,11.9,256,2017-12-02T16:00:10Z,2017-12-02T16:59:50Z,57.876171875000026,57.7,58.1,256,2017-12-02T16:00:10Z,2017-12-02T16:59:50Z,6.1,6,6.3,4,2017-12-02T16:00:03Z,2017-12-02T16:45:02Z,84.25,84,85,4,2017-12-02T16:00:03Z,2017-12-02T16:45:02Z
2017-12-02T17:00:00.000Z,2017-12-02T18:00:00.000Z,11.800000000000054,11.8,11.8,292,2017-12-02T17:00:02Z,2017-12-02T17:59:54Z,58.23972602739708,58.1,58.5,292,2017-12-02T17:00:02Z,2017-12-02T17:59:54Z,6.075,5.9,6.3,4,2017-12-02T17:00:07Z,2017-12-02T17:45:03Z,85.75,85,86,4,2017-12-02T17:00:07Z,2017-12-02T17:45:03Z
2017-12-02T18:00:00.000Z,2017-12-02T19:00:00.000Z,11.800000000000054,11.8,11.8,290,2017-12-02T18:00:06Z,2017-12-02T18:59:58Z,58.43551724137907,58.3,58.6,290,2017-12-02T18:00:06Z,2017-12-02T18:59:58Z,7.300000000000001,6.8,7.6,4,2017-12-02T18:00:07Z,2017-12-02T18:45:03Z,87.75,87,88,4,2017-12-02T18:00:07Z,2017-12-02T18:45:03Z
2017-12-02T19:00:00.000Z,2017-12-02T20:00:00.000Z,12.030208333333333,11.8,12.3,288,2017-12-02T19:00:10Z,2017-12-02T19:59:50Z,63.392361111111185,58.5,69.4,288,2017-12-02T19:00:10Z,2017-12-02T19:59:50Z,7.575,7.5,7.7,4,2017-12-02T19:00:03Z,2017-12-02T19:45:03Z,88,88,88,4,2017-12-02T19:00:03Z,2017-12-02T19:45:03Z
2017-12-02T20:00:00.000Z,2017-12-02T21:00:00.000Z,12.602739726027387,12.3,12.9,292,2017-12-02T20:00:02Z,2017-12-02T20:59:53Z,64.43698630136984,62.5,67.7,292,2017-12-02T20:00:02Z,2017-12-02T20:59:53Z,7.525,7.5,7.6,4,2017-12-02T20:00:03Z,2017-12-02T20:45:02Z,88.25,88,89,4,2017-12-02T20:00:03Z,2017-12-02T20:45:02Z
2017-12-02T21:00:00.000Z,2017-12-02T22:00:00.000Z,13.048109965635671,12.9,13.2,291,2017-12-02T21:00:05Z,2017-12-02T21:59:56Z,61.67903780068707,61.1,62.5,291,2017-12-02T21:00:05Z,2017-12-02T21:59:56Z,7.375,7.2,7.6,4,2017-12-02T21:00:03Z,2017-12-02T21:45:03Z,89,89,89,4,2017-12-02T21:00:03Z,2017-12-02T21:45:03Z
2017-12-02T22:00:00.000Z,2017-12-02T23:00:00.000Z,13.362068965517258,13.2,13.5,290,2017-12-02T22:00:08Z,2017-12-02T22:59:59Z,60.87068965517225,60.6,61.1,290,2017-12-02T22:00:08Z,2017-12-02T22:59:59Z,7.375,7.3,7.5,4,2017-12-02T22:00:08Z,2017-12-02T22:45:02Z,89,89,89,4,2017-12-02T22:00:08Z,2017-12-02T22:45:02Z
2017-12-02T23:00:00.000Z,2017-12-03T00:00:00.000Z,13.625563909774353,13.5,13.8,266,2017-12-02T23:00:11Z,2017-12-02T23:59:50Z,60.41203007518776,60.2,60.7,266,2017-12-02T23:00:11Z,2017-12-02T23:59:50Z,7.324999999999999,7.2,7.4,4,2017-12-02T23:00:12Z,2017-12-02T23:45:03Z,90.25,90,91,4,2017-12-02T23:00:12Z,2017-12-02T23:45:03Z
2017-12-03T00:00:00.000Z,2017-12-03T01:00:00.000Z,13.882291666666696,13.8,14,288,2017-12-03T00:00:02Z,2017-12-03T00:59:53Z,60.058680555555725,59.9,60.2,288,2017-12-03T00:00:02Z,2017-12-03T00:59:53Z,7.199999999999999,7.1,7.3,4,2017-12-03T00:00:14Z,2017-12-03T00:45:03Z,90.75,90,91,4,2017-12-03T00:00:14Z,2017-12-03T00:45:03Z
2017-12-03T01:00:00.000Z,2017-12-03T02:00:00.000Z,14.117993079584673,14,14.2,289,2017-12-03T01:00:05Z,2017-12-03T01:59:55Z,59.62871972318346,59.5,59.8,289,2017-12-03T01:00:05Z,2017-12-03T01:59:55Z,6.8,6.7,7,4,2017-12-03T01:00:04Z,2017-12-03T01:45:02Z,91.25,91,92,4,2017-12-03T01:00:04Z,2017-12-03T01:45:02Z
2017-12-03T02:00:00.000Z,2017-12-03T03:00:00.000Z,14.370526315789503,14.2,14.5,285,2017-12-03T02:00:07Z,2017-12-03T02:59:58Z,59.29614035087724,59.1,59.5,285,2017-12-03T02:00:07Z,2017-12-03T02:59:58Z,6.8,6.7,7,4,2017-12-03T02:00:02Z,2017-12-03T02:45:14Z,91.75,91,92,4,2017-12-03T02:00:02Z,2017-12-03T02:45:14Z
2017-12-03T03:00:00.000Z,2017-12-03T04:00:00.000Z,14.597594501718124,14.5,14.7,291,2017-12-03T03:00:10Z,2017-12-03T03:59:48Z,59.01271477663229,58.8,59.2,291,2017-12-03T03:00:10Z,2017-12-03T03:59:48Z,7.25,7.1,7.3,4,2017-12-03T03:00:05Z,2017-12-03T03:45:03Z,90.25,89,91,4,2017-12-03T03:00:05Z,2017-12-03T03:45:03Z
2017-12-03T04:00:00.000Z,2017-12-03T05:00:00.000Z,14.816891891891917,14.7,14.9,296,2017-12-03T04:00:00Z,2017-12-03T04:59:50Z,58.68074324324344,58.5,58.8,296,2017-12-03T04:00:00Z,2017-12-03T04:59:50Z,7.125000000000001,6.8,7.4,4,2017-12-03T04:00:03Z,2017-12-03T04:45:03Z,87.75,87,89,4,2017-12-03T04:00:03Z,2017-12-03T04:45:03Z
2017-12-03T05:00:00.000Z,2017-12-03T06:00:00.000Z,15.029794520547938,14.9,15.1,292,2017-12-03T05:00:02Z,2017-12-03T05:59:52Z,58.11506849315073,57.7,58.5,292,2017-12-03T05:00:02Z,2017-12-03T05:59:52Z,6.375,6.1,6.7,4,2017-12-03T05:00:14Z,2017-12-03T05:45:03Z,86.5,86,87,4,2017-12-03T05:00:14Z,2017-12-03T05:45:03Z
2017-12-03T06:00:00.000Z,2017-12-03T07:00:00.000Z,15.182711864406736,15.1,15.3,295,2017-12-03T06:00:04Z,2017-12-03T06:59:54Z,57.54474576271177,57.3,57.7,295,2017-12-03T06:00:04Z,2017-12-03T06:59:54Z,5.625,5.4,5.9,4,2017-12-03T06:00:12Z,2017-12-03T06:45:03Z,86,86,86,4,2017-12-03T06:00:12Z,2017-12-03T06:45:03Z
2017-12-03T07:00:00.000Z,2017-12-03T08:00:00.000Z,15.349315068493151,15.3,15.4,292,2017-12-03T07:00:06Z,2017-12-03T07:59:56Z,57.073630136986274,56.8,57.3,292,2017-12-03T07:00:06Z,2017-12-03T07:59:56Z,5.325000000000001,5.1,5.5,4,2017-12-03T07:00:04Z,2017-12-03T07:45:02Z,86.25,86,87,4,2017-12-03T07:00:04Z,2017-12-03T07:45:02Z
2017-12-03T08:00:00.000Z,2017-12-03T09:00:00.000Z,15.516140350877201,15.4,15.6,285,2017-12-03T08:00:08Z,2017-12-03T08:59:57Z,56.51263157894739,56,56.8,285,2017-12-03T08:00:08Z,2017-12-03T08:59:57Z,4.35,4.1,4.7,4,2017-12-03T08:00:03Z,2017-12-03T08:45:02Z,86,86,86,4,2017-12-03T08:00:03Z,2017-12-03T08:45:02Z
2017-12-03T09:00:00.000Z,2017-12-03T10:00:00.000Z,15.748630136986392,15.6,15.9,292,2017-12-03T09:00:09Z,2017-12-03T09:59:59Z,55.47328767123285,55,56,292,2017-12-03T09:00:09Z,2017-12-03T09:59:59Z,4.45,4,4.9,4,2017-12-03T09:00:10Z,2017-12-03T09:45:03Z,85.75,85,86,4,2017-12-03T09:00:10Z,2017-12-03T09:45:03Z
2017-12-03T10:00:00.000Z,2017-12-03T11:00:00.000Z,15.9034129692833,15.9,16,293,2017-12-03T10:00:11Z,2017-12-03T10:59:48Z,56.58054607508527,55,59.6,293,2017-12-03T10:00:11Z,2017-12-03T10:59:48Z,6.475,5.1,8.1,4,2017-12-03T10:00:06Z,2017-12-03T10:45:03Z,81.75,79,84,4,2017-12-03T10:00:06Z,2017-12-03T10:45:03Z
2017-12-03T11:00:00.000Z,2017-12-03T12:00:00.000Z,16.12901023890779,16,16.3,293,2017-12-03T11:00:00Z,2017-12-03T11:59:38Z,56.55938566552913,56,56.9,293,2017-12-03T11:00:00Z,2017-12-03T11:59:38Z,9.5,9,9.8,4,2017-12-03T11:00:09Z,2017-12-03T11:45:02Z,73.75,72,76,4,2017-12-03T11:00:09Z,2017-12-03T11:45:02Z
2017-12-03T12:00:00.000Z,2017-12-03T13:00:00.000Z,16.448648648648724,16.3,16.6,296,2017-12-03T12:00:02Z,2017-12-03T12:59:51Z,54.915540540540555,51.4,56.1,296,2017-12-03T12:00:02Z,2017-12-03T12:59:51Z,9.475,9.1,9.7,4,2017-12-03T12:00:23Z,2017-12-03T12:45:03Z,72.25,71,73,4,2017-12-03T12:00:23Z,2017-12-03T12:45:03Z
2017-12-03T13:00:00.000Z,2017-12-03T14:00:00.000Z,16.458020477815733,16.2,16.6,293,2017-12-03T13:00:03Z,2017-12-03T13:59:52Z,49.751194539249084,49,51.4,293,2017-12-03T13:00:03Z,2017-12-03T13:59:52Z,9.1,8.5,9.6,4,2017-12-03T13:00:10Z,2017-12-03T13:45:03Z,71.75,71,72,4,2017-12-03T13:00:10Z,2017-12-03T13:45:03Z
2017-12-03T14:00:00.000Z,2017-12-03T15:00:00.000Z,15.987628865979428,15.8,16.2,291,2017-12-03T14:00:04Z,2017-12-03T14:59:53Z,48.88797250859105,48.7,49,291,2017-12-03T14:00:04Z,2017-12-03T14:59:53Z,7.825000000000001,7.4,8.3,4,2017-12-03T14:00:02Z,2017-12-03T14:45:02Z,72.75,72,73,4,2017-12-03T14:00:02Z,2017-12-03T14:45:02Z
2017-12-03T15:00:00.000Z,2017-12-03T16:00:00.000Z,15.641496598639431,15.5,15.8,294,2017-12-03T15:00:05Z,2017-12-03T15:59:55Z,48.87482993197243,48.8,49,294,2017-12-03T15:00:05Z,2017-12-03T15:59:55Z,6.925,6.7,7.2,4,2017-12-03T15:00:07Z,2017-12-03T15:45:02Z,74.5,74,75,4,2017-12-03T15:00:07Z,2017-12-03T15:45:02Z
2017-12-03T16:00:00.000Z,2017-12-03T17:00:00.000Z,15.373195876288767,15.3,15.5,291,2017-12-03T16:00:07Z,2017-12-03T16:59:56Z,48.664261168385075,48.5,48.8,291,2017-12-03T16:00:07Z,2017-12-03T16:59:56Z,6.225,6,6.5,4,2017-12-03T16:00:09Z,2017-12-03T16:45:02Z,75.75,75,76,4,2017-12-03T16:00:09Z,2017-12-03T16:45:02Z
2017-12-03T17:00:00.000Z,2017-12-03T18:00:00.000Z,15.147750865051897,15.1,15.3,289,2017-12-03T17:00:08Z,2017-12-03T17:59:58Z,48.35259515570912,48.3,48.5,289,2017-12-03T17:00:08Z,2017-12-03T17:59:58Z,6,5.9,6.1,4,2017-12-03T17:00:03Z,2017-12-03T17:45:04Z,76.75,76,77,4,2017-12-03T17:00:03Z,2017-12-03T17:45:04Z
2017-12-03T18:00:00.000Z,2017-12-03T19:00:00.000Z,14.949826989619421,14.8,15.1,289,2017-12-03T18:00:10Z,2017-12-03T18:59:48Z,48.360899653978876,48.3,48.5,289,2017-12-03T18:00:10Z,2017-12-03T18:59:48Z,5.9,5.8,6,4,2017-12-03T18:00:06Z,2017-12-03T18:45:02Z,77.75,77,78,4,2017-12-03T18:00:06Z,2017-12-03T18:45:02Z
2017-12-03T19:00:00.000Z,2017-12-03T20:00:00.000Z,14.751724137930935,14.6,14.8,261,2017-12-03T19:00:00Z,2017-12-03T19:59:50Z,48.47662835249048,48.4,48.6,261,2017-12-03T19:00:00Z,2017-12-03T19:59:50Z,5.45,5.3,5.7,4,2017-12-03T19:00:03Z,2017-12-03T19:45:03Z,78.75,78,79,4,2017-12-03T19:00:03Z,2017-12-03T19:45:03Z
2017-12-03T20:00:00.000Z,2017-12-03T21:00:00.000Z,14.581071428571382,14.5,14.6,280,2017-12-03T20:00:02Z,2017-12-03T20:59:52Z,49.08785714285714,48.6,49.8,280,2017-12-03T20:00:02Z,2017-12-03T20:59:52Z,5.425000000000001,5.3,5.6,4,2017-12-03T20:00:06Z,2017-12-03T20:45:05Z,79.75,79,80,4,2017-12-03T20:00:06Z,2017-12-03T20:45:05Z
2017-12-03T21:00:00.000Z,2017-12-03T22:00:00.000Z,14.5,14.5,14.5,290,2017-12-03T21:00:04Z,2017-12-03T21:59:54Z,50.25000000000005,49.6,50.8,290,2017-12-03T21:00:04Z,2017-12-03T21:59:54Z,5.324999999999999,4.9,5.6,4,2017-12-03T21:00:10Z,2017-12-03T21:45:03Z,79,79,79,4,2017-12-03T21:00:10Z,2017-12-03T21:45:03Z
2017-12-03T22:00:00.000Z,2017-12-03T23:00:00.000Z,14.445138888888932,14.4,14.5,288,2017-12-03T22:00:06Z,2017-12-03T22:59:57Z,51.737499999999926,50.8,52.9,288,2017-12-03T22:00:06Z,2017-12-03T22:59:57Z,4.574999999999999,4.4,4.8,4,2017-12-03T22:00:11Z,2017-12-03T22:45:02Z,80.5,80,81,4,2017-12-03T22:00:11Z,2017-12-03T22:45:02Z
2017-12-03T23:00:00.000Z,2017-12-04T00:00:00.000Z,14.310616438356213,14.2,14.4,292,2017-12-03T23:00:09Z,2017-12-03T23:59:59Z,53.31027397260276,52.9,53.7,292,2017-12-03T23:00:09Z,2017-12-03T23:59:59Z,4.45,4.3,4.7,4,2017-12-03T23:00:04Z,2017-12-03T23:45:03Z,81.25,81,82,4,2017-12-03T23:00:04Z,2017-12-03T23:45:03Z
2017-12-04T00:00:00.000Z,2017-12-04T01:00:00.000Z,14.170989761092105,14.1,14.2,293,2017-12-04T00:00:11Z,2017-12-04T00:59:49Z,53.536860068259436,53,53.9,293,2017-12-04T00:00:11Z,2017-12-04T00:59:49Z,4.725,4.7,4.8,4,2017-12-04T00:00:03Z,2017-12-04T00:45:05Z,82.25,82,83,4,2017-12-04T00:00:03Z,2017-12-04T00:45:05Z
2017-12-04T01:00:00.000Z,2017-12-04T02:00:00.000Z,14.04285714285713,14,14.1,287,2017-12-04T01:00:01Z,2017-12-04T01:59:52Z,53.229965156794485,52.9,53.8,287,2017-12-04T01:00:01Z,2017-12-04T01:59:52Z,5.075,4.8,5.4,4,2017-12-04T01:00:14Z,2017-12-04T01:45:04Z,84.5,83,86,4,2017-12-04T01:00:14Z,2017-12-04T01:45:04Z
2017-12-04T02:00:00.000Z,2017-12-04T03:00:00.000Z,13.969257950530062,13.9,14,283,2017-12-04T02:00:04Z,2017-12-04T02:59:54Z,54.57738515901057,53.8,55.2,283,2017-12-04T02:00:04Z,2017-12-04T02:59:54Z,5.425,5.3,5.5,4,2017-12-04T02:00:04Z,2017-12-04T02:45:04Z,86.75,86,87,4,2017-12-04T02:00:04Z,2017-12-04T02:45:04Z
2017-12-04T03:00:00.000Z,2017-12-04T04:00:00.000Z,13.900000000000064,13.9,13.9,288,2017-12-04T03:00:06Z,2017-12-04T03:59:57Z,55.56527777777781,55.2,56,288,2017-12-04T03:00:06Z,2017-12-04T03:59:57Z,5.625,5.4,5.8,4,2017-12-04T03:00:16Z,2017-12-04T03:45:07Z,88.5,88,89,4,2017-12-04T03:00:16Z,2017-12-04T03:45:07Z
2017-12-04T04:00:00.000Z,2017-12-04T05:00:00.000Z,13.80576271186448,13.8,13.9,295,2017-12-04T04:00:09Z,2017-12-04T04:59:59Z,56.289491525423564,56,56.5,295,2017-12-04T04:00:09Z,2017-12-04T04:59:59Z,6.275,6.2,6.3,4,2017-12-04T04:00:10Z,2017-12-04T04:45:03Z,88.75,88,89,4,2017-12-04T04:00:10Z,2017-12-04T04:45:03Z
2017-12-04T05:00:00.000Z,2017-12-04T06:00:00.000Z,13.75931034482751,13.7,13.8,290,2017-12-04T05:00:11Z,2017-12-04T05:59:50Z,56.67620689655172,56.5,56.9,290,2017-12-04T05:00:11Z,2017-12-04T05:59:50Z,6.2749999999999995,6.2,6.3,4,2017-12-04T05:00:15Z,2017-12-04T05:45:05Z,88,88,88,4,2017-12-04T05:00:15Z,2017-12-04T05:45:05Z
2017-12-04T06:00:00.000Z,2017-12-04T07:00:00.000Z,13.69315068493144,13.6,13.7,292,2017-12-04T06:00:02Z,2017-12-04T06:59:52Z,56.9465753424657,56.9,57,292,2017-12-04T06:00:02Z,2017-12-04T06:59:52Z,6.075,6,6.2,4,2017-12-04T06:00:13Z,2017-12-04T06:45:02Z,88.75,88,89,4,2017-12-04T06:00:13Z,2017-12-04T06:45:02Z
2017-12-04T07:00:00.000Z,2017-12-04T08:00:00.000Z,13.599999999999937,13.6,13.6,290,2017-12-04T07:00:04Z,2017-12-04T07:59:55Z,56.598275862069016,56.4,56.9,290,2017-12-04T07:00:04Z,2017-12-04T07:59:55Z,5.775,5.6,5.9,4,2017-12-04T07:00:02Z,2017-12-04T07:45:03Z,89,89,89,4,2017-12-04T07:00:02Z,2017-12-04T07:45:03Z
2017-12-04T08:00:00.000Z,2017-12-04T09:00:00.000Z,13.528521126760563,13.5,13.6,284,2017-12-04T08:00:07Z,2017-12-04T08:59:58Z,56.65281690140872,56.5,57.3,284,2017-12-04T08:00:07Z,2017-12-04T08:59:58Z,5.550000000000001,5.5,5.6,4,2017-12-04T08:00:14Z,2017-12-04T08:45:04Z,89.75,89,90,4,2017-12-04T08:00:14Z,2017-12-04T08:45:04Z
2017-12-04T09:00:00.000Z,2017-12-04T10:00:00.000Z,13.746232876712284,13.6,13.8,292,2017-12-04T09:00:10Z,2017-12-04T09:59:49Z,57.06643835616444,57,57.4,292,2017-12-04T09:00:10Z,2017-12-04T09:59:49Z,5.9,5.7,6,4,2017-12-04T09:00:05Z,2017-12-04T09:45:06Z,90,90,90,4,2017-12-04T09:00:05Z,2017-12-04T09:45:06Z
2017-12-04T10:00:00.000Z,2017-12-04T11:00:00.000Z,13.608219178082127,13.6,13.7,292,2017-12-04T10:00:01Z,2017-12-04T10:59:51Z,57.224315068493,57,57.5,292,2017-12-04T10:00:01Z,2017-12-04T10:59:51Z,7.025,6,8.4,4,2017-12-04T10:00:08Z,2017-12-04T10:45:05Z,88,86,89,4,2017-12-04T10:00:08Z,2017-12-04T10:45:05Z
2017-12-04T11:00:00.000Z,2017-12-04T12:00:00.000Z,13.539208633093505,13.5,13.6,278,2017-12-04T11:00:03Z,2017-12-04T11:59:54Z,57.65000000000018,57.5,57.8,278,2017-12-04T11:00:03Z,2017-12-04T11:59:54Z,8.2,7.9,8.4,4,2017-12-04T11:00:20Z,2017-12-04T11:45:04Z,84.75,84,85,4,2017-12-04T11:00:20Z,2017-12-04T11:45:04Z
2017-12-04T12:00:00.000Z,2017-12-04T13:00:00.000Z,13.612068965517139,13.5,13.7,290,2017-12-04T12:00:06Z,2017-12-04T12:59:57Z,57.845862068965275,57.7,58,290,2017-12-04T12:00:06Z,2017-12-04T12:59:57Z,8.875,8.5,9.1,4,2017-12-04T12:00:08Z,2017-12-04T12:45:03Z,83.5,82,85,4,2017-12-04T12:00:08Z,2017-12-04T12:45:03Z
2017-12-04T13:00:00.000Z,2017-12-04T14:00:00.000Z,13.699999999999928,13.7,13.7,290,2017-12-04T13:00:09Z,2017-12-04T13:59:48Z,57.547586206896426,57.3,57.8,290,2017-12-04T13:00:09Z,2017-12-04T13:59:48Z,9.05,8.8,9.3,4,2017-12-04T13:00:02Z,2017-12-04T13:45:03Z,80.75,80,82,4,2017-12-04T13:00:02Z,2017-12-04T13:45:03Z
2017-12-04T14:00:00.000Z,2017-12-04T15:00:00.000Z,13.605084745762664,13.5,13.7,295,2017-12-04T14:00:00Z,2017-12-04T14:59:50Z,57.47254237288135,57.4,57.5,295,2017-12-04T14:00:00Z,2017-12-04T14:59:50Z,8.525,8.5,8.6,4,2017-12-04T14:00:03Z,2017-12-04T14:45:02Z,79.75,79,80,4,2017-12-04T14:00:03Z,2017-12-04T14:45:02Z
2017-12-04T15:00:00.000Z,2017-12-04T16:00:00.000Z,13.475958188153331,13.4,13.5,287,2017-12-04T15:00:02Z,2017-12-04T15:59:53Z,57.48083623693372,57.4,57.5,287,2017-12-04T15:00:02Z,2017-12-04T15:59:53Z,8.425,8.3,8.5,4,2017-12-04T15:00:11Z,2017-12-04T15:45:03Z,78,76,80,4,2017-12-04T15:00:11Z,2017-12-04T15:45:03Z
2017-12-04T16:00:00.000Z,2017-12-04T17:00:00.000Z,13.39657534246582,13.3,13.4,292,2017-12-04T16:00:05Z,2017-12-04T16:59:56Z,57.589041095890735,57.5,57.7,292,2017-12-04T16:00:05Z,2017-12-04T16:59:56Z,7.925,7.5,8.1,4,2017-12-04T16:00:09Z,2017-12-04T16:45:03Z,77.75,77,79,4,2017-12-04T16:00:09Z,2017-12-04T16:45:03Z
2017-12-04T17:00:00.000Z,2017-12-04T18:00:00.000Z,13.30000000000007,13.3,13.3,291,2017-12-04T17:00:08Z,2017-12-04T17:59:59Z,57.758419243985855,57.7,57.9,291,2017-12-04T17:00:08Z,2017-12-04T17:59:59Z,7.575,7.4,7.8,4,2017-12-04T17:00:04Z,2017-12-04T17:45:02Z,81,79,82,4,2017-12-04T17:00:04Z,2017-12-04T17:45:02Z
2017-12-04T18:00:00.000Z,2017-12-04T19:00:00.000Z,13.244250871080046,13.2,13.3,287,2017-12-04T18:00:11Z,2017-12-04T18:59:50Z,57.796167247386826,57.7,57.9,287,2017-12-04T18:00:11Z,2017-12-04T18:59:50Z,7.125,7,7.4,4,2017-12-04T18:00:04Z,2017-12-04T18:45:03Z,81.5,81,82,4,2017-12-04T18:00:04Z,2017-12-04T18:45:03Z
2017-12-04T19:00:00.000Z,2017-12-04T20:00:00.000Z,13.197586206896487,13.1,13.2,290,2017-12-04T19:00:02Z,2017-12-04T19:59:53Z,57.82482758620671,57.7,58.1,290,2017-12-04T19:00:02Z,2017-12-04T19:59:53Z,7.15,7.1,7.2,4,2017-12-04T19:00:07Z,2017-12-04T19:45:02Z,83.5,83,84,4,2017-12-04T19:00:07Z,2017-12-04T19:45:02Z
2017-12-04T20:00:00.000Z,2017-12-04T21:00:00.000Z,13.102158273381235,13.1,13.2,278,2017-12-04T20:00:05Z,2017-12-04T20:59:56Z,58.255395683453074,58,58.5,278,2017-12-04T20:00:05Z,2017-12-04T20:59:56Z,7.4750000000000005,7.1,7.8,4,2017-12-04T20:00:11Z,2017-12-04T20:45:02Z,85,85,85,4,2017-12-04T20:00:11Z,2017-12-04T20:45:02Z
2017-12-04T21:00:00.000Z,2017-12-04T22:00:00.000Z,13.233333333333354,13.1,13.5,285,2017-12-04T21:00:08Z,2017-12-04T21:59:48Z,59.329824561403434,58.5,60,285,2017-12-04T21:00:08Z,2017-12-04T21:59:48Z,7.450000000000001,7.1,7.8,4,2017-12-04T21:00:05Z,2017-12-04T21:45:03Z,84,84,84,4,2017-12-04T21:00:05Z,2017-12-04T21:45:03Z
2017-12-04T22:00:00.000Z,2017-12-04T23:00:00.000Z,13.745104895104971,13.5,13.9,286,2017-12-04T22:00:00Z,2017-12-04T22:59:50Z,59.46853146853148,59.2,59.8,286,2017-12-04T22:00:00Z,2017-12-04T22:59:50Z,6.7250000000000005,6.6,6.9,4,2017-12-04T22:00:02Z,2017-12-04T22:45:03Z,86,85,88,4,2017-12-04T22:00:02Z,2017-12-04T22:45:03Z
2017-12-04T23:00:00.000Z,2017-12-05T00:00:00.000Z,14.104095563139841,13.9,14.3,293,2017-12-04T23:00:02Z,2017-12-04T23:59:53Z,59.07406143344714,59,59.2,293,2017-12-04T23:00:02Z,2017-12-04T23:59:53Z,7.1,7,7.2,4,2017-12-04T23:00:03Z,2017-12-04T23:45:03Z,88,88,88,4,2017-12-04T23:00:03Z,2017-12-04T23:45:03Z
2017-12-05T00:00:00.000Z,2017-12-05T01:00:00.000Z,14.385862068965544,14.3,14.5,290,2017-12-05T00:00:05Z,2017-12-05T00:59:55Z,59.14758620689671,59.1,59.2,290,2017-12-05T00:00:05Z,2017-12-05T00:59:55Z,7.575,7.4,7.8,4,2017-12-05T00:00:11Z,2017-12-05T00:45:08Z,89.75,89,90,4,2017-12-05T00:00:11Z,2017-12-05T00:45:08Z
2017-12-05T01:00:00.000Z,2017-12-05T02:00:00.000Z,14.608904109588945,14.5,14.7,292,2017-12-05T01:00:07Z,2017-12-05T01:59:57Z,58.893493150684925,58.7,59.1,292,2017-12-05T01:00:07Z,2017-12-05T01:59:57Z,7.775,7.7,7.8,4,2017-12-05T01:00:03Z,2017-12-05T01:45:02Z,86.75,85,89,4,2017-12-05T01:00:03Z,2017-12-05T01:45:02Z
2017-12-05T02:00:00.000Z,2017-12-05T03:00:00.000Z,14.824567474048468,14.7,14.9,289,2017-12-05T02:00:09Z,2017-12-05T02:59:48Z,58.453633217992795,58.3,58.7,289,2017-12-05T02:00:09Z,2017-12-05T02:59:48Z,7.75,7.7,7.8,4,2017-12-05T02:00:02Z,2017-12-05T02:45:04Z,84.5,84,85,4,2017-12-05T02:00:02Z,2017-12-05T02:45:04Z
2017-12-05T03:00:00.000Z,2017-12-05T04:00:00.000Z,15.02387543252594,14.9,15.1,289,2017-12-05T03:00:00Z,2017-12-05T03:59:50Z,58.21833910034588,58.1,58.3,289,2017-12-05T03:00:00Z,2017-12-05T03:59:50Z,7.75,7.6,7.8,4,2017-12-05T03:00:09Z,2017-12-05T03:45:04Z,85,85,85,4,2017-12-05T03:00:09Z,2017-12-05T03:45:04Z
2017-12-05T04:00:00.000Z,2017-12-05T05:00:00.000Z,15.181694915254186,15.1,15.3,295,2017-12-05T04:00:02Z,2017-12-05T04:59:52Z,57.93118644067775,57.7,58.2,295,2017-12-05T04:00:02Z,2017-12-05T04:59:52Z,7.275,7.1,7.4,4,2017-12-05T04:00:08Z,2017-12-05T04:45:03Z,85.25,85,86,4,2017-12-05T04:00:08Z,2017-12-05T04:45:03Z
2017-12-05T05:00:00.000Z,2017-12-05T06:00:00.000Z,15.347260273972605,15.3,15.4,292,2017-12-05T05:00:04Z,2017-12-05T05:59:53Z,57.461986301369734,57.2,57.7,292,2017-12-05T05:00:04Z,2017-12-05T05:59:53Z,7.050000000000001,7,7.1,4,2017-12-05T05:00:25Z,2017-12-05T05:45:02Z,85.5,85,86,4,2017-12-05T05:00:25Z,2017-12-05T05:45:02Z
2017-12-05T06:00:00.000Z,2017-12-05T07:00:00.000Z,15.492413793103477,15.4,15.6,290,2017-12-05T06:00:05Z,2017-12-05T06:59:55Z,56.75482758620699,56.3,57.2,290,2017-12-05T06:00:05Z,2017-12-05T06:59:55Z,6.9,6.8,7,4,2017-12-05T06:00:14Z,2017-12-05T06:45:03Z,81.5,81,82,4,2017-12-05T06:00:14Z,2017-12-05T06:45:03Z
2017-12-05T07:00:00.000Z,2017-12-05T08:00:00.000Z,15.626989619377074,15.6,15.7,289,2017-12-05T07:00:07Z,2017-12-05T07:59:57Z,56.26678200692078,56.2,56.4,289,2017-12-05T07:00:07Z,2017-12-05T07:59:57Z,6.7250000000000005,6.7,6.8,4,2017-12-05T07:00:04Z,2017-12-05T07:45:03Z,82.25,82,83,4,2017-12-05T07:00:04Z,2017-12-05T07:45:03Z
2017-12-05T08:00:00.000Z,2017-12-05T09:00:00.000Z,15.76271777003495,15.7,15.8,287,2017-12-05T08:00:09Z,2017-12-05T08:59:58Z,56.23763066202067,56.1,56.3,287,2017-12-05T08:00:09Z,2017-12-05T08:59:58Z,6.9,6.8,7,4,2017-12-05T08:00:11Z,2017-12-05T08:45:03Z,85.25,84,86,4,2017-12-05T08:00:11Z,2017-12-05T08:45:03Z
2017-12-05T09:00:00.000Z,2017-12-05T10:00:00.000Z,15.898965517241395,15.8,15.9,290,2017-12-05T09:00:10Z,2017-12-05T09:59:48Z,56.285517241379466,56,56.7,290,2017-12-05T09:00:10Z,2017-12-05T09:59:48Z,7.45,7.1,7.8,4,2017-12-05T09:00:02Z,2017-12-05T09:45:03Z,85,83,86,4,2017-12-05T09:00:02Z,2017-12-05T09:45:03Z
2017-12-05T10:00:00.000Z,2017-12-05T11:00:00.000Z,15.748630136986227,15.6,15.9,292,2017-12-05T10:00:00Z,2017-12-05T10:59:49Z,56.258219178082136,56.2,56.3,292,2017-12-05T10:00:00Z,2017-12-05T10:59:49Z,8.024999999999999,7.9,8.2,4,2017-12-05T10:00:05Z,2017-12-05T10:45:03Z,80,79,81,4,2017-12-05T10:00:05Z,2017-12-05T10:45:03Z
2017-12-05T11:00:00.000Z,2017-12-05T12:00:00.000Z,15.533105802047732,15.4,15.6,293,2017-12-05T11:00:01Z,2017-12-05T11:59:51Z,56.25665529010273,56.2,56.4,293,2017-12-05T11:00:01Z,2017-12-05T11:59:51Z,8.450000000000001,8.3,8.6,4,2017-12-05T11:00:07Z,2017-12-05T11:45:04Z,79.5,79,80,4,2017-12-05T11:00:07Z,2017-12-05T11:45:04Z
2017-12-05T12:00:00.000Z,2017-12-05T13:00:00.000Z,15.342307692307799,15.3,15.4,286,2017-12-05T12:00:03Z,2017-12-05T12:59:52Z,56.19755244755239,56,56.4,286,2017-12-05T12:00:03Z,2017-12-05T12:59:52Z,7.925,7.2,8.6,4,2017-12-05T12:00:03Z,2017-12-05T12:45:02Z,84.25,78,91,4,2017-12-05T12:00:03Z,2017-12-05T12:45:02Z
2017-12-05T13:00:00.000Z,2017-12-05T14:00:00.000Z,15.18316151202747,15.1,15.3,291,2017-12-05T13:00:04Z,2017-12-05T13:59:54Z,56.10996563573895,55.9,56.4,291,2017-12-05T13:00:04Z,2017-12-05T13:59:54Z,7.5249999999999995,7.3,8.2,4,2017-12-05T13:00:03Z,2017-12-05T13:45:03Z,85.75,76,89,4,2017-12-05T13:00:03Z,2017-12-05T13:45:03Z
2017-12-05T14:00:00.000Z,2017-12-05T15:00:00.000Z,15.062457337883925,15,15.1,293,2017-12-05T14:00:06Z,2017-12-05T14:59:56Z,55.7638225255973,55.4,56.3,293,2017-12-05T14:00:06Z,2017-12-05T14:59:56Z,7.95,7.8,8.1,4,2017-12-05T14:00:02Z,2017-12-05T14:45:02Z,77.5,77,78,4,2017-12-05T14:00:02Z,2017-12-05T14:45:02Z
2017-12-05T15:00:00.000Z,2017-12-05T16:00:00.000Z,14.920350877193053,14.8,15,285,2017-12-05T15:00:08Z,2017-12-05T15:59:58Z,55.49859649122806,55.4,55.6,285,2017-12-05T15:00:08Z,2017-12-05T15:59:58Z,7.55,7.5,7.7,4,2017-12-05T15:00:03Z,2017-12-05T15:45:03Z,78.75,78,79,4,2017-12-05T15:00:03Z,2017-12-05T15:45:03Z
2017-12-05T16:00:00.000Z,2017-12-05T17:00:00.000Z,14.763013698630084,14.7,14.8,292,2017-12-05T16:00:10Z,2017-12-05T16:59:48Z,55.49691780821919,55.4,55.6,292,2017-12-05T16:00:10Z,2017-12-05T16:59:48Z,7.375,7,7.6,4,2017-12-05T16:00:07Z,2017-12-05T16:45:03Z,79,79,79,4,2017-12-05T16:00:07Z,2017-12-05T16:45:03Z
2017-12-05T17:00:00.000Z,2017-12-05T18:00:00.000Z,14.643344709897592,14.6,14.7,293,2017-12-05T17:00:00Z,2017-12-05T17:59:50Z,55.56416382252587,55.4,55.7,293,2017-12-05T17:00:00Z,2017-12-05T17:59:50Z,7.5249999999999995,7.3,7.7,4,2017-12-05T17:00:02Z,2017-12-05T17:45:02Z,79,79,79,4,2017-12-05T17:00:02Z,2017-12-05T17:45:02Z
2017-12-05T18:00:00.000Z,2017-12-05T19:00:00.000Z,14.527719298245616,14.5,14.6,285,2017-12-05T18:00:02Z,2017-12-05T18:59:52Z,55.60140350877219,55.6,55.7,285,2017-12-05T18:00:02Z,2017-12-05T18:59:52Z,7.375,7.2,7.6,4,2017-12-05T18:00:02Z,2017-12-05T18:45:04Z,79,79,79,4,2017-12-05T18:00:02Z,2017-12-05T18:45:04Z
2017-12-05T19:00:00.000Z,2017-12-05T20:00:00.000Z,14.405190311418755,14.3,14.5,289,2017-12-05T19:00:04Z,2017-12-05T19:59:55Z,55.63460207612495,55.6,55.7,289,2017-12-05T19:00:04Z,2017-12-05T19:59:55Z,7.85,7.7,8,4,2017-12-05T19:00:05Z,2017-12-05T19:45:03Z,77.75,77,78,4,2017-12-05T19:00:05Z,2017-12-05T19:45:03Z
2017-12-05T20:00:00.000Z,2017-12-05T21:00:00.000Z,14.300000000000075,14.3,14.3,286,2017-12-05T20:00:07Z,2017-12-05T20:59:57Z,55.87587412587416,55.7,56.1,286,2017-12-05T20:00:07Z,2017-12-05T20:59:57Z,7.975,7.9,8.1,4,2017-12-05T20:00:02Z,2017-12-05T20:45:02Z,77.75,77,78,4,2017-12-05T20:00:02Z,2017-12-05T20:45:02Z
2017-12-05T21:00:00.000Z,2017-12-05T22:00:00.000Z,14.217894736842029,14.2,14.3,285,2017-12-05T21:00:09Z,2017-12-05T21:59:48Z,57.141403508771845,56.1,58.7,285,2017-12-05T21:00:09Z,2017-12-05T21:59:48Z,8.149999999999999,8.1,8.2,4,2017-12-05T21:00:08Z,2017-12-05T21:45:02Z,78.75,78,79,4,2017-12-05T21:00:08Z,2017-12-05T21:45:02Z
2017-12-05T22:00:00.000Z,2017-12-05T23:00:00.000Z,14.199999999999925,14.2,14.2,289,2017-12-05T22:00:00Z,2017-12-05T22:59:50Z,60.46955017301042,58.7,61,289,2017-12-05T22:00:00Z,2017-12-05T22:59:50Z,8.35,8.2,8.5,4,2017-12-05T22:00:03Z,2017-12-05T22:45:03Z,79,79,79,4,2017-12-05T22:00:03Z,2017-12-05T22:45:03Z
2017-12-05T23:00:00.000Z,2017-12-06T00:00:00.000Z,14.19758620689648,14.1,14.2,290,2017-12-05T23:00:02Z,2017-12-05T23:59:52Z,60.25655172413808,60,60.5,290,2017-12-05T23:00:02Z,2017-12-05T23:59:52Z,8.525,8.5,8.6,4,2017-12-05T23:00:03Z,2017-12-05T23:45:02Z,79.75,79,80,4,2017-12-05T23:00:03Z,2017-12-05T23:45:02Z
2017-12-06T00:00:00.000Z,2017-12-06T01:00:00.000Z,14.099999999999937,14.1,14.1,292,2017-12-06T00:00:04Z,2017-12-06T00:59:55Z,59.927054794520416,59.9,60.1,292,2017-12-06T00:00:04Z,2017-12-06T00:59:55Z,8.6,8.6,8.6,4,2017-12-06T00:00:10Z,2017-12-06T00:45:06Z,81,80,82,4,2017-12-06T00:00:10Z,2017-12-06T00:45:06Z
2017-12-06T01:00:00.000Z,2017-12-06T02:00:00.000Z,14.033105802047778,14,14.1,293,2017-12-06T01:00:07Z,2017-12-06T01:59:57Z,59.879180887371675,59.8,59.9,293,2017-12-06T01:00:07Z,2017-12-06T01:59:57Z,8.6,8.6,8.6,4,2017-12-06T01:00:03Z,2017-12-06T01:45:02Z,81.25,81,82,4,2017-12-06T01:00:03Z,2017-12-06T01:45:02Z
2017-12-06T02:00:00.000Z,2017-12-06T03:00:00.000Z,13.955862068965557,13.9,14,290,2017-12-06T02:00:09Z,2017-12-06T02:59:48Z,59.79999999999967,59.8,59.8,290,2017-12-06T02:00:09Z,2017-12-06T02:59:48Z,8.55,8.5,8.6,4,2017-12-06T02:00:07Z,2017-12-06T02:45:03Z,80.25,80,81,4,2017-12-06T02:00:07Z,2017-12-06T02:45:03Z
2017-12-06T03:00:00.000Z,2017-12-06T04:00:00.000Z,13.900000000000064,13.9,13.9,291,2017-12-06T03:00:00Z,2017-12-06T03:59:51Z,59.64398625429559,59.6,59.8,291,2017-12-06T03:00:00Z,2017-12-06T03:59:51Z,8.625,8.6,8.7,4,2017-12-06T03:00:13Z,2017-12-06T03:45:03Z,78.75,78,79,4,2017-12-06T03:00:13Z,2017-12-06T03:45:03Z
2017-12-06T04:00:00.000Z,2017-12-06T05:00:00.000Z,13.820415224913567,13.8,13.9,289,2017-12-06T04:00:03Z,2017-12-06T04:59:53Z,59.465743944636586,59.4,59.6,289,2017-12-06T04:00:03Z,2017-12-06T04:59:53Z,8.825,8.7,9,4,2017-12-06T04:00:10Z,2017-12-06T04:45:02Z,76.75,75,78,4,2017-12-06T04:00:10Z,2017-12-06T04:45:02Z
2017-12-06T05:00:00.000Z,2017-12-06T06:00:00.000Z,13.800000000000072,13.8,13.8,289,2017-12-06T05:00:05Z,2017-12-06T05:59:56Z,59.39999999999982,59.4,59.4,289,2017-12-06T05:00:05Z,2017-12-06T05:59:56Z,9.125,9,9.2,4,2017-12-06T05:00:03Z,2017-12-06T05:45:05Z,75,75,75,4,2017-12-06T05:00:03Z,2017-12-06T05:45:05Z
2017-12-06T06:00:00.000Z,2017-12-06T07:00:00.000Z,13.721403508771855,13.7,13.8,285,2017-12-06T06:00:08Z,2017-12-06T06:59:59Z,59.52666666666683,59.4,59.7,285,2017-12-06T06:00:08Z,2017-12-06T06:59:59Z,9.25,9.2,9.3,4,2017-12-06T06:00:21Z,2017-12-06T06:45:02Z,75,74,76,4,2017-12-06T06:00:21Z,2017-12-06T06:45:02Z
2017-12-06T07:00:00.000Z,2017-12-06T08:00:00.000Z,13.699999999999928,13.7,13.7,287,2017-12-06T07:00:11Z,2017-12-06T07:59:50Z,59.974216027874775,59.7,60.2,287,2017-12-06T07:00:11Z,2017-12-06T07:59:50Z,8.8,8.6,9.2,4,2017-12-06T07:00:02Z,2017-12-06T07:45:03Z,80.25,77,82,4,2017-12-06T07:00:02Z,2017-12-06T07:45:03Z
2017-12-06T08:00:00.000Z,2017-12-06T09:00:00.000Z,13.694137931034415,13.6,13.7,290,2017-12-06T08:00:02Z,2017-12-06T08:59:53Z,60.89172413793098,60.2,61.7,290,2017-12-06T08:00:02Z,2017-12-06T08:59:53Z,9.1,8.8,9.3,4,2017-12-06T08:00:03Z,2017-12-06T08:45:03Z,79,76,82,4,2017-12-06T08:00:03Z,2017-12-06T08:45:03Z
2017-12-06T09:00:00.000Z,2017-12-06T10:00:00.000Z,13.599999999999937,13.6,13.6,294,2017-12-06T09:00:05Z,2017-12-06T09:59:55Z,61.12380952380966,60.9,61.6,294,2017-12-06T09:00:05Z,2017-12-06T09:59:55Z,9.575,9.4,9.7,4,2017-12-06T09:00:11Z,2017-12-06T09:45:04Z,73.5,73,74,4,2017-12-06T09:00:11Z,2017-12-06T09:45:04Z
2017-12-06T10:00:00.000Z,2017-12-06T11:00:00.000Z,13.589510489510436,13.5,13.6,286,2017-12-06T10:00:07Z,2017-12-06T10:59:58Z,60.90034965034938,60.8,61,286,2017-12-06T10:00:07Z,2017-12-06T10:59:58Z,9.95,9.9,10,4,2017-12-06T10:00:10Z,2017-12-06T10:45:05Z,74.5,73,76,4,2017-12-06T10:00:10Z,2017-12-06T10:45:05Z
2017-12-06T11:00:00.000Z,2017-12-06T12:00:00.000Z,13.5,13.5,13.5,289,2017-12-06T11:00:10Z,2017-12-06T11:59:49Z,60.70346020761274,60.6,60.8,289,2017-12-06T11:00:10Z,2017-12-06T11:59:49Z,10.325,10.1,10.5,4,2017-12-06T11:00:14Z,2017-12-06T11:45:03Z,72.25,72,73,4,2017-12-06T11:00:14Z,2017-12-06T11:45:03Z
2017-12-06T12:00:00.000Z,2017-12-06T13:00:00.000Z,13.5,13.5,13.5,289,2017-12-06T12:00:01Z,2017-12-06T12:59:52Z,60.994117647058836,60.7,61.3,289,2017-12-06T12:00:01Z,2017-12-06T12:59:52Z,10.55,10.5,10.6,4,2017-12-06T12:00:06Z,2017-12-06T12:45:02Z,73.25,73,74,4,2017-12-06T12:00:06Z,2017-12-06T12:45:02Z
2017-12-06T13:00:00.000Z,2017-12-06T14:00:00.000Z,13.5,13.5,13.5,291,2017-12-06T13:00:04Z,2017-12-06T13:59:55Z,61.68041237113396,61.3,62,291,2017-12-06T13:00:04Z,2017-12-06T13:59:55Z,10.625,10.5,10.7,4,2017-12-06T13:00:11Z,2017-12-06T13:45:02Z,76,75,77,4,2017-12-06T13:00:11Z,2017-12-06T13:45:02Z
2017-12-06T14:00:00.000Z,2017-12-06T15:00:00.000Z,13.5,13.5,13.5,292,2017-12-06T14:00:07Z,2017-12-06T14:59:57Z,62.22739726027399,62,62.5,292,2017-12-06T14:00:07Z,2017-12-06T14:59:57Z,10.575,10.5,10.7,4,2017-12-06T14:00:04Z,2017-12-06T14:45:02Z,78.25,78,79,4,2017-12-06T14:00:04Z,2017-12-06T14:45:02Z
2017-12-06T15:00:00.000Z,2017-12-06T16:00:00.000Z,13.42089041095897,13.4,13.5,292,2017-12-06T15:00:09Z,2017-12-06T15:59:48Z,62.987328767123486,62.5,63.2,292,2017-12-06T15:00:09Z,2017-12-06T15:59:48Z,10.5,10.3,10.7,4,2017-12-06T15:00:08Z,2017-12-06T15:45:02Z,82,81,83,4,2017-12-06T15:00:08Z,2017-12-06T15:45:02Z
2017-12-06T16:00:00.000Z,2017-12-06T17:00:00.000Z,13.400000000000063,13.4,13.4,289,2017-12-06T16:00:00Z,2017-12-06T16:59:51Z,63.381660899653774,63.2,63.6,289,2017-12-06T16:00:00Z,2017-12-06T16:59:51Z,10.9,10.8,11,4,2017-12-06T16:00:02Z,2017-12-06T16:45:04Z,80,79,81,4,2017-12-06T16:00:02Z,2017-12-06T16:45:04Z
2017-12-06T17:00:00.000Z,2017-12-06T18:00:00.000Z,13.400000000000063,13.4,13.4,294,2017-12-06T17:00:03Z,2017-12-06T17:59:54Z,63.90272108843548,63.6,64.2,294,2017-12-06T17:00:03Z,2017-12-06T17:59:54Z,11.075000000000001,11,11.1,4,2017-12-06T17:00:06Z,2017-12-06T17:45:02Z,79.75,79,80,4,2017-12-06T17:00:06Z,2017-12-06T17:45:02Z
2017-12-06T18:00:00.000Z,2017-12-06T19:00:00.000Z,13.400000000000063,13.4,13.4,290,2017-12-06T18:00:06Z,2017-12-06T18:59:57Z,64.52206896551726,64.2,65.6,290,2017-12-06T18:00:06Z,2017-12-06T18:59:57Z,11.4,11.3,11.5,4,2017-12-06T18:00:04Z,2017-12-06T18:45:02Z,80,80,80,4,2017-12-06T18:00:04Z,2017-12-06T18:45:02Z
2017-12-06T19:00:00.000Z,2017-12-06T20:00:00.000Z,13.400000000000063,13.4,13.4,287,2017-12-06T19:00:09Z,2017-12-06T19:59:48Z,66.7846689895471,65.6,67.3,287,2017-12-06T19:00:09Z,2017-12-06T19:59:48Z,11.675,11.6,11.7,4,2017-12-06T19:00:02Z,2017-12-06T19:45:02Z,79.25,79,80,4,2017-12-06T19:00:02Z,2017-12-06T19:45:02Z
2017-12-06T20:00:00.000Z,2017-12-06T21:00:00.000Z,13.479779411764694,13.4,13.7,272,2017-12-06T20:00:00Z,2017-12-06T20:59:51Z,67.59154411764703,66.8,69.5,272,2017-12-06T20:00:00Z,2017-12-06T20:59:51Z,11.7,11.7,11.7,4,2017-12-06T20:00:02Z,2017-12-06T20:45:06Z,78.75,78,79,4,2017-12-06T20:00:02Z,2017-12-06T20:45:06Z
2017-12-06T21:00:00.000Z,2017-12-06T22:00:00.000Z,13.94062499999997,13.7,14.2,288,2017-12-06T21:00:03Z,2017-12-06T21:59:54Z,69.07777777777784,68.6,69.7,288,2017-12-06T21:00:03Z,2017-12-06T21:59:54Z,11.45,11.2,11.7,4,2017-12-06T21:00:08Z,2017-12-06T21:45:02Z,84.75,80,90,4,2017-12-06T21:00:08Z,2017-12-06T21:45:02Z
2017-12-06T22:00:00.000Z,2017-12-06T23:00:00.000Z,14.376363636363655,14.2,14.5,275,2017-12-06T22:00:06Z,2017-12-06T22:59:56Z,68.37854545454555,67.9,68.9,275,2017-12-06T22:00:06Z,2017-12-06T22:59:56Z,11.524999999999999,11.4,11.7,4,2017-12-06T22:00:08Z,2017-12-06T22:45:02Z,87.5,87,88,4,2017-12-06T22:00:08Z,2017-12-06T22:45:02Z
2017-12-06T23:00:00.000Z,2017-12-07T00:00:00.000Z,14.680887372013649,14.5,14.8,293,2017-12-06T23:00:08Z,2017-12-06T23:59:58Z,67.62935153583632,67.3,68,293,2017-12-06T23:00:08Z,2017-12-06T23:59:58Z,11.7,11.7,11.7,4,2017-12-06T23:00:05Z,2017-12-06T23:45:03Z,84.25,84,85,4,2017-12-06T23:00:05Z,2017-12-06T23:45:03Z
2017-12-07T00:00:00.000Z,2017-12-07T01:00:00.000Z,14.973195876288681,14.8,15.1,291,2017-12-07T00:00:10Z,2017-12-07T00:59:48Z,67.35498281786943,67.2,67.5,291,2017-12-07T00:00:10Z,2017-12-07T00:59:48Z,12.4,12.4,12.4,4,2017-12-07T00:00:20Z,2017-12-07T00:45:04Z,84.5,83,86,4,2017-12-07T00:00:20Z,2017-12-07T00:45:04Z
2017-12-07T01:00:00.000Z,2017-12-07T02:00:00.000Z,15.190217391304344,15.1,15.3,276,2017-12-07T01:00:12Z,2017-12-07T01:59:38Z,67.54275362318833,67.5,67.6,276,2017-12-07T01:00:12Z,2017-12-07T01:59:38Z,12.1,11.8,12.4,4,2017-12-07T01:00:04Z,2017-12-07T01:45:04Z,87.75,86,89,4,2017-12-07T01:00:04Z,2017-12-07T01:45:04Z
2017-12-07T02:00:00.000Z,2017-12-07T03:00:00.000Z,15.418493150684965,15.3,15.5,292,2017-12-07T02:00:02Z,2017-12-07T02:59:52Z,67.55308219178092,67.5,67.6,292,2017-12-07T02:00:02Z,2017-12-07T02:59:52Z,12.4,12.4,12.4,4,2017-12-07T02:00:02Z,2017-12-07T02:45:10Z,88.25,88,89,4,2017-12-07T02:00:02Z,2017-12-07T02:45:10Z
2017-12-07T03:00:00.000Z,2017-12-07T04:00:00.000Z,15.657785467127947,15.5,15.8,289,2017-12-07T03:00:04Z,2017-12-07T03:59:54Z,67.04567474048444,65.9,67.5,289,2017-12-07T03:00:04Z,2017-12-07T03:59:54Z,11.375000000000002,10.1,11.8,4,2017-12-07T03:00:07Z,2017-12-07T03:45:03Z,88.75,85,90,4,2017-12-07T03:00:07Z,2017-12-07T03:45:03Z
2017-12-07T04:00:00.000Z,2017-12-07T05:00:00.000Z,15.843598615916953,15.8,15.9,289,2017-12-07T04:00:06Z,2017-12-07T04:59:55Z,64.05916955017302,61.8,65.8,289,2017-12-07T04:00:06Z,2017-12-07T04:59:55Z,8.049999999999999,6.8,9.3,4,2017-12-07T04:00:14Z,2017-12-07T04:45:03Z,81.25,77,84,4,2017-12-07T04:00:14Z,2017-12-07T04:45:03Z
2017-12-07T05:00:00.000Z,2017-12-07T06:00:00.000Z,15.907317073170779,15.9,16,287,2017-12-07T05:00:07Z,2017-12-07T05:59:57Z,60.21533101045296,58.7,61.8,287,2017-12-07T05:00:07Z,2017-12-07T05:59:57Z,6.225,5.9,6.6,4,2017-12-07T05:00:20Z,2017-12-07T05:45:02Z,76,73,79,4,2017-12-07T05:00:20Z,2017-12-07T05:45:02Z
2017-12-07T06:00:00.000Z,2017-12-07T07:00:00.000Z,16.023367697594537,16,16.1,291,2017-12-07T06:00:09Z,2017-12-07T06:59:58Z,57.981786941580836,57.4,58.7,291,2017-12-07T06:00:09Z,2017-12-07T06:59:58Z,6.300000000000001,6,6.6,4,2017-12-07T06:00:13Z,2017-12-07T06:45:03Z,70.5,70,71,4,2017-12-07T06:00:13Z,2017-12-07T06:45:03Z
2017-12-07T07:00:00.000Z,2017-12-07T08:00:00.000Z,16.14554794520537,16.1,16.2,292,2017-12-07T07:00:10Z,2017-12-07T07:59:48Z,56.732534246575284,56.2,57.4,292,2017-12-07T07:00:10Z,2017-12-07T07:59:48Z,6.7,6.5,6.8,4,2017-12-07T07:00:10Z,2017-12-07T07:45:03Z,71.5,70,72,4,2017-12-07T07:00:10Z,2017-12-07T07:45:03Z
2017-12-07T08:00:00.000Z,2017-12-07T09:00:00.000Z,16.23873239436625,16.2,16.3,284,2017-12-07T08:00:00Z,2017-12-07T08:59:49Z,55.95809859154916,55.7,56.6,284,2017-12-07T08:00:00Z,2017-12-07T08:59:49Z,6.425000000000001,6,6.7,4,2017-12-07T08:00:02Z,2017-12-07T08:45:02Z,73.75,70,80,4,2017-12-07T08:00:02Z,2017-12-07T08:45:02Z
2017-12-07T09:00:00.000Z,2017-12-07T10:00:00.000Z,16.331818181818182,16.3,16.4,286,2017-12-07T09:00:01Z,2017-12-07T09:59:51Z,57.27622377622386,56.7,57.9,286,2017-12-07T09:00:01Z,2017-12-07T09:59:51Z,5.5,5.3,5.6,4,2017-12-07T09:00:08Z,2017-12-07T09:45:02Z,82,81,83,4,2017-12-07T09:00:08Z,2017-12-07T09:45:02Z
2017-12-07T10:00:00.000Z,2017-12-07T11:00:00.000Z,16.459044368600697,16.4,16.5,293,2017-12-07T10:00:03Z,2017-12-07T10:59:52Z,57.16279863481226,56.7,57.5,293,2017-12-07T10:00:03Z,2017-12-07T10:59:52Z,5.5,4.9,6.2,4,2017-12-07T10:00:10Z,2017-12-07T10:45:03Z,79.5,76,81,4,2017-12-07T10:00:10Z,2017-12-07T10:45:03Z
2017-12-07T11:00:00.000Z,2017-12-07T12:00:00.000Z,16.584482758620688,16.5,16.6,290,2017-12-07T11:00:04Z,2017-12-07T11:59:53Z,56.093793103448306,55.4,56.8,290,2017-12-07T11:00:04Z,2017-12-07T11:59:53Z,6.25,6,6.4,4,2017-12-07T11:00:03Z,2017-12-07T11:45:02Z,70.25,69,71,4,2017-12-07T11:00:03Z,2017-12-07T11:45:02Z
2017-12-07T12:00:00.000Z,2017-12-07T13:00:00.000Z,16.714527027026996,16.6,16.8,296,2017-12-07T12:00:05Z,2017-12-07T12:59:54Z,54.448986486486525,53.6,55.5,296,2017-12-07T12:00:05Z,2017-12-07T12:59:54Z,4.55,4.1,5.4,4,2017-12-07T12:00:05Z,2017-12-07T12:45:03Z,73.75,71,75,4,2017-12-07T12:00:05Z,2017-12-07T12:45:03Z
2017-12-07T13:00:00.000Z,2017-12-07T14:00:00.000Z,16.806920415224965,16.8,16.9,289,2017-12-07T13:00:06Z,2017-12-07T13:59:55Z,52.970588235294066,52.3,53.7,289,2017-12-07T13:00:06Z,2017-12-07T13:59:55Z,4.275,4.1,4.4,4,2017-12-07T13:00:04Z,2017-12-07T13:45:02Z,75.75,72,78,4,2017-12-07T13:00:04Z,2017-12-07T13:45:02Z
2017-12-07T14:00:00.000Z,2017-12-07T15:00:00.000Z,16.899655172413787,16.8,16.9,290,2017-12-07T14:00:07Z,2017-12-07T14:59:56Z,51.99448275862054,51.9,52.3,290,2017-12-07T14:00:07Z,2017-12-07T14:59:56Z,4.05,3.9,4.3,4,2017-12-07T14:00:03Z,2017-12-07T14:45:03Z,73,71,74,4,2017-12-07T14:00:03Z,2017-12-07T14:45:03Z
2017-12-07T15:00:00.000Z,2017-12-07T16:00:00.000Z,16.89999999999999,16.9,16.9,292,2017-12-07T15:00:08Z,2017-12-07T15:59:57Z,51.78801369863019,51.6,52,292,2017-12-07T15:00:08Z,2017-12-07T15:59:57Z,3.9,3.8,4,4,2017-12-07T15:00:03Z,2017-12-07T15:45:02Z,73.75,73,74,4,2017-12-07T15:00:03Z,2017-12-07T15:45:02Z
2017-12-07T16:00:00.000Z,2017-12-07T17:00:00.000Z,16.89999999999999,16.9,16.9,292,2017-12-07T16:00:09Z,2017-12-07T16:59:58Z,51.41506849315035,51.3,51.6,292,2017-12-07T16:00:09Z,2017-12-07T16:59:58Z,3.2749999999999995,3.2,3.4,4,2017-12-07T16:00:03Z,2017-12-07T16:45:06Z,76.5,76,77,4,2017-12-07T16:00:03Z,2017-12-07T16:45:06Z
2017-12-07T17:00:00.000Z,2017-12-07T18:00:00.000Z,16.992123287671234,16.9,17,292,2017-12-07T17:00:10Z,2017-12-07T17:59:59Z,51.28321917808217,51.1,51.3,292,2017-12-07T17:00:10Z,2017-12-07T17:59:59Z,2.9,2.6,3.1,4,2017-12-07T17:00:09Z,2017-12-07T17:45:04Z,77.5,77,78,4,2017-12-07T17:00:09Z,2017-12-07T17:45:04Z
2017-12-07T18:00:00.000Z,2017-12-07T19:00:00.000Z,17.039655172413834,17,17.1,290,2017-12-07T18:00:11Z,2017-12-07T18:59:48Z,51.09344827586205,50.9,51.3,290,2017-12-07T18:00:11Z,2017-12-07T18:59:48Z,2.7,2.6,2.8,4,2017-12-07T18:00:02Z,2017-12-07T18:45:16Z,78,76,79,4,2017-12-07T18:00:02Z,2017-12-07T18:45:16Z
2017-12-07T19:00:00.000Z,2017-12-07T20:00:00.000Z,17.160344827586087,17.1,17.2,290,2017-12-07T19:00:00Z,2017-12-07T19:59:48Z,51.153793103448365,50.9,51.4,290,2017-12-07T19:00:00Z,2017-12-07T19:59:48Z,2.7,2.7,2.7,4,2017-12-07T19:00:09Z,2017-12-07T19:45:02Z,78,74,80,4,2017-12-07T19:00:09Z,2017-12-07T19:45:02Z
2017-12-07T20:00:00.000Z,2017-12-07T21:00:00.000Z,17.234364261168416,17.2,17.3,291,2017-12-07T20:00:00Z,2017-12-07T20:59:49Z,50.4295532646049,50.1,50.8,291,2017-12-07T20:00:00Z,2017-12-07T20:59:49Z,2.5250000000000004,2.3,2.7,4,2017-12-07T20:00:03Z,2017-12-07T20:45:03Z,79.25,79,80,4,2017-12-07T20:00:03Z,2017-12-07T20:45:03Z
2017-12-07T21:00:00.000Z,2017-12-07T22:00:00.000Z,17.300000000000097,17.3,17.3,293,2017-12-07T21:00:01Z,2017-12-07T21:59:50Z,49.903412969282996,49.8,50.1,293,2017-12-07T21:00:01Z,2017-12-07T21:59:50Z,2.225,2.2,2.3,4,2017-12-07T21:00:02Z,2017-12-07T21:45:03Z,79,79,79,4,2017-12-07T21:00:02Z,2017-12-07T21:45:03Z
2017-12-07T22:00:00.000Z,2017-12-07T23:00:00.000Z,17.344709897610887,17.3,17.4,293,2017-12-07T22:00:02Z,2017-12-07T22:59:50Z,49.672013651877165,49.3,49.9,293,2017-12-07T22:00:02Z,2017-12-07T22:59:50Z,2.3,2.3,2.3,4,2017-12-07T22:00:02Z,2017-12-07T22:45:03Z,77.75,77,78,4,2017-12-07T22:00:02Z,2017-12-07T22:45:03Z
2017-12-07T23:00:00.000Z,2017-12-08T00:00:00.000Z,17.39999999999999,17.4,17.4,285,2017-12-07T23:00:02Z,2017-12-07T23:59:51Z,49.10807017543877,49,49.3,285,2017-12-07T23:00:02Z,2017-12-07T23:59:51Z,1.9,1.6,2.2,4,2017-12-07T23:00:05Z,2017-12-07T23:45:02Z,78,77,79,4,2017-12-07T23:00:05Z,2017-12-07T23:45:02Z
2017-12-08T00:00:00.000Z,2017-12-08T01:00:00.000Z,17.399999999999984,17.4,17.4,291,2017-12-08T00:00:15Z,2017-12-08T00:59:51Z,48.69175257731965,48.4,49,291,2017-12-08T00:00:15Z,2017-12-08T00:59:51Z,1.475,1.4,1.5,4,2017-12-08T00:00:17Z,2017-12-08T00:45:04Z,77,75,79,4,2017-12-08T00:00:17Z,2017-12-08T00:45:04Z
2017-12-08T01:00:00.000Z,2017-12-08T02:00:00.000Z,17.399999999999984,17.4,17.4,290,2017-12-08T01:00:03Z,2017-12-08T01:59:52Z,48.30896551724137,48.1,48.4,290,2017-12-08T01:00:03Z,2017-12-08T01:59:52Z,0.9750000000000001,0.4,1.3,4,2017-12-08T01:00:03Z,2017-12-08T01:45:02Z,81.25,75,100,4,2017-12-08T01:00:03Z,2017-12-08T01:45:02Z
2017-12-08T02:00:00.000Z,2017-12-08T03:00:00.000Z,17.399652777777767,17.3,17.4,288,2017-12-08T02:00:04Z,2017-12-08T02:59:53Z,47.86354166666637,47.8,48.1,288,2017-12-08T02:00:04Z,2017-12-08T02:59:53Z,0.975,0.9,1,4,2017-12-08T02:00:12Z,2017-12-08T02:45:05Z,74.5,74,75,4,2017-12-08T02:00:12Z,2017-12-08T02:45:05Z
2017-12-08T03:00:00.000Z,2017-12-08T04:00:00.000Z,17.39112627986348,17.3,17.4,293,2017-12-08T03:00:05Z,2017-12-08T03:59:53Z,47.69931740614351,47.4,47.8,293,2017-12-08T03:00:05Z,2017-12-08T03:59:53Z,0.675,0.5,0.9,4,2017-12-08T03:00:12Z,2017-12-08T03:45:03Z,74,74,74,4,2017-12-08T03:00:12Z,2017-12-08T03:45:03Z
2017-12-08T04:00:00.000Z,2017-12-08T05:00:00.000Z,17.30449826989629,17.3,17.4,289,2017-12-08T04:00:05Z,2017-12-08T04:59:54Z,47.16228373702425,46.9,47.4,289,2017-12-08T04:00:05Z,2017-12-08T04:59:54Z,0.35,0.2,0.5,4,2017-12-08T04:00:09Z,2017-12-08T04:45:03Z,73.25,73,74,4,2017-12-08T04:00:09Z,2017-12-08T04:45:03Z
2017-12-08T05:00:00.000Z,2017-12-08T06:00:00.000Z,17.300000000000093,17.3,17.3,290,2017-12-08T05:00:06Z,2017-12-08T05:59:54Z,46.57482758620685,46.3,46.9,290,2017-12-08T05:00:06Z,2017-12-08T05:59:54Z,0,-0.1,0.1,3,2017-12-08T05:15:02Z,2017-12-08T05:45:02Z,73.33333333333333,73,74,3,2017-12-08T05:15:02Z,2017-12-08T05:45:02Z
2017-12-08T06:00:00.000Z,2017-12-08T07:00:00.000Z,17.300000000000093,17.3,17.3,288,2017-12-08T06:00:06Z,2017-12-08T06:59:55Z,46.00347222222204,45.8,46.3,288,2017-12-08T06:00:06Z,2017-12-08T06:59:55Z,-0.07500000000000001,-0.1,0,4,2017-12-08T06:00:04Z,2017-12-08T06:45:05Z,72,71,73,4,2017-12-08T06:00:04Z,2017-12-08T06:45:05Z
2017-12-08T07:00:00.000Z,2017-12-08T08:00:00.000Z,17.300000000000093,17.3,17.3,290,2017-12-08T07:00:07Z,2017-12-08T07:59:55Z,45.46482758620684,45.2,45.8,290,2017-12-08T07:00:07Z,2017-12-08T07:59:55Z,-0.2,-0.2,-0.2,4,2017-12-08T07:00:03Z,2017-12-08T07:45:02Z,70.75,70,71,4,2017-12-08T07:00:03Z,2017-12-08T07:45:02Z
2017-12-08T08:00:00.000Z,2017-12-08T09:00:00.000Z,17.126621160409478,16.9,17.3,293,2017-12-08T08:00:07Z,2017-12-08T08:59:56Z,44.58737201365187,40.9,49.2,293,2017-12-08T08:00:07Z,2017-12-08T08:59:56Z,-0.3,-0.4,-0.2,4,2017-12-08T08:00:15Z,2017-12-08T08:45:02Z,69.25,68,70,4,2017-12-08T08:00:15Z,2017-12-08T08:45:02Z
2017-12-08T09:00:00.000Z,2017-12-08T10:00:00.000Z,16.85205479452059,16.7,17,292,2017-12-08T09:00:08Z,2017-12-08T09:59:57Z,41.967465753424705,41.6,42.4,292,2017-12-08T09:00:08Z,2017-12-08T09:59:57Z,0.275,0,0.6,4,2017-12-08T09:00:05Z,2017-12-08T09:45:02Z,67,66,68,4,2017-12-08T09:00:05Z,2017-12-08T09:45:02Z
2017-12-08T10:00:00.000Z,2017-12-08T11:00:00.000Z,16.50243902439024,16.3,16.7,287,2017-12-08T10:00:09Z,2017-12-08T10:59:58Z,42.55679442508717,42.1,42.8,287,2017-12-08T10:00:09Z,2017-12-08T10:59:58Z,0.7,-0.5,1.4,4,2017-12-08T10:00:07Z,2017-12-08T10:45:03Z,72.75,64,97,4,2017-12-08T10:00:07Z,2017-12-08T10:45:03Z
2017-12-08T11:00:00.000Z,2017-12-08T12:00:00.000Z,16.27694915254238,16.2,16.3,295,2017-12-08T11:00:10Z,2017-12-08T11:59:59Z,41.83796610169487,41.7,42.1,295,2017-12-08T11:00:10Z,2017-12-08T11:59:59Z,0.1,-0.3,0.5,4,2017-12-08T11:00:07Z,2017-12-08T11:45:03Z,96.25,95,97,4,2017-12-08T11:00:07Z,2017-12-08T11:45:03Z
2017-12-08T12:00:00.000Z,2017-12-08T13:00:00.000Z,16.288541666666713,16.2,16.3,288,2017-12-08T12:00:11Z,2017-12-08T12:59:48Z,41.64270833333345,41.5,42,288,2017-12-08T12:00:11Z,2017-12-08T12:59:48Z,1.6749999999999998,0.9,2.1,4,2017-12-08T12:00:06Z,2017-12-08T12:45:03Z,91.75,91,94,4,2017-12-08T12:00:06Z,2017-12-08T12:45:03Z
2017-12-08T13:00:00.000Z,2017-12-08T14:00:00.000Z,16.148453608247383,16,16.3,291,2017-12-08T13:00:00Z,2017-12-08T13:59:49Z,41.17560137457043,40.7,41.5,291,2017-12-08T13:00:00Z,2017-12-08T13:59:49Z,1.4,1.3,1.5,4,2017-12-08T13:00:06Z,2017-12-08T13:45:03Z,54.5,53,55,4,2017-12-08T13:00:06Z,2017-12-08T13:45:03Z
2017-12-08T14:00:00.000Z,2017-12-08T15:00:00.000Z,15.753741496598622,15.5,16,294,2017-12-08T14:00:01Z,2017-12-08T14:59:51Z,40.27176870748303,40,40.7,294,2017-12-08T14:00:01Z,2017-12-08T14:59:51Z,1.625,1.1,2.3,4,2017-12-08T14:00:08Z,2017-12-08T14:45:02Z,56.5,55,58,4,2017-12-08T14:00:08Z,2017-12-08T14:45:02Z
2017-12-08T15:00:00.000Z,2017-12-08T16:00:00.000Z,15.365753424657594,15.2,15.5,292,2017-12-08T15:00:15Z,2017-12-08T15:59:53Z,40.31712328767115,40,40.6,292,2017-12-08T15:00:15Z,2017-12-08T15:59:53Z,1.325,1,1.6,4,2017-12-08T15:00:09Z,2017-12-08T15:45:02Z,59,59,59,4,2017-12-08T15:00:09Z,2017-12-08T15:45:02Z
2017-12-08T16:00:00.000Z,2017-12-08T17:00:00.000Z,15.068292682926783,14.9,15.2,287,2017-12-08T16:00:05Z,2017-12-08T16:59:54Z,40.85993031358873,40.6,41,287,2017-12-08T16:00:05Z,2017-12-08T16:59:54Z,0.7500000000000001,0.6,0.9,4,2017-12-08T16:00:08Z,2017-12-08T16:45:02Z,60,60,60,4,2017-12-08T16:00:08Z,2017-12-08T16:45:02Z
2017-12-08T17:00:00.000Z,2017-12-08T18:00:00.000Z,14.783745583038819,14.6,14.9,283,2017-12-08T17:00:06Z,2017-12-08T17:59:57Z,40.783392226148514,40.6,41,283,2017-12-08T17:00:06Z,2017-12-08T17:59:57Z,0.4,0.3,0.5,4,2017-12-08T17:00:05Z,2017-12-08T17:45:02Z,61,61,61,4,2017-12-08T17:00:05Z,2017-12-08T17:45:02Z
2017-12-08T18:00:00.000Z,2017-12-08T19:00:00.000Z,14.511538461538471,14.4,14.6,286,2017-12-08T18:00:21Z,2017-12-08T18:59:59Z,40.316083916083954,39.2,40.7,286,2017-12-08T18:00:21Z,2017-12-08T18:59:59Z,0.22499999999999998,0.2,0.3,4,2017-12-08T18:00:08Z,2017-12-08T18:45:03Z,61,61,61,4,2017-12-08T18:00:08Z,2017-12-08T18:45:03Z
2017-12-08T19:00:00.000Z,2017-12-08T20:00:00.000Z,14.31993006993014,14.3,14.4,286,2017-12-08T19:00:11Z,2017-12-08T19:59:49Z,40.36713286713281,39.6,41.9,286,2017-12-08T19:00:11Z,2017-12-08T19:59:49Z,0.125,0.1,0.2,4,2017-12-08T19:00:03Z,2017-12-08T19:45:03Z,61.25,61,62,4,2017-12-08T19:00:03Z,2017-12-08T19:45:03Z
2017-12-08T20:00:00.000Z,2017-12-08T21:00:00.000Z,14.547457627118586,14.4,14.7,295,2017-12-08T20:00:01Z,2017-12-08T20:59:51Z,40.50915254237285,39.7,41.6,295,2017-12-08T20:00:01Z,2017-12-08T20:59:51Z,0.175,0.1,0.3,4,2017-12-08T20:00:05Z,2017-12-08T20:45:02Z,62.5,62,63,4,2017-12-08T20:00:05Z,2017-12-08T20:45:02Z
2017-12-08T21:00:00.000Z,2017-12-08T22:00:00.000Z,14.767346938775596,14.7,14.9,294,2017-12-08T21:00:15Z,2017-12-08T21:59:53Z,41.55884353741494,40.9,42,294,2017-12-08T21:00:15Z,2017-12-08T21:59:53Z,0.475,0.4,0.6,4,2017-12-08T21:00:06Z,2017-12-08T21:45:06Z,63,63,63,4,2017-12-08T21:00:06Z,2017-12-08T21:45:06Z
2017-12-08T22:00:00.000Z,2017-12-08T23:00:00.000Z,14.921355932203436,14.9,15,295,2017-12-08T22:00:05Z,2017-12-08T22:59:55Z,42.31762711864395,42,42.5,295,2017-12-08T22:00:05Z,2017-12-08T22:59:55Z,0.55,0.5,0.6,4,2017-12-08T22:00:06Z,2017-12-08T22:45:02Z,63,63,63,4,2017-12-08T22:00:06Z,2017-12-08T22:45:02Z
2017-12-08T23:00:00.000Z,2017-12-09T00:00:00.000Z,15.031958762886598,15,15.1,291,2017-12-08T23:00:07Z,2017-12-08T23:59:57Z,42.56288659793825,42.4,42.7,291,2017-12-08T23:00:07Z,2017-12-08T23:59:57Z,0.5249999999999999,0.3,0.6,4,2017-12-08T23:00:03Z,2017-12-08T23:45:02Z,63,63,63,4,2017-12-08T23:00:03Z,2017-12-08T23:45:02Z
2017-12-09T00:00:00.000Z,2017-12-09T01:00:00.000Z,15.099999999999966,15.1,15.1,293,2017-12-09T00:00:09Z,2017-12-09T00:59:59Z,42.14163822525607,41.8,42.6,293,2017-12-09T00:00:09Z,2017-12-09T00:59:59Z,-0.175,-0.5,0.3,4,2017-12-09T00:00:07Z,2017-12-09T00:45:11Z,65.25,64,66,4,2017-12-09T00:00:07Z,2017-12-09T00:45:11Z
2017-12-09T01:00:00.000Z,2017-12-09T02:00:00.000Z,15.158620689655066,15.1,15.2,290,2017-12-09T01:00:11Z,2017-12-09T01:59:48Z,42.68586206896571,42.6,42.8,290,2017-12-09T01:00:11Z,2017-12-09T01:59:48Z,-0.049999999999999975,-0.5,0.4,4,2017-12-09T01:00:03Z,2017-12-09T01:45:04Z,65.5,65,66,4,2017-12-09T01:00:03Z,2017-12-09T01:45:04Z
2017-12-09T02:00:00.000Z,2017-12-09T03:00:00.000Z,15.240136054421829,15.2,15.3,294,2017-12-09T02:00:00Z,2017-12-09T02:59:50Z,43.01598639455764,42.6,43.4,294,2017-12-09T02:00:00Z,2017-12-09T02:59:50Z,-0.35,-0.7,0.1,4,2017-12-09T02:00:02Z,2017-12-09T02:45:11Z,66.75,66,67,4,2017-12-09T02:00:02Z,2017-12-09T02:45:11Z
2017-12-09T03:00:00.000Z,2017-12-09T04:00:00.000Z,15.300000000000082,15.3,15.3,294,2017-12-09T03:00:02Z,2017-12-09T03:59:51Z,43.24761904761922,43,43.4,294,2017-12-09T03:00:02Z,2017-12-09T03:59:51Z,-0.14999999999999997,-0.6,0.2,4,2017-12-09T03:00:10Z,2017-12-09T03:45:03Z,65.75,65,67,4,2017-12-09T03:00:10Z,2017-12-09T03:45:03Z
2017-12-09T04:00:00.000Z,2017-12-09T05:00:00.000Z,15.379930795847782,15.3,15.4,289,2017-12-09T04:00:03Z,2017-12-09T04:59:53Z,43.026989619377176,42.8,43.2,289,2017-12-09T04:00:03Z,2017-12-09T04:59:53Z,-0.85,-1,-0.7,4,2017-12-09T04:00:04Z,2017-12-09T04:45:04Z,68.5,68,69,4,2017-12-09T04:00:04Z,2017-12-09T04:45:04Z
2017-12-09T05:00:00.000Z,2017-12-09T06:00:00.000Z,15.400000000000025,15.4,15.4,292,2017-12-09T05:00:05Z,2017-12-09T05:59:55Z,42.97123287671241,42.8,43.3,292,2017-12-09T05:00:05Z,2017-12-09T05:59:55Z,-1.2000000000000002,-1.4,-1.1,4,2017-12-09T05:00:03Z,2017-12-09T05:45:02Z,70,70,70,4,2017-12-09T05:00:03Z,2017-12-09T05:45:02Z
2017-12-09T06:00:00.000Z,2017-12-09T07:00:00.000Z,15.492096219931272,15.4,15.5,291,2017-12-09T06:00:07Z,2017-12-09T06:59:56Z,43.50171821305855,43.3,43.7,291,2017-12-09T06:00:07Z,2017-12-09T06:59:56Z,-0.5499999999999999,-0.9,-0.4,4,2017-12-09T06:00:03Z,2017-12-09T06:45:02Z,69.25,69,70,4,2017-12-09T06:00:03Z,2017-12-09T06:45:02Z
2017-12-09T07:00:00.000Z,2017-12-09T08:00:00.000Z,15.54256055363322,15.5,15.6,289,2017-12-09T07:00:08Z,2017-12-09T07:59:58Z,43.701730103806355,43.6,43.8,289,2017-12-09T07:00:08Z,2017-12-09T07:59:58Z,0.05,0,0.2,4,2017-12-09T07:00:03Z,2017-12-09T07:45:02Z,68.25,68,69,4,2017-12-09T07:00:03Z,2017-12-09T07:45:02Z
2017-12-09T08:00:00.000Z,2017-12-09T09:00:00.000Z,15.599999999999968,15.6,15.6,283,2017-12-09T08:00:10Z,2017-12-09T08:59:59Z,42.821554770318095,40.6,43.6,283,2017-12-09T08:00:10Z,2017-12-09T08:59:59Z,0.175,0.1,0.3,4,2017-12-09T08:00:10Z,2017-12-09T08:45:02Z,68.25,68,69,4,2017-12-09T08:00:10Z,2017-12-09T08:45:02Z
2017-12-09T09:00:00.000Z,2017-12-09T10:00:00.000Z,15.67910958904101,15.6,15.7,292,2017-12-09T09:00:11Z,2017-12-09T09:59:48Z,41.60136986301374,40.7,42.1,292,2017-12-09T09:00:11Z,2017-12-09T09:59:48Z,0.8,0.5,1.1,4,2017-12-09T09:00:08Z,2017-12-09T09:45:02Z,68.25,67,69,4,2017-12-09T09:00:08Z,2017-12-09T09:45:02Z
2017-12-09T10:00:00.000Z,2017-12-09T11:00:00.000Z,15.699999999999916,15.7,15.7,287,2017-12-09T10:00:00Z,2017-12-09T10:59:50Z,42.31951219512186,42.1,42.5,287,2017-12-09T10:00:00Z,2017-12-09T10:59:50Z,1.45,1.3,1.7,4,2017-12-09T10:00:08Z,2017-12-09T10:45:02Z,66,65,67,4,2017-12-09T10:00:08Z,2017-12-09T10:45:02Z
2017-12-09T11:00:00.000Z,2017-12-09T12:00:00.000Z,15.796527777777815,15.7,15.9,288,2017-12-09T11:00:02Z,2017-12-09T11:59:51Z,42.625347222222345,42.5,42.8,288,2017-12-09T11:00:02Z,2017-12-09T11:59:51Z,2.5999999999999996,1.9,3.5,4,2017-12-09T11:00:11Z,2017-12-09T11:45:03Z,64,63,65,4,2017-12-09T11:00:11Z,2017-12-09T11:45:03Z
2017-12-09T12:00:00.000Z,2017-12-09T13:00:00.000Z,16.017406143344683,15.9,16.2,293,2017-12-09T12:00:03Z,2017-12-09T12:59:52Z,42.726621160409806,42.7,42.8,293,2017-12-09T12:00:03Z,2017-12-09T12:59:52Z,3.375,2.4,5.1,4,2017-12-09T12:00:09Z,2017-12-09T12:45:03Z,78,61,85,4,2017-12-09T12:00:09Z,2017-12-09T12:45:03Z
2017-12-09T13:00:00.000Z,2017-12-09T14:00:00.000Z,16.28083623693389,16.2,16.3,287,2017-12-09T13:00:04Z,2017-12-09T13:59:54Z,42.46689895470364,42.3,42.7,287,2017-12-09T13:00:04Z,2017-12-09T13:59:54Z,2.15,1.7,2.9,4,2017-12-09T13:00:09Z,2017-12-09T13:45:03Z,69,60,84,4,2017-12-09T13:00:09Z,2017-12-09T13:45:03Z
2017-12-09T14:00:00.000Z,2017-12-09T15:00:00.000Z,16.14567474048439,16,16.3,289,2017-12-09T14:00:06Z,2017-12-09T14:59:55Z,44.322145328719756,40.1,49,289,2017-12-09T14:00:06Z,2017-12-09T14:59:55Z,2.4000000000000004,1.7,3,4,2017-12-09T14:00:02Z,2017-12-09T14:45:03Z,62.25,61,64,4,2017-12-09T14:00:02Z,2017-12-09T14:45:03Z
2017-12-09T15:00:00.000Z,2017-12-09T16:00:00.000Z,15.616666666666687,15.3,16,288,2017-12-09T15:00:07Z,2017-12-09T15:59:56Z,37.701041666666654,35.9,40.1,288,2017-12-09T15:00:07Z,2017-12-09T15:59:56Z,1.525,1,2,4,2017-12-09T15:00:03Z,2017-12-09T15:45:03Z,64.5,63,66,4,2017-12-09T15:00:03Z,2017-12-09T15:45:03Z
2017-12-09T16:00:00.000Z,2017-12-09T17:00:00.000Z,14.930795847750886,14.6,15.3,289,2017-12-09T16:00:08Z,2017-12-09T16:59:58Z,35.60588235294113,35.3,36,289,2017-12-09T16:00:08Z,2017-12-09T16:59:58Z,0.7500000000000001,0.6,0.9,4,2017-12-09T16:00:05Z,2017-12-09T16:45:02Z,68.25,67,69,4,2017-12-09T16:00:05Z,2017-12-09T16:45:02Z
2017-12-09T17:00:00.000Z,2017-12-09T18:00:00.000Z,14.365957446808544,14.2,14.6,282,2017-12-09T17:00:10Z,2017-12-09T17:59:36Z,36.02907801418439,35.3,38,282,2017-12-09T17:00:10Z,2017-12-09T17:59:36Z,0.4,0.3,0.6,4,2017-12-09T17:00:09Z,2017-12-09T17:45:02Z,70.25,70,71,4,2017-12-09T17:00:09Z,2017-12-09T17:45:02Z
2017-12-09T18:00:00.000Z,2017-12-09T19:00:00.000Z,14.131972789115606,14,14.2,294,2017-12-09T18:00:00Z,2017-12-09T18:59:50Z,40.00238095238088,38.1,41.4,294,2017-12-09T18:00:00Z,2017-12-09T18:59:50Z,-0.025,-0.2,0.2,4,2017-12-09T18:00:03Z,2017-12-09T18:45:02Z,71.25,71,72,4,2017-12-09T18:00:03Z,2017-12-09T18:45:02Z
2017-12-09T19:00:00.000Z,2017-12-09T20:00:00.000Z,13.93737024221459,13.8,14,289,2017-12-09T19:00:02Z,2017-12-09T19:59:53Z,41.920415224913576,41.4,42.1,289,2017-12-09T19:00:02Z,2017-12-09T19:59:53Z,-0.575,-0.9,-0.4,4,2017-12-09T19:00:04Z,2017-12-09T19:45:02Z,71,71,71,4,2017-12-09T19:00:04Z,2017-12-09T19:45:02Z
2017-12-09T20:00:00.000Z,2017-12-09T21:00:00.000Z,13.723549488054527,13.6,13.8,293,2017-12-09T20:00:05Z,2017-12-09T20:59:55Z,41.98088737201361,41.9,42.1,293,2017-12-09T20:00:05Z,2017-12-09T20:59:55Z,-1.35,-1.5,-1.2,4,2017-12-09T20:00:03Z,2017-12-09T20:45:02Z,72.25,72,73,4,2017-12-09T20:00:03Z,2017-12-09T20:45:02Z
2017-12-09T21:00:00.000Z,2017-12-09T22:00:00.000Z,13.517064846416394,13.4,13.6,293,2017-12-09T21:00:07Z,2017-12-09T21:59:58Z,42.39897610921508,42.1,42.7,293,2017-12-09T21:00:07Z,2017-12-09T21:59:58Z,-1.35,-1.6,-1,4,2017-12-09T21:00:07Z,2017-12-09T21:45:02Z,73.75,73,75,4,2017-12-09T21:00:07Z,2017-12-09T21:45:02Z
2017-12-09T22:00:00.000Z,2017-12-09T23:00:00.000Z,13.32137931034486,13.2,13.4,290,2017-12-09T22:00:10Z,2017-12-09T22:59:49Z,42.933103448275915,42.7,43.2,290,2017-12-09T22:00:10Z,2017-12-09T22:59:49Z,-0.7250000000000001,-0.9,-0.6,4,2017-12-09T22:00:07Z,2017-12-09T22:45:02Z,74.5,74,75,4,2017-12-09T22:00:07Z,2017-12-09T22:45:02Z
2017-12-09T23:00:00.000Z,2017-12-10T00:00:00.000Z,13.131249999999957,13,13.2,288,2017-12-09T23:00:01Z,2017-12-09T23:59:52Z,43.27152777777764,43.1,43.5,288,2017-12-09T23:00:01Z,2017-12-09T23:59:52Z,-0.75,-0.9,-0.6,4,2017-12-09T23:00:02Z,2017-12-09T23:45:03Z,75,75,75,4,2017-12-09T23:00:02Z,2017-12-09T23:45:03Z
2017-12-10T00:00:00.000Z,2017-12-10T01:00:00.000Z,12.94548611111116,12.8,13,288,2017-12-10T00:00:04Z,2017-12-10T00:59:55Z,43.64409722222235,43.5,43.8,288,2017-12-10T00:00:04Z,2017-12-10T00:59:55Z,-1.375,-1.6,-1,4,2017-12-10T00:00:03Z,2017-12-10T00:45:05Z,75,75,75,4,2017-12-10T00:00:03Z,2017-12-10T00:45:05Z
2017-12-10T01:00:00.000Z,2017-12-10T02:00:00.000Z,12.758703071672269,12.7,12.9,293,2017-12-10T01:00:07Z,2017-12-10T01:59:46Z,43.61979522184323,43.6,43.7,293,2017-12-10T01:00:07Z,2017-12-10T01:59:46Z,-2.1,-2.4,-1.8,4,2017-12-10T01:00:03Z,2017-12-10T01:45:02Z,75,75,75,4,2017-12-10T01:00:03Z,2017-12-10T01:45:02Z
2017-12-10T02:00:00.000Z,2017-12-10T03:00:00.000Z,12.575257731958734,12.5,12.7,291,2017-12-10T02:00:10Z,2017-12-10T02:59:49Z,43.65601374570462,43.6,43.7,291,2017-12-10T02:00:10Z,2017-12-10T02:59:49Z,-2.725,-3,-2.6,4,2017-12-10T02:00:09Z,2017-12-10T02:45:03Z,75,75,75,4,2017-12-10T02:00:09Z,2017-12-10T02:45:03Z
2017-12-10T03:00:00.000Z,2017-12-10T04:00:00.000Z,12.387628865979472,12.3,12.5,291,2017-12-10T03:00:01Z,2017-12-10T03:59:52Z,43.55670103092783,43.4,43.7,291,2017-12-10T03:00:01Z,2017-12-10T03:59:52Z,-3.3000000000000003,-3.5,-3.1,4,2017-12-10T03:00:05Z,2017-12-10T03:45:09Z,75,75,75,4,2017-12-10T03:00:05Z,2017-12-10T03:45:09Z
2017-12-10T04:00:00.000Z,2017-12-10T05:00:00.000Z,12.215068493150628,12.1,12.3,292,2017-12-10T04:00:04Z,2017-12-10T04:59:55Z,43.48801369863009,43.4,43.6,292,2017-12-10T04:00:04Z,2017-12-10T04:59:55Z,-3.7,-3.8,-3.5,4,2017-12-10T04:00:03Z,2017-12-10T04:45:12Z,74.5,74,75,4,2017-12-10T04:00:03Z,2017-12-10T04:45:12Z
2017-12-10T05:00:00.000Z,2017-12-10T06:00:00.000Z,12.030479452054799,11.9,12.1,292,2017-12-10T05:00:07Z,2017-12-10T05:59:59Z,43.37226027397244,43.1,43.5,292,2017-12-10T05:00:07Z,2017-12-10T05:59:59Z,-4.225,-4.4,-4.1,4,2017-12-10T05:00:24Z,2017-12-10T05:45:03Z,73.75,73,74,4,2017-12-10T05:00:24Z,2017-12-10T05:45:03Z
2017-12-10T06:00:00.000Z,2017-12-10T07:00:00.000Z,12.020629370629331,11.9,12.2,286,2017-12-10T06:00:11Z,2017-12-10T06:59:50Z,47.69265734265732,43.5,51.6,286,2017-12-10T06:00:11Z,2017-12-10T06:59:50Z,-4.725,-4.9,-4.5,4,2017-12-10T06:00:16Z,2017-12-10T06:45:02Z,72.75,72,73,4,2017-12-10T06:00:16Z,2017-12-10T06:45:02Z
2017-12-10T07:00:00.000Z,2017-12-10T08:00:00.000Z,12.417465753424663,12.2,12.6,292,2017-12-10T07:00:02Z,2017-12-10T07:59:54Z,49.07808219178082,47.3,51.1,292,2017-12-10T07:00:02Z,2017-12-10T07:59:54Z,-4.975,-5.3,-4.6,4,2017-12-10T07:00:10Z,2017-12-10T07:45:03Z,72.25,72,73,4,2017-12-10T07:00:10Z,2017-12-10T07:45:03Z
2017-12-10T08:00:00.000Z,2017-12-10T09:00:00.000Z,12.694520547945215,12.6,12.8,292,2017-12-10T08:00:06Z,2017-12-10T08:59:57Z,46.41404109589044,45.6,47.3,292,2017-12-10T08:00:06Z,2017-12-10T08:59:57Z,-5.3,-5.5,-5.2,4,2017-12-10T08:00:04Z,2017-12-10T08:45:03Z,71.75,71,72,4,2017-12-10T08:00:04Z,2017-12-10T08:45:03Z
2017-12-10T09:00:00.000Z,2017-12-10T10:00:00.000Z,12.869047619047675,12.8,12.9,294,2017-12-10T09:00:09Z,2017-12-10T09:59:48Z,45.10986394557818,44.7,45.7,294,2017-12-10T09:00:09Z,2017-12-10T09:59:48Z,-5.325,-5.5,-5.2,4,2017-12-10T09:00:07Z,2017-12-10T09:45:02Z,71.25,71,72,4,2017-12-10T09:00:07Z,2017-12-10T09:45:02Z
2017-12-10T10:00:00.000Z,2017-12-10T11:00:00.000Z,13.03680555555552,12.9,13.1,288,2017-12-10T10:00:00Z,2017-12-10T10:59:51Z,44.605902777777935,44.5,44.8,288,2017-12-10T10:00:00Z,2017-12-10T10:59:51Z,-4.225,-4.8,-3.2,4,2017-12-10T10:00:08Z,2017-12-10T10:45:03Z,71.75,71,72,4,2017-12-10T10:00:08Z,2017-12-10T10:45:03Z
2017-12-10T11:00:00.000Z,2017-12-10T12:00:00.000Z,13.296830985915538,13.1,13.5,284,2017-12-10T11:00:03Z,2017-12-10T11:59:53Z,44.33732394366207,44.1,44.6,284,2017-12-10T11:00:03Z,2017-12-10T11:59:53Z,-1.7750000000000001,-4.4,0.4,4,2017-12-10T11:00:07Z,2017-12-10T11:45:18Z,-198.75,-999,69,4,2017-12-10T11:00:07Z,2017-12-10T11:45:18Z
2017-12-10T12:00:00.000Z,2017-12-10T13:00:00.000Z,13.737024221453362,13.5,13.9,289,2017-12-10T12:00:05Z,2017-12-10T12:59:56Z,44.95674740484412,44.4,45.4,289,2017-12-10T12:00:05Z,2017-12-10T12:59:56Z,-4.4,-4.4,-4.4,4,2017-12-10T12:00:11Z,2017-12-10T12:45:03Z,-999,-999,-999,4,2017-12-10T12:00:11Z,2017-12-10T12:45:03Z
2017-12-10T13:00:00.000Z,2017-12-10T14:00:00.000Z,14.07010309278344,13.9,14.1,291,2017-12-10T13:00:08Z,2017-12-10T13:59:58Z,45.47250859106537,45.2,45.6,291,2017-12-10T13:00:08Z,2017-12-10T13:59:58Z,-1.375,-2.1,0.4,4,2017-12-10T13:00:03Z,2017-12-10T13:45:03Z,79,73,92,4,2017-12-10T13:00:03Z,2017-12-10T13:45:03Z
2017-12-10T14:00:00.000Z,2017-12-10T15:00:00.000Z,14.099999999999936,14.1,14.1,283,2017-12-10T14:00:10Z,2017-12-10T14:59:48Z,44.95088339222623,44.6,45.5,283,2017-12-10T14:00:10Z,2017-12-10T14:59:48Z,-2.4749999999999996,-2.8,-2.2,4,2017-12-10T14:00:04Z,2017-12-10T14:45:03Z,75,74,76,4,2017-12-10T14:00:04Z,2017-12-10T14:45:03Z
2017-12-10T15:00:00.000Z,2017-12-10T16:00:00.000Z,14.099999999999937,14.1,14.1,271,2017-12-10T15:00:00Z,2017-12-10T15:59:51Z,44.420295202951806,44.2,44.6,271,2017-12-10T15:00:00Z,2017-12-10T15:59:51Z,-0.75,-1.4,-0.1,4,2017-12-10T15:00:02Z,2017-12-10T15:45:02Z,68.25,68,69,4,2017-12-10T15:00:02Z,2017-12-10T15:45:02Z
2017-12-10T16:00:00.000Z,2017-12-10T17:00:00.000Z,14.099999999999936,14.1,14.1,288,2017-12-10T16:00:03Z,2017-12-10T16:59:53Z,44.36249999999986,44.2,44.5,288,2017-12-10T16:00:03Z,2017-12-10T16:59:53Z,-2.2249999999999996,-2.8,-1.6,4,2017-12-10T16:00:02Z,2017-12-10T16:45:04Z,69,69,69,4,2017-12-10T16:00:02Z,2017-12-10T16:45:04Z
2017-12-10T17:00:00.000Z,2017-12-10T18:00:00.000Z,14.134364261168292,14.1,14.2,291,2017-12-10T17:00:05Z,2017-12-10T17:59:55Z,43.71580756013736,43.2,44.2,291,2017-12-10T17:00:05Z,2017-12-10T17:59:55Z,-3.6250000000000004,-3.9,-3.3,4,2017-12-10T17:00:06Z,2017-12-10T17:45:02Z,68.75,68,69,4,2017-12-10T17:00:06Z,2017-12-10T17:45:02Z
2017-12-10T18:00:00.000Z,2017-12-10T19:00:00.000Z,14.199999999999923,14.2,14.2,293,2017-12-10T18:00:19Z,2017-12-10T18:59:58Z,42.959726962457225,42.7,43.2,293,2017-12-10T18:00:19Z,2017-12-10T18:59:58Z,-4.45,-4.6,-4.2,4,2017-12-10T18:00:02Z,2017-12-10T18:45:03Z,70,70,70,4,2017-12-10T18:00:02Z,2017-12-10T18:45:03Z
2017-12-10T19:00:00.000Z,2017-12-10T20:00:00.000Z,14.199999999999926,14.2,14.2,285,2017-12-10T19:00:10Z,2017-12-10T19:59:48Z,42.538947368421034,42.4,42.7,285,2017-12-10T19:00:10Z,2017-12-10T19:59:48Z,-4.699999999999999,-4.9,-4.6,4,2017-12-10T19:00:08Z,2017-12-10T19:45:03Z,71,71,71,4,2017-12-10T19:00:08Z,2017-12-10T19:45:03Z
2017-12-10T20:00:00.000Z,2017-12-10T21:00:00.000Z,14.230107526881687,14.2,14.3,279,2017-12-10T20:00:24Z,2017-12-10T20:59:50Z,46.51541218637998,42.4,50.9,279,2017-12-10T20:00:24Z,2017-12-10T20:59:50Z,-4.75,-4.8,-4.7,4,2017-12-10T20:00:03Z,2017-12-10T20:45:04Z,72.25,72,73,4,2017-12-10T20:00:03Z,2017-12-10T20:45:04Z
2017-12-10T21:00:00.000Z,2017-12-10T22:00:00.000Z,14.351903114186879,14.3,14.4,289,2017-12-10T21:00:02Z,2017-12-10T21:59:52Z,50.42664359861601,50,51,289,2017-12-10T21:00:02Z,2017-12-10T21:59:52Z,-4.7,-4.7,-4.7,4,2017-12-10T21:00:05Z,2017-12-10T21:45:02Z,73,73,73,4,2017-12-10T21:00:05Z,2017-12-10T21:45:02Z
2017-12-10T22:00:00.000Z,2017-12-10T23:00:00.000Z,14.402730375426675,14.4,14.5,293,2017-12-10T22:00:16Z,2017-12-10T22:59:55Z,49.580887372013564,48.7,50.7,293,2017-12-10T22:00:16Z,2017-12-10T22:59:55Z,-4.7250000000000005,-4.8,-4.7,4,2017-12-10T22:00:06Z,2017-12-10T22:45:02Z,73,73,73,4,2017-12-10T22:00:06Z,2017-12-10T22:45:02Z
2017-12-10T23:00:00.000Z,2017-12-11T00:00:00.000Z,14.498293515358363,14.4,14.5,293,2017-12-10T23:00:07Z,2017-12-10T23:59:57Z,48.346416382252514,47.8,48.9,293,2017-12-10T23:00:07Z,2017-12-10T23:59:57Z,-4.925000000000001,-5,-4.9,4,2017-12-10T23:00:11Z,2017-12-10T23:45:03Z,73,73,73,4,2017-12-10T23:00:11Z,2017-12-10T23:45:03Z
2017-12-11T00:00:00.000Z,2017-12-11T01:00:00.000Z,14.5,14.5,14.5,290,2017-12-11T00:00:09Z,2017-12-11T00:59:59Z,47.48413793103437,47.2,47.9,290,2017-12-11T00:00:09Z,2017-12-11T00:59:59Z,-5.05,-5.1,-5,4,2017-12-11T00:00:07Z,2017-12-11T00:45:06Z,72.25,72,73,4,2017-12-11T00:00:07Z,2017-12-11T00:45:06Z
2017-12-11T01:00:00.000Z,2017-12-11T02:00:00.000Z,14.574564459930254,14.5,14.6,287,2017-12-11T01:00:11Z,2017-12-11T01:59:49Z,46.88118466898954,46.6,47.2,287,2017-12-11T01:00:11Z,2017-12-11T01:59:49Z,-5.125,-5.2,-5,4,2017-12-11T01:00:04Z,2017-12-11T01:45:02Z,71.5,71,72,4,2017-12-11T01:00:04Z,2017-12-11T01:45:02Z
2017-12-11T02:00:00.000Z,2017-12-11T03:00:00.000Z,14.599999999999953,14.6,14.6,293,2017-12-11T02:00:01Z,2017-12-11T02:59:51Z,46.26621160409561,45.9,46.7,293,2017-12-11T02:00:01Z,2017-12-11T02:59:51Z,-5.1,-5.2,-5,4,2017-12-11T02:00:02Z,2017-12-11T02:45:04Z,71,71,71,4,2017-12-11T02:00:02Z,2017-12-11T02:45:04Z
2017-12-11T03:00:00.000Z,2017-12-11T04:00:00.000Z,14.599999999999955,14.6,14.6,166,2017-12-11T03:00:03Z,2017-12-11T03:34:16Z,45.77349397590365,45.6,46,166,2017-12-11T03:00:03Z,2017-12-11T03:34:16Z,-4.75,-4.8,-4.7,4,2017-12-11T03:00:10Z,2017-12-11T03:45:09Z,71,71,71,4,2017-12-11T03:00:10Z,2017-12-11T03:45:09Z
2017-12-11T04:00:00.000Z,2017-12-11T05:00:00.000Z,,,,0,,,,,,0,,,-4.45,-4.6,-4.3,4,2017-12-11T04:00:09Z,2017-12-11T04:45:02Z,72,72,72,4,2017-12-11T04:00:09Z,2017-12-11T04:45:02Z
2017-12-11T05:00:00.000Z,2017-12-11T06:00:00.000Z,,,,0,,,,,,0,,,-4.125,-4.2,-4,4,2017-12-11T05:00:15Z,2017-12-11T05:45:03Z,72.75,72,74,4,2017-12-11T05:00:15Z,2017-12-11T05:45:03Z
2017-12-11T06:00:00.000Z,2017-12-11T07:00:00.000Z,,,,0,,,,,,0,,,-3.575,-3.9,-3.3,4,2017-12-11T06:00:10Z,2017-12-11T06:45:02Z,75,74,76,4,2017-12-11T06:00:10Z,2017-12-11T06:45:02Z
2017-12-11T07:00:00.000Z,2017-12-11T08:00:00.000Z,,,,0,,,,,,0,,,-2.8499999999999996,-2.9,-2.8,4,2017-12-11T07:00:03Z,2017-12-11T07:45:02Z,77.5,77,78,4,2017-12-11T07:00:03Z,2017-12-11T07:45:02Z
2017-12-11T08:00:00.000Z,2017-12-11T09:00:00.000Z,,,,0,,,,,,0,,,-2.8,-2.8,-2.8,4,2017-12-11T08:00:03Z,2017-12-11T08:45:02Z,78,78,78,4,2017-12-11T08:00:03Z,2017-12-11T08:45:02Z
2017-12-11T09:00:00.000Z,2017-12-11T10:00:00.000Z,,,,0,,,,,,0,,,-2.15,-2.7,-1.5,4,2017-12-11T09:00:09Z,2017-12-11T09:45:03Z,78,78,78,4,2017-12-11T09:00:09Z,2017-12-11T09:45:03Z
2017-12-11T10:00:00.000Z,2017-12-11T11:00:00.000Z,,,,0,,,,,,0,,,-0.12500000000000003,-0.9,0.6,4,2017-12-11T10:00:14Z,2017-12-11T10:45:02Z,76.5,76,77,4,2017-12-11T10:00:14Z,2017-12-11T10:45:02Z
2017-12-11T11:00:00.000Z,2017-12-11T12:00:00.000Z,,,,0,,,,,,0,,,1.5999999999999999,1.4,1.8,3,2017-12-11T11:00:07Z,2017-12-11T11:45:03Z,75.33333333333333,75,76,3,2017-12-11T11:00:07Z,2017-12-11T11:45:03Z
2017-12-11T12:00:00.000Z,2017-12-11T13:00:00.000Z,,,,0,,,,,,0,,,1.85,1.7,2,4,2017-12-11T12:00:09Z,2017-12-11T12:45:02Z,75,75,75,4,2017-12-11T12:00:09Z,2017-12-11T12:45:02Z
2017-12-11T13:00:00.000Z,2017-12-11T14:00:00.000Z,,,,0,,,,,,0,,,2.0749999999999997,2,2.1,4,2017-12-11T13:00:05Z,2017-12-11T13:45:02Z,75.5,75,76,4,2017-12-11T13:00:05Z,2017-12-11T13:45:02Z
2017-12-11T14:00:00.000Z,2017-12-11T15:00:00.000Z,,,,0,,,,,,0,,,2.25,2.2,2.3,4,2017-12-11T14:00:05Z,2017-12-11T14:45:02Z,76,76,76,4,2017-12-11T14:00:05Z,2017-12-11T14:45:02Z
2017-12-11T15:00:00.000Z,2017-12-11T16:00:00.000Z,,,,0,,,,,,0,,,1.9249999999999998,1.8,2.1,4,2017-12-11T15:00:03Z,2017-12-11T15:45:02Z,76.75,76,77,4,2017-12-11T15:00:03Z,2017-12-11T15:45:02Z
2017-12-11T16:00:00.000Z,2017-12-11T17:00:00.000Z,,,,0,,,,,,0,,,1.9,1.9,1.9,4,2017-12-11T16:00:09Z,2017-12-11T16:45:02Z,77.25,77,78,4,2017-12-11T16:00:09Z,2017-12-11T16:45:02Z
2017-12-11T17:00:00.000Z,2017-12-11T18:00:00.000Z,,,,0,,,,,,0,,,1.625,1.4,1.7,4,2017-12-11T17:00:03Z,2017-12-11T17:45:04Z,77.5,77,78,4,2017-12-11T17:00:03Z,2017-12-11T17:45:04Z
2017-12-11T18:00:00.000Z,2017-12-11T19:00:00.000Z,,,,0,,,,,,0,,,1.875,1.8,1.9,4,2017-12-11T18:00:03Z,2017-12-11T18:45:03Z,78,78,78,4,2017-12-11T18:00:03Z,2017-12-11T18:45:03Z
2017-12-11T19:00:00.000Z,2017-12-11T20:00:00.000Z,,,,0,,,,,,0,,,1.9500000000000002,1.9,2,4,2017-12-11T19:00:06Z,2017-12-11T19:45:03Z,78,78,78,4,2017-12-11T19:00:06Z,2017-12-11T19:45:03Z
2017-12-11T20:00:00.000Z,2017-12-11T21:00:00.000Z,,,,0,,,,,,0,,,1.9500000000000002,1.8,2.1,4,2017-12-11T20:00:08Z,2017-12-11T20:45:02Z,78.25,78,79,4,2017-12-11T20:00:08Z,2017-12-11T20:45:02Z
2017-12-11T21:00:00.000Z,2017-12-11T22:00:00.000Z,,,,0,,,,,,0,,,2.125,2.1,2.2,4,2017-12-11T21:00:03Z,2017-12-11T21:45:03Z,78,78,78,4,2017-12-11T21:00:03Z,2017-12-11T21:45:03Z
2017-12-11T22:00:00.000Z,2017-12-11T23:00:00.000Z,,,,0,,,,,,0,,,2.05,2,2.1,4,2017-12-11T22:00:03Z,2017-12-11T22:45:05Z,78,78,78,4,2017-12-11T22:00:03Z,2017-12-11T22:45:05Z
2017-12-11T23:00:00.000Z,2017-12-12T00:00:00.000Z,,,,0,,,,,,0,,,1.575,1.2,1.8,4,2017-12-11T23:00:09Z,2017-12-11T23:45:02Z,80.75,77,90,4,2017-12-11T23:00:09Z,2017-12-11T23:45:02Z
2017-12-12T00:00:00.000Z,2017-12-12T01:00:00.000Z,,,,0,,,,,,0,,,1.225,1,1.4,4,2017-12-12T00:00:15Z,2017-12-12T00:45:09Z,77.75,77,78,4,2017-12-12T00:00:15Z,2017-12-12T00:45:09Z
2017-12-12T01:00:00.000Z,2017-12-12T02:00:00.000Z,,,,0,,,,,,0,,,1.075,0.9,1.2,4,2017-12-12T01:00:08Z,2017-12-12T01:45:03Z,77,77,77,4,2017-12-12T01:00:08Z,2017-12-12T01:45:03Z
2017-12-12T02:00:00.000Z,2017-12-12T03:00:00.000Z,,,,0,,,,,,0,,,0.45,0.2,0.7,4,2017-12-12T02:00:07Z,2017-12-12T02:45:11Z,77,77,77,4,2017-12-12T02:00:07Z,2017-12-12T02:45:11Z
2017-12-12T03:00:00.000Z,2017-12-12T04:00:00.000Z,,,,0,,,,,,0,,,-0.30000000000000004,-0.6,0,4,2017-12-12T03:00:12Z,2017-12-12T03:45:13Z,77,77,77,4,2017-12-12T03:00:12Z,2017-12-12T03:45:13Z
2017-12-12T04:00:00.000Z,2017-12-12T05:00:00.000Z,,,,0,,,,,,0,,,-1.0250000000000001,-1.2,-0.8,4,2017-12-12T04:00:14Z,2017-12-12T04:45:05Z,76.75,76,77,4,2017-12-12T04:00:14Z,2017-12-12T04:45:05Z
2017-12-12T05:00:00.000Z,2017-12-12T06:00:00.000Z,,,,0,,,,,,0,,,-1.5,-1.6,-1.4,4,2017-12-12T05:00:28Z,2017-12-12T05:45:02Z,77,77,77,4,2017-12-12T05:00:28Z,2017-12-12T05:45:02Z
2017-12-12T06:00:00.000Z,2017-12-12T07:00:00.000Z,,,,0,,,,,,0,,,-1.8249999999999997,-1.9,-1.7,4,2017-12-12T06:00:14Z,2017-12-12T06:45:03Z,77,77,77,4,2017-12-12T06:00:14Z,2017-12-12T06:45:03Z
2017-12-12T07:00:00.000Z,2017-12-12T08:00:00.000Z,,,,0,,,,,,0,,,-2.125,-2.2,-2,4,2017-12-12T07:00:07Z,2017-12-12T07:45:02Z,77,77,77,4,2017-12-12T07:00:07Z,2017-12-12T07:45:02Z
2017-12-12T08:00:00.000Z,2017-12-12T09:00:00.000Z,,,,0,,,,,,0,,,-2.1500000000000004,-2.2,-2,4,2017-12-12T08:00:12Z,2017-12-12T08:45:02Z,77,77,77,4,2017-12-12T08:00:12Z,2017-12-12T08:45:02Z
2017-12-12T09:00:00.000Z,2017-12-12T10:00:00.000Z,,,,0,,,,,,0,,,-1.525,-1.9,-1.1,4,2017-12-12T09:00:02Z,2017-12-12T09:45:04Z,77,77,77,4,2017-12-12T09:00:02Z,2017-12-12T09:45:04Z
2017-12-12T10:00:00.000Z,2017-12-12T11:00:00.000Z,,,,0,,,,,,0,,,-0.12499999999999999,-0.6,0.3,4,2017-12-12T10:00:04Z,2017-12-12T10:45:02Z,76,76,76,4,2017-12-12T10:00:04Z,2017-12-12T10:45:02Z
2017-12-12T11:00:00.000Z,2017-12-12T12:00:00.000Z,,,,0,,,,,,0,,,1.85,1.1,2.6,4,2017-12-12T11:00:11Z,2017-12-12T11:45:02Z,74,73,75,4,2017-12-12T11:00:11Z,2017-12-12T11:45:02Z
2017-12-12T12:00:00.000Z,2017-12-12T13:00:00.000Z,13.809090909090914,13.8,13.9,22,2017-12-12T12:20:16Z,2017-12-12T12:24:52Z,49.89090909090908,49.8,50,22,2017-12-12T12:20:16Z,2017-12-12T12:24:52Z,2.45,2.4,2.5,4,2017-12-12T12:00:03Z,2017-12-12T12:45:02Z,74.25,74,75,4,2017-12-12T12:00:03Z,2017-12-12T12:45:02Z
2017-12-12T13:00:00.000Z,2017-12-12T14:00:00.000Z,,,,0,,,,,,0,,,2.675,2.6,2.8,4,2017-12-12T13:00:07Z,2017-12-12T13:45:03Z,75.5,75,76,4,2017-12-12T13:00:07Z,2017-12-12T13:45:03Z
2017-12-12T14:00:00.000Z,2017-12-12T15:00:00.000Z,,,,0,,,,,,0,,,2.5,2.4,2.7,4,2017-12-12T14:00:02Z,2017-12-12T14:45:06Z,76.5,76,77,4,2017-12-12T14:00:02Z,2017-12-12T14:45:06Z
2017-12-12T15:00:00.000Z,2017-12-12T16:00:00.000Z,,,,0,,,,,,0,,,2.4250000000000003,2.4,2.5,4,2017-12-12T15:00:03Z,2017-12-12T15:45:03Z,78,78,78,4,2017-12-12T15:00:03Z,2017-12-12T15:45:03Z
2017-12-12T16:00:00.000Z,2017-12-12T17:00:00.000Z,,,,0,,,,,,0,,,2.425,2.3,2.7,4,2017-12-12T16:00:04Z,2017-12-12T16:45:03Z,78.75,78,79,4,2017-12-12T16:00:04Z,2017-12-12T16:45:03Z
2017-12-12T17:00:00.000Z,2017-12-12T18:00:00.000Z,,,,0,,,,,,0,,,2.8,2.7,2.9,4,2017-12-12T17:00:08Z,2017-12-12T17:45:03Z,81,80,82,4,2017-12-12T17:00:08Z,2017-12-12T17:45:03Z
2017-12-12T18:00:00.000Z,2017-12-12T19:00:00.000Z,,,,0,,,,,,0,,,2.75,2.7,2.8,4,2017-12-12T18:00:02Z,2017-12-12T18:45:02Z,83,82,84,4,2017-12-12T18:00:02Z,2017-12-12T18:45:02Z
2017-12-12T19:00:00.000Z,2017-12-12T20:00:00.000Z,,,,0,,,,,,0,,,2.875,2.8,3,4,2017-12-12T19:00:09Z,2017-12-12T19:45:04Z,83.75,83,84,4,2017-12-12T19:00:09Z,2017-12-12T19:45:04Z
2017-12-12T20:00:00.000Z,2017-12-12T21:00:00.000Z,,,,0,,,,,,0,,,2.875,2.8,3,4,2017-12-12T20:00:04Z,2017-12-12T20:45:04Z,85.25,85,86,4,2017-12-12T20:00:04Z,2017-12-12T20:45:04Z
2017-12-12T21:00:00.000Z,2017-12-12T22:00:00.000Z,,,,0,,,,,,0,,,3.2750000000000004,3.2,3.3,4,2017-12-12T21:00:04Z,2017-12-12T21:45:04Z,86.25,86,87,4,2017-12-12T21:00:04Z,2017-12-12T21:45:04Z
2017-12-12T22:00:00.000Z,2017-12-12T23:00:00.000Z,,,,0,,,,,,0,,,3.4000000000000004,3.2,3.6,4,2017-12-12T22:00:08Z,2017-12-12T22:45:03Z,86.75,86,87,4,2017-12-12T22:00:08Z,2017-12-12T22:45:03Z
2017-12-12T23:00:00.000Z,2017-12-13T00:00:00.000Z,,,,0,,,,,,0,,,2.8,2.8,2.8,4,2017-12-12T23:00:16Z,2017-12-12T23:45:03Z,86.75,86,87,4,2017-12-12T23:00:16Z,2017-12-12T23:45:03Z
2017-12-13T00:00:00.000Z,2017-12-13T01:00:00.000Z,,,,0,,,,,,0,,,2.575,2.4,2.8,4,2017-12-13T00:00:14Z,2017-12-13T00:45:03Z,87,87,87,4,2017-12-13T00:00:14Z,2017-12-13T00:45:03Z
2017-12-13T01:00:00.000Z,2017-12-13T02:00:00.000Z,,,,0,,,,,,0,,,2.4749999999999996,2.3,2.6,4,2017-12-13T01:00:11Z,2017-12-13T01:45:03Z,87,87,87,4,2017-12-13T01:00:11Z,2017-12-13T01:45:03Z
2017-12-13T02:00:00.000Z,2017-12-13T03:00:00.000Z,,,,0,,,,,,0,,,2.5250000000000004,2.3,2.6,4,2017-12-13T02:00:07Z,2017-12-13T02:45:05Z,87.25,87,88,4,2017-12-13T02:00:07Z,2017-12-13T02:45:05Z
2017-12-13T03:00:00.000Z,2017-12-13T04:00:00.000Z,,,,0,,,,,,0,,,2.8,2.6,2.9,4,2017-12-13T03:00:05Z,2017-12-13T03:45:11Z,88,88,88,4,2017-12-13T03:00:05Z,2017-12-13T03:45:11Z
2017-12-13T04:00:00.000Z,2017-12-13T05:00:00.000Z,,,,0,,,,,,0,,,2.9749999999999996,2.7,3.3,4,2017-12-13T04:00:12Z,2017-12-13T04:45:03Z,90.5,88,93,4,2017-12-13T04:00:12Z,2017-12-13T04:45:03Z
2017-12-13T05:00:00.000Z,2017-12-13T06:00:00.000Z,,,,0,,,,,,0,,,3.475,3.4,3.5,4,2017-12-13T05:00:20Z,2017-12-13T05:45:03Z,93,93,93,4,2017-12-13T05:00:20Z,2017-12-13T05:45:03Z
2017-12-13T06:00:00.000Z,2017-12-13T07:00:00.000Z,,,,0,,,,,,0,,,3.425,3.4,3.5,4,2017-12-13T06:00:14Z,2017-12-13T06:45:02Z,92.75,92,93,4,2017-12-13T06:00:14Z,2017-12-13T06:45:02Z
2017-12-13T07:00:00.000Z,2017-12-13T08:00:00.000Z,,,,0,,,,,,0,,,4.025,3.9,4.1,4,2017-12-13T07:00:04Z,2017-12-13T07:45:02Z,91,90,92,4,2017-12-13T07:00:04Z,2017-12-13T07:45:02Z
2017-12-13T08:00:00.000Z,2017-12-13T09:00:00.000Z,,,,0,,,,,,0,,,4.175,4,4.3,4,2017-12-13T08:00:09Z,2017-12-13T08:45:02Z,90.75,90,91,4,2017-12-13T08:00:09Z,2017-12-13T08:45:02Z
2017-12-13T09:00:00.000Z,2017-12-13T10:00:00.000Z,,,,0,,,,,,0,,,4.7,4.4,4.8,4,2017-12-13T09:00:06Z,2017-12-13T09:45:03Z,90.75,90,91,4,2017-12-13T09:00:06Z,2017-12-13T09:45:03Z
2017-12-13T10:00:00.000Z,2017-12-13T11:00:00.000Z,,,,0,,,,,,0,,,4.675,4.3,4.9,4,2017-12-13T10:00:03Z,2017-12-13T10:45:02Z,88.5,87,90,4,2017-12-13T10:00:03Z,2017-12-13T10:45:02Z
2017-12-13T11:00:00.000Z,2017-12-13T12:00:00.000Z,,,,0,,,,,,0,,,4.275,4.2,4.3,4,2017-12-13T11:00:07Z,2017-12-13T11:45:03Z,86,85,87,4,2017-12-13T11:00:07Z,2017-12-13T11:45:03Z
2017-12-13T12:00:00.000Z,2017-12-13T13:00:00.000Z,,,,0,,,,,,0,,,3.7,3.6,3.8,4,2017-12-13T12:00:03Z,2017-12-13T12:45:04Z,85,85,85,4,2017-12-13T12:00:03Z,2017-12-13T12:45:04Z
2017-12-13T13:00:00.000Z,2017-12-13T14:00:00.000Z,,,,0,,,,,,0,,,3.4499999999999997,2.9,4,4,2017-12-13T13:00:04Z,2017-12-13T13:45:02Z,83.75,83,84,4,2017-12-13T13:00:04Z,2017-12-13T13:45:02Z
2017-12-13T14:00:00.000Z,2017-12-13T15:00:00.000Z,,,,0,,,,,,0,,,2.8499999999999996,2.7,3,4,2017-12-13T14:00:03Z,2017-12-13T14:45:02Z,84.5,84,85,4,2017-12-13T14:00:03Z,2017-12-13T14:45:02Z
2017-12-13T15:00:00.000Z,2017-12-13T16:00:00.000Z,,,,0,,,,,,0,,,2.275,2,2.6,4,2017-12-13T15:00:03Z,2017-12-13T15:45:02Z,85,85,85,4,2017-12-13T15:00:03Z,2017-12-13T15:45:02Z
2017-12-13T16:00:00.000Z,2017-12-13T17:00:00.000Z,,,,0,,,,,,0,,,1.9249999999999998,1.8,2,4,2017-12-13T16:00:09Z,2017-12-13T16:45:02Z,85.5,85,86,4,2017-12-13T16:00:09Z,2017-12-13T16:45:02Z
2017-12-13T17:00:00.000Z,2017-12-13T18:00:00.000Z,,,,0,,,,,,0,,,1.625,1.5,1.7,4,2017-12-13T17:00:08Z,2017-12-13T17:45:03Z,87,87,87,4,2017-12-13T17:00:08Z,2017-12-13T17:45:03Z
2017-12-13T18:00:00.000Z,2017-12-13T19:00:00.000Z,,,,0,,,,,,0,,,1.775,1.6,1.9,4,2017-12-13T18:00:09Z,2017-12-13T18:45:04Z,87,87,87,4,2017-12-13T18:00:09Z,2017-12-13T18:45:04Z
2017-12-13T19:00:00.000Z,2017-12-13T20:00:00.000Z,13.799999999999974,13.8,13.8,103,2017-12-13T19:35:11Z,2017-12-13T19:59:48Z,49.837864077669835,49.7,50.1,103,2017-12-13T19:35:11Z,2017-12-13T19:59:48Z,1.85,1.8,1.9,4,2017-12-13T19:00:03Z,2017-12-13T19:45:02Z,87,87,87,4,2017-12-13T19:00:03Z,2017-12-13T19:45:02Z
2017-12-13T20:00:00.000Z,2017-12-13T21:00:00.000Z,13.68302583025826,13.6,13.8,271,2017-12-13T20:00:00Z,2017-12-13T20:59:39Z,51.29261992619927,49.7,53.6,271,2017-12-13T20:00:00Z,2017-12-13T20:59:39Z,1.825,1.7,1.9,4,2017-12-13T20:00:05Z,2017-12-13T20:45:02Z,87,87,87,4,2017-12-13T20:00:05Z,2017-12-13T20:45:02Z
2017-12-13T21:00:00.000Z,2017-12-13T22:00:00.000Z,13.542857142857132,13.4,13.6,280,2017-12-13T21:00:03Z,2017-12-13T21:59:53Z,51.98535714285713,51.1,53.1,280,2017-12-13T21:00:03Z,2017-12-13T21:59:53Z,1.275,1,1.5,4,2017-12-13T21:00:03Z,2017-12-13T21:45:02Z,86,86,86,4,2017-12-13T21:00:03Z,2017-12-13T21:45:02Z
2017-12-13T22:00:00.000Z,2017-12-13T23:00:00.000Z,13.33065693430661,13.2,13.4,274,2017-12-13T22:00:29Z,2017-12-13T22:59:56Z,50.63211678832114,50.3,51.1,274,2017-12-13T22:00:29Z,2017-12-13T22:59:56Z,1.1500000000000001,1.1,1.2,4,2017-12-13T22:00:13Z,2017-12-13T22:45:03Z,86.5,86,87,4,2017-12-13T22:00:13Z,2017-12-13T22:45:03Z
2017-12-13T23:00:00.000Z,2017-12-14T00:00:00.000Z,13.116783216783173,13,13.2,286,2017-12-13T23:00:08Z,2017-12-13T23:59:59Z,50.036363636363575,49.9,50.3,286,2017-12-13T23:00:08Z,2017-12-13T23:59:59Z,0.8500000000000001,0.7,1,4,2017-12-13T23:00:18Z,2017-12-13T23:45:02Z,86.25,86,87,4,2017-12-13T23:00:18Z,2017-12-13T23:45:02Z
2017-12-14T00:00:00.000Z,2017-12-14T01:00:00.000Z,12.926206896551792,12.8,13,290,2017-12-14T00:00:11Z,2017-12-14T00:59:50Z,49.91241379310329,49.8,50.1,290,2017-12-14T00:00:11Z,2017-12-14T00:59:50Z,0.625,0.6,0.7,4,2017-12-14T00:00:13Z,2017-12-14T00:45:03Z,86,86,86,4,2017-12-14T00:00:13Z,2017-12-14T00:45:03Z
2017-12-14T01:00:00.000Z,2017-12-14T02:00:00.000Z,12.785909090909064,12.7,12.8,220,2017-12-14T01:00:02Z,2017-12-14T01:45:52Z,49.84636363636357,49.8,49.9,220,2017-12-14T01:00:02Z,2017-12-14T01:45:52Z,0.775,0.7,0.9,4,2017-12-14T01:00:04Z,2017-12-14T01:45:02Z,86.5,86,87,4,2017-12-14T01:00:04Z,2017-12-14T01:45:02Z
2017-12-14T02:00:00.000Z,2017-12-14T03:00:00.000Z,,,,0,,,,,,0,,,0.7250000000000001,0.7,0.8,4,2017-12-14T02:00:10Z,2017-12-14T02:45:04Z,87,87,87,4,2017-12-14T02:00:10Z,2017-12-14T02:45:04Z
2017-12-14T03:00:00.000Z,2017-12-14T04:00:00.000Z,,,,0,,,,,,0,,,0.55,0.5,0.6,4,2017-12-14T03:00:04Z,2017-12-14T03:45:04Z,87,87,87,4,2017-12-14T03:00:04Z,2017-12-14T03:45:04Z
2017-12-14T04:00:00.000Z,2017-12-14T05:00:00.000Z,12.29999999999997,12.3,12.3,146,2017-12-14T04:20:01Z,2017-12-14T04:49:38Z,50.05410958904113,49.9,50.3,146,2017-12-14T04:20:01Z,2017-12-14T04:49:38Z,0.875,0.4,1.3,4,2017-12-14T04:00:04Z,2017-12-14T04:45:04Z,87,87,87,4,2017-12-14T04:00:04Z,2017-12-14T04:45:04Z
2017-12-14T05:00:00.000Z,2017-12-14T06:00:00.000Z,,,,0,,,,,,0,,,1.725,1.5,1.9,4,2017-12-14T05:00:13Z,2017-12-14T05:45:02Z,87.75,87,88,4,2017-12-14T05:00:13Z,2017-12-14T05:45:02Z
2017-12-14T06:00:00.000Z,2017-12-14T07:00:00.000Z,,,,0,,,,,,0,,,1.8499999999999999,1.8,1.9,4,2017-12-14T06:00:18Z,2017-12-14T06:45:02Z,87.75,87,88,4,2017-12-14T06:00:18Z,2017-12-14T06:45:02Z
2017-12-14T07:00:00.000Z,2017-12-14T08:00:00.000Z,11.91953125000002,11.9,12,128,2017-12-14T07:30:12Z,2017-12-14T07:56:25Z,51.100000000000094,51.1,51.1,128,2017-12-14T07:30:12Z,2017-12-14T07:56:25Z,1.875,1.8,1.9,4,2017-12-14T07:00:14Z,2017-12-14T07:45:02Z,88,88,88,4,2017-12-14T07:00:14Z,2017-12-14T07:45:02Z
2017-12-14T08:00:00.000Z,2017-12-14T09:00:00.000Z,12.03908045977012,12,12.1,87,2017-12-14T08:42:04Z,2017-12-14T08:59:53Z,55.3770114942529,55.3,55.4,87,2017-12-14T08:42:04Z,2017-12-14T08:59:53Z,2.05,2,2.1,4,2017-12-14T08:00:12Z,2017-12-14T08:45:02Z,88,88,88,4,2017-12-14T08:00:12Z,2017-12-14T08:45:02Z
2017-12-14T09:00:00.000Z,2017-12-14T10:00:00.000Z,12.387713310580203,12.1,12.6,293,2017-12-14T09:00:05Z,2017-12-14T09:59:56Z,54.28941979522197,53.6,55.3,293,2017-12-14T09:00:05Z,2017-12-14T09:59:56Z,2.125,2.1,2.2,4,2017-12-14T09:00:09Z,2017-12-14T09:45:03Z,88,88,88,4,2017-12-14T09:00:09Z,2017-12-14T09:45:03Z
2017-12-14T10:00:00.000Z,2017-12-14T11:00:00.000Z,12.762199312714849,12.6,12.9,291,2017-12-14T10:00:08Z,2017-12-14T10:59:59Z,53.07079037800694,52.6,53.6,291,2017-12-14T10:00:08Z,2017-12-14T10:59:59Z,2.1500000000000004,2.1,2.2,4,2017-12-14T10:00:14Z,2017-12-14T10:45:03Z,88,88,88,4,2017-12-14T10:00:14Z,2017-12-14T10:45:03Z
2017-12-14T11:00:00.000Z,2017-12-14T12:00:00.000Z,13.017525773195839,12.9,13.1,291,2017-12-14T11:00:11Z,2017-12-14T11:59:50Z,52.4611683848795,52.3,52.7,291,2017-12-14T11:00:11Z,2017-12-14T11:59:50Z,2.525,2.4,2.6,4,2017-12-14T11:00:05Z,2017-12-14T11:45:02Z,88,88,88,4,2017-12-14T11:00:05Z,2017-12-14T11:45:02Z
2017-12-14T12:00:00.000Z,2017-12-14T13:00:00.000Z,13.221993127147837,13.1,13.3,291,2017-12-14T12:00:02Z,2017-12-14T12:59:53Z,52.17628865979399,52.1,52.3,291,2017-12-14T12:00:02Z,2017-12-14T12:59:53Z,2.7750000000000004,2.7,2.8,4,2017-12-14T12:00:05Z,2017-12-14T12:45:03Z,88,88,88,4,2017-12-14T12:00:05Z,2017-12-14T12:45:03Z
2017-12-14T13:00:00.000Z,2017-12-14T14:00:00.000Z,13.422535211267636,13.3,13.5,284,2017-12-14T13:00:05Z,2017-12-14T13:59:56Z,52.31830985915482,52.1,52.5,284,2017-12-14T13:00:05Z,2017-12-14T13:59:56Z,3.1500000000000004,2.9,3.3,4,2017-12-14T13:00:09Z,2017-12-14T13:45:03Z,87.75,87,88,4,2017-12-14T13:00:09Z,2017-12-14T13:45:03Z
2017-12-14T14:00:00.000Z,2017-12-14T15:00:00.000Z,13.631338028168914,13.5,13.7,284,2017-12-14T14:00:08Z,2017-12-14T14:59:59Z,52.40704225352103,52,52.6,284,2017-12-14T14:00:08Z,2017-12-14T14:59:59Z,2.95,2.5,3.3,4,2017-12-14T14:00:03Z,2017-12-14T14:45:02Z,86.75,86,87,4,2017-12-14T14:00:03Z,2017-12-14T14:45:02Z
2017-12-14T15:00:00.000Z,2017-12-14T16:00:00.000Z,13.784375000000072,13.7,13.9,288,2017-12-14T15:00:11Z,2017-12-14T15:59:49Z,51.66145833333333,51.2,52,288,2017-12-14T15:00:11Z,2017-12-14T15:59:49Z,2.225,1.8,2.4,4,2017-12-14T15:00:11Z,2017-12-14T15:45:03Z,87,87,87,4,2017-12-14T15:00:11Z,2017-12-14T15:45:03Z
2017-12-14T16:00:00.000Z,2017-12-14T17:00:00.000Z,13.925172413793145,13.9,14,290,2017-12-14T16:00:01Z,2017-12-14T16:59:52Z,50.974482758620795,50.6,51.2,290,2017-12-14T16:00:01Z,2017-12-14T16:59:52Z,1.375,1.1,1.7,4,2017-12-14T16:00:09Z,2017-12-14T16:45:02Z,87,87,87,4,2017-12-14T16:00:09Z,2017-12-14T16:45:02Z
2017-12-14T17:00:00.000Z,2017-12-14T18:00:00.000Z,14.041666666666629,14,14.1,288,2017-12-14T17:00:04Z,2017-12-14T17:59:42Z,50.37812499999987,50.1,50.6,288,2017-12-14T17:00:04Z,2017-12-14T17:59:42Z,0.8749999999999999,0.7,1,4,2017-12-14T17:00:12Z,2017-12-14T17:45:02Z,87,87,87,4,2017-12-14T17:00:12Z,2017-12-14T17:45:02Z
2017-12-14T18:00:00.000Z,2017-12-14T19:00:00.000Z,14.160958904109496,14.1,14.2,292,2017-12-14T18:00:06Z,2017-12-14T18:59:56Z,49.91369863013702,49.7,50.1,292,2017-12-14T18:00:06Z,2017-12-14T18:59:56Z,0.9500000000000001,0.8,1.1,4,2017-12-14T18:00:03Z,2017-12-14T18:45:03Z,87.5,87,88,4,2017-12-14T18:00:03Z,2017-12-14T18:45:03Z
2017-12-14T19:00:00.000Z,2017-12-14T20:00:00.000Z,14.259717314487727,14.2,14.3,283,2017-12-14T19:00:08Z,2017-12-14T19:59:59Z,49.15936395759708,48.9,49.7,283,2017-12-14T19:00:08Z,2017-12-14T19:59:59Z,1.4,1.3,1.5,4,2017-12-14T19:00:03Z,2017-12-14T19:45:02Z,88.5,88,89,4,2017-12-14T19:00:03Z,2017-12-14T19:45:02Z
2017-12-14T20:00:00.000Z,2017-12-14T21:00:00.000Z,14.396917808219236,14.3,14.5,292,2017-12-14T20:00:11Z,2017-12-14T20:59:49Z,49.63801369863044,49.4,49.7,292,2017-12-14T20:00:11Z,2017-12-14T20:59:49Z,1.525,1.5,1.6,4,2017-12-14T20:00:08Z,2017-12-14T20:45:05Z,88.5,88,89,4,2017-12-14T20:00:08Z,2017-12-14T20:45:05Z
2017-12-14T21:00:00.000Z,2017-12-14T22:00:00.000Z,14.527304964538985,14.5,14.6,282,2017-12-14T21:00:01Z,2017-12-14T21:59:51Z,49.57198581560288,49.5,49.7,282,2017-12-14T21:00:01Z,2017-12-14T21:59:51Z,1.25,1,1.5,4,2017-12-14T21:00:03Z,2017-12-14T21:45:03Z,88,88,88,4,2017-12-14T21:00:03Z,2017-12-14T21:45:03Z
2017-12-14T22:00:00.000Z,2017-12-14T23:00:00.000Z,14.601465201465137,14.6,14.7,273,2017-12-14T22:00:03Z,2017-12-14T22:59:53Z,51.224908424908435,49.5,52.8,273,2017-12-14T22:00:03Z,2017-12-14T22:59:53Z,0.45,0.3,0.7,4,2017-12-14T22:00:15Z,2017-12-14T22:45:02Z,87.25,87,88,4,2017-12-14T22:00:15Z,2017-12-14T22:45:02Z
2017-12-14T23:00:00.000Z,2017-12-15T00:00:00.000Z,14.719931271477657,14.7,14.8,291,2017-12-14T23:00:05Z,2017-12-14T23:59:55Z,50.6061855670105,50.4,50.9,291,2017-12-14T23:00:05Z,2017-12-14T23:59:55Z,0.35,0.2,0.4,4,2017-12-14T23:00:03Z,2017-12-14T23:45:03Z,87,87,87,4,2017-12-14T23:00:03Z,2017-12-14T23:45:03Z
2017-12-15T00:00:00.000Z,2017-12-15T01:00:00.000Z,14.845833333333351,14.8,14.9,288,2017-12-15T00:00:07Z,2017-12-15T00:59:57Z,50.49409722222236,50.1,50.9,288,2017-12-15T00:00:07Z,2017-12-15T00:59:57Z,0.025,0,0.1,4,2017-12-15T00:00:04Z,2017-12-15T00:45:06Z,86.75,86,87,4,2017-12-15T00:00:04Z,2017-12-15T00:45:06Z
2017-12-15T01:00:00.000Z,2017-12-15T02:00:00.000Z,14.961267605633813,14.9,15,284,2017-12-15T01:00:09Z,2017-12-15T01:59:59Z,50.533802816901634,50.2,50.6,284,2017-12-15T01:00:09Z,2017-12-15T01:59:59Z,0.22500000000000003,0.1,0.3,4,2017-12-15T01:00:07Z,2017-12-15T01:45:03Z,87,87,87,4,2017-12-15T01:00:07Z,2017-12-15T01:45:03Z
2017-12-15T02:00:00.000Z,2017-12-15T03:00:00.000Z,15.087457627118614,15,15.1,295,2017-12-15T02:00:11Z,2017-12-15T02:59:49Z,50.1261016949151,49.8,50.5,295,2017-12-15T02:00:11Z,2017-12-15T02:59:49Z,0.6,0.3,1,4,2017-12-15T02:00:06Z,2017-12-15T02:45:07Z,87.25,87,88,4,2017-12-15T02:00:06Z,2017-12-15T02:45:07Z
2017-12-15T03:00:00.000Z,2017-12-15T04:00:00.000Z,15.161379310344724,15.1,15.2,290,2017-12-15T03:00:01Z,2017-12-15T03:59:51Z,49.55137931034481,49.4,49.8,290,2017-12-15T03:00:01Z,2017-12-15T03:59:51Z,1.2,1.1,1.3,4,2017-12-15T03:00:11Z,2017-12-15T03:45:03Z,88.25,88,89,4,2017-12-15T03:00:11Z,2017-12-15T03:45:03Z
2017-12-15T04:00:00.000Z,2017-12-15T05:00:00.000Z,15.261245674740588,15.2,15.3,289,2017-12-15T04:00:03Z,2017-12-15T04:59:52Z,49.37439446366749,49.3,49.4,289,2017-12-15T04:00:03Z,2017-12-15T04:59:52Z,1.425,1.3,1.5,4,2017-12-15T04:00:04Z,2017-12-15T04:45:02Z,89,89,89,4,2017-12-15T04:00:04Z,2017-12-15T04:45:02Z
2017-12-15T05:00:00.000Z,2017-12-15T06:00:00.000Z,15.333561643835631,15.3,15.4,292,2017-12-15T05:00:04Z,2017-12-15T05:59:54Z,48.95547945205458,48.7,49.3,292,2017-12-15T05:00:04Z,2017-12-15T05:59:54Z,1.775,1.6,1.9,4,2017-12-15T05:00:09Z,2017-12-15T05:45:04Z,89,89,89,4,2017-12-15T05:00:09Z,2017-12-15T05:45:04Z
2017-12-15T06:00:00.000Z,2017-12-15T07:00:00.000Z,15.41736111111116,15.4,15.5,288,2017-12-15T06:00:06Z,2017-12-15T06:59:56Z,48.852083333333184,48.7,48.9,288,2017-12-15T06:00:06Z,2017-12-15T06:59:56Z,2.25,2.1,2.4,4,2017-12-15T06:00:12Z,2017-12-15T06:45:02Z,89.75,89,90,4,2017-12-15T06:00:12Z,2017-12-15T06:45:02Z
2017-12-15T07:00:00.000Z,2017-12-15T08:00:00.000Z,15.5,15.5,15.5,295,2017-12-15T07:00:08Z,2017-12-15T07:59:57Z,48.98983050847458,48.9,49.1,295,2017-12-15T07:00:08Z,2017-12-15T07:59:57Z,2.5749999999999997,2.5,2.6,4,2017-12-15T07:00:06Z,2017-12-15T07:45:02Z,90,90,90,4,2017-12-15T07:00:06Z,2017-12-15T07:45:02Z
2017-12-15T08:00:00.000Z,2017-12-15T09:00:00.000Z,15.59310344827584,15.5,15.6,290,2017-12-15T08:00:09Z,2017-12-15T08:59:59Z,49.18034482758633,49.1,49.3,290,2017-12-15T08:00:09Z,2017-12-15T08:59:59Z,2.65,2.6,2.7,4,2017-12-15T08:00:02Z,2017-12-15T08:45:03Z,90,90,90,4,2017-12-15T08:00:02Z,2017-12-15T08:45:03Z
2017-12-15T09:00:00.000Z,2017-12-15T10:00:00.000Z,15.632867132867037,15.6,15.7,286,2017-12-15T09:00:11Z,2017-12-15T09:59:48Z,48.80314685314663,48.7,49.1,286,2017-12-15T09:00:11Z,2017-12-15T09:59:48Z,2.6500000000000004,2.6,2.7,4,2017-12-15T09:00:06Z,2017-12-15T09:45:09Z,89.5,89,90,4,2017-12-15T09:00:06Z,2017-12-15T09:45:09Z
2017-12-15T10:00:00.000Z,2017-12-15T11:00:00.000Z,15.737370242214581,15.7,15.8,289,2017-12-15T10:00:00Z,2017-12-15T10:59:50Z,48.59307958477511,48.4,48.8,289,2017-12-15T10:00:00Z,2017-12-15T10:59:50Z,3.05,2.8,3.4,4,2017-12-15T10:00:14Z,2017-12-15T10:45:04Z,88.25,87,89,4,2017-12-15T10:00:14Z,2017-12-15T10:45:04Z
2017-12-15T11:00:00.000Z,2017-12-15T12:00:00.000Z,15.919649122807076,15.8,16.1,285,2017-12-15T11:00:02Z,2017-12-15T11:59:51Z,48.26140350877224,48.1,48.4,285,2017-12-15T11:00:02Z,2017-12-15T11:59:51Z,3.2750000000000004,2.3,4.5,4,2017-12-15T11:00:15Z,2017-12-15T11:45:02Z,87.75,83,92,4,2017-12-15T11:00:15Z,2017-12-15T11:45:02Z
2017-12-15T12:00:00.000Z,2017-12-15T13:00:00.000Z,16.23265306122452,16.1,16.4,294,2017-12-15T12:00:03Z,2017-12-15T12:59:52Z,47.51054421768706,46.8,48.1,294,2017-12-15T12:00:03Z,2017-12-15T12:59:52Z,3.3,2.3,4.3,4,2017-12-15T12:00:03Z,2017-12-15T12:45:02Z,88.5,87,91,4,2017-12-15T12:00:03Z,2017-12-15T12:45:02Z
2017-12-15T13:00:00.000Z,2017-12-15T14:00:00.000Z,16.440282685512344,16.4,16.5,283,2017-12-15T13:00:04Z,2017-12-15T13:59:53Z,46.279151943462914,46,46.8,283,2017-12-15T13:00:04Z,2017-12-15T13:59:53Z,2.85,2.5,3.2,4,2017-12-15T13:00:07Z,2017-12-15T13:45:03Z,76.5,75,78,4,2017-12-15T13:00:07Z,2017-12-15T13:45:03Z
2017-12-15T14:00:00.000Z,2017-12-15T15:00:00.000Z,16.398969072164956,16.3,16.4,291,2017-12-15T14:00:05Z,2017-12-15T14:59:54Z,46.03986254295543,46,46.1,291,2017-12-15T14:00:05Z,2017-12-15T14:59:54Z,2.9499999999999997,2.2,3.8,4,2017-12-15T14:00:15Z,2017-12-15T14:45:03Z,77.5,77,78,4,2017-12-15T14:00:15Z,2017-12-15T14:45:03Z
2017-12-15T15:00:00.000Z,2017-12-15T16:00:00.000Z,16.303832752613328,16.3,16.4,287,2017-12-15T15:00:06Z,2017-12-15T15:59:55Z,46.0728222996517,45.9,46.1,287,2017-12-15T15:00:06Z,2017-12-15T15:59:55Z,2.7,2.3,3.1,4,2017-12-15T15:00:09Z,2017-12-15T15:45:02Z,78,78,78,4,2017-12-15T15:00:09Z,2017-12-15T15:45:02Z
2017-12-15T16:00:00.000Z,2017-12-15T17:00:00.000Z,16.30000000000009,16.3,16.3,290,2017-12-15T16:00:07Z,2017-12-15T16:59:56Z,45.6482758620689,45.3,45.9,290,2017-12-15T16:00:07Z,2017-12-15T16:59:56Z,1.7999999999999998,1.6,2,4,2017-12-15T16:00:09Z,2017-12-15T16:45:03Z,79,79,79,4,2017-12-15T16:00:09Z,2017-12-15T16:45:03Z
2017-12-15T17:00:00.000Z,2017-12-15T18:00:00.000Z,16.300000000000082,16.3,16.3,276,2017-12-15T17:00:08Z,2017-12-15T17:59:57Z,45.20724637681172,44.9,45.3,276,2017-12-15T17:00:08Z,2017-12-15T17:59:57Z,1.4,1.3,1.6,4,2017-12-15T17:00:03Z,2017-12-15T17:45:02Z,79,79,79,4,2017-12-15T17:00:03Z,2017-12-15T17:45:02Z
2017-12-15T18:00:00.000Z,2017-12-15T19:00:00.000Z,16.30000000000009,16.3,16.3,291,2017-12-15T18:00:09Z,2017-12-15T18:59:58Z,45.064948453608515,44.9,45.3,291,2017-12-15T18:00:09Z,2017-12-15T18:59:58Z,1.175,0.9,1.4,4,2017-12-15T18:00:10Z,2017-12-15T18:45:03Z,79.25,79,80,4,2017-12-15T18:00:10Z,2017-12-15T18:45:03Z
2017-12-15T19:00:00.000Z,2017-12-15T20:00:00.000Z,16.266920152091274,16.2,16.3,263,2017-12-15T19:00:10Z,2017-12-15T19:59:59Z,47.56273764258557,45.1,49.6,263,2017-12-15T19:00:10Z,2017-12-15T19:59:59Z,1.3,1,1.7,4,2017-12-15T19:00:03Z,2017-12-15T19:45:02Z,81,80,82,4,2017-12-15T19:00:03Z,2017-12-15T19:45:02Z
2017-12-15T20:00:00.000Z,2017-12-15T21:00:00.000Z,16.306620209059286,16.3,16.4,287,2017-12-15T20:00:23Z,2017-12-15T20:59:48Z,47.54878048780485,46.8,48,287,2017-12-15T20:00:23Z,2017-12-15T20:59:48Z,1.6,1.4,1.7,4,2017-12-15T20:00:03Z,2017-12-15T20:45:04Z,80.75,80,81,4,2017-12-15T20:00:03Z,2017-12-15T20:45:04Z
2017-12-15T21:00:00.000Z,2017-12-15T22:00:00.000Z,16.400000000000002,16.4,16.4,292,2017-12-15T21:00:00Z,2017-12-15T21:59:49Z,46.72568493150659,46.6,46.8,292,2017-12-15T21:00:00Z,2017-12-15T21:59:49Z,1.175,1,1.3,4,2017-12-15T21:00:07Z,2017-12-15T21:45:02Z,79.5,79,80,4,2017-12-15T21:00:07Z,2017-12-15T21:45:02Z
2017-12-15T22:00:00.000Z,2017-12-15T23:00:00.000Z,16.40000000000001,16.4,16.4,286,2017-12-15T22:00:01Z,2017-12-15T22:59:50Z,46.13146853146836,45.8,46.7,286,2017-12-15T22:00:01Z,2017-12-15T22:59:50Z,0.8999999999999999,0.8,1,4,2017-12-15T22:00:04Z,2017-12-15T22:45:02Z,80,80,80,4,2017-12-15T22:00:04Z,2017-12-15T22:45:02Z
2017-12-15T23:00:00.000Z,2017-12-16T00:00:00.000Z,16.4,16.4,16.4,293,2017-12-15T23:00:02Z,2017-12-15T23:59:51Z,45.394197952218526,45.2,45.8,293,2017-12-15T23:00:02Z,2017-12-15T23:59:51Z,0.5499999999999999,0.4,0.7,4,2017-12-15T23:00:14Z,2017-12-15T23:45:03Z,79.75,79,80,4,2017-12-15T23:00:14Z,2017-12-15T23:45:03Z
2017-12-16T00:00:00.000Z,2017-12-16T01:00:00.000Z,16.422794117647104,16.4,16.5,272,2017-12-16T00:00:03Z,2017-12-16T00:59:52Z,45.17426470588259,45,45.3,272,2017-12-16T00:00:03Z,2017-12-16T00:59:52Z,0.19999999999999998,0,0.4,4,2017-12-16T00:00:04Z,2017-12-16T00:45:03Z,79,79,79,4,2017-12-16T00:00:04Z,2017-12-16T00:45:03Z
2017-12-16T01:00:00.000Z,2017-12-16T02:00:00.000Z,16.5,16.5,16.5,292,2017-12-16T01:00:04Z,2017-12-16T01:59:53Z,44.82636986301375,44.4,45.2,292,2017-12-16T01:00:04Z,2017-12-16T01:59:53Z,-0.45000000000000007,-0.6,-0.2,4,2017-12-16T01:00:06Z,2017-12-16T01:45:02Z,78.75,78,79,4,2017-12-16T01:00:06Z,2017-12-16T01:45:02Z
2017-12-16T02:00:00.000Z,2017-12-16T03:00:00.000Z,16.5,16.5,16.5,280,2017-12-16T02:00:05Z,2017-12-16T02:59:54Z,44.20178571428582,44,44.5,280,2017-12-16T02:00:05Z,2017-12-16T02:59:54Z,-0.75,-1,-0.6,4,2017-12-16T02:00:07Z,2017-12-16T02:45:03Z,79,79,79,4,2017-12-16T02:00:07Z,2017-12-16T02:45:03Z
2017-12-16T03:00:00.000Z,2017-12-16T04:00:00.000Z,16.5,16.5,16.5,295,2017-12-16T03:00:06Z,2017-12-16T03:59:55Z,44.01627118644074,43.9,44.1,295,2017-12-16T03:00:06Z,2017-12-16T03:59:55Z,-0.8250000000000001,-0.9,-0.8,4,2017-12-16T03:00:09Z,2017-12-16T03:45:03Z,78.5,78,79,4,2017-12-16T03:00:09Z,2017-12-16T03:45:03Z
2017-12-16T04:00:00.000Z,2017-12-16T05:00:00.000Z,16.5,16.5,16.5,294,2017-12-16T04:00:07Z,2017-12-16T04:59:56Z,43.75612244897983,43.7,44,294,2017-12-16T04:00:07Z,2017-12-16T04:59:56Z,-1.2,-1.3,-1.1,4,2017-12-16T04:00:13Z,2017-12-16T04:45:03Z,79,79,79,4,2017-12-16T04:00:13Z,2017-12-16T04:45:03Z
2017-12-16T05:00:00.000Z,2017-12-16T06:00:00.000Z,16.49787985865724,16.4,16.5,283,2017-12-16T05:00:08Z,2017-12-16T05:59:57Z,43.71625441696127,43.7,43.9,283,2017-12-16T05:00:08Z,2017-12-16T05:59:57Z,-1.1,-1.2,-1,4,2017-12-16T05:00:14Z,2017-12-16T05:45:02Z,79.75,79,80,4,2017-12-16T05:00:14Z,2017-12-16T05:45:02Z
2017-12-16T06:00:00.000Z,2017-12-16T07:00:00.000Z,16.479037800687248,16.4,16.5,291,2017-12-16T06:00:09Z,2017-12-16T06:59:58Z,43.74982817869439,43.7,43.9,291,2017-12-16T06:00:09Z,2017-12-16T06:59:58Z,-0.7000000000000001,-0.9,-0.6,4,2017-12-16T06:00:12Z,2017-12-16T06:45:02Z,80,80,80,4,2017-12-16T06:00:12Z,2017-12-16T06:45:02Z
2017-12-16T07:00:00.000Z,2017-12-16T08:00:00.000Z,16.404676258992826,16.4,16.5,278,2017-12-16T07:00:10Z,2017-12-16T07:59:59Z,43.753956834532126,43.7,43.9,278,2017-12-16T07:00:10Z,2017-12-16T07:59:59Z,-0.17500000000000002,-0.4,0,4,2017-12-16T07:00:08Z,2017-12-16T07:45:03Z,81,81,81,4,2017-12-16T07:00:08Z,2017-12-16T07:45:03Z
2017-12-16T08:00:00.000Z,2017-12-16T09:00:00.000Z,16.439007092198608,16.4,16.5,282,2017-12-16T08:00:11Z,2017-12-16T08:59:36Z,43.84999999999981,43.8,44,282,2017-12-16T08:00:11Z,2017-12-16T08:59:36Z,-0.15000000000000002,-0.2,-0.1,4,2017-12-16T08:00:11Z,2017-12-16T08:45:02Z,81,81,81,4,2017-12-16T08:00:11Z,2017-12-16T08:45:02Z
2017-12-16T09:00:00.000Z,2017-12-16T10:00:00.000Z,16.44641638225254,16.4,16.5,293,2017-12-16T09:00:00Z,2017-12-16T09:59:49Z,44.4764505119452,43.7,47,293,2017-12-16T09:00:00Z,2017-12-16T09:59:49Z,-0.1,-0.3,0.1,4,2017-12-16T09:00:11Z,2017-12-16T09:45:03Z,81.75,81,82,4,2017-12-16T09:00:11Z,2017-12-16T09:45:03Z
2017-12-16T10:00:00.000Z,2017-12-16T11:00:00.000Z,16.457823129251718,16.4,16.5,294,2017-12-16T10:00:01Z,2017-12-16T10:59:50Z,43.86496598639442,43.7,44,294,2017-12-16T10:00:01Z,2017-12-16T10:59:50Z,0.85,0.4,1.5,4,2017-12-16T10:00:09Z,2017-12-16T10:45:03Z,80.75,80,81,4,2017-12-16T10:00:09Z,2017-12-16T10:45:03Z
2017-12-16T11:00:00.000Z,2017-12-16T12:00:00.000Z,16.544932432432468,16.5,16.6,296,2017-12-16T11:00:02Z,2017-12-16T11:59:51Z,44.30574324324318,44,44.5,296,2017-12-16T11:00:02Z,2017-12-16T11:59:51Z,2.75,2.2,3.3,4,2017-12-16T11:00:05Z,2017-12-16T11:45:02Z,78,77,79,4,2017-12-16T11:00:05Z,2017-12-16T11:45:02Z
2017-12-16T12:00:00.000Z,2017-12-16T13:00:00.000Z,16.6,16.6,16.6,291,2017-12-16T12:00:03Z,2017-12-16T12:59:52Z,44.5,44.5,44.5,291,2017-12-16T12:00:03Z,2017-12-16T12:59:52Z,2.55,2.5,2.6,4,2017-12-16T12:00:18Z,2017-12-16T12:45:06Z,78.5,78,79,4,2017-12-16T12:00:18Z,2017-12-16T12:45:06Z
2017-12-16T13:00:00.000Z,2017-12-16T14:00:00.000Z,16.6,16.6,16.6,291,2017-12-16T13:00:04Z,2017-12-16T13:59:53Z,44.53298969072182,44.4,44.7,291,2017-12-16T13:00:04Z,2017-12-16T13:59:53Z,2.6,2.5,2.7,4,2017-12-16T13:00:07Z,2017-12-16T13:45:02Z,79,79,79,4,2017-12-16T13:00:07Z,2017-12-16T13:45:02Z
2017-12-16T14:00:00.000Z,2017-12-16T15:00:00.000Z,16.600000000000005,16.6,16.6,293,2017-12-16T14:00:05Z,2017-12-16T14:59:54Z,44.75460750853263,44.6,44.8,293,2017-12-16T14:00:05Z,2017-12-16T14:59:54Z,2.4250000000000003,2,2.7,4,2017-12-16T14:00:02Z,2017-12-16T14:45:02Z,78.75,78,79,4,2017-12-16T14:00:02Z,2017-12-16T14:45:02Z
2017-12-16T15:00:00.000Z,2017-12-16T16:00:00.000Z,16.6,16.6,16.6,290,2017-12-16T15:00:06Z,2017-12-16T15:59:55Z,44.26517241379322,44,44.6,290,2017-12-16T15:00:06Z,2017-12-16T15:59:55Z,1.4499999999999997,1.1,1.7,4,2017-12-16T15:00:04Z,2017-12-16T15:45:05Z,79,79,79,4,2017-12-16T15:00:04Z,2017-12-16T15:45:05Z
2017-12-16T16:00:00.000Z,2017-12-16T17:00:00.000Z,16.599999999999987,16.6,16.6,281,2017-12-16T16:00:07Z,2017-12-16T16:59:56Z,44.18220640569378,44,44.3,281,2017-12-16T16:00:07Z,2017-12-16T16:59:56Z,0.65,0.4,0.9,4,2017-12-16T16:00:08Z,2017-12-16T16:45:02Z,80.5,80,81,4,2017-12-16T16:00:08Z,2017-12-16T16:45:02Z
2017-12-16T17:00:00.000Z,2017-12-16T18:00:00.000Z,16.60000000000001,16.6,16.6,297,2017-12-16T17:00:08Z,2017-12-16T17:59:56Z,43.73400673400687,43.4,44.1,297,2017-12-16T17:00:08Z,2017-12-16T17:59:56Z,0.1,-0.1,0.3,4,2017-12-16T17:00:06Z,2017-12-16T17:45:02Z,81.75,81,82,4,2017-12-16T17:00:06Z,2017-12-16T17:45:02Z
2017-12-16T18:00:00.000Z,2017-12-16T19:00:00.000Z,16.58896551724134,16.5,16.6,290,2017-12-16T18:00:08Z,2017-12-16T18:59:57Z,43.38310344827568,43.2,43.6,290,2017-12-16T18:00:08Z,2017-12-16T18:59:57Z,0,-0.2,0.1,4,2017-12-16T18:00:03Z,2017-12-16T18:45:04Z,83.75,82,85,4,2017-12-16T18:00:03Z,2017-12-16T18:45:04Z
2017-12-16T19:00:00.000Z,2017-12-16T20:00:00.000Z,16.500347222222224,16.5,16.6,288,2017-12-16T19:00:09Z,2017-12-16T19:59:58Z,43.437152777777676,43.4,43.6,288,2017-12-16T19:00:09Z,2017-12-16T19:59:58Z,0.07500000000000001,0,0.1,4,2017-12-16T19:00:05Z,2017-12-16T19:45:02Z,85,85,85,4,2017-12-16T19:00:05Z,2017-12-16T19:45:02Z
2017-12-16T20:00:00.000Z,2017-12-16T21:00:00.000Z,16.533684210526346,16.5,16.6,285,2017-12-16T20:00:10Z,2017-12-16T20:59:59Z,43.62561403508762,43.4,43.8,285,2017-12-16T20:00:10Z,2017-12-16T20:59:59Z,-0.225,-0.4,-0.1,4,2017-12-16T20:00:06Z,2017-12-16T20:45:04Z,85,85,85,4,2017-12-16T20:00:06Z,2017-12-16T20:45:04Z
2017-12-16T21:00:00.000Z,2017-12-16T22:00:00.000Z,16.59999999999998,16.6,16.6,276,2017-12-16T21:00:11Z,2017-12-16T21:59:48Z,46.99818840579713,43.8,49.2,276,2017-12-16T21:00:11Z,2017-12-16T21:59:48Z,-0.625,-0.8,-0.4,4,2017-12-16T21:00:06Z,2017-12-16T21:45:02Z,84.25,84,85,4,2017-12-16T21:00:06Z,2017-12-16T21:45:02Z
2017-12-16T22:00:00.000Z,2017-12-16T23:00:00.000Z,16.599999999999987,16.6,16.6,280,2017-12-16T22:00:00Z,2017-12-16T22:59:49Z,47.075000000000074,45.9,48.3,280,2017-12-16T22:00:00Z,2017-12-16T22:59:49Z,-1.125,-1.4,-0.8,4,2017-12-16T22:00:02Z,2017-12-16T22:45:02Z,83.25,83,84,4,2017-12-16T22:00:02Z,2017-12-16T22:45:02Z
2017-12-16T23:00:00.000Z,2017-12-17T00:00:00.000Z,16.599999999999977,16.6,16.6,273,2017-12-16T23:00:01Z,2017-12-16T23:59:50Z,45.55384615384599,45.3,46,273,2017-12-16T23:00:01Z,2017-12-16T23:59:50Z,-0.95,-1.4,-0.5,4,2017-12-16T23:00:05Z,2017-12-16T23:45:04Z,83.75,83,84,4,2017-12-16T23:00:05Z,2017-12-16T23:45:04Z
2017-12-17T00:00:00.000Z,2017-12-17T01:00:00.000Z,16.600000000000005,16.6,16.6,293,2017-12-17T00:00:02Z,2017-12-17T00:59:50Z,45.067918088737166,44.8,45.3,293,2017-12-17T00:00:02Z,2017-12-17T00:59:50Z,0.025,-0.2,0.2,4,2017-12-17T00:00:10Z,2017-12-17T00:45:02Z,84,84,84,4,2017-12-17T00:00:10Z,2017-12-17T00:45:02Z
2017-12-17T01:00:00.000Z,2017-12-17T02:00:00.000Z,16.599999999999987,16.6,16.6,281,2017-12-17T01:00:02Z,2017-12-17T01:59:51Z,44.834875444839675,44.8,45,281,2017-12-17T01:00:02Z,2017-12-17T01:59:51Z,0.42500000000000004,0.2,0.6,4,2017-12-17T01:00:11Z,2017-12-17T01:45:02Z,84,84,84,4,2017-12-17T01:00:11Z,2017-12-17T01:45:02Z
2017-12-17T02:00:00.000Z,2017-12-17T03:00:00.000Z,16.599999999999984,16.6,16.6,278,2017-12-17T02:00:03Z,2017-12-17T02:59:40Z,44.87086330935237,44.8,45,278,2017-12-17T02:00:03Z,2017-12-17T02:59:40Z,0.8,0.7,1,4,2017-12-17T02:00:03Z,2017-12-17T02:45:03Z,84.25,84,85,4,2017-12-17T02:00:03Z,2017-12-17T02:45:03Z
2017-12-17T03:00:00.000Z,2017-12-17T04:00:00.000Z,16.59999999999999,16.6,16.6,284,2017-12-17T03:00:04Z,2017-12-17T03:59:53Z,45.04577464788758,44.9,45.2,284,2017-12-17T03:00:04Z,2017-12-17T03:59:53Z,1.3499999999999999,1,1.7,4,2017-12-17T03:00:05Z,2017-12-17T03:45:03Z,85,84,86,4,2017-12-17T03:00:05Z,2017-12-17T03:45:03Z
2017-12-17T04:00:00.000Z,2017-12-17T05:00:00.000Z,16.599999999999998,16.6,16.6,288,2017-12-17T04:00:05Z,2017-12-17T04:59:54Z,45.199999999999854,45,45.5,288,2017-12-17T04:00:05Z,2017-12-17T04:59:54Z,1.85,1.8,2,4,2017-12-17T04:00:12Z,2017-12-17T04:45:02Z,86.5,86,87,4,2017-12-17T04:00:12Z,2017-12-17T04:45:02Z
2017-12-17T05:00:00.000Z,2017-12-17T06:00:00.000Z,16.600000000000005,16.6,16.6,295,2017-12-17T05:00:06Z,2017-12-17T05:59:55Z,45.630508474576274,45.4,45.9,295,2017-12-17T05:00:06Z,2017-12-17T05:59:55Z,2.425,2.2,2.8,4,2017-12-17T05:00:14Z,2017-12-17T05:45:02Z,87.5,87,88,4,2017-12-17T05:00:14Z,2017-12-17T05:45:02Z
2017-12-17T06:00:00.000Z,2017-12-17T07:00:00.000Z,16.633217993079487,16.6,16.7,289,2017-12-17T06:00:07Z,2017-12-17T06:59:55Z,46.24394463667808,45.9,46.5,289,2017-12-17T06:00:07Z,2017-12-17T06:59:55Z,3.05,2.9,3.3,4,2017-12-17T06:00:10Z,2017-12-17T06:45:04Z,88,88,88,4,2017-12-17T06:00:10Z,2017-12-17T06:45:04Z
2017-12-17T07:00:00.000Z,2017-12-17T08:00:00.000Z,16.699999999999914,16.7,16.7,279,2017-12-17T07:00:07Z,2017-12-17T07:59:56Z,46.68566308243708,46.5,46.9,279,2017-12-17T07:00:07Z,2017-12-17T07:59:56Z,3.925,3.7,4.1,4,2017-12-17T07:00:04Z,2017-12-17T07:45:03Z,88,88,88,4,2017-12-17T07:00:04Z,2017-12-17T07:45:03Z
2017-12-17T08:00:00.000Z,2017-12-17T09:00:00.000Z,16.699999999999914,16.7,16.7,279,2017-12-17T08:00:08Z,2017-12-17T08:59:57Z,47.156272401433604,46.9,47.5,279,2017-12-17T08:00:08Z,2017-12-17T08:59:57Z,4.199999999999999,4.1,4.4,4,2017-12-17T08:00:11Z,2017-12-17T08:45:03Z,88.25,88,89,4,2017-12-17T08:00:11Z,2017-12-17T08:45:03Z
2017-12-17T09:00:00.000Z,2017-12-17T10:00:00.000Z,16.702054794520464,16.7,16.8,292,2017-12-17T09:00:09Z,2017-12-17T09:59:58Z,48.840068493150724,47.4,52.3,292,2017-12-17T09:00:09Z,2017-12-17T09:59:58Z,4.525,4.4,4.7,4,2017-12-17T09:00:04Z,2017-12-17T09:45:02Z,90,89,91,4,2017-12-17T09:00:04Z,2017-12-17T09:45:02Z
2017-12-17T10:00:00.000Z,2017-12-17T11:00:00.000Z,16.595744680851013,16.4,16.7,282,2017-12-17T10:00:10Z,2017-12-17T10:59:59Z,50.07092198581566,49.1,51.6,282,2017-12-17T10:00:10Z,2017-12-17T10:59:59Z,5.1,4.8,5.4,4,2017-12-17T10:00:08Z,2017-12-17T10:45:04Z,91.25,91,92,4,2017-12-17T10:00:08Z,2017-12-17T10:45:04Z
2017-12-17T11:00:00.000Z,2017-12-17T12:00:00.000Z,16.207719298245543,16,16.4,285,2017-12-17T11:00:11Z,2017-12-17T11:59:48Z,49.46280701754387,49,50.2,285,2017-12-17T11:00:11Z,2017-12-17T11:59:48Z,6.050000000000001,5.6,6.4,4,2017-12-17T11:00:03Z,2017-12-17T11:45:03Z,92.25,92,93,4,2017-12-17T11:00:03Z,2017-12-17T11:45:03Z
2017-12-17T12:00:00.000Z,2017-12-17T13:00:00.000Z,15.842857142857211,15.7,16,287,2017-12-17T12:00:00Z,2017-12-17T12:59:49Z,50.789895470383236,50.2,51.2,287,2017-12-17T12:00:00Z,2017-12-17T12:59:49Z,6.9750000000000005,6.6,7.3,4,2017-12-17T12:00:11Z,2017-12-17T12:45:03Z,92.5,92,93,4,2017-12-17T12:00:11Z,2017-12-17T12:45:03Z
2017-12-17T13:00:00.000Z,2017-12-17T14:00:00.000Z,15.643750000000004,15.6,15.7,288,2017-12-17T13:00:01Z,2017-12-17T13:59:51Z,51.3583333333334,51,51.7,288,2017-12-17T13:00:01Z,2017-12-17T13:59:51Z,8.2,7.8,8.5,4,2017-12-17T13:00:10Z,2017-12-17T13:45:03Z,92.75,92,93,4,2017-12-17T13:00:10Z,2017-12-17T13:45:03Z
2017-12-17T14:00:00.000Z,2017-12-17T15:00:00.000Z,15.485714285714261,15.4,15.6,294,2017-12-17T14:00:03Z,2017-12-17T14:59:52Z,52.0952380952381,51.7,52.5,294,2017-12-17T14:00:03Z,2017-12-17T14:59:52Z,7.925000000000001,7.1,8.5,4,2017-12-17T14:00:08Z,2017-12-17T14:45:05Z,89.75,87,92,4,2017-12-17T14:00:08Z,2017-12-17T14:45:05Z
2017-12-17T15:00:00.000Z,2017-12-17T16:00:00.000Z,15.299999999999981,15.2,15.4,294,2017-12-17T15:00:04Z,2017-12-17T15:59:54Z,51.81360544217692,50.1,53.1,294,2017-12-17T15:00:04Z,2017-12-17T15:59:54Z,5.9,5.3,6.5,4,2017-12-17T15:00:03Z,2017-12-17T15:45:04Z,86,85,87,4,2017-12-17T15:00:03Z,2017-12-17T15:45:04Z
2017-12-17T16:00:00.000Z,2017-12-17T17:00:00.000Z,15.096587030716677,15,15.2,293,2017-12-17T16:00:06Z,2017-12-17T16:59:55Z,49.03276450511951,47.8,50.1,293,2017-12-17T16:00:06Z,2017-12-17T16:59:55Z,4.675,4.5,5,4,2017-12-17T16:00:11Z,2017-12-17T16:45:03Z,83.25,82,84,4,2017-12-17T16:00:11Z,2017-12-17T16:45:03Z
2017-12-17T17:00:00.000Z,2017-12-17T18:00:00.000Z,14.915017064846491,14.8,15,293,2017-12-17T17:00:07Z,2017-12-17T17:59:57Z,48.1030716723551,47.8,48.3,293,2017-12-17T17:00:07Z,2017-12-17T17:59:57Z,3.85,3.4,4.3,4,2017-12-17T17:00:03Z,2017-12-17T17:45:03Z,81,80,82,4,2017-12-17T17:00:03Z,2017-12-17T17:45:03Z
2017-12-17T18:00:00.000Z,2017-12-17T19:00:00.000Z,14.7282229965156,14.6,14.8,287,2017-12-17T18:00:21Z,2017-12-17T18:59:47Z,47.59860627177714,47.4,48.1,287,2017-12-17T18:00:21Z,2017-12-17T18:59:47Z,2.9250000000000003,2.8,3.1,4,2017-12-17T18:00:14Z,2017-12-17T18:45:03Z,83.25,82,84,4,2017-12-17T18:00:14Z,2017-12-17T18:45:03Z
2017-12-17T19:00:00.000Z,2017-12-17T20:00:00.000Z,14.558802816901382,14.5,14.6,284,2017-12-17T19:00:11Z,2017-12-17T19:59:49Z,48.204929577464824,47.8,48.7,284,2017-12-17T19:00:11Z,2017-12-17T19:59:49Z,2.6,2.5,2.7,4,2017-12-17T19:00:04Z,2017-12-17T19:45:02Z,85.25,85,86,4,2017-12-17T19:00:04Z,2017-12-17T19:45:02Z
2017-12-17T20:00:00.000Z,2017-12-17T21:00:00.000Z,14.414482758620768,14.3,14.5,290,2017-12-17T20:00:01Z,2017-12-17T20:59:39Z,48.57862068965527,48.3,48.9,290,2017-12-17T20:00:01Z,2017-12-17T20:59:39Z,2.425,2.2,2.6,4,2017-12-17T20:00:03Z,2017-12-17T20:45:04Z,86.75,86,87,4,2017-12-17T20:00:03Z,2017-12-17T20:45:04Z
2017-12-17T21:00:00.000Z,2017-12-17T22:00:00.000Z,14.25360824742259,14.2,14.3,291,2017-12-17T21:00:03Z,2017-12-17T21:59:53Z,48.78178694158079,48.5,49.1,291,2017-12-17T21:00:03Z,2017-12-17T21:59:53Z,2.825,2.2,4.4,4,2017-12-17T21:00:03Z,2017-12-17T21:45:04Z,87.25,87,88,4,2017-12-17T21:00:03Z,2017-12-17T21:45:04Z
2017-12-17T22:00:00.000Z,2017-12-17T23:00:00.000Z,14.104905660377302,14,14.2,265,2017-12-17T22:00:05Z,2017-12-17T22:59:56Z,48.75245283018875,48.1,49.2,265,2017-12-17T22:00:05Z,2017-12-17T22:59:56Z,2.0500000000000003,1.8,2.4,4,2017-12-17T22:00:07Z,2017-12-17T22:45:02Z,87,87,87,4,2017-12-17T22:00:07Z,2017-12-17T22:45:02Z
2017-12-17T23:00:00.000Z,2017-12-18T00:00:00.000Z,13.960344827586242,13.9,14,290,2017-12-17T23:00:08Z,2017-12-17T23:59:58Z,49.46241379310335,49.1,49.8,290,2017-12-17T23:00:08Z,2017-12-17T23:59:58Z,1.65,1.6,1.7,4,2017-12-17T23:00:08Z,2017-12-17T23:45:02Z,88,88,88,4,2017-12-17T23:00:08Z,2017-12-17T23:45:02Z
2017-12-18T00:00:00.000Z,2017-12-18T01:00:00.000Z,13.844947735191738,13.8,13.9,287,2017-12-18T00:00:10Z,2017-12-18T00:59:36Z,49.81811846689897,49.6,50,287,2017-12-18T00:00:10Z,2017-12-18T00:59:36Z,1.725,1.7,1.8,4,2017-12-18T00:00:14Z,2017-12-18T00:45:03Z,88,88,88,4,2017-12-18T00:00:14Z,2017-12-18T00:45:03Z
2017-12-18T01:00:00.000Z,2017-12-18T02:00:00.000Z,13.717808219178007,13.6,13.8,292,2017-12-18T01:00:01Z,2017-12-18T01:59:51Z,49.76061643835639,49.5,50,292,2017-12-18T01:00:01Z,2017-12-18T01:59:51Z,1.75,1.7,1.9,4,2017-12-18T01:00:03Z,2017-12-18T01:45:04Z,88.75,88,89,4,2017-12-18T01:00:03Z,2017-12-18T01:45:04Z
2017-12-18T02:00:00.000Z,2017-12-18T03:00:00.000Z,13.565853658536554,13.5,13.6,287,2017-12-18T02:00:03Z,2017-12-18T02:59:42Z,49.70871080139385,49.5,49.9,287,2017-12-18T02:00:03Z,2017-12-18T02:59:42Z,1.55,1.5,1.7,4,2017-12-18T02:00:04Z,2017-12-18T02:45:03Z,88.25,88,89,4,2017-12-18T02:00:04Z,2017-12-18T02:45:03Z
2017-12-18T03:00:00.000Z,2017-12-18T04:00:00.000Z,13.436363636363694,13.4,13.5,286,2017-12-18T03:00:06Z,2017-12-18T03:59:57Z,49.6192307692309,49.5,50.1,286,2017-12-18T03:00:06Z,2017-12-18T03:59:57Z,1.375,1.2,1.6,4,2017-12-18T03:00:05Z,2017-12-18T03:45:04Z,88.25,88,89,4,2017-12-18T03:00:05Z,2017-12-18T03:45:04Z
2017-12-18T04:00:00.000Z,2017-12-18T05:00:00.000Z,13.311805555555623,13.3,13.4,288,2017-12-18T04:00:09Z,2017-12-18T04:59:48Z,50.286458333333236,50,50.6,288,2017-12-18T04:00:09Z,2017-12-18T04:59:48Z,1.525,1.4,1.7,4,2017-12-18T04:00:14Z,2017-12-18T04:45:02Z,89,89,89,4,2017-12-18T04:00:14Z,2017-12-18T04:45:02Z
2017-12-18T05:00:00.000Z,2017-12-18T06:00:00.000Z,13.177319587628823,13.1,13.3,291,2017-12-18T05:00:00Z,2017-12-18T05:59:51Z,50.52508591065305,50.2,50.6,291,2017-12-18T05:00:00Z,2017-12-18T05:59:51Z,1.85,1.6,2,4,2017-12-18T05:00:10Z,2017-12-18T05:45:03Z,89.25,89,90,4,2017-12-18T05:00:10Z,2017-12-18T05:45:03Z
2017-12-18T06:00:00.000Z,2017-12-18T07:00:00.000Z,13.072631578947332,13,13.1,285,2017-12-18T06:00:03Z,2017-12-18T06:59:54Z,50.56561403508783,50.5,50.7,285,2017-12-18T06:00:03Z,2017-12-18T06:59:54Z,1.95,1.8,2.1,4,2017-12-18T06:00:13Z,2017-12-18T06:45:03Z,89,89,89,4,2017-12-18T06:00:13Z,2017-12-18T06:45:03Z
2017-12-18T07:00:00.000Z,2017-12-18T08:00:00.000Z,12.940492957746534,12.9,13,284,2017-12-18T07:00:06Z,2017-12-18T07:59:57Z,50.59788732394388,50.5,50.7,284,2017-12-18T07:00:06Z,2017-12-18T07:59:57Z,1.9499999999999997,1.8,2.1,4,2017-12-18T07:00:03Z,2017-12-18T07:45:05Z,89.75,89,90,4,2017-12-18T07:00:03Z,2017-12-18T07:45:05Z
2017-12-18T08:00:00.000Z,2017-12-18T09:00:00.000Z,12.811929824561464,12.8,12.9,285,2017-12-18T08:00:09Z,2017-12-18T08:59:48Z,50.75508771929808,50.5,51.5,285,2017-12-18T08:00:09Z,2017-12-18T08:59:48Z,1.9249999999999998,1.8,2,4,2017-12-18T08:00:11Z,2017-12-18T08:45:04Z,90,90,90,4,2017-12-18T08:00:11Z,2017-12-18T08:45:04Z
2017-12-18T09:00:00.000Z,2017-12-18T10:00:00.000Z,12.76341463414627,12.7,12.8,287,2017-12-18T09:00:00Z,2017-12-18T09:59:51Z,50.87944250871075,50.4,51.8,287,2017-12-18T09:00:00Z,2017-12-18T09:59:51Z,2.375,2.1,2.6,4,2017-12-18T09:00:05Z,2017-12-18T09:45:03Z,90,90,90,4,2017-12-18T09:00:05Z,2017-12-18T09:45:03Z
2017-12-18T10:00:00.000Z,2017-12-18T11:00:00.000Z,12.651567944250843,12.6,12.7,287,2017-12-18T10:00:03Z,2017-12-18T10:59:54Z,51.2515679442507,51.1,51.4,287,2017-12-18T10:00:03Z,2017-12-18T10:59:54Z,2.6,2.6,2.6,4,2017-12-18T10:00:12Z,2017-12-18T10:45:02Z,89.75,89,90,4,2017-12-18T10:00:12Z,2017-12-18T10:45:02Z
2017-12-18T11:00:00.000Z,2017-12-18T12:00:00.000Z,12.533448275862069,12.5,12.6,290,2017-12-18T11:00:06Z,2017-12-18T11:59:58Z,51.36862068965512,51.2,51.7,290,2017-12-18T11:00:06Z,2017-12-18T11:59:58Z,2.85,2.7,3.1,4,2017-12-18T11:00:20Z,2017-12-18T11:45:03Z,89.75,89,90,4,2017-12-18T11:00:20Z,2017-12-18T11:45:03Z
2017-12-18T12:00:00.000Z,2017-12-18T13:00:00.000Z,12.443157894736894,12.4,12.5,285,2017-12-18T12:00:10Z,2017-12-18T12:59:49Z,52.108070175438584,51.7,52.5,285,2017-12-18T12:00:10Z,2017-12-18T12:59:49Z,4.15,3.7,4.6,4,2017-12-18T12:00:05Z,2017-12-18T12:45:08Z,91,91,91,4,2017-12-18T12:00:05Z,2017-12-18T12:45:08Z
2017-12-18T13:00:00.000Z,2017-12-18T14:00:00.000Z,12.400000000000059,12.4,12.4,291,2017-12-18T13:00:01Z,2017-12-18T13:59:52Z,52.9199312714778,52.5,53.3,291,2017-12-18T13:00:01Z,2017-12-18T13:59:52Z,5.275,5,5.6,4,2017-12-18T13:00:04Z,2017-12-18T13:45:05Z,91,91,91,4,2017-12-18T13:00:04Z,2017-12-18T13:45:05Z
2017-12-18T14:00:00.000Z,2017-12-18T15:00:00.000Z,12.336458333333404,12.3,12.4,288,2017-12-18T14:00:04Z,2017-12-18T14:59:56Z,53.60416666666674,53.3,53.9,288,2017-12-18T14:00:04Z,2017-12-18T14:59:56Z,5.675000000000001,5.6,5.7,4,2017-12-18T14:00:04Z,2017-12-18T14:45:04Z,91,91,91,4,2017-12-18T14:00:04Z,2017-12-18T14:45:04Z
2017-12-18T15:00:00.000Z,2017-12-18T16:00:00.000Z,12.274647887323908,12.2,12.3,284,2017-12-18T15:00:08Z,2017-12-18T15:59:59Z,53.92957746478863,53.8,54,284,2017-12-18T15:00:08Z,2017-12-18T15:59:59Z,5.25,4.9,5.6,4,2017-12-18T15:00:04Z,2017-12-18T15:45:03Z,90,90,90,4,2017-12-18T15:00:04Z,2017-12-18T15:45:03Z
2017-12-18T16:00:00.000Z,2017-12-18T17:00:00.000Z,12.180968858131447,12.1,12.2,289,2017-12-18T16:00:11Z,2017-12-18T16:59:51Z,53.81764705882353,53.6,54,289,2017-12-18T16:00:11Z,2017-12-18T16:59:51Z,4.6,4.3,4.8,4,2017-12-18T16:00:04Z,2017-12-18T16:45:04Z,88.75,88,89,4,2017-12-18T16:00:04Z,2017-12-18T16:45:04Z
2017-12-18T17:00:00.000Z,2017-12-18T18:00:00.000Z,12.075347222222184,12,12.1,288,2017-12-18T17:00:03Z,2017-12-18T17:59:54Z,53.55416666666675,53.5,53.6,288,2017-12-18T17:00:03Z,2017-12-18T17:59:54Z,4.075,4,4.2,4,2017-12-18T17:00:10Z,2017-12-18T17:45:04Z,88,88,88,4,2017-12-18T17:00:10Z,2017-12-18T17:45:04Z
2017-12-18T18:00:00.000Z,2017-12-18T19:00:00.000Z,12,12,12,289,2017-12-18T18:00:06Z,2017-12-18T18:59:58Z,53.5,53.5,53.5,289,2017-12-18T18:00:06Z,2017-12-18T18:59:58Z,4.025,4,4.1,4,2017-12-18T18:00:03Z,2017-12-18T18:45:02Z,88,88,88,4,2017-12-18T18:00:03Z,2017-12-18T18:45:02Z
2017-12-18T19:00:00.000Z,2017-12-18T20:00:00.000Z,11.943944636678252,11.9,12,289,2017-12-18T19:00:10Z,2017-12-18T19:59:49Z,53.48096885813138,53.4,54.2,289,2017-12-18T19:00:10Z,2017-12-18T19:59:49Z,4.475,4.3,4.6,4,2017-12-18T19:00:05Z,2017-12-18T19:45:02Z,88,88,88,4,2017-12-18T19:00:05Z,2017-12-18T19:45:02Z
2017-12-18T20:00:00.000Z,2017-12-18T21:00:00.000Z,12.326712328767124,12,12.6,292,2017-12-18T20:00:01Z,2017-12-18T20:59:53Z,56.728082191780906,54.2,60.6,292,2017-12-18T20:00:01Z,2017-12-18T20:59:53Z,4.925,4.7,5.1,4,2017-12-18T20:00:07Z,2017-12-18T20:45:02Z,88,88,88,4,2017-12-18T20:00:07Z,2017-12-18T20:45:02Z
2017-12-18T21:00:00.000Z,2017-12-18T22:00:00.000Z,12.819503546099314,12.6,13,282,2017-12-18T21:00:05Z,2017-12-18T21:59:44Z,61.00141843971633,59.3,63.1,282,2017-12-18T21:00:05Z,2017-12-18T21:59:44Z,5.1,5,5.2,4,2017-12-18T21:00:03Z,2017-12-18T21:45:02Z,88.75,88,89,4,2017-12-18T21:00:03Z,2017-12-18T21:45:02Z
2017-12-18T22:00:00.000Z,2017-12-18T23:00:00.000Z,13.12633451957287,13,13.3,281,2017-12-18T22:00:08Z,2017-12-18T22:59:59Z,58.201067615658395,57.5,59.3,281,2017-12-18T22:00:08Z,2017-12-18T22:59:59Z,5.25,5.1,5.4,4,2017-12-18T22:00:13Z,2017-12-18T22:45:02Z,90,90,90,4,2017-12-18T22:00:13Z,2017-12-18T22:45:02Z
2017-12-18T23:00:00.000Z,2017-12-19T00:00:00.000Z,13.398220640569425,13.3,13.5,281,2017-12-18T23:00:11Z,2017-12-18T23:59:50Z,56.95907473309607,56.6,57.5,281,2017-12-18T23:00:11Z,2017-12-18T23:59:50Z,5.174999999999999,5.1,5.3,4,2017-12-18T23:00:16Z,2017-12-18T23:45:03Z,90,90,90,4,2017-12-18T23:00:16Z,2017-12-18T23:45:03Z
2017-12-19T00:00:00.000Z,2017-12-19T01:00:00.000Z,13.618213058419142,13.5,13.7,291,2017-12-19T00:00:02Z,2017-12-19T00:59:53Z,56.61134020618586,56.6,56.7,291,2017-12-19T00:00:02Z,2017-12-19T00:59:53Z,5.449999999999999,5.1,6.5,4,2017-12-19T00:00:02Z,2017-12-19T00:45:16Z,89.75,89,90,4,2017-12-19T00:00:02Z,2017-12-19T00:45:16Z
2017-12-19T01:00:00.000Z,2017-12-19T02:00:00.000Z,13.80552486187845,13.7,13.9,181,2017-12-19T01:00:05Z,2017-12-19T01:36:54Z,56.697237569060526,56.6,56.8,181,2017-12-19T01:00:05Z,2017-12-19T01:36:54Z,6.499999999999999,6.3,6.7,4,2017-12-19T01:00:14Z,2017-12-19T01:45:03Z,89,89,89,4,2017-12-19T01:00:14Z,2017-12-19T01:45:03Z
2017-12-19T02:00:00.000Z,2017-12-19T03:00:00.000Z,,,,0,,,,,,0,,,6.975,6.6,7.2,4,2017-12-19T02:00:08Z,2017-12-19T02:45:05Z,89.25,89,90,4,2017-12-19T02:00:08Z,2017-12-19T02:45:05Z
2017-12-19T03:00:00.000Z,2017-12-19T04:00:00.000Z,,,,0,,,,,,0,,,7.225,7.1,7.4,4,2017-12-19T03:00:10Z,2017-12-19T03:45:03Z,89.25,89,90,4,2017-12-19T03:00:10Z,2017-12-19T03:45:03Z
2017-12-19T04:00:00.000Z,2017-12-19T05:00:00.000Z,14.440833333333325,14.4,14.5,120,2017-12-19T04:04:12Z,2017-12-19T04:29:25Z,57.02083333333335,57,57.1,120,2017-12-19T04:04:12Z,2017-12-19T04:29:25Z,8.125,7.7,8.5,4,2017-12-19T04:00:04Z,2017-12-19T04:45:02Z,90.75,90,92,4,2017-12-19T04:00:04Z,2017-12-19T04:45:02Z
2017-12-19T05:00:00.000Z,2017-12-19T06:00:00.000Z,,,,0,,,,,,0,,,8.7,8.5,8.8,4,2017-12-19T05:00:16Z,2017-12-19T05:45:02Z,92,92,92,4,2017-12-19T05:00:16Z,2017-12-19T05:45:02Z
2017-12-19T06:00:00.000Z,2017-12-19T07:00:00.000Z,15,15,15,1,2017-12-19T06:59:18Z,2017-12-19T06:59:18Z,57.6,57.6,57.6,1,2017-12-19T06:59:18Z,2017-12-19T06:59:18Z,8.725,8.7,8.8,4,2017-12-19T06:00:14Z,2017-12-19T06:45:02Z,92,92,92,4,2017-12-19T06:00:14Z,2017-12-19T06:45:02Z
2017-12-19T07:00:00.000Z,2017-12-19T08:00:00.000Z,15.082638888888848,15,15.1,144,2017-12-19T07:00:06Z,2017-12-19T07:28:43Z,57.60000000000015,57.6,57.6,144,2017-12-19T07:00:06Z,2017-12-19T07:28:43Z,8.675,8.4,8.9,4,2017-12-19T07:00:10Z,2017-12-19T07:45:03Z,92,92,92,4,2017-12-19T07:00:10Z,2017-12-19T07:45:03Z
2017-12-19T08:00:00.000Z,2017-12-19T09:00:00.000Z,,,,0,,,,,,0,,,8.6,8.4,8.7,4,2017-12-19T08:00:13Z,2017-12-19T08:45:02Z,91.75,91,92,4,2017-12-19T08:00:13Z,2017-12-19T08:45:02Z
2017-12-19T09:00:00.000Z,2017-12-19T10:00:00.000Z,,,,0,,,,,,0,,,8.55,8.5,8.6,4,2017-12-19T09:00:03Z,2017-12-19T09:45:02Z,94,94,94,4,2017-12-19T09:00:03Z,2017-12-19T09:45:02Z
2017-12-19T10:00:00.000Z,2017-12-19T11:00:00.000Z,15.65956521739123,15.6,15.7,230,2017-12-19T10:05:12Z,2017-12-19T10:59:49Z,58.608695652173864,58.3,59,230,2017-12-19T10:05:12Z,2017-12-19T10:59:49Z,9.024999999999999,8.8,9.2,4,2017-12-19T10:00:02Z,2017-12-19T10:45:02Z,93.5,93,94,4,2017-12-19T10:00:02Z,2017-12-19T10:45:02Z
2017-12-19T11:00:00.000Z,2017-12-19T12:00:00.000Z,15.83401360544217,15.7,15.9,294,2017-12-19T11:00:01Z,2017-12-19T11:59:51Z,58.219387755102375,58.2,58.3,294,2017-12-19T11:00:01Z,2017-12-19T11:59:51Z,9.475,9.3,9.6,4,2017-12-19T11:00:17Z,2017-12-19T11:45:03Z,93,93,93,4,2017-12-19T11:00:17Z,2017-12-19T11:45:03Z
2017-12-19T12:00:00.000Z,2017-12-19T13:00:00.000Z,15.978819444444476,15.9,16.1,288,2017-12-19T12:00:03Z,2017-12-19T12:59:52Z,58.28680555555525,58.2,58.3,288,2017-12-19T12:00:03Z,2017-12-19T12:59:52Z,9.725,9.7,9.8,4,2017-12-19T12:00:29Z,2017-12-19T12:45:02Z,93,93,93,4,2017-12-19T12:00:29Z,2017-12-19T12:45:02Z
2017-12-19T13:00:00.000Z,2017-12-19T14:00:00.000Z,16.148958333333223,16.1,16.2,288,2017-12-19T13:00:04Z,2017-12-19T13:59:54Z,58.30069444444413,58.3,58.4,288,2017-12-19T13:00:04Z,2017-12-19T13:59:54Z,9.8,9.8,9.8,4,2017-12-19T13:00:08Z,2017-12-19T13:45:03Z,93,93,93,4,2017-12-19T13:00:08Z,2017-12-19T13:45:03Z
2017-12-19T14:00:00.000Z,2017-12-19T15:00:00.000Z,16.290136054421797,16.2,16.4,294,2017-12-19T14:00:06Z,2017-12-19T14:59:55Z,58.26020408163265,58.1,58.3,294,2017-12-19T14:00:06Z,2017-12-19T14:59:55Z,9.675,9.6,9.8,4,2017-12-19T14:00:03Z,2017-12-19T14:45:05Z,93.5,93,94,4,2017-12-19T14:00:03Z,2017-12-19T14:45:05Z
2017-12-19T15:00:00.000Z,2017-12-19T16:00:00.000Z,16.454166666666683,16.4,16.5,288,2017-12-19T15:00:07Z,2017-12-19T15:59:44Z,57.923958333333026,57.8,58.1,288,2017-12-19T15:00:07Z,2017-12-19T15:59:44Z,9.575,9.5,9.7,4,2017-12-19T15:00:02Z,2017-12-19T15:45:03Z,94,94,94,4,2017-12-19T15:00:02Z,2017-12-19T15:45:03Z
2017-12-19T16:00:00.000Z,2017-12-19T17:00:00.000Z,16.578245614035065,16.5,16.7,285,2017-12-19T16:00:08Z,2017-12-19T16:59:57Z,57.697192982456286,57.4,57.9,285,2017-12-19T16:00:08Z,2017-12-19T16:59:57Z,9.375,9.3,9.5,4,2017-12-19T16:00:03Z,2017-12-19T16:45:03Z,93.25,93,94,4,2017-12-19T16:00:03Z,2017-12-19T16:45:03Z
2017-12-19T17:00:00.000Z,2017-12-19T18:00:00.000Z,16.718275862068943,16.7,16.8,290,2017-12-19T17:00:09Z,2017-12-19T17:59:46Z,57.37758620689621,57.3,57.4,290,2017-12-19T17:00:09Z,2017-12-19T17:59:46Z,9.3,9.3,9.3,4,2017-12-19T17:00:08Z,2017-12-19T17:45:03Z,93.25,93,94,4,2017-12-19T17:00:08Z,2017-12-19T17:45:03Z
2017-12-19T18:00:00.000Z,2017-12-19T19:00:00.000Z,16.832155477031797,16.8,16.9,283,2017-12-19T18:00:10Z,2017-12-19T18:59:59Z,57.110247349823325,56.9,57.3,283,2017-12-19T18:00:10Z,2017-12-19T18:59:59Z,9.25,9.2,9.3,4,2017-12-19T18:00:10Z,2017-12-19T18:45:03Z,93,93,93,4,2017-12-19T18:00:10Z,2017-12-19T18:45:03Z
2017-12-19T19:00:00.000Z,2017-12-19T20:00:00.000Z,16.942652329749134,16.9,17,279,2017-12-19T19:00:11Z,2017-12-19T19:59:48Z,56.63154121863815,56.1,56.9,279,2017-12-19T19:00:11Z,2017-12-19T19:59:48Z,9.125,9,9.3,4,2017-12-19T19:00:04Z,2017-12-19T19:45:02Z,93,93,93,4,2017-12-19T19:00:04Z,2017-12-19T19:45:02Z
2017-12-19T20:00:00.000Z,2017-12-19T21:00:00.000Z,17.017288135593283,17,17.1,295,2017-12-19T20:00:00Z,2017-12-19T20:59:49Z,56.364067796610065,56.1,56.6,295,2017-12-19T20:00:00Z,2017-12-19T20:59:49Z,9.375,9.2,9.6,4,2017-12-19T20:00:07Z,2017-12-19T20:45:02Z,93,93,93,4,2017-12-19T20:00:07Z,2017-12-19T20:45:02Z
2017-12-19T21:00:00.000Z,2017-12-19T22:00:00.000Z,17.126279863481134,17.1,17.2,293,2017-12-19T21:00:01Z,2017-12-19T21:59:50Z,56.78976109214992,56.6,56.9,293,2017-12-19T21:00:01Z,2017-12-19T21:59:50Z,9.85,9.7,10,4,2017-12-19T21:00:02Z,2017-12-19T21:45:03Z,93.25,93,94,4,2017-12-19T21:00:02Z,2017-12-19T21:45:03Z
2017-12-19T22:00:00.000Z,2017-12-19T23:00:00.000Z,17.229757785467143,17.2,17.3,289,2017-12-19T22:00:02Z,2017-12-19T22:59:51Z,57.00795847750879,56.9,57.2,289,2017-12-19T22:00:02Z,2017-12-19T22:59:51Z,10.125,10.1,10.2,4,2017-12-19T22:00:06Z,2017-12-19T22:45:02Z,93,93,93,4,2017-12-19T22:00:06Z,2017-12-19T22:45:02Z
2017-12-19T23:00:00.000Z,2017-12-20T00:00:00.000Z,17.329149797570885,17.3,17.4,247,2017-12-19T23:00:03Z,2017-12-19T23:59:52Z,57.28947368421031,57.2,57.4,247,2017-12-19T23:00:03Z,2017-12-19T23:59:52Z,10.3,10.2,10.4,4,2017-12-19T23:00:18Z,2017-12-19T23:45:07Z,93,93,93,4,2017-12-19T23:00:18Z,2017-12-19T23:45:07Z
2017-12-20T00:00:00.000Z,2017-12-20T01:00:00.000Z,17.43461538461542,17.4,17.5,286,2017-12-20T00:00:04Z,2017-12-20T00:59:52Z,57.28286713286708,57.2,57.3,286,2017-12-20T00:00:04Z,2017-12-20T00:59:52Z,10.25,10.1,10.4,4,2017-12-20T00:00:03Z,2017-12-20T00:45:02Z,92.25,92,93,4,2017-12-20T00:00:03Z,2017-12-20T00:45:02Z
2017-12-20T01:00:00.000Z,2017-12-20T02:00:00.000Z,17.517793594306106,17.5,17.6,281,2017-12-20T01:00:04Z,2017-12-20T01:59:53Z,57.221352313167586,57.2,57.3,281,2017-12-20T01:00:04Z,2017-12-20T01:59:53Z,10.125,10.1,10.2,4,2017-12-20T01:00:05Z,2017-12-20T01:45:03Z,93,93,93,4,2017-12-20T01:00:05Z,2017-12-20T01:45:03Z
2017-12-20T02:00:00.000Z,2017-12-20T03:00:00.000Z,17.615985130111447,17.6,17.7,269,2017-12-20T02:00:05Z,2017-12-20T02:59:53Z,57.20000000000027,57.2,57.2,269,2017-12-20T02:00:05Z,2017-12-20T02:59:53Z,10.125,10,10.2,4,2017-12-20T02:00:08Z,2017-12-20T02:45:03Z,93,93,93,4,2017-12-20T02:00:08Z,2017-12-20T02:45:03Z
2017-12-20T03:00:00.000Z,2017-12-20T04:00:00.000Z,17.71119133574002,17.7,17.8,277,2017-12-20T03:00:05Z,2017-12-20T03:59:54Z,57.231407942238135,57.2,57.3,277,2017-12-20T03:00:05Z,2017-12-20T03:59:54Z,10.350000000000001,10.3,10.4,4,2017-12-20T03:00:04Z,2017-12-20T03:45:03Z,93,93,93,4,2017-12-20T03:00:04Z,2017-12-20T03:45:03Z
2017-12-20T04:00:00.000Z,2017-12-20T05:00:00.000Z,17.800000000000097,17.8,17.8,284,2017-12-20T04:00:06Z,2017-12-20T04:59:54Z,57.54507042253551,57.3,57.7,284,2017-12-20T04:00:06Z,2017-12-20T04:59:54Z,10.174999999999999,10.1,10.2,4,2017-12-20T04:00:09Z,2017-12-20T04:45:05Z,94.5,94,95,4,2017-12-20T04:00:09Z,2017-12-20T04:45:05Z
2017-12-20T05:00:00.000Z,2017-12-20T06:00:00.000Z,17.896739130434774,17.8,17.9,276,2017-12-20T05:00:06Z,2017-12-20T05:59:55Z,57.742391304347976,57.7,57.8,276,2017-12-20T05:00:06Z,2017-12-20T05:59:55Z,10.125,10.1,10.2,4,2017-12-20T05:00:21Z,2017-12-20T05:45:02Z,95,95,95,4,2017-12-20T05:00:21Z,2017-12-20T05:45:02Z
2017-12-20T06:00:00.000Z,2017-12-20T07:00:00.000Z,17.978245614035085,17.9,18,285,2017-12-20T06:00:07Z,2017-12-20T06:59:55Z,57.709824561403735,57.6,58.2,285,2017-12-20T06:00:07Z,2017-12-20T06:59:55Z,10.125,10.1,10.2,4,2017-12-20T06:00:12Z,2017-12-20T06:45:02Z,95.5,95,96,4,2017-12-20T06:00:12Z,2017-12-20T06:45:02Z
2017-12-20T07:00:00.000Z,2017-12-20T08:00:00.000Z,17.871180555555654,17.7,18,288,2017-12-20T07:00:07Z,2017-12-20T07:59:56Z,59.98333333333336,58.3,61.2,288,2017-12-20T07:00:07Z,2017-12-20T07:59:56Z,10.15,10.1,10.2,4,2017-12-20T07:00:03Z,2017-12-20T07:45:02Z,96,96,96,4,2017-12-20T07:00:03Z,2017-12-20T07:45:02Z
2017-12-20T08:00:00.000Z,2017-12-20T09:00:00.000Z,17.599999999999977,17.5,17.7,285,2017-12-20T08:00:08Z,2017-12-20T08:59:56Z,58.94701754385955,58.8,59.1,285,2017-12-20T08:00:08Z,2017-12-20T08:59:56Z,10.1,10.1,10.1,4,2017-12-20T08:00:09Z,2017-12-20T08:45:02Z,96,96,96,4,2017-12-20T08:00:09Z,2017-12-20T08:45:02Z
2017-12-20T09:00:00.000Z,2017-12-20T10:00:00.000Z,17.36538461538472,17.3,17.5,286,2017-12-20T09:00:08Z,2017-12-20T09:59:57Z,58.895104895104666,58.8,59,286,2017-12-20T09:00:08Z,2017-12-20T09:59:57Z,10.25,10.2,10.3,4,2017-12-20T09:00:07Z,2017-12-20T09:45:02Z,96,96,96,4,2017-12-20T09:00:07Z,2017-12-20T09:45:02Z
2017-12-20T10:00:00.000Z,2017-12-20T11:00:00.000Z,17.205460750853216,17.1,17.3,293,2017-12-20T10:00:09Z,2017-12-20T10:59:46Z,58.97372013651881,58.9,59.1,293,2017-12-20T10:00:09Z,2017-12-20T10:59:46Z,10.5,10.3,10.6,4,2017-12-20T10:00:08Z,2017-12-20T10:45:03Z,96,96,96,4,2017-12-20T10:00:08Z,2017-12-20T10:45:03Z
2017-12-20T11:00:00.000Z,2017-12-20T12:00:00.000Z,17.100000000000012,17.1,17.1,293,2017-12-20T11:00:10Z,2017-12-20T11:59:59Z,58.876450511945194,58.7,59,293,2017-12-20T11:00:10Z,2017-12-20T11:59:59Z,10.7,10.4,11,4,2017-12-20T11:00:21Z,2017-12-20T11:45:03Z,94,92,95,4,2017-12-20T11:00:21Z,2017-12-20T11:45:03Z
2017-12-20T12:00:00.000Z,2017-12-20T13:00:00.000Z,17.18006872852224,17.1,17.2,291,2017-12-20T12:00:11Z,2017-12-20T12:59:48Z,58.10309278350509,57.5,58.7,291,2017-12-20T12:00:11Z,2017-12-20T12:59:48Z,10.35,9.9,11.5,4,2017-12-20T12:00:12Z,2017-12-20T12:45:02Z,94.5,91,96,4,2017-12-20T12:00:12Z,2017-12-20T12:45:02Z
2017-12-20T13:00:00.000Z,2017-12-20T14:00:00.000Z,17.181818181818183,17.1,17.2,297,2017-12-20T13:00:00Z,2017-12-20T13:59:49Z,57.25117845117869,57.1,57.5,297,2017-12-20T13:00:00Z,2017-12-20T13:59:49Z,10.3,9.9,10.8,4,2017-12-20T13:00:04Z,2017-12-20T13:45:03Z,87.5,83,95,4,2017-12-20T13:00:04Z,2017-12-20T13:45:03Z
2017-12-20T14:00:00.000Z,2017-12-20T15:00:00.000Z,16.983673469387707,16.9,17.1,294,2017-12-20T14:00:01Z,2017-12-20T14:59:49Z,57.08571428571424,56.8,57.2,294,2017-12-20T14:00:01Z,2017-12-20T14:59:49Z,9.675,9.3,10.1,4,2017-12-20T14:00:02Z,2017-12-20T14:45:02Z,86.5,86,87,4,2017-12-20T14:00:02Z,2017-12-20T14:45:02Z
2017-12-20T15:00:00.000Z,2017-12-20T16:00:00.000Z,16.774740484429035,16.7,16.9,289,2017-12-20T15:00:01Z,2017-12-20T15:59:50Z,56.6273356401385,56.5,56.8,289,2017-12-20T15:00:01Z,2017-12-20T15:59:50Z,8.725,8.5,9,4,2017-12-20T15:00:09Z,2017-12-20T15:45:02Z,88,87,89,4,2017-12-20T15:00:09Z,2017-12-20T15:45:02Z
2017-12-20T16:00:00.000Z,2017-12-20T17:00:00.000Z,16.613793103448245,16.5,16.7,290,2017-12-20T16:00:02Z,2017-12-20T16:59:52Z,56.407241379310086,56.3,56.5,290,2017-12-20T16:00:02Z,2017-12-20T16:59:52Z,7.85,7.5,8.2,4,2017-12-20T16:00:07Z,2017-12-20T16:45:02Z,89.5,89,90,4,2017-12-20T16:00:07Z,2017-12-20T16:45:02Z
2017-12-20T17:00:00.000Z,2017-12-20T18:00:00.000Z,16.45793103448273,16.4,16.5,290,2017-12-20T17:00:04Z,2017-12-20T17:59:53Z,56.082758620689866,55.3,56.3,290,2017-12-20T17:00:04Z,2017-12-20T17:59:53Z,7.45,7.3,7.6,4,2017-12-20T17:00:03Z,2017-12-20T17:45:05Z,90.75,90,91,4,2017-12-20T17:00:03Z,2017-12-20T17:45:05Z
2017-12-20T18:00:00.000Z,2017-12-20T19:00:00.000Z,16.269178082191704,16.2,16.4,292,2017-12-20T18:00:05Z,2017-12-20T18:59:54Z,53.855821917808214,53.3,55.3,292,2017-12-20T18:00:05Z,2017-12-20T18:59:54Z,7.2250000000000005,7.1,7.3,4,2017-12-20T18:00:05Z,2017-12-20T18:45:06Z,91,91,91,4,2017-12-20T18:00:05Z,2017-12-20T18:45:06Z
2017-12-20T19:00:00.000Z,2017-12-20T20:00:00.000Z,16.08379310344823,16,16.2,290,2017-12-20T19:00:06Z,2017-12-20T19:59:56Z,54.32379310344829,53.7,54.8,290,2017-12-20T19:00:06Z,2017-12-20T19:59:56Z,7.4,7.4,7.4,4,2017-12-20T19:00:02Z,2017-12-20T19:45:04Z,92,92,92,4,2017-12-20T19:00:02Z,2017-12-20T19:45:04Z
2017-12-20T20:00:00.000Z,2017-12-20T21:00:00.000Z,15.98877192982453,15.9,16,285,2017-12-20T20:00:08Z,2017-12-20T20:59:57Z,55.18245614035083,54.8,55.4,285,2017-12-20T20:00:08Z,2017-12-20T20:59:57Z,7.25,7.1,7.4,4,2017-12-20T20:00:07Z,2017-12-20T20:45:02Z,92,92,92,4,2017-12-20T20:00:07Z,2017-12-20T20:45:02Z
2017-12-20T21:00:00.000Z,2017-12-20T22:00:00.000Z,15.89275862068971,15.8,15.9,290,2017-12-20T21:00:09Z,2017-12-20T21:59:59Z,55.4806896551724,55.4,55.6,290,2017-12-20T21:00:09Z,2017-12-20T21:59:59Z,7.05,7,7.1,4,2017-12-20T21:00:09Z,2017-12-20T21:45:04Z,92,92,92,4,2017-12-20T21:00:09Z,2017-12-20T21:45:04Z
2017-12-20T22:00:00.000Z,2017-12-20T23:00:00.000Z,15.800000000000084,15.8,15.8,287,2017-12-20T22:00:11Z,2017-12-20T22:59:48Z,55.89651567944251,55.5,56.1,287,2017-12-20T22:00:11Z,2017-12-20T22:59:48Z,6.975,6.9,7,4,2017-12-20T22:00:09Z,2017-12-20T22:45:02Z,92,92,92,4,2017-12-20T22:00:09Z,2017-12-20T22:45:02Z
2017-12-20T23:00:00.000Z,2017-12-21T00:00:00.000Z,15.715306122448903,15.6,15.8,294,2017-12-20T23:00:00Z,2017-12-20T23:59:50Z,55.8469387755099,55.8,56,294,2017-12-20T23:00:00Z,2017-12-20T23:59:50Z,6.825,6.8,6.9,4,2017-12-20T23:00:03Z,2017-12-20T23:45:02Z,92.5,92,93,4,2017-12-20T23:00:03Z,2017-12-20T23:45:02Z
2017-12-21T00:00:00.000Z,2017-12-21T01:00:00.000Z,15.584536082474175,15.5,15.6,291,2017-12-21T00:00:02Z,2017-12-21T00:59:51Z,55.93298969072142,55.8,56.1,291,2017-12-21T00:00:02Z,2017-12-21T00:59:51Z,6.6,6.4,6.8,4,2017-12-21T00:00:05Z,2017-12-21T00:45:03Z,92.75,92,93,4,2017-12-21T00:00:05Z,2017-12-21T00:45:03Z
2017-12-21T01:00:00.000Z,2017-12-21T02:00:00.000Z,15.484641638225225,15.4,15.5,293,2017-12-21T01:00:03Z,2017-12-21T01:59:53Z,55.90648464163818,55.8,56.1,293,2017-12-21T01:00:03Z,2017-12-21T01:59:53Z,6.200000000000001,6.1,6.4,4,2017-12-21T01:00:11Z,2017-12-21T01:45:05Z,92,92,92,4,2017-12-21T01:00:11Z,2017-12-21T01:45:05Z
2017-12-21T02:00:00.000Z,2017-12-21T03:00:00.000Z,15.371379310344919,15.3,15.4,290,2017-12-21T02:00:05Z,2017-12-21T02:59:55Z,55.721379310344894,55.6,55.9,290,2017-12-21T02:00:05Z,2017-12-21T02:59:55Z,6,6,6,4,2017-12-21T02:00:07Z,2017-12-21T02:45:04Z,92,92,92,4,2017-12-21T02:00:07Z,2017-12-21T02:45:04Z
2017-12-21T03:00:00.000Z,2017-12-21T04:00:00.000Z,15.288095238095277,15.2,15.3,294,2017-12-21T03:00:07Z,2017-12-21T03:59:57Z,55.87789115646245,55.8,56.1,294,2017-12-21T03:00:07Z,2017-12-21T03:59:57Z,6.074999999999999,6,6.1,4,2017-12-21T03:00:06Z,2017-12-21T03:45:13Z,91.75,91,92,4,2017-12-21T03:00:06Z,2017-12-21T03:45:13Z
2017-12-21T04:00:00.000Z,2017-12-21T05:00:00.000Z,15.181949458483704,15.1,15.2,277,2017-12-21T04:00:09Z,2017-12-21T04:59:59Z,55.840794223826464,55.7,55.9,277,2017-12-21T04:00:09Z,2017-12-21T04:59:59Z,6.124999999999999,6.1,6.2,4,2017-12-21T04:00:15Z,2017-12-21T04:45:03Z,91,91,91,4,2017-12-21T04:00:15Z,2017-12-21T04:45:03Z
2017-12-21T05:00:00.000Z,2017-12-21T06:00:00.000Z,15.099999999999937,15.1,15.1,273,2017-12-21T05:00:11Z,2017-12-21T05:59:49Z,55.76446886446871,55.7,55.9,273,2017-12-21T05:00:11Z,2017-12-21T05:59:49Z,6.15,6.1,6.2,4,2017-12-21T05:00:09Z,2017-12-21T05:45:03Z,90,90,90,4,2017-12-21T05:00:09Z,2017-12-21T05:45:03Z
2017-12-21T06:00:00.000Z,2017-12-21T07:00:00.000Z,15.019031141868515,15,15.1,289,2017-12-21T06:00:01Z,2017-12-21T06:59:51Z,55.82422145328727,55.6,56,289,2017-12-21T06:00:01Z,2017-12-21T06:59:51Z,6.2,6.2,6.2,4,2017-12-21T06:00:16Z,2017-12-21T06:45:06Z,89.5,89,90,4,2017-12-21T06:00:16Z,2017-12-21T06:45:06Z
2017-12-21T07:00:00.000Z,2017-12-21T08:00:00.000Z,14.907913669064806,14.9,15,278,2017-12-21T07:00:03Z,2017-12-21T07:59:53Z,55.64712230215839,55.6,55.8,278,2017-12-21T07:00:03Z,2017-12-21T07:59:53Z,5.9750000000000005,5.8,6.2,4,2017-12-21T07:00:11Z,2017-12-21T07:45:02Z,89.5,89,90,4,2017-12-21T07:00:11Z,2017-12-21T07:45:02Z
2017-12-21T08:00:00.000Z,2017-12-21T09:00:00.000Z,14.820557491289279,14.8,14.9,287,2017-12-21T08:00:05Z,2017-12-21T08:59:43Z,55.617421602787445,55.4,55.8,287,2017-12-21T08:00:05Z,2017-12-21T08:59:43Z,5.5,5,5.8,4,2017-12-21T08:00:11Z,2017-12-21T08:45:02Z,88.75,88,89,4,2017-12-21T08:00:11Z,2017-12-21T08:45:02Z
2017-12-21T09:00:00.000Z,2017-12-21T10:00:00.000Z,14.738225255972594,14.7,14.8,293,2017-12-21T09:00:07Z,2017-12-21T09:59:57Z,55.351535836177575,54.7,55.7,293,2017-12-21T09:00:07Z,2017-12-21T09:59:57Z,4.725,4.6,4.8,4,2017-12-21T09:00:08Z,2017-12-21T09:45:02Z,89,89,89,4,2017-12-21T09:00:08Z,2017-12-21T09:45:02Z
2017-12-21T10:00:00.000Z,2017-12-21T11:00:00.000Z,14.672108843537382,14.6,14.7,294,2017-12-21T10:00:09Z,2017-12-21T10:59:59Z,55.3952380952381,55.1,55.6,294,2017-12-21T10:00:09Z,2017-12-21T10:59:59Z,4.824999999999999,4.7,5.1,4,2017-12-21T10:00:04Z,2017-12-21T10:45:03Z,88,88,88,4,2017-12-21T10:00:04Z,2017-12-21T10:45:03Z
2017-12-21T11:00:00.000Z,2017-12-21T12:00:00.000Z,14.599999999999953,14.6,14.6,293,2017-12-21T11:00:11Z,2017-12-21T11:59:50Z,55.86996587030699,55.6,56.1,293,2017-12-21T11:00:11Z,2017-12-21T11:59:50Z,5.825,5.4,6.3,4,2017-12-21T11:00:07Z,2017-12-21T11:45:03Z,87.25,87,88,4,2017-12-21T11:00:07Z,2017-12-21T11:45:03Z
2017-12-21T12:00:00.000Z,2017-12-21T13:00:00.000Z,14.587285223367646,14.5,14.6,291,2017-12-21T12:00:02Z,2017-12-21T12:59:52Z,56.050515463917655,55.9,56.1,291,2017-12-21T12:00:02Z,2017-12-21T12:59:52Z,6.7,6.5,6.8,4,2017-12-21T12:00:10Z,2017-12-21T12:45:02Z,86.25,86,87,4,2017-12-21T12:00:10Z,2017-12-21T12:45:02Z
2017-12-21T13:00:00.000Z,2017-12-21T14:00:00.000Z,14.5,14.5,14.5,294,2017-12-21T13:00:04Z,2017-12-21T13:59:54Z,56.0772108843539,56,56.1,294,2017-12-21T13:00:04Z,2017-12-21T13:59:54Z,7.1,6.9,7.3,4,2017-12-21T13:00:03Z,2017-12-21T13:45:03Z,85.25,85,86,4,2017-12-21T13:00:03Z,2017-12-21T13:45:03Z
2017-12-21T14:00:00.000Z,2017-12-21T15:00:00.000Z,14.440273037542703,14.4,14.5,293,2017-12-21T14:00:06Z,2017-12-21T14:59:57Z,56.1194539249149,56.1,56.2,293,2017-12-21T14:00:06Z,2017-12-21T14:59:57Z,6.625,6.4,6.9,4,2017-12-21T14:00:09Z,2017-12-21T14:45:03Z,86,86,86,4,2017-12-21T14:00:09Z,2017-12-21T14:45:03Z
2017-12-21T15:00:00.000Z,2017-12-21T16:00:00.000Z,14.348122866894306,14.3,14.4,293,2017-12-21T15:00:09Z,2017-12-21T15:59:47Z,56.24573378839578,56.2,56.4,293,2017-12-21T15:00:09Z,2017-12-21T15:59:47Z,5.6,5.2,6,4,2017-12-21T15:00:04Z,2017-12-21T15:45:05Z,86.75,86,87,4,2017-12-21T15:00:04Z,2017-12-21T15:45:05Z
2017-12-21T16:00:00.000Z,2017-12-21T17:00:00.000Z,14.250602409638464,14.2,14.3,249,2017-12-21T16:00:11Z,2017-12-21T16:59:49Z,56.05301204819264,55.8,56.3,249,2017-12-21T16:00:11Z,2017-12-21T16:59:49Z,4.8,4.6,5,3,2017-12-21T16:00:15Z,2017-12-21T16:30:04Z,87.66666666666667,87,88,3,2017-12-21T16:00:15Z,2017-12-21T16:30:04Z
2017-12-21T17:00:00.000Z,2017-12-21T18:00:00.000Z,14.133448275862019,14.1,14.2,290,2017-12-21T17:00:13Z,2017-12-21T17:59:52Z,55.685172413793325,55.6,56,290,2017-12-21T17:00:13Z,2017-12-21T17:59:52Z,4,3.8,4.2,4,2017-12-21T17:00:05Z,2017-12-21T17:45:04Z,88.25,88,89,4,2017-12-21T17:00:05Z,2017-12-21T17:45:04Z
2017-12-21T18:00:00.000Z,2017-12-21T19:00:00.000Z,14.029794520547945,14,14.1,292,2017-12-21T18:00:04Z,2017-12-21T18:59:54Z,55.56506849315082,55.5,55.7,292,2017-12-21T18:00:04Z,2017-12-21T18:59:54Z,3.65,3.6,3.8,4,2017-12-21T18:00:03Z,2017-12-21T18:45:03Z,89,89,89,4,2017-12-21T18:00:03Z,2017-12-21T18:45:03Z
2017-12-21T19:00:00.000Z,2017-12-21T20:00:00.000Z,13.925435540069753,13.9,14,287,2017-12-21T19:00:06Z,2017-12-21T19:59:57Z,55.39128919860624,55,55.5,287,2017-12-21T19:00:06Z,2017-12-21T19:59:57Z,3.125,3,3.3,4,2017-12-21T19:00:08Z,2017-12-21T19:45:04Z,89,89,89,4,2017-12-21T19:00:08Z,2017-12-21T19:45:04Z
2017-12-21T20:00:00.000Z,2017-12-21T21:00:00.000Z,13.836486486486578,13.8,13.9,296,2017-12-21T20:00:09Z,2017-12-21T20:59:59Z,54.96216216216201,54.8,55.1,296,2017-12-21T20:00:09Z,2017-12-21T20:59:59Z,3,2.9,3.1,4,2017-12-21T20:00:09Z,2017-12-21T20:45:02Z,89.25,89,90,4,2017-12-21T20:00:09Z,2017-12-21T20:45:02Z
2017-12-21T21:00:00.000Z,2017-12-21T22:00:00.000Z,13.7486301369862,13.7,13.8,292,2017-12-21T21:00:11Z,2017-12-21T21:59:50Z,55.07500000000027,54.9,55.2,292,2017-12-21T21:00:11Z,2017-12-21T21:59:50Z,2.925,2.8,3,4,2017-12-21T21:00:02Z,2017-12-21T21:45:03Z,90,90,90,4,2017-12-21T21:00:02Z,2017-12-21T21:45:03Z
2017-12-21T22:00:00.000Z,2017-12-21T23:00:00.000Z,13.66271186440674,13.6,13.7,295,2017-12-21T22:00:02Z,2017-12-21T22:59:53Z,55.08338983050849,54.9,55.2,295,2017-12-21T22:00:02Z,2017-12-21T22:59:53Z,2.7249999999999996,2.7,2.8,4,2017-12-21T22:00:08Z,2017-12-21T22:45:03Z,90,90,90,4,2017-12-21T22:00:08Z,2017-12-21T22:45:03Z
2017-12-21T23:00:00.000Z,2017-12-22T00:00:00.000Z,13.579853479853437,13.5,13.6,273,2017-12-21T23:00:05Z,2017-12-21T23:59:55Z,55.045054945055064,55,55.1,273,2017-12-21T23:00:05Z,2017-12-21T23:59:55Z,2.8249999999999997,2.8,2.9,4,2017-12-21T23:00:15Z,2017-12-21T23:45:03Z,90.25,90,91,4,2017-12-21T23:00:15Z,2017-12-21T23:45:03Z
2017-12-22T00:00:00.000Z,2017-12-22T01:00:00.000Z,13.499317406143346,13.4,13.5,293,2017-12-22T00:00:07Z,2017-12-22T00:59:58Z,54.963139931740464,54.8,55.2,293,2017-12-22T00:00:07Z,2017-12-22T00:59:58Z,2.375,2.1,2.7,4,2017-12-22T00:00:25Z,2017-12-22T00:45:05Z,89.75,89,91,4,2017-12-22T00:00:25Z,2017-12-22T00:45:05Z
2017-12-22T01:00:00.000Z,2017-12-22T02:00:00.000Z,13.401718213058482,13.4,13.5,291,2017-12-22T01:00:10Z,2017-12-22T01:59:49Z,54.87147766323041,54.5,55.1,291,2017-12-22T01:00:10Z,2017-12-22T01:59:49Z,1.9,1.8,2,4,2017-12-22T01:00:11Z,2017-12-22T01:45:02Z,89.5,89,90,4,2017-12-22T01:00:11Z,2017-12-22T01:45:02Z
2017-12-22T02:00:00.000Z,2017-12-22T03:00:00.000Z,13.293402777777818,13.2,13.4,288,2017-12-22T02:00:01Z,2017-12-22T02:59:52Z,54.14826388888891,53.8,54.6,288,2017-12-22T02:00:01Z,2017-12-22T02:59:52Z,1.5499999999999998,1.4,1.7,4,2017-12-22T02:00:03Z,2017-12-22T02:45:16Z,89.25,89,90,4,2017-12-22T02:00:03Z,2017-12-22T02:45:16Z
2017-12-22T03:00:00.000Z,2017-12-22T04:00:00.000Z,13.176767676767629,13.1,13.2,297,2017-12-22T03:00:04Z,2017-12-22T03:59:55Z,53.95858585858585,53.7,54.4,297,2017-12-22T03:00:04Z,2017-12-22T03:59:55Z,1.525,1.5,1.6,4,2017-12-22T03:00:12Z,2017-12-22T03:45:07Z,90,90,90,4,2017-12-22T03:00:12Z,2017-12-22T03:45:07Z
2017-12-22T04:00:00.000Z,2017-12-22T05:00:00.000Z,13.09999999999994,13.1,13.1,281,2017-12-22T04:00:07Z,2017-12-22T04:59:58Z,54.34839857651248,54.1,54.7,281,2017-12-22T04:00:07Z,2017-12-22T04:59:58Z,1.625,1.5,1.8,4,2017-12-22T04:00:16Z,2017-12-22T04:45:03Z,90.75,90,91,4,2017-12-22T04:00:16Z,2017-12-22T04:45:03Z
2017-12-22T05:00:00.000Z,2017-12-22T06:00:00.000Z,13.007958477508652,13,13.1,289,2017-12-22T05:00:10Z,2017-12-22T05:59:49Z,54.756747404844184,54.6,55,289,2017-12-22T05:00:10Z,2017-12-22T05:59:49Z,2.2249999999999996,1.8,2.7,4,2017-12-22T05:00:03Z,2017-12-22T05:45:03Z,91.75,91,93,4,2017-12-22T05:00:03Z,2017-12-22T05:45:03Z
2017-12-22T06:00:00.000Z,2017-12-22T07:00:00.000Z,12.919112627986413,12.9,13,293,2017-12-22T06:00:01Z,2017-12-22T06:59:40Z,55.42047781569975,55,55.8,293,2017-12-22T06:00:01Z,2017-12-22T06:59:40Z,3.45,3.1,3.7,4,2017-12-22T06:00:06Z,2017-12-22T06:45:03Z,93,93,93,4,2017-12-22T06:00:06Z,2017-12-22T06:45:03Z
2017-12-22T07:00:00.000Z,2017-12-22T08:00:00.000Z,12.87986111111119,12.8,12.9,288,2017-12-22T07:00:04Z,2017-12-22T07:59:56Z,56.05590277777774,55.8,56.4,288,2017-12-22T07:00:04Z,2017-12-22T07:59:56Z,4.275,3.9,4.7,4,2017-12-22T07:00:11Z,2017-12-22T07:45:02Z,94,94,94,4,2017-12-22T07:00:11Z,2017-12-22T07:45:02Z
2017-12-22T08:00:00.000Z,2017-12-22T09:00:00.000Z,12.800000000000061,12.8,12.8,286,2017-12-22T08:00:08Z,2017-12-22T08:59:59Z,56.7115384615384,56.4,57.1,286,2017-12-22T08:00:08Z,2017-12-22T08:59:59Z,5,4.8,5.2,4,2017-12-22T08:00:04Z,2017-12-22T08:45:02Z,94.75,94,95,4,2017-12-22T08:00:04Z,2017-12-22T08:45:02Z
2017-12-22T09:00:00.000Z,2017-12-22T10:00:00.000Z,12.790816326530644,12.7,12.8,294,2017-12-22T09:00:11Z,2017-12-22T09:59:50Z,57.45680272108843,57,57.6,294,2017-12-22T09:00:11Z,2017-12-22T09:59:50Z,5.675,5.5,5.8,4,2017-12-22T09:00:12Z,2017-12-22T09:45:03Z,95,95,95,4,2017-12-22T09:00:12Z,2017-12-22T09:45:03Z
2017-12-22T10:00:00.000Z,2017-12-22T11:00:00.000Z,12.700684931506785,12.7,12.8,292,2017-12-22T10:00:02Z,2017-12-22T10:59:53Z,57.85753424657537,57.6,58.3,292,2017-12-22T10:00:02Z,2017-12-22T10:59:53Z,6.1,5.8,6.5,4,2017-12-22T10:00:03Z,2017-12-22T10:45:03Z,94.75,94,95,4,2017-12-22T10:00:03Z,2017-12-22T10:45:03Z
2017-12-22T11:00:00.000Z,2017-12-22T12:00:00.000Z,12.699999999999937,12.7,12.7,289,2017-12-22T11:00:05Z,2017-12-22T11:59:57Z,58.55397923875441,58.3,59,289,2017-12-22T11:00:05Z,2017-12-22T11:59:57Z,6.85,6.7,7,4,2017-12-22T11:00:08Z,2017-12-22T11:45:02Z,95,95,95,4,2017-12-22T11:00:08Z,2017-12-22T11:45:02Z
2017-12-22T12:00:00.000Z,2017-12-22T13:00:00.000Z,12.60766550522642,12.6,12.7,287,2017-12-22T12:00:09Z,2017-12-22T12:59:48Z,59.31742160278735,59,59.7,287,2017-12-22T12:00:09Z,2017-12-22T12:59:48Z,7.65,7.3,8,4,2017-12-22T12:00:15Z,2017-12-22T12:45:05Z,95,95,95,4,2017-12-22T12:00:15Z,2017-12-22T12:45:05Z
2017-12-22T13:00:00.000Z,2017-12-22T14:00:00.000Z,12.599999999999937,12.6,12.6,296,2017-12-22T13:00:00Z,2017-12-22T13:59:51Z,59.90810810810797,59.7,60.1,296,2017-12-22T13:00:00Z,2017-12-22T13:59:51Z,8.175,8.1,8.3,4,2017-12-22T13:00:09Z,2017-12-22T13:45:02Z,94.25,94,95,4,2017-12-22T13:00:09Z,2017-12-22T13:45:02Z
2017-12-22T14:00:00.000Z,2017-12-22T15:00:00.000Z,12.59999999999994,12.6,12.6,294,2017-12-22T14:00:03Z,2017-12-22T14:59:55Z,60.12040816326536,59.9,60.3,294,2017-12-22T14:00:03Z,2017-12-22T14:59:55Z,8.475,8.4,8.5,4,2017-12-22T14:00:13Z,2017-12-22T14:45:02Z,95,95,95,4,2017-12-22T14:00:13Z,2017-12-22T14:45:02Z
2017-12-22T15:00:00.000Z,2017-12-22T16:00:00.000Z,12.59586206896546,12.5,12.6,290,2017-12-22T15:00:07Z,2017-12-22T15:59:58Z,60.48413793103451,60.2,60.7,290,2017-12-22T15:00:07Z,2017-12-22T15:59:58Z,8.5,8.5,8.5,4,2017-12-22T15:00:12Z,2017-12-22T15:45:04Z,95,95,95,4,2017-12-22T15:00:12Z,2017-12-22T15:45:04Z
2017-12-22T16:00:00.000Z,2017-12-22T17:00:00.000Z,12.502721088435374,12.5,12.6,294,2017-12-22T16:00:10Z,2017-12-22T16:59:50Z,60.88775510204079,60.5,62.6,294,2017-12-22T16:00:10Z,2017-12-22T16:59:50Z,8.5,8.5,8.5,4,2017-12-22T16:00:03Z,2017-12-22T16:45:02Z,95,95,95,4,2017-12-22T16:00:03Z,2017-12-22T16:45:02Z
2017-12-22T17:00:00.000Z,2017-12-22T18:00:00.000Z,12.469491525423756,12.4,12.5,295,2017-12-22T17:00:02Z,2017-12-22T17:59:53Z,64.63932203389828,62.6,65.9,295,2017-12-22T17:00:02Z,2017-12-22T17:59:53Z,8.55,8.5,8.6,4,2017-12-22T17:00:06Z,2017-12-22T17:45:03Z,95,95,95,4,2017-12-22T17:00:06Z,2017-12-22T17:45:03Z
2017-12-22T18:00:00.000Z,2017-12-22T19:00:00.000Z,12.40000000000006,12.4,12.4,294,2017-12-22T18:00:05Z,2017-12-22T18:59:57Z,66.45578231292502,65.8,67.1,294,2017-12-22T18:00:05Z,2017-12-22T18:59:57Z,8.75,8.7,8.8,4,2017-12-22T18:00:09Z,2017-12-22T18:45:02Z,95,95,95,4,2017-12-22T18:00:09Z,2017-12-22T18:45:02Z
2017-12-22T19:00:00.000Z,2017-12-22T20:00:00.000Z,12.436428571428596,12.4,12.5,280,2017-12-22T19:00:09Z,2017-12-22T19:59:48Z,68.14785714285709,66.6,69.6,280,2017-12-22T19:00:09Z,2017-12-22T19:59:48Z,8.875,8.8,9,4,2017-12-22T19:00:07Z,2017-12-22T19:45:02Z,95,95,95,4,2017-12-22T19:00:07Z,2017-12-22T19:45:02Z
2017-12-22T20:00:00.000Z,2017-12-22T21:00:00.000Z,12.5,12.5,12.5,293,2017-12-22T20:00:00Z,2017-12-22T20:59:52Z,69.3569965870307,68.4,69.9,293,2017-12-22T20:00:00Z,2017-12-22T20:59:52Z,9.100000000000001,9,9.2,4,2017-12-22T20:00:03Z,2017-12-22T20:45:03Z,95,95,95,4,2017-12-22T20:00:03Z,2017-12-22T20:45:03Z
2017-12-22T21:00:00.000Z,2017-12-22T22:00:00.000Z,12.489003436426128,12.4,12.5,291,2017-12-22T21:00:16Z,2017-12-22T21:59:55Z,67.83402061855679,67.3,68.4,291,2017-12-22T21:00:16Z,2017-12-22T21:59:55Z,9.275,9.2,9.3,4,2017-12-22T21:00:06Z,2017-12-22T21:45:03Z,95,95,95,4,2017-12-22T21:00:06Z,2017-12-22T21:45:03Z
2017-12-22T22:00:00.000Z,2017-12-22T23:00:00.000Z,12.40551724137937,12.4,12.5,290,2017-12-22T22:00:19Z,2017-12-22T22:59:59Z,67.18931034482777,67,67.4,290,2017-12-22T22:00:19Z,2017-12-22T22:59:59Z,9.3,9.3,9.3,4,2017-12-22T22:00:02Z,2017-12-22T22:45:05Z,95,95,95,4,2017-12-22T22:00:02Z,2017-12-22T22:45:05Z
2017-12-22T23:00:00.000Z,2017-12-23T00:00:00.000Z,12.40000000000006,12.4,12.4,294,2017-12-22T23:00:11Z,2017-12-22T23:59:50Z,66.80476190476207,66.6,67,294,2017-12-22T23:00:11Z,2017-12-22T23:59:50Z,9.325000000000001,9.3,9.4,4,2017-12-22T23:00:02Z,2017-12-22T23:45:02Z,95,95,95,4,2017-12-22T23:00:02Z,2017-12-22T23:45:02Z
2017-12-23T00:00:00.000Z,2017-12-23T01:00:00.000Z,12.400000000000059,12.4,12.4,290,2017-12-23T00:00:02Z,2017-12-23T00:59:54Z,66.60827586206904,66.4,66.9,290,2017-12-23T00:00:02Z,2017-12-23T00:59:54Z,9.275,9.2,9.3,4,2017-12-23T00:00:17Z,2017-12-23T00:45:02Z,95,95,95,4,2017-12-23T00:00:17Z,2017-12-23T00:45:02Z
2017-12-23T01:00:00.000Z,2017-12-23T02:00:00.000Z,12.400000000000034,12.4,12.4,157,2017-12-23T01:00:06Z,2017-12-23T01:32:56Z,66.52738853503195,66.4,66.7,157,2017-12-23T01:00:06Z,2017-12-23T01:32:56Z,9.299999999999999,9.1,9.7,4,2017-12-23T01:00:07Z,2017-12-23T01:45:03Z,93,88,95,4,2017-12-23T01:00:07Z,2017-12-23T01:45:03Z
2017-12-23T02:00:00.000Z,2017-12-23T03:00:00.000Z,,,,0,,,,,,0,,,9.1,9.1,9.1,4,2017-12-23T02:00:08Z,2017-12-23T02:45:04Z,94.5,94,95,4,2017-12-23T02:00:08Z,2017-12-23T02:45:04Z
2017-12-23T03:00:00.000Z,2017-12-23T04:00:00.000Z,12.399999999999991,12.4,12.4,42,2017-12-23T03:51:04Z,2017-12-23T03:59:53Z,67.39285714285718,67.3,67.4,42,2017-12-23T03:51:04Z,2017-12-23T03:59:53Z,9.225,9.1,9.3,4,2017-12-23T03:00:04Z,2017-12-23T03:45:04Z,95,95,95,4,2017-12-23T03:00:04Z,2017-12-23T03:45:04Z
2017-12-23T04:00:00.000Z,2017-12-23T05:00:00.000Z,12.399999999999986,12.4,12.4,66,2017-12-23T04:00:05Z,2017-12-23T04:13:29Z,67.42575757575761,67.3,67.5,66,2017-12-23T04:00:05Z,2017-12-23T04:13:29Z,9.350000000000001,9.3,9.4,4,2017-12-23T04:00:12Z,2017-12-23T04:45:02Z,95.25,95,96,4,2017-12-23T04:00:12Z,2017-12-23T04:45:02Z
2017-12-23T05:00:00.000Z,2017-12-23T06:00:00.000Z,,,,0,,,,,,0,,,9.65,9.5,9.8,4,2017-12-23T05:00:02Z,2017-12-23T05:45:02Z,96,96,96,4,2017-12-23T05:00:02Z,2017-12-23T05:45:02Z
2017-12-23T06:00:00.000Z,2017-12-23T07:00:00.000Z,12.399999999999986,12.4,12.4,60,2017-12-23T06:48:03Z,2017-12-23T06:59:52Z,68.40166666666673,68.3,68.5,60,2017-12-23T06:48:03Z,2017-12-23T06:59:52Z,9.85,9.8,9.9,4,2017-12-23T06:00:12Z,2017-12-23T06:45:02Z,96,96,96,4,2017-12-23T06:00:12Z,2017-12-23T06:45:02Z
2017-12-23T07:00:00.000Z,2017-12-23T08:00:00.000Z,12.399999999999986,12.4,12.4,70,2017-12-23T07:00:04Z,2017-12-23T07:15:05Z,68.42,68.3,68.5,70,2017-12-23T07:00:04Z,2017-12-23T07:15:05Z,9.975,9.9,10,4,2017-12-23T07:00:04Z,2017-12-23T07:45:02Z,95,95,95,4,2017-12-23T07:00:04Z,2017-12-23T07:45:02Z
2017-12-23T08:00:00.000Z,2017-12-23T09:00:00.000Z,,,,0,,,,,,0,,,9.825000000000001,9.8,9.9,4,2017-12-23T08:00:03Z,2017-12-23T08:45:02Z,95,95,95,4,2017-12-23T08:00:03Z,2017-12-23T08:45:02Z
2017-12-23T09:00:00.000Z,2017-12-23T10:00:00.000Z,12.5,12.5,12.5,75,2017-12-23T09:44:14Z,2017-12-23T09:59:51Z,68.52000000000005,68.4,68.6,75,2017-12-23T09:44:14Z,2017-12-23T09:59:51Z,10.024999999999999,9.8,10.2,4,2017-12-23T09:00:09Z,2017-12-23T09:45:03Z,94,93,95,4,2017-12-23T09:00:09Z,2017-12-23T09:45:03Z
2017-12-23T10:00:00.000Z,2017-12-23T11:00:00.000Z,12.5,12.5,12.5,69,2017-12-23T10:00:03Z,2017-12-23T10:13:39Z,68.64202898550714,68.6,68.7,69,2017-12-23T10:00:03Z,2017-12-23T10:13:39Z,10.475,10.4,10.5,4,2017-12-23T10:00:05Z,2017-12-23T10:45:02Z,92.75,92,93,4,2017-12-23T10:00:05Z,2017-12-23T10:45:02Z
2017-12-23T11:00:00.000Z,2017-12-23T12:00:00.000Z,,,,0,,,,,,0,,,10.625,10.6,10.7,4,2017-12-23T11:00:09Z,2017-12-23T11:45:02Z,92,92,92,4,2017-12-23T11:00:09Z,2017-12-23T11:45:02Z
2017-12-23T12:00:00.000Z,2017-12-23T13:00:00.000Z,12.682926829268313,12.6,12.7,82,2017-12-23T12:34:00Z,2017-12-23T12:51:01Z,69.16707317073171,68.8,69.9,82,2017-12-23T12:34:00Z,2017-12-23T12:51:01Z,11.200000000000001,11,11.4,4,2017-12-23T12:00:24Z,2017-12-23T12:45:02Z,91.25,91,92,4,2017-12-23T12:00:24Z,2017-12-23T12:45:02Z
2017-12-23T13:00:00.000Z,2017-12-23T14:00:00.000Z,12.875547445255535,12.8,12.9,274,2017-12-23T13:02:14Z,2017-12-23T13:59:53Z,71.22153284671549,70.2,73.4,274,2017-12-23T13:02:14Z,2017-12-23T13:59:53Z,11.700000000000001,11.6,11.9,4,2017-12-23T13:00:03Z,2017-12-23T13:45:03Z,89.25,88,90,4,2017-12-23T13:00:03Z,2017-12-23T13:45:03Z
2017-12-23T14:00:00.000Z,2017-12-23T15:00:00.000Z,12.889310344827656,12.8,12.9,290,2017-12-23T14:00:05Z,2017-12-23T14:59:56Z,69.46379310344808,69,70.2,290,2017-12-23T14:00:05Z,2017-12-23T14:59:56Z,11.649999999999999,11.5,11.7,4,2017-12-23T14:00:03Z,2017-12-23T14:45:02Z,86,85,87,4,2017-12-23T14:00:03Z,2017-12-23T14:45:02Z
2017-12-23T15:00:00.000Z,2017-12-23T16:00:00.000Z,12.8013745704468,12.8,12.9,291,2017-12-23T15:00:08Z,2017-12-23T15:59:48Z,68.7756013745706,68.5,69.1,291,2017-12-23T15:00:08Z,2017-12-23T15:59:48Z,11.15,10.9,11.4,4,2017-12-23T15:00:10Z,2017-12-23T15:45:03Z,85.25,85,86,4,2017-12-23T15:00:10Z,2017-12-23T15:45:03Z
2017-12-23T16:00:00.000Z,2017-12-23T17:00:00.000Z,12.800000000000063,12.8,12.8,290,2017-12-23T16:00:00Z,2017-12-23T16:59:51Z,68.65862068965502,68.5,68.9,290,2017-12-23T16:00:00Z,2017-12-23T16:59:51Z,10.8,10.7,10.9,4,2017-12-23T16:00:05Z,2017-12-23T16:45:02Z,87.25,86,88,4,2017-12-23T16:00:05Z,2017-12-23T16:45:02Z
2017-12-23T17:00:00.000Z,2017-12-23T18:00:00.000Z,12.800000000000063,12.8,12.8,291,2017-12-23T17:00:03Z,2017-12-23T17:59:55Z,68.6725085910656,68.5,68.9,291,2017-12-23T17:00:03Z,2017-12-23T17:59:55Z,10.675,10.5,10.8,4,2017-12-23T17:00:02Z,2017-12-23T17:45:02Z,89.75,89,91,4,2017-12-23T17:00:02Z,2017-12-23T17:45:02Z
2017-12-23T18:00:00.000Z,2017-12-23T19:00:00.000Z,12.80000000000006,12.8,12.8,284,2017-12-23T18:00:19Z,2017-12-23T18:59:58Z,69.12957746478904,68.9,69.3,284,2017-12-23T18:00:19Z,2017-12-23T18:59:58Z,10.275,10.2,10.4,4,2017-12-23T18:00:06Z,2017-12-23T18:45:02Z,92.5,92,93,4,2017-12-23T18:00:06Z,2017-12-23T18:45:02Z
2017-12-23T19:00:00.000Z,2017-12-23T20:00:00.000Z,12.800000000000061,12.8,12.8,288,2017-12-23T19:00:10Z,2017-12-23T19:59:49Z,69.28124999999983,69.2,69.3,288,2017-12-23T19:00:10Z,2017-12-23T19:59:49Z,10.1,10.1,10.1,4,2017-12-23T19:00:09Z,2017-12-23T19:45:02Z,93.75,93,94,4,2017-12-23T19:00:09Z,2017-12-23T19:45:02Z
2017-12-23T20:00:00.000Z,2017-12-23T21:00:00.000Z,12.800000000000061,12.8,12.8,285,2017-12-23T20:00:01Z,2017-12-23T20:59:53Z,69.2908771929821,69.2,69.4,285,2017-12-23T20:00:01Z,2017-12-23T20:59:53Z,10.075000000000001,10,10.1,4,2017-12-23T20:00:02Z,2017-12-23T20:45:03Z,94.5,94,95,4,2017-12-23T20:00:02Z,2017-12-23T20:45:03Z
2017-12-23T21:00:00.000Z,2017-12-23T22:00:00.000Z,12.800000000000063,12.8,12.8,289,2017-12-23T21:00:05Z,2017-12-23T21:59:56Z,69.28685121107247,69.2,69.3,289,2017-12-23T21:00:05Z,2017-12-23T21:59:56Z,9.975,9.9,10,4,2017-12-23T21:00:09Z,2017-12-23T21:45:03Z,95,95,95,4,2017-12-23T21:00:09Z,2017-12-23T21:45:03Z
2017-12-23T22:00:00.000Z,2017-12-23T23:00:00.000Z,12.800000000000063,12.8,12.8,290,2017-12-23T22:00:08Z,2017-12-23T22:59:48Z,69.43068965517224,69.2,69.6,290,2017-12-23T22:00:08Z,2017-12-23T22:59:48Z,10.05,10,10.1,4,2017-12-23T22:00:05Z,2017-12-23T22:45:03Z,95.25,95,96,4,2017-12-23T22:00:05Z,2017-12-23T22:45:03Z
2017-12-23T23:00:00.000Z,2017-12-24T00:00:00.000Z,12.800000000000065,12.8,12.8,294,2017-12-23T23:00:00Z,2017-12-23T23:59:51Z,69.92108843537387,69.5,70.7,294,2017-12-23T23:00:00Z,2017-12-23T23:59:51Z,10.25,10.2,10.3,4,2017-12-23T23:00:10Z,2017-12-23T23:45:02Z,96,96,96,4,2017-12-23T23:00:10Z,2017-12-23T23:45:02Z
2017-12-24T00:00:00.000Z,2017-12-24T01:00:00.000Z,12.847857142857174,12.8,12.9,280,2017-12-24T00:00:15Z,2017-12-24T00:59:54Z,70.53428571428557,70.4,70.7,280,2017-12-24T00:00:15Z,2017-12-24T00:59:54Z,10.4,10.4,10.4,4,2017-12-24T00:00:21Z,2017-12-24T00:45:03Z,96,96,96,4,2017-12-24T00:00:21Z,2017-12-24T00:45:03Z
2017-12-24T01:00:00.000Z,2017-12-24T02:00:00.000Z,12.900000000000063,12.9,12.9,296,2017-12-24T01:00:06Z,2017-12-24T01:59:58Z,70.77939189189206,70.6,70.9,296,2017-12-24T01:00:06Z,2017-12-24T01:59:58Z,10.4,10.4,10.4,4,2017-12-24T01:00:04Z,2017-12-24T01:45:03Z,96,96,96,4,2017-12-24T01:00:04Z,2017-12-24T01:45:03Z
2017-12-24T02:00:00.000Z,2017-12-24T03:00:00.000Z,12.900000000000063,12.9,12.9,295,2017-12-24T02:00:10Z,2017-12-24T02:59:49Z,71.19661016949159,70.9,71.5,295,2017-12-24T02:00:10Z,2017-12-24T02:59:49Z,10.5,10.4,10.6,4,2017-12-24T02:00:08Z,2017-12-24T02:45:04Z,96,96,96,4,2017-12-24T02:00:08Z,2017-12-24T02:45:04Z
2017-12-24T03:00:00.000Z,2017-12-24T04:00:00.000Z,12.900000000000063,12.9,12.9,299,2017-12-24T03:00:01Z,2017-12-24T03:59:53Z,71.79264214046827,71.5,72,299,2017-12-24T03:00:01Z,2017-12-24T03:59:53Z,10.925,10.7,11.1,4,2017-12-24T03:00:12Z,2017-12-24T03:45:03Z,96.5,96,97,4,2017-12-24T03:00:12Z,2017-12-24T03:45:03Z
2017-12-24T04:00:00.000Z,2017-12-24T05:00:00.000Z,12.917725752508407,12.9,13,299,2017-12-24T04:00:05Z,2017-12-24T04:59:56Z,72.03143812709034,71.9,72.2,299,2017-12-24T04:00:05Z,2017-12-24T04:59:56Z,11.1,11.1,11.1,4,2017-12-24T04:00:10Z,2017-12-24T04:45:03Z,95.75,95,96,4,2017-12-24T04:00:10Z,2017-12-24T04:45:03Z
2017-12-24T05:00:00.000Z,2017-12-24T06:00:00.000Z,13,13,13,297,2017-12-24T05:00:08Z,2017-12-24T05:59:48Z,71.68249158249186,71.3,72,297,2017-12-24T05:00:08Z,2017-12-24T05:59:48Z,10.95,10.8,11.1,4,2017-12-24T05:00:12Z,2017-12-24T05:45:02Z,94.25,94,95,4,2017-12-24T05:00:12Z,2017-12-24T05:45:02Z
2017-12-24T06:00:00.000Z,2017-12-24T07:00:00.000Z,13,13,13,299,2017-12-24T06:00:00Z,2017-12-24T06:59:51Z,70.84013377926411,70.4,71.3,299,2017-12-24T06:00:00Z,2017-12-24T06:59:51Z,10.5,10.3,10.7,4,2017-12-24T06:00:08Z,2017-12-24T06:45:02Z,92.75,92,93,4,2017-12-24T06:00:08Z,2017-12-24T06:45:02Z
2017-12-24T07:00:00.000Z,2017-12-24T08:00:00.000Z,13,13,13,299,2017-12-24T07:00:15Z,2017-12-24T07:59:55Z,70.04949832775917,69.6,70.4,299,2017-12-24T07:00:15Z,2017-12-24T07:59:55Z,10,9.8,10.2,4,2017-12-24T07:00:10Z,2017-12-24T07:45:02Z,91.25,91,92,4,2017-12-24T07:00:10Z,2017-12-24T07:45:02Z
2017-12-24T08:00:00.000Z,2017-12-24T09:00:00.000Z,13,13,13,298,2017-12-24T08:00:07Z,2017-12-24T08:59:58Z,69.32248322147636,69.1,69.6,298,2017-12-24T08:00:07Z,2017-12-24T08:59:58Z,9.7,9.7,9.7,4,2017-12-24T08:00:11Z,2017-12-24T08:45:02Z,89.5,89,90,4,2017-12-24T08:00:11Z,2017-12-24T08:45:02Z
2017-12-24T09:00:00.000Z,2017-12-24T10:00:00.000Z,13,13,13,290,2017-12-24T09:00:10Z,2017-12-24T09:59:49Z,68.92689655172414,68.8,69.2,290,2017-12-24T09:00:10Z,2017-12-24T09:59:49Z,9.725,9.7,9.8,4,2017-12-24T09:00:07Z,2017-12-24T09:45:02Z,89,89,89,4,2017-12-24T09:00:07Z,2017-12-24T09:45:02Z
2017-12-24T10:00:00.000Z,2017-12-24T11:00:00.000Z,13,13,13,293,2017-12-24T10:00:02Z,2017-12-24T10:59:53Z,68.71331058020473,68.6,68.9,293,2017-12-24T10:00:02Z,2017-12-24T10:59:53Z,9.85,9.8,9.9,4,2017-12-24T10:00:12Z,2017-12-24T10:45:03Z,88,87,89,4,2017-12-24T10:00:12Z,2017-12-24T10:45:03Z
2017-12-24T11:00:00.000Z,2017-12-24T12:00:00.000Z,13,13,13,291,2017-12-24T11:00:05Z,2017-12-24T11:59:56Z,68.74398625429558,68.6,68.9,291,2017-12-24T11:00:05Z,2017-12-24T11:59:56Z,9.8,9.7,9.9,4,2017-12-24T11:00:03Z,2017-12-24T11:45:02Z,88.5,87,90,4,2017-12-24T11:00:03Z,2017-12-24T11:45:02Z
2017-12-24T12:00:00.000Z,2017-12-24T13:00:00.000Z,13,13,13,270,2017-12-24T12:00:08Z,2017-12-24T12:59:48Z,69.0351851851853,68.9,69.2,270,2017-12-24T12:00:08Z,2017-12-24T12:59:48Z,9.575,9.5,9.7,4,2017-12-24T12:00:11Z,2017-12-24T12:45:03Z,91.25,91,92,4,2017-12-24T12:00:11Z,2017-12-24T12:45:03Z
2017-12-24T13:00:00.000Z,2017-12-24T14:00:00.000Z,13.06917808219172,13,13.1,292,2017-12-24T13:00:00Z,2017-12-24T13:59:51Z,70.09486301369851,69.2,71.8,292,2017-12-24T13:00:00Z,2017-12-24T13:59:51Z,9.725,9.6,9.8,4,2017-12-24T13:00:03Z,2017-12-24T13:45:03Z,92.5,92,93,4,2017-12-24T13:00:03Z,2017-12-24T13:45:03Z
2017-12-24T14:00:00.000Z,2017-12-24T15:00:00.000Z,13.099659863945517,13,13.1,294,2017-12-24T14:00:03Z,2017-12-24T14:59:54Z,71.4278911564625,71.2,71.7,294,2017-12-24T14:00:03Z,2017-12-24T14:59:54Z,9.9,9.9,9.9,3,2017-12-24T14:15:02Z,2017-12-24T14:45:02Z,93,93,93,3,2017-12-24T14:15:02Z,2017-12-24T14:45:02Z
2017-12-24T15:00:00.000Z,2017-12-24T16:00:00.000Z,13.09999999999994,13.1,13.1,290,2017-12-24T15:00:06Z,2017-12-24T15:59:58Z,70.88275862068934,70.6,71.2,290,2017-12-24T15:00:06Z,2017-12-24T15:59:58Z,9.875,9.8,9.9,4,2017-12-24T15:00:02Z,2017-12-24T15:45:02Z,94,94,94,4,2017-12-24T15:00:02Z,2017-12-24T15:45:02Z
2017-12-24T16:00:00.000Z,2017-12-24T17:00:00.000Z,13.09999999999994,13.1,13.1,294,2017-12-24T16:00:10Z,2017-12-24T16:59:49Z,70.38571428571416,70.2,70.6,294,2017-12-24T16:00:10Z,2017-12-24T16:59:49Z,9.850000000000001,9.8,9.9,4,2017-12-24T16:00:12Z,2017-12-24T16:45:03Z,94,94,94,4,2017-12-24T16:00:12Z,2017-12-24T16:45:03Z
2017-12-24T17:00:00.000Z,2017-12-24T18:00:00.000Z,13.09999999999994,13.1,13.1,292,2017-12-24T17:00:01Z,2017-12-24T17:59:53Z,71.12671232876704,70.3,71.5,292,2017-12-24T17:00:01Z,2017-12-24T17:59:53Z,9.9,9.9,9.9,4,2017-12-24T17:00:06Z,2017-12-24T17:45:03Z,94.75,94,95,4,2017-12-24T17:00:06Z,2017-12-24T17:45:03Z
2017-12-24T18:00:00.000Z,2017-12-24T19:00:00.000Z,13.09999999999994,13.1,13.1,291,2017-12-24T18:00:05Z,2017-12-24T18:59:56Z,71.0089347079036,70.7,71.3,291,2017-12-24T18:00:05Z,2017-12-24T18:59:56Z,9.975,9.9,10,4,2017-12-24T18:00:03Z,2017-12-24T18:45:02Z,94,94,94,4,2017-12-24T18:00:03Z,2017-12-24T18:45:02Z
2017-12-24T19:00:00.000Z,2017-12-24T20:00:00.000Z,13.09999999999994,13.1,13.1,293,2017-12-24T19:00:08Z,2017-12-24T19:59:59Z,70.64675767918078,70.6,70.7,293,2017-12-24T19:00:08Z,2017-12-24T19:59:59Z,9.825,9.7,9.9,4,2017-12-24T19:00:10Z,2017-12-24T19:45:04Z,95,95,95,4,2017-12-24T19:00:10Z,2017-12-24T19:45:04Z
2017-12-24T20:00:00.000Z,2017-12-24T21:00:00.000Z,13.09999999999994,13.1,13.1,290,2017-12-24T20:00:11Z,2017-12-24T20:59:51Z,70.49103448275878,70.4,70.6,290,2017-12-24T20:00:11Z,2017-12-24T20:59:51Z,9.674999999999999,9.6,9.7,4,2017-12-24T20:00:04Z,2017-12-24T20:45:02Z,95,95,95,4,2017-12-24T20:00:04Z,2017-12-24T20:45:02Z
2017-12-24T21:00:00.000Z,2017-12-24T22:00:00.000Z,13.09999999999994,13.1,13.1,288,2017-12-24T21:00:15Z,2017-12-24T21:59:54Z,70.42326388888898,70.4,70.5,288,2017-12-24T21:00:15Z,2017-12-24T21:59:54Z,9.7,9.7,9.7,4,2017-12-24T21:00:08Z,2017-12-24T21:45:03Z,95.25,95,96,4,2017-12-24T21:00:08Z,2017-12-24T21:45:03Z
2017-12-24T22:00:00.000Z,2017-12-24T23:00:00.000Z,13.282517482517518,13.1,13.6,286,2017-12-24T22:00:06Z,2017-12-24T22:59:57Z,71.6814685314689,70.4,72.3,286,2017-12-24T22:00:06Z,2017-12-24T22:59:57Z,9.6,9.6,9.6,4,2017-12-24T22:00:06Z,2017-12-24T22:45:02Z,95,95,95,4,2017-12-24T22:00:06Z,2017-12-24T22:45:02Z
2017-12-24T23:00:00.000Z,2017-12-25T00:00:00.000Z,13.814432989690756,13.6,14,291,2017-12-24T23:00:09Z,2017-12-24T23:59:48Z,71.21065292096223,70.6,71.9,291,2017-12-24T23:00:09Z,2017-12-24T23:59:48Z,9.6,9.5,9.7,4,2017-12-24T23:00:03Z,2017-12-24T23:45:23Z,95,95,95,4,2017-12-24T23:00:03Z,2017-12-24T23:45:23Z
2017-12-25T00:00:00.000Z,2017-12-25T01:00:00.000Z,14.217931034482808,14,14.4,290,2017-12-25T00:00:00Z,2017-12-25T00:59:51Z,70.25551724137947,69.9,70.7,290,2017-12-25T00:00:00Z,2017-12-25T00:59:51Z,9.45,9.4,9.5,4,2017-12-25T00:00:13Z,2017-12-25T00:45:02Z,95,95,95,4,2017-12-25T00:00:13Z,2017-12-25T00:45:02Z
2017-12-25T01:00:00.000Z,2017-12-25T02:00:00.000Z,14.457017543859644,14.4,14.5,114,2017-12-25T01:00:03Z,2017-12-25T01:22:52Z,69.84298245614046,69.7,69.9,114,2017-12-25T01:00:03Z,2017-12-25T01:22:52Z,9.3,9.3,9.3,4,2017-12-25T01:00:09Z,2017-12-25T01:45:02Z,95.5,95,96,4,2017-12-25T01:00:09Z,2017-12-25T01:45:02Z
2017-12-25T02:00:00.000Z,2017-12-25T03:00:00.000Z,,,,0,,,,,,0,,,9.225,9.2,9.3,4,2017-12-25T02:00:08Z,2017-12-25T02:45:04Z,96,96,96,4,2017-12-25T02:00:08Z,2017-12-25T02:45:04Z
2017-12-25T03:00:00.000Z,2017-12-25T04:00:00.000Z,15.16666666666669,15.1,15.2,72,2017-12-25T03:44:10Z,2017-12-25T03:59:58Z,69.24861111111119,69.2,69.3,72,2017-12-25T03:44:10Z,2017-12-25T03:59:58Z,9.2,9.2,9.2,4,2017-12-25T03:00:04Z,2017-12-25T03:45:03Z,96,96,96,4,2017-12-25T03:00:04Z,2017-12-25T03:45:03Z
2017-12-25T04:00:00.000Z,2017-12-25T05:00:00.000Z,15.199999999999992,15.2,15.2,32,2017-12-25T04:00:22Z,2017-12-25T04:06:59Z,69.20000000000002,69.2,69.2,32,2017-12-25T04:00:22Z,2017-12-25T04:06:59Z,8.674999999999999,8.4,9.1,4,2017-12-25T04:00:04Z,2017-12-25T04:45:03Z,95.5,95,96,4,2017-12-25T04:00:04Z,2017-12-25T04:45:03Z
2017-12-25T05:00:00.000Z,2017-12-25T06:00:00.000Z,,,,0,,,,,,0,,,8.1,8,8.3,4,2017-12-25T05:00:03Z,2017-12-25T05:45:03Z,95,95,95,4,2017-12-25T05:00:03Z,2017-12-25T05:45:03Z
2017-12-25T06:00:00.000Z,2017-12-25T07:00:00.000Z,15.790196078431345,15.7,15.8,102,2017-12-25T06:36:04Z,2017-12-25T06:59:41Z,66.71568627450984,66.5,66.8,102,2017-12-25T06:36:04Z,2017-12-25T06:59:41Z,7.75,7.6,7.9,4,2017-12-25T06:00:11Z,2017-12-25T06:45:02Z,95.25,95,96,4,2017-12-25T06:00:11Z,2017-12-25T06:45:02Z
2017-12-25T07:00:00.000Z,2017-12-25T08:00:00.000Z,15.800000000000002,15.8,15.8,14,2017-12-25T07:00:05Z,2017-12-25T07:02:53Z,66.46428571428571,66.4,66.5,14,2017-12-25T07:00:05Z,2017-12-25T07:02:53Z,7.4,7.3,7.5,4,2017-12-25T07:00:12Z,2017-12-25T07:45:02Z,95,95,95,4,2017-12-25T07:00:12Z,2017-12-25T07:45:02Z
2017-12-25T08:00:00.000Z,2017-12-25T09:00:00.000Z,,,,0,,,,,,0,,,7.3,7.3,7.3,4,2017-12-25T08:00:03Z,2017-12-25T08:45:02Z,95.75,95,96,4,2017-12-25T08:00:03Z,2017-12-25T08:45:02Z
2017-12-25T09:00:00.000Z,2017-12-25T10:00:00.000Z,16.280769230769202,16.2,16.3,130,2017-12-25T09:32:09Z,2017-12-25T09:59:58Z,64.68769230769234,64.6,64.8,130,2017-12-25T09:32:09Z,2017-12-25T09:59:58Z,7.075,7,7.2,4,2017-12-25T09:00:08Z,2017-12-25T09:45:02Z,95.25,95,96,4,2017-12-25T09:00:08Z,2017-12-25T09:45:02Z
2017-12-25T10:00:00.000Z,2017-12-25T11:00:00.000Z,16.3,16.3,16.3,6,2017-12-25T10:00:10Z,2017-12-25T10:01:46Z,64.60000000000001,64.6,64.6,6,2017-12-25T10:00:10Z,2017-12-25T10:01:46Z,6.75,6.7,6.8,4,2017-12-25T10:00:07Z,2017-12-25T10:45:03Z,95,95,95,4,2017-12-25T10:00:07Z,2017-12-25T10:45:03Z
2017-12-25T11:00:00.000Z,2017-12-25T12:00:00.000Z,,,,0,,,,,,0,,,6.65,6.6,6.7,4,2017-12-25T11:00:02Z,2017-12-25T11:45:02Z,94.75,94,95,4,2017-12-25T11:00:02Z,2017-12-25T11:45:02Z
2017-12-25T12:00:00.000Z,2017-12-25T13:00:00.000Z,16.568965517241374,16.5,16.7,145,2017-12-25T12:30:01Z,2017-12-25T12:59:50Z,60.519999999999996,58.2,64.1,145,2017-12-25T12:30:01Z,2017-12-25T12:59:50Z,6.425000000000001,6.4,6.5,4,2017-12-25T12:00:12Z,2017-12-25T12:45:09Z,94,94,94,4,2017-12-25T12:00:12Z,2017-12-25T12:45:09Z
2017-12-25T13:00:00.000Z,2017-12-25T14:00:00.000Z,16.45,16.4,16.5,2,2017-12-25T13:00:02Z,2017-12-25T13:00:14Z,58.2,58.2,58.2,2,2017-12-25T13:00:02Z,2017-12-25T13:00:14Z,6.15,6.1,6.3,4,2017-12-25T13:00:18Z,2017-12-25T13:45:02Z,94,94,94,4,2017-12-25T13:00:18Z,2017-12-25T13:45:02Z
2017-12-25T14:00:00.000Z,2017-12-25T15:00:00.000Z,,,,0,,,,,,0,,,6,5.9,6.1,4,2017-12-25T14:00:03Z,2017-12-25T14:45:03Z,94.25,94,95,4,2017-12-25T14:00:03Z,2017-12-25T14:45:03Z
2017-12-25T15:00:00.000Z,2017-12-25T16:00:00.000Z,15.745774647887322,15.7,15.8,142,2017-12-25T15:16:05Z,2017-12-25T15:45:06Z,60.16971830985904,59.7,60.4,142,2017-12-25T15:16:05Z,2017-12-25T15:45:06Z,5.566666666666667,5.4,5.7,3,2017-12-25T15:15:02Z,2017-12-25T15:45:03Z,94.66666666666667,94,95,3,2017-12-25T15:15:02Z,2017-12-25T15:45:03Z
2017-12-25T16:00:00.000Z,2017-12-25T17:00:00.000Z,,,,0,,,,,,0,,,5.15,5,5.3,4,2017-12-25T16:00:07Z,2017-12-25T16:45:02Z,94,94,94,4,2017-12-25T16:00:07Z,2017-12-25T16:45:02Z
2017-12-25T17:00:00.000Z,2017-12-25T18:00:00.000Z,,,,0,,,,,,0,,,4.575,4.3,4.8,4,2017-12-25T17:00:03Z,2017-12-25T17:45:03Z,94.25,94,95,4,2017-12-25T17:00:03Z,2017-12-25T17:45:03Z
2017-12-25T18:00:00.000Z,2017-12-25T19:00:00.000Z,15.299999999999986,15.3,15.3,147,2017-12-25T18:12:11Z,2017-12-25T18:42:12Z,59.88299319727884,59.8,60,147,2017-12-25T18:12:11Z,2017-12-25T18:42:12Z,4,3.9,4.1,4,2017-12-25T18:00:12Z,2017-12-25T18:45:03Z,94,94,94,4,2017-12-25T18:00:12Z,2017-12-25T18:45:03Z
2017-12-25T19:00:00.000Z,2017-12-25T20:00:00.000Z,,,,0,,,,,,0,,,3.625,3.4,3.8,4,2017-12-25T19:00:03Z,2017-12-25T19:45:02Z,93.5,93,94,4,2017-12-25T19:00:03Z,2017-12-25T19:45:02Z
2017-12-25T20:00:00.000Z,2017-12-25T21:00:00.000Z,15,15,15,10,2017-12-25T20:57:05Z,2017-12-25T20:59:53Z,58.5,58.5,58.5,10,2017-12-25T20:57:05Z,2017-12-25T20:59:53Z,3.05,2.8,3.3,4,2017-12-25T20:00:07Z,2017-12-25T20:45:02Z,92.75,92,93,4,2017-12-25T20:00:07Z,2017-12-25T20:45:02Z
2017-12-25T21:00:00.000Z,2017-12-25T22:00:00.000Z,14.941732283464606,14.9,15,127,2017-12-25T21:00:05Z,2017-12-25T21:25:54Z,58.318897637795274,58,58.7,127,2017-12-25T21:00:05Z,2017-12-25T21:25:54Z,2.475,2.4,2.6,4,2017-12-25T21:00:02Z,2017-12-25T21:45:02Z,92,92,92,4,2017-12-25T21:00:02Z,2017-12-25T21:45:02Z
2017-12-25T22:00:00.000Z,2017-12-25T23:00:00.000Z,,,,0,,,,,,0,,,2.3499999999999996,2.3,2.4,4,2017-12-25T22:00:07Z,2017-12-25T22:45:02Z,92,92,92,4,2017-12-25T22:00:07Z,2017-12-25T22:45:02Z
2017-12-25T23:00:00.000Z,2017-12-26T00:00:00.000Z,14.59999999999999,14.6,14.6,91,2017-12-25T23:36:59Z,2017-12-25T23:55:48Z,58.30000000000009,58.3,58.3,91,2017-12-25T23:36:59Z,2017-12-25T23:55:48Z,2.1500000000000004,2,2.2,4,2017-12-25T23:00:02Z,2017-12-25T23:45:02Z,92,92,92,4,2017-12-25T23:00:02Z,2017-12-25T23:45:02Z
2017-12-26T00:00:00.000Z,2017-12-26T01:00:00.000Z,14.479583333333352,14.4,14.5,240,2017-12-26T00:12:01Z,2017-12-26T00:59:50Z,58.15916666666685,58.1,58.3,240,2017-12-26T00:12:01Z,2017-12-26T00:59:50Z,1.9500000000000002,1.9,2,4,2017-12-26T00:00:03Z,2017-12-26T00:45:02Z,92,92,92,4,2017-12-26T00:00:03Z,2017-12-26T00:45:02Z
2017-12-26T01:00:00.000Z,2017-12-26T02:00:00.000Z,14.365000000000096,14.3,14.4,300,2017-12-26T01:00:03Z,2017-12-26T01:59:53Z,58.12533333333339,58.1,58.2,300,2017-12-26T01:00:03Z,2017-12-26T01:59:53Z,1.775,1.7,1.8,4,2017-12-26T01:00:02Z,2017-12-26T01:45:03Z,92,92,92,4,2017-12-26T01:00:02Z,2017-12-26T01:45:03Z
2017-12-26T02:00:00.000Z,2017-12-26T03:00:00.000Z,14.24680134680124,14.2,14.3,297,2017-12-26T02:00:05Z,2017-12-26T02:59:56Z,58.058585858585964,58,58.1,297,2017-12-26T02:00:05Z,2017-12-26T02:59:56Z,1.725,1.7,1.8,4,2017-12-26T02:00:02Z,2017-12-26T02:45:03Z,92,92,92,4,2017-12-26T02:00:02Z,2017-12-26T02:45:03Z
2017-12-26T03:00:00.000Z,2017-12-26T04:00:00.000Z,14.118644067796552,14,14.2,295,2017-12-26T03:00:08Z,2017-12-26T03:59:58Z,57.91457627118626,57.9,58,295,2017-12-26T03:00:08Z,2017-12-26T03:59:58Z,1.325,0.2,1.7,4,2017-12-26T03:00:04Z,2017-12-26T03:45:03Z,93.75,92,99,4,2017-12-26T03:00:04Z,2017-12-26T03:45:03Z
2017-12-26T04:00:00.000Z,2017-12-26T05:00:00.000Z,13.976791808873742,13.9,14.1,293,2017-12-26T04:00:22Z,2017-12-26T04:59:49Z,57.83139931740589,57.7,57.9,293,2017-12-26T04:00:22Z,2017-12-26T04:59:49Z,1.7,1.7,1.7,4,2017-12-26T04:00:07Z,2017-12-26T04:45:02Z,92.25,92,93,4,2017-12-26T04:00:07Z,2017-12-26T04:45:02Z
2017-12-26T05:00:00.000Z,2017-12-26T06:00:00.000Z,13.863210702341236,13.8,13.9,299,2017-12-26T05:00:01Z,2017-12-26T05:59:52Z,57.675250836120576,57.6,57.8,299,2017-12-26T05:00:01Z,2017-12-26T05:59:52Z,1.7,1.7,1.7,4,2017-12-26T05:00:03Z,2017-12-26T05:45:02Z,92,92,92,4,2017-12-26T05:00:03Z,2017-12-26T05:45:02Z
2017-12-26T06:00:00.000Z,2017-12-26T07:00:00.000Z,13.761694915254171,13.7,13.8,295,2017-12-26T06:00:04Z,2017-12-26T06:59:55Z,57.5271186440679,57.4,57.6,295,2017-12-26T06:00:04Z,2017-12-26T06:59:55Z,1.7,1.7,1.7,4,2017-12-26T06:00:04Z,2017-12-26T06:45:02Z,92,92,92,4,2017-12-26T06:00:04Z,2017-12-26T06:45:02Z
2017-12-26T07:00:00.000Z,2017-12-26T08:00:00.000Z,13.638383838383794,13.6,13.7,297,2017-12-26T07:00:07Z,2017-12-26T07:59:57Z,57.3622895622894,57.3,57.5,297,2017-12-26T07:00:07Z,2017-12-26T07:59:57Z,1.625,1.6,1.7,4,2017-12-26T07:00:04Z,2017-12-26T07:45:02Z,92,92,92,4,2017-12-26T07:00:04Z,2017-12-26T07:45:02Z
2017-12-26T08:00:00.000Z,2017-12-26T09:00:00.000Z,13.525170068027215,13.5,13.6,294,2017-12-26T08:00:09Z,2017-12-26T08:59:48Z,57.27687074829939,57.1,57.5,294,2017-12-26T08:00:09Z,2017-12-26T08:59:48Z,1.475,1.4,1.6,4,2017-12-26T08:00:05Z,2017-12-26T08:45:04Z,92,92,92,4,2017-12-26T08:00:05Z,2017-12-26T08:45:04Z
2017-12-26T09:00:00.000Z,2017-12-26T10:00:00.000Z,13.434129692832807,13.4,13.5,293,2017-12-26T09:00:00Z,2017-12-26T09:59:52Z,57.06587030716733,56.9,57.5,293,2017-12-26T09:00:00Z,2017-12-26T09:59:52Z,1.3250000000000002,1.3,1.4,4,2017-12-26T09:00:07Z,2017-12-26T09:45:03Z,92,92,92,4,2017-12-26T09:00:07Z,2017-12-26T09:45:03Z
2017-12-26T10:00:00.000Z,2017-12-26T11:00:00.000Z,13.689152542372918,13.4,13.9,295,2017-12-26T10:00:04Z,2017-12-26T10:59:54Z,60.57898305084737,57.5,66,295,2017-12-26T10:00:04Z,2017-12-26T10:59:54Z,1.2,1.1,1.3,4,2017-12-26T10:00:09Z,2017-12-26T10:45:03Z,91.5,91,92,4,2017-12-26T10:00:09Z,2017-12-26T10:45:03Z
2017-12-26T11:00:00.000Z,2017-12-26T12:00:00.000Z,13.986759581881518,13.9,14.2,287,2017-12-26T11:00:06Z,2017-12-26T11:59:57Z,54.37421602787456,50.5,61.6,287,2017-12-26T11:00:06Z,2017-12-26T11:59:57Z,2.025,1.2,3.4,4,2017-12-26T11:00:27Z,2017-12-26T11:45:03Z,90.5,88,92,4,2017-12-26T11:00:27Z,2017-12-26T11:45:03Z
2017-12-26T12:00:00.000Z,2017-12-26T13:00:00.000Z,14.336298932384373,14.2,14.4,281,2017-12-26T12:00:09Z,2017-12-26T12:59:48Z,48.96370106761561,47.7,50.5,281,2017-12-26T12:00:09Z,2017-12-26T12:59:48Z,2.5999999999999996,0.2,4.2,4,2017-12-26T12:00:02Z,2017-12-26T12:45:03Z,93,85,100,4,2017-12-26T12:00:02Z,2017-12-26T12:45:03Z
2017-12-26T13:00:00.000Z,2017-12-26T14:00:00.000Z,14.316376306620231,14.1,14.4,287,2017-12-26T13:00:00Z,2017-12-26T13:59:50Z,47.501393728222965,47.2,48.1,287,2017-12-26T13:00:00Z,2017-12-26T13:59:50Z,1.8,1.7,2,4,2017-12-26T13:00:03Z,2017-12-26T13:45:02Z,100,100,100,4,2017-12-26T13:00:03Z,2017-12-26T13:45:02Z
2017-12-26T14:00:00.000Z,2017-12-26T15:00:00.000Z,13.92749140893479,13.8,14.1,291,2017-12-26T14:00:02Z,2017-12-26T14:59:53Z,49.47182130584194,48,50.8,291,2017-12-26T14:00:02Z,2017-12-26T14:59:53Z,2.025,1.2,2.7,4,2017-12-26T14:00:04Z,2017-12-26T14:45:02Z,88.75,85,99,4,2017-12-26T14:00:04Z,2017-12-26T14:45:02Z
2017-12-26T15:00:00.000Z,2017-12-26T16:00:00.000Z,13.648122866894184,13.5,13.8,293,2017-12-26T15:00:05Z,2017-12-26T15:59:55Z,51.09249146757677,49,52,293,2017-12-26T15:00:05Z,2017-12-26T15:59:55Z,1.4,1,1.7,4,2017-12-26T15:00:09Z,2017-12-26T15:45:03Z,86.75,86,87,4,2017-12-26T15:00:09Z,2017-12-26T15:45:03Z
2017-12-26T16:00:00.000Z,2017-12-26T17:00:00.000Z,13.370588235294225,13.3,13.5,289,2017-12-26T16:00:08Z,2017-12-26T16:59:59Z,47.516262975778616,46.6,49.1,289,2017-12-26T16:00:08Z,2017-12-26T16:59:59Z,0.9,0.9,0.9,4,2017-12-26T16:00:03Z,2017-12-26T16:45:04Z,88.25,87,89,4,2017-12-26T16:00:03Z,2017-12-26T16:45:04Z
2017-12-26T17:00:00.000Z,2017-12-26T18:00:00.000Z,13.539721254355332,13.3,13.7,287,2017-12-26T17:00:11Z,2017-12-26T17:59:49Z,50.59128919860625,49.2,51.4,287,2017-12-26T17:00:11Z,2017-12-26T17:59:49Z,0.825,0.7,1,4,2017-12-26T17:00:07Z,2017-12-26T17:45:03Z,89,89,89,4,2017-12-26T17:00:07Z,2017-12-26T17:45:03Z
2017-12-26T18:00:00.000Z,2017-12-26T19:00:00.000Z,13.859726962457366,13.7,14,293,2017-12-26T18:00:01Z,2017-12-26T18:59:52Z,51.600341296928654,51.4,51.7,293,2017-12-26T18:00:01Z,2017-12-26T18:59:52Z,0.30000000000000004,0.1,0.4,4,2017-12-26T18:00:08Z,2017-12-26T18:45:03Z,89,89,89,4,2017-12-26T18:00:08Z,2017-12-26T18:45:03Z
2017-12-26T19:00:00.000Z,2017-12-26T20:00:00.000Z,14.069310344827523,14,14.2,290,2017-12-26T19:00:04Z,2017-12-26T19:59:55Z,51.8058620689653,51.7,53.3,290,2017-12-26T19:00:04Z,2017-12-26T19:59:55Z,-0.225,-0.4,-0.1,4,2017-12-26T19:00:02Z,2017-12-26T19:45:02Z,89,89,89,4,2017-12-26T19:00:02Z,2017-12-26T19:45:02Z
2017-12-26T20:00:00.000Z,2017-12-26T21:00:00.000Z,14.231724137931074,14.2,14.3,290,2017-12-26T20:00:07Z,2017-12-26T20:59:57Z,56.52689655172417,53.4,59.1,290,2017-12-26T20:00:07Z,2017-12-26T20:59:57Z,-0.825,-1,-0.6,4,2017-12-26T20:00:04Z,2017-12-26T20:45:06Z,88.25,88,89,4,2017-12-26T20:00:04Z,2017-12-26T20:45:06Z
2017-12-26T21:00:00.000Z,2017-12-26T22:00:00.000Z,14.387500000000056,14.3,14.5,264,2017-12-26T21:00:09Z,2017-12-26T21:59:48Z,54.09393939393937,53.3,54.9,264,2017-12-26T21:00:09Z,2017-12-26T21:59:48Z,-1.4,-1.5,-1.3,4,2017-12-26T21:00:04Z,2017-12-26T21:45:02Z,88.25,88,89,4,2017-12-26T21:00:04Z,2017-12-26T21:45:02Z
2017-12-26T22:00:00.000Z,2017-12-26T23:00:00.000Z,14.532312925170059,14.5,14.6,294,2017-12-26T22:00:00Z,2017-12-26T22:59:50Z,52.833333333333364,52.3,53.4,294,2017-12-26T22:00:00Z,2017-12-26T22:59:50Z,-0.45000000000000007,-1.3,2.1,4,2017-12-26T22:00:05Z,2017-12-26T22:45:03Z,90.75,88,97,4,2017-12-26T22:00:05Z,2017-12-26T22:45:03Z
2017-12-26T23:00:00.000Z,2017-12-27T00:00:00.000Z,14.650333333333222,14.6,14.7,300,2017-12-26T23:00:02Z,2017-12-26T23:59:52Z,52.68333333333336,52.1,53.6,300,2017-12-26T23:00:02Z,2017-12-26T23:59:52Z,-1.675,-1.8,-1.6,4,2017-12-26T23:00:12Z,2017-12-26T23:45:06Z,87.25,87,88,4,2017-12-26T23:00:12Z,2017-12-26T23:45:06Z
2017-12-27T00:00:00.000Z,2017-12-27T01:00:00.000Z,14.812416107382582,14.7,14.9,298,2017-12-27T00:00:04Z,2017-12-27T00:59:55Z,52.77281879194641,52.1,53.5,298,2017-12-27T00:00:04Z,2017-12-27T00:59:55Z,-0.9,-1.4,-0.5,4,2017-12-27T00:00:11Z,2017-12-27T00:45:05Z,88.75,88,89,4,2017-12-27T00:00:11Z,2017-12-27T00:45:05Z
2017-12-27T01:00:00.000Z,2017-12-27T02:00:00.000Z,14.900000000000045,14.9,14.9,160,2017-12-27T01:00:07Z,2017-12-27T01:31:56Z,52.030624999999986,52,52.1,160,2017-12-27T01:00:07Z,2017-12-27T01:31:56Z,-0.5,-0.8,-0.2,4,2017-12-27T01:00:09Z,2017-12-27T01:45:02Z,88.5,88,89,4,2017-12-27T01:00:09Z,2017-12-27T01:45:02Z
2017-12-27T02:00:00.000Z,2017-12-27T03:00:00.000Z,,,,0,,,,,,0,,,-0.325,-0.5,-0.2,4,2017-12-27T02:00:02Z,2017-12-27T02:45:04Z,88.5,88,89,4,2017-12-27T02:00:02Z,2017-12-27T02:45:04Z
2017-12-27T03:00:00.000Z,2017-12-27T04:00:00.000Z,,,,0,,,,,,0,,,-0.775,-0.9,-0.5,4,2017-12-27T03:00:09Z,2017-12-27T03:45:03Z,87.25,87,88,4,2017-12-27T03:00:09Z,2017-12-27T03:45:03Z
2017-12-27T04:00:00.000Z,2017-12-27T05:00:00.000Z,15.296062992125954,15.2,15.3,127,2017-12-27T04:00:13Z,2017-12-27T04:25:25Z,53.64724409448827,53.5,53.7,127,2017-12-27T04:00:13Z,2017-12-27T04:25:25Z,-0.975,-1,-0.9,4,2017-12-27T04:00:11Z,2017-12-27T04:45:02Z,88,88,88,4,2017-12-27T04:00:11Z,2017-12-27T04:45:02Z
2017-12-27T05:00:00.000Z,2017-12-27T06:00:00.000Z,,,,0,,,,,,0,,,-0.975,-1.1,-0.9,4,2017-12-27T05:00:03Z,2017-12-27T05:45:02Z,87.5,87,88,4,2017-12-27T05:00:03Z,2017-12-27T05:45:02Z
2017-12-27T06:00:00.000Z,2017-12-27T07:00:00.000Z,15.5,15.5,15.5,19,2017-12-27T06:56:06Z,2017-12-27T06:59:54Z,52.452631578947354,52.4,52.5,19,2017-12-27T06:56:06Z,2017-12-27T06:59:54Z,-0.975,-1,-0.9,4,2017-12-27T06:00:10Z,2017-12-27T06:45:03Z,87,87,87,4,2017-12-27T06:00:10Z,2017-12-27T06:45:03Z
2017-12-27T07:00:00.000Z,2017-12-27T08:00:00.000Z,15.551968503936966,15.5,15.6,127,2017-12-27T07:00:06Z,2017-12-27T07:25:19Z,52.24881889763782,52,52.4,127,2017-12-27T07:00:06Z,2017-12-27T07:25:19Z,-1.275,-1.5,-1.1,4,2017-12-27T07:00:08Z,2017-12-27T07:45:03Z,86.5,86,87,4,2017-12-27T07:00:08Z,2017-12-27T07:45:03Z
2017-12-27T08:00:00.000Z,2017-12-27T09:00:00.000Z,,,,0,,,,,,0,,,-1.9249999999999998,-2.1,-1.8,4,2017-12-27T08:00:11Z,2017-12-27T08:45:02Z,85,85,85,4,2017-12-27T08:00:11Z,2017-12-27T08:45:02Z
2017-12-27T09:00:00.000Z,2017-12-27T10:00:00.000Z,15.700000000000014,15.7,15.7,53,2017-12-27T09:48:11Z,2017-12-27T09:59:59Z,50.335849056603784,50.1,50.6,53,2017-12-27T09:48:11Z,2017-12-27T09:59:59Z,-2.05,-2.2,-2,4,2017-12-27T09:00:04Z,2017-12-27T09:45:02Z,85.5,85,86,4,2017-12-27T09:00:04Z,2017-12-27T09:45:02Z
2017-12-27T10:00:00.000Z,2017-12-27T11:00:00.000Z,15.736363636363633,15.7,15.8,99,2017-12-27T10:00:11Z,2017-12-27T10:20:00Z,50.83131313131315,50.6,51.2,99,2017-12-27T10:00:11Z,2017-12-27T10:20:00Z,-0.4,-1.4,0.4,4,2017-12-27T10:00:08Z,2017-12-27T10:45:03Z,84.75,84,86,4,2017-12-27T10:00:08Z,2017-12-27T10:45:03Z
2017-12-27T11:00:00.000Z,2017-12-27T12:00:00.000Z,,,,0,,,,,,0,,,2,1,3.3,4,2017-12-27T11:00:08Z,2017-12-27T11:45:02Z,80,77,83,4,2017-12-27T11:00:08Z,2017-12-27T11:45:02Z
2017-12-27T12:00:00.000Z,2017-12-27T13:00:00.000Z,15.599999999999978,15.6,15.6,103,2017-12-27T12:38:04Z,2017-12-27T12:59:52Z,39.3359223300971,39.1,39.6,103,2017-12-27T12:38:04Z,2017-12-27T12:59:52Z,-0.425,-1.3,0,4,2017-12-27T12:00:09Z,2017-12-27T12:45:02Z,87.5,86,90,4,2017-12-27T12:00:09Z,2017-12-27T12:45:02Z
2017-12-27T13:00:00.000Z,2017-12-27T14:00:00.000Z,15.600000000000009,15.6,15.6,33,2017-12-27T13:00:04Z,2017-12-27T13:06:41Z,39.43636363636362,39.3,39.5,33,2017-12-27T13:00:04Z,2017-12-27T13:06:41Z,3.875,3.3,4.3,4,2017-12-27T13:00:16Z,2017-12-27T13:45:02Z,72.75,72,74,4,2017-12-27T13:00:16Z,2017-12-27T13:45:02Z
2017-12-27T14:00:00.000Z,2017-12-27T15:00:00.000Z,,,,0,,,,,,0,,,2.35,1.8,3,4,2017-12-27T14:00:03Z,2017-12-27T14:45:03Z,74,73,75,4,2017-12-27T14:00:03Z,2017-12-27T14:45:03Z
2017-12-27T15:00:00.000Z,2017-12-27T16:00:00.000Z,15.185820895522378,15.1,15.3,134,2017-12-27T15:30:09Z,2017-12-27T15:57:33Z,44.52910447761194,42.5,45.2,134,2017-12-27T15:30:09Z,2017-12-27T15:57:33Z,1.275,1.1,1.5,4,2017-12-27T15:00:03Z,2017-12-27T15:45:02Z,76,76,76,4,2017-12-27T15:00:03Z,2017-12-27T15:45:02Z
2017-12-27T16:00:00.000Z,2017-12-27T17:00:00.000Z,,,,0,,,,,,0,,,0.75,0.5,1,4,2017-12-27T16:00:03Z,2017-12-27T16:45:03Z,77.5,77,78,4,2017-12-27T16:00:03Z,2017-12-27T16:45:03Z
2017-12-27T17:00:00.000Z,2017-12-27T18:00:00.000Z,,,,0,,,,,,0,,,0.30000000000000004,0.1,0.4,4,2017-12-27T17:00:03Z,2017-12-27T17:45:02Z,79.25,79,80,4,2017-12-27T17:00:03Z,2017-12-27T17:45:02Z
2017-12-27T18:00:00.000Z,2017-12-27T19:00:00.000Z,14.400000000000023,14.4,14.4,114,2017-12-27T18:15:14Z,2017-12-27T18:42:52Z,46.79649122807019,46.2,47.3,114,2017-12-27T18:15:14Z,2017-12-27T18:42:52Z,-0.07500000000000001,-0.1,0,4,2017-12-27T18:00:09Z,2017-12-27T18:45:02Z,80.25,80,81,4,2017-12-27T18:00:09Z,2017-12-27T18:45:02Z
2017-12-27T19:00:00.000Z,2017-12-27T20:00:00.000Z,,,,0,,,,,,0,,,-0.32500000000000007,-0.4,-0.1,4,2017-12-27T19:00:11Z,2017-12-27T19:45:02Z,80.75,80,81,4,2017-12-27T19:00:11Z,2017-12-27T19:45:02Z
2017-12-27T20:00:00.000Z,2017-12-27T21:00:00.000Z,14.900000000000002,14.9,14.9,10,2017-12-27T20:58:08Z,2017-12-27T20:59:56Z,45.85999999999999,45.8,45.9,10,2017-12-27T20:58:08Z,2017-12-27T20:59:56Z,0.15,0,0.3,4,2017-12-27T20:00:02Z,2017-12-27T20:45:02Z,79.5,79,80,4,2017-12-27T20:00:02Z,2017-12-27T20:45:02Z
2017-12-27T21:00:00.000Z,2017-12-27T22:00:00.000Z,14.90000000000004,14.9,14.9,141,2017-12-27T21:00:08Z,2017-12-27T21:29:09Z,46.167375886524795,45.9,46.3,141,2017-12-27T21:00:08Z,2017-12-27T21:29:09Z,0.375,0.3,0.4,4,2017-12-27T21:00:06Z,2017-12-27T21:45:02Z,78.5,78,79,4,2017-12-27T21:00:06Z,2017-12-27T21:45:02Z
2017-12-27T22:00:00.000Z,2017-12-27T23:00:00.000Z,,,,0,,,,,,0,,,0.6000000000000001,0.5,0.7,4,2017-12-27T22:00:02Z,2017-12-27T22:45:02Z,77,77,77,4,2017-12-27T22:00:02Z,2017-12-27T22:45:02Z
2017-12-27T23:00:00.000Z,2017-12-28T00:00:00.000Z,15.187333333333346,15.1,15.2,150,2017-12-27T23:28:01Z,2017-12-27T23:58:26Z,47.067999999999984,46.9,47.6,150,2017-12-27T23:28:01Z,2017-12-27T23:58:26Z,0.9500000000000001,0.7,1.1,4,2017-12-27T23:00:03Z,2017-12-27T23:45:02Z,76.25,76,77,4,2017-12-27T23:00:03Z,2017-12-27T23:45:02Z
2017-12-28T00:00:00.000Z,2017-12-28T01:00:00.000Z,,,,0,,,,,,0,,,1.025,1,1.1,4,2017-12-28T00:00:21Z,2017-12-28T00:45:02Z,76.75,76,77,4,2017-12-28T00:00:21Z,2017-12-28T00:45:02Z
2017-12-28T01:00:00.000Z,2017-12-28T02:00:00.000Z,15.400000000000029,15.4,15.4,115,2017-12-28T01:36:05Z,2017-12-28T01:59:54Z,46.765217391304255,46.7,46.9,115,2017-12-28T01:36:05Z,2017-12-28T01:59:54Z,0.875,0.8,0.9,4,2017-12-28T01:00:03Z,2017-12-28T01:45:04Z,77,77,77,4,2017-12-28T01:00:03Z,2017-12-28T01:45:04Z
2017-12-28T02:00:00.000Z,2017-12-28T03:00:00.000Z,15.42733564013845,15.4,15.5,289,2017-12-28T02:00:06Z,2017-12-28T02:59:44Z,46.89480968858117,46.7,47,289,2017-12-28T02:00:06Z,2017-12-28T02:59:44Z,0.9,0.9,0.9,4,2017-12-28T02:00:06Z,2017-12-28T02:45:03Z,77,77,77,4,2017-12-28T02:00:06Z,2017-12-28T02:45:03Z
2017-12-28T03:00:00.000Z,2017-12-28T04:00:00.000Z,15.5,15.5,15.5,293,2017-12-28T03:00:08Z,2017-12-28T03:59:58Z,46.89761092150139,46.8,47,293,2017-12-28T03:00:08Z,2017-12-28T03:59:58Z,0.9249999999999999,0.9,1,4,2017-12-28T03:00:14Z,2017-12-28T03:45:03Z,76.75,76,77,4,2017-12-28T03:00:14Z,2017-12-28T03:45:03Z
2017-12-28T04:00:00.000Z,2017-12-28T05:00:00.000Z,15.595189003436404,15.5,15.6,291,2017-12-28T04:00:10Z,2017-12-28T04:59:59Z,46.67766323024065,46.2,46.8,291,2017-12-28T04:00:10Z,2017-12-28T04:59:59Z,1,0.8,1.1,4,2017-12-28T04:00:05Z,2017-12-28T04:45:04Z,76.75,76,77,4,2017-12-28T04:00:05Z,2017-12-28T04:45:04Z
2017-12-28T05:00:00.000Z,2017-12-28T06:00:00.000Z,15.59999999999995,15.6,15.6,270,2017-12-28T05:00:11Z,2017-12-28T05:59:49Z,45.86222222222237,45.6,46.2,270,2017-12-28T05:00:11Z,2017-12-28T05:59:49Z,0.02500000000000001,-0.3,0.4,4,2017-12-28T05:00:23Z,2017-12-28T05:45:02Z,77.75,77,78,4,2017-12-28T05:00:23Z,2017-12-28T05:45:02Z
2017-12-28T06:00:00.000Z,2017-12-28T07:00:00.000Z,15.644402985074525,15.6,15.7,268,2017-12-28T06:00:01Z,2017-12-28T06:59:38Z,45.49999999999976,45.4,45.8,268,2017-12-28T06:00:01Z,2017-12-28T06:59:38Z,-0.425,-0.5,-0.3,4,2017-12-28T06:00:12Z,2017-12-28T06:45:02Z,79,79,79,4,2017-12-28T06:00:12Z,2017-12-28T06:45:02Z
2017-12-28T07:00:00.000Z,2017-12-28T08:00:00.000Z,15.699999999999916,15.7,15.7,290,2017-12-28T07:00:02Z,2017-12-28T07:59:52Z,45.273448275862286,45.1,45.4,290,2017-12-28T07:00:02Z,2017-12-28T07:59:52Z,-0.7499999999999999,-0.9,-0.6,4,2017-12-28T07:00:08Z,2017-12-28T07:45:02Z,79.25,79,80,4,2017-12-28T07:00:08Z,2017-12-28T07:45:02Z
2017-12-28T08:00:00.000Z,2017-12-28T09:00:00.000Z,15.699999999999916,15.7,15.7,290,2017-12-28T08:00:04Z,2017-12-28T08:59:53Z,45.17034482758622,45,45.3,290,2017-12-28T08:00:04Z,2017-12-28T08:59:53Z,-0.75,-0.8,-0.7,4,2017-12-28T08:00:12Z,2017-12-28T08:45:02Z,80.25,80,81,4,2017-12-28T08:00:12Z,2017-12-28T08:45:02Z
2017-12-28T09:00:00.000Z,2017-12-28T10:00:00.000Z,15.778546712802829,15.6,15.9,289,2017-12-28T09:00:05Z,2017-12-28T09:59:55Z,45.597577854671336,43,47.3,289,2017-12-28T09:00:05Z,2017-12-28T09:59:55Z,-0.49999999999999994,-0.7,-0.2,4,2017-12-28T09:00:06Z,2017-12-28T09:45:03Z,80.75,80,81,4,2017-12-28T09:00:06Z,2017-12-28T09:45:03Z
2017-12-28T10:00:00.000Z,2017-12-28T11:00:00.000Z,15.238297872340366,14.9,15.6,282,2017-12-28T10:00:07Z,2017-12-28T10:59:57Z,39.949999999999974,38.8,43,282,2017-12-28T10:00:07Z,2017-12-28T10:59:57Z,0.825,0.4,1.3,4,2017-12-28T10:00:11Z,2017-12-28T10:45:02Z,80,79,81,4,2017-12-28T10:00:11Z,2017-12-28T10:45:02Z
2017-12-28T11:00:00.000Z,2017-12-28T12:00:00.000Z,14.713793103448225,14.6,14.9,290,2017-12-28T11:00:09Z,2017-12-28T11:59:59Z,38.57724137931041,38.4,39,290,2017-12-28T11:00:09Z,2017-12-28T11:59:59Z,2.2499999999999996,0.6,3.7,4,2017-12-28T11:00:10Z,2017-12-28T11:45:03Z,79.75,75,90,4,2017-12-28T11:00:10Z,2017-12-28T11:45:03Z
2017-12-28T12:00:00.000Z,2017-12-28T13:00:00.000Z,14.517525773195871,14.4,14.6,291,2017-12-28T12:00:11Z,2017-12-28T12:59:49Z,38.7786941580757,38.6,39,291,2017-12-28T12:00:11Z,2017-12-28T12:59:49Z,0.825,0.6,0.9,4,2017-12-28T12:00:10Z,2017-12-28T12:45:02Z,90,90,90,4,2017-12-28T12:00:10Z,2017-12-28T12:45:02Z
2017-12-28T13:00:00.000Z,2017-12-28T14:00:00.000Z,14.326530612244932,14.1,14.4,294,2017-12-28T13:00:01Z,2017-12-28T13:59:52Z,39.10170068027205,38.8,39.5,294,2017-12-28T13:00:01Z,2017-12-28T13:59:52Z,3.2750000000000004,3,3.8,4,2017-12-28T13:00:10Z,2017-12-28T13:45:02Z,82,71,87,4,2017-12-28T13:00:10Z,2017-12-28T13:45:02Z
2017-12-28T14:00:00.000Z,2017-12-28T15:00:00.000Z,13.906597222222294,13.7,14.2,288,2017-12-28T14:00:04Z,2017-12-28T14:59:54Z,39.67812500000004,39.1,40.8,288,2017-12-28T14:00:04Z,2017-12-28T14:59:54Z,2.9999999999999996,2.6,3.5,4,2017-12-28T14:00:06Z,2017-12-28T14:45:02Z,72.5,72,73,4,2017-12-28T14:00:06Z,2017-12-28T14:45:02Z
2017-12-28T15:00:00.000Z,2017-12-28T16:00:00.000Z,13.609897610921466,13.5,13.7,293,2017-12-28T15:00:06Z,2017-12-28T15:59:57Z,42.30443686006822,40.8,44.3,293,2017-12-28T15:00:06Z,2017-12-28T15:59:57Z,1.7999999999999998,1.4,2.3,4,2017-12-28T15:00:05Z,2017-12-28T15:45:03Z,75,74,76,4,2017-12-28T15:00:05Z,2017-12-28T15:45:03Z
2017-12-28T16:00:00.000Z,2017-12-28T17:00:00.000Z,13.814236111111137,13.6,14.1,288,2017-12-28T16:00:09Z,2017-12-28T16:59:48Z,45.63645833333338,44.3,46.6,288,2017-12-28T16:00:09Z,2017-12-28T16:59:48Z,0.9249999999999999,0.8,1.1,4,2017-12-28T16:00:08Z,2017-12-28T16:45:02Z,77,76,78,4,2017-12-28T16:00:08Z,2017-12-28T16:45:02Z
2017-12-28T17:00:00.000Z,2017-12-28T18:00:00.000Z,14.24655172413801,14.1,14.4,290,2017-12-28T17:00:00Z,2017-12-28T17:59:50Z,47.27724137931016,46.5,48,290,2017-12-28T17:00:00Z,2017-12-28T17:59:50Z,0.47500000000000003,0.3,0.7,4,2017-12-28T17:00:09Z,2017-12-28T17:45:03Z,78.25,78,79,4,2017-12-28T17:00:09Z,2017-12-28T17:45:03Z
2017-12-28T18:00:00.000Z,2017-12-28T19:00:00.000Z,14.494845360824742,14.4,14.6,291,2017-12-28T18:00:02Z,2017-12-28T18:59:52Z,47.03092783505164,45.6,48.1,291,2017-12-28T18:00:02Z,2017-12-28T18:59:52Z,-0.09999999999999999,-0.5,0.3,4,2017-12-28T18:00:10Z,2017-12-28T18:45:03Z,78.25,78,79,4,2017-12-28T18:00:10Z,2017-12-28T18:45:03Z
2017-12-28T19:00:00.000Z,2017-12-28T20:00:00.000Z,14.533333333333328,14.5,14.6,294,2017-12-28T19:00:04Z,2017-12-28T19:59:54Z,42.1952380952381,40.6,45.5,294,2017-12-28T19:00:04Z,2017-12-28T19:59:54Z,-0.65,-0.8,-0.5,4,2017-12-28T19:00:03Z,2017-12-28T19:45:05Z,79,79,79,4,2017-12-28T19:00:03Z,2017-12-28T19:45:05Z
2017-12-28T20:00:00.000Z,2017-12-28T21:00:00.000Z,14.538907849829334,14.5,14.6,293,2017-12-28T20:00:06Z,2017-12-28T20:59:56Z,42.56245733788402,41.6,43.2,293,2017-12-28T20:00:06Z,2017-12-28T20:59:56Z,-1.1749999999999998,-1.4,-1,4,2017-12-28T20:00:03Z,2017-12-28T20:45:02Z,80,80,80,4,2017-12-28T20:00:03Z,2017-12-28T20:45:02Z
2017-12-28T21:00:00.000Z,2017-12-28T22:00:00.000Z,14.658928571428474,14.6,14.7,280,2017-12-28T21:00:08Z,2017-12-28T21:59:59Z,47.41749999999996,43.2,52.9,280,2017-12-28T21:00:08Z,2017-12-28T21:59:59Z,-1.5,-1.6,-1.4,4,2017-12-28T21:00:03Z,2017-12-28T21:45:02Z,80,80,80,4,2017-12-28T21:00:03Z,2017-12-28T21:45:02Z
2017-12-28T22:00:00.000Z,2017-12-28T23:00:00.000Z,14.72611683848799,14.7,14.8,291,2017-12-28T22:00:11Z,2017-12-28T22:59:49Z,49.6048109965636,47.9,52.1,291,2017-12-28T22:00:11Z,2017-12-28T22:59:49Z,-1.875,-2,-1.8,4,2017-12-28T22:00:10Z,2017-12-28T22:45:03Z,80,80,80,4,2017-12-28T22:00:10Z,2017-12-28T22:45:03Z
2017-12-28T23:00:00.000Z,2017-12-29T00:00:00.000Z,14.877543859649172,14.8,14.9,285,2017-12-28T23:00:01Z,2017-12-28T23:59:51Z,47.770526315789425,47.1,48.1,285,2017-12-28T23:00:01Z,2017-12-28T23:59:51Z,-2.2750000000000004,-2.4,-2.1,4,2017-12-28T23:00:12Z,2017-12-28T23:45:02Z,80.25,80,81,4,2017-12-28T23:00:12Z,2017-12-28T23:45:02Z
2017-12-29T00:00:00.000Z,2017-12-29T01:00:00.000Z,14.992708333333333,14.9,15,288,2017-12-29T00:00:15Z,2017-12-29T00:59:53Z,47.13784722222215,46.9,47.8,288,2017-12-29T00:00:15Z,2017-12-29T00:59:53Z,-2.425,-2.6,-2.3,4,2017-12-29T00:00:03Z,2017-12-29T00:45:02Z,81,81,81,4,2017-12-29T00:00:03Z,2017-12-29T00:45:02Z
2017-12-29T01:00:00.000Z,2017-12-29T02:00:00.000Z,15.020300751879681,15,15.1,133,2017-12-29T01:00:05Z,2017-12-29T01:26:53Z,48.27894736842103,47.8,49.2,133,2017-12-29T01:00:05Z,2017-12-29T01:26:53Z,-2.9749999999999996,-3.3,-2.7,4,2017-12-29T01:00:09Z,2017-12-29T01:45:03Z,80,80,80,4,2017-12-29T01:00:09Z,2017-12-29T01:45:03Z
2017-12-29T02:00:00.000Z,2017-12-29T03:00:00.000Z,,,,0,,,,,,0,,,-3.3499999999999996,-3.5,-3.3,4,2017-12-29T02:00:03Z,2017-12-29T02:45:03Z,80,80,80,4,2017-12-29T02:00:03Z,2017-12-29T02:45:03Z
2017-12-29T03:00:00.000Z,2017-12-29T04:00:00.000Z,15.100000000000007,15.1,15.1,29,2017-12-29T03:54:10Z,2017-12-29T03:59:58Z,46.731034482758645,46.7,46.8,29,2017-12-29T03:54:10Z,2017-12-29T03:59:58Z,-3.65,-3.8,-3.6,4,2017-12-29T03:00:11Z,2017-12-29T03:45:03Z,79,79,79,4,2017-12-29T03:00:11Z,2017-12-29T03:45:03Z
2017-12-29T04:00:00.000Z,2017-12-29T05:00:00.000Z,15.136470588235314,15.1,15.2,85,2017-12-29T04:00:10Z,2017-12-29T04:17:23Z,46.637647058823504,46.5,46.7,85,2017-12-29T04:00:10Z,2017-12-29T04:17:23Z,-3.225,-3.5,-3,4,2017-12-29T04:00:12Z,2017-12-29T04:45:02Z,79.25,79,80,4,2017-12-29T04:00:12Z,2017-12-29T04:45:02Z
2017-12-29T05:00:00.000Z,2017-12-29T06:00:00.000Z,,,,0,,,,,,0,,,-1.875,-2.7,-1.3,4,2017-12-29T05:00:18Z,2017-12-29T05:45:05Z,80.25,80,81,4,2017-12-29T05:00:18Z,2017-12-29T05:45:05Z
2017-12-29T06:00:00.000Z,2017-12-29T07:00:00.000Z,15.299999999999978,15.3,15.3,77,2017-12-29T06:44:03Z,2017-12-29T06:59:52Z,49.814285714285724,49.2,50.2,77,2017-12-29T06:44:03Z,2017-12-29T06:59:52Z,-1.075,-1.6,-0.3,4,2017-12-29T06:00:03Z,2017-12-29T06:45:02Z,81,80,83,4,2017-12-29T06:00:03Z,2017-12-29T06:45:02Z
2017-12-29T07:00:00.000Z,2017-12-29T08:00:00.000Z,15.299999999999985,15.3,15.3,59,2017-12-29T07:00:04Z,2017-12-29T07:12:04Z,48.808474576271166,48.4,49.2,59,2017-12-29T07:00:04Z,2017-12-29T07:12:04Z,1.025,0.7,1.2,4,2017-12-29T07:00:03Z,2017-12-29T07:45:02Z,78.25,77,81,4,2017-12-29T07:00:03Z,2017-12-29T07:45:02Z
2017-12-29T08:00:00.000Z,2017-12-29T09:00:00.000Z,,,,0,,,,,,0,,,0.975,0.9,1.1,4,2017-12-29T08:00:11Z,2017-12-29T08:45:02Z,78.75,78,79,4,2017-12-29T08:00:11Z,2017-12-29T08:45:02Z
2017-12-29T09:00:00.000Z,2017-12-29T10:00:00.000Z,14.75000000000002,14.7,14.8,96,2017-12-29T09:40:08Z,2017-12-29T09:59:57Z,38.50416666666667,38.4,38.6,96,2017-12-29T09:40:08Z,2017-12-29T09:59:57Z,1,0.9,1.1,4,2017-12-29T09:00:09Z,2017-12-29T09:45:02Z,79.25,79,80,4,2017-12-29T09:00:09Z,2017-12-29T09:45:02Z
2017-12-29T10:00:00.000Z,2017-12-29T11:00:00.000Z,14.682608695652176,14.6,14.7,46,2017-12-29T10:00:09Z,2017-12-29T10:10:57Z,38.454347826086966,38.4,38.5,46,2017-12-29T10:00:09Z,2017-12-29T10:10:57Z,0.925,0.8,1.1,4,2017-12-29T10:00:13Z,2017-12-29T10:45:02Z,81,80,82,4,2017-12-29T10:00:13Z,2017-12-29T10:45:02Z
2017-12-29T11:00:00.000Z,2017-12-29T12:00:00.000Z,,,,0,,,,,,0,,,1.4,1.3,1.6,4,2017-12-29T11:00:09Z,2017-12-29T11:45:02Z,82,81,83,4,2017-12-29T11:00:09Z,2017-12-29T11:45:02Z
2017-12-29T12:00:00.000Z,2017-12-29T13:00:00.000Z,14.831612903225816,14.8,14.9,155,2017-12-29T12:28:02Z,2017-12-29T12:59:27Z,43.72451612903223,43.4,44.2,155,2017-12-29T12:28:02Z,2017-12-29T12:59:27Z,2.35,1.9,3,4,2017-12-29T12:00:07Z,2017-12-29T12:45:03Z,80.5,79,81,4,2017-12-29T12:00:07Z,2017-12-29T12:45:03Z
2017-12-29T13:00:00.000Z,2017-12-29T14:00:00.000Z,,,,0,,,,,,0,,,2.7749999999999995,2.7,2.8,4,2017-12-29T13:00:04Z,2017-12-29T13:45:04Z,79,79,79,4,2017-12-29T13:00:04Z,2017-12-29T13:45:04Z
2017-12-29T14:00:00.000Z,2017-12-29T15:00:00.000Z,,,,0,,,,,,0,,,2.825,2.6,3,4,2017-12-29T14:00:02Z,2017-12-29T14:45:02Z,79,79,79,4,2017-12-29T14:00:02Z,2017-12-29T14:45:02Z
2017-12-29T15:00:00.000Z,2017-12-29T16:00:00.000Z,15.200000000000031,15.2,15.2,128,2017-12-29T15:18:07Z,2017-12-29T15:59:57Z,46.740624999999966,46.7,46.9,128,2017-12-29T15:18:07Z,2017-12-29T15:59:57Z,2.2,1.5,2.9,4,2017-12-29T15:00:02Z,2017-12-29T15:45:03Z,79.25,79,80,4,2017-12-29T15:00:02Z,2017-12-29T15:45:03Z
2017-12-29T16:00:00.000Z,2017-12-29T17:00:00.000Z,15.267241379310445,15.2,15.3,290,2017-12-29T16:00:09Z,2017-12-29T16:59:58Z,46.780344827586475,46.6,46.9,290,2017-12-29T16:00:09Z,2017-12-29T16:59:58Z,0.7,0.4,1.1,4,2017-12-29T16:00:03Z,2017-12-29T16:45:02Z,80.5,80,81,4,2017-12-29T16:00:03Z,2017-12-29T16:45:02Z
2017-12-29T17:00:00.000Z,2017-12-29T18:00:00.000Z,15.300000000000082,15.3,15.3,290,2017-12-29T17:00:10Z,2017-12-29T17:59:48Z,46.37482758620673,46.2,46.6,290,2017-12-29T17:00:10Z,2017-12-29T17:59:48Z,0.02500000000000001,-0.1,0.2,4,2017-12-29T17:00:03Z,2017-12-29T17:45:03Z,80.75,80,81,4,2017-12-29T17:00:03Z,2017-12-29T17:45:03Z
2017-12-29T18:00:00.000Z,2017-12-29T19:00:00.000Z,15.35275862068966,15.3,15.4,290,2017-12-29T18:00:00Z,2017-12-29T18:59:50Z,46.21758620689654,46.2,46.3,290,2017-12-29T18:00:00Z,2017-12-29T18:59:50Z,0.275,0,0.6,4,2017-12-29T18:00:08Z,2017-12-29T18:45:02Z,81.75,81,83,4,2017-12-29T18:00:08Z,2017-12-29T18:45:02Z
2017-12-29T19:00:00.000Z,2017-12-29T20:00:00.000Z,15.40827586206902,15.4,15.5,290,2017-12-29T19:00:02Z,2017-12-29T19:59:52Z,46.510000000000005,46.2,46.9,290,2017-12-29T19:00:02Z,2017-12-29T19:59:52Z,1.125,0.9,1.3,4,2017-12-29T19:00:04Z,2017-12-29T19:45:02Z,85,85,85,4,2017-12-29T19:00:04Z,2017-12-29T19:45:02Z
2017-12-29T20:00:00.000Z,2017-12-29T21:00:00.000Z,15.5,15.5,15.5,292,2017-12-29T20:00:04Z,2017-12-29T20:59:53Z,47.01404109589051,46.9,47.1,292,2017-12-29T20:00:04Z,2017-12-29T20:59:53Z,1.475,1.4,1.6,4,2017-12-29T20:00:03Z,2017-12-29T20:45:02Z,86,86,86,4,2017-12-29T20:00:03Z,2017-12-29T20:45:02Z
2017-12-29T21:00:00.000Z,2017-12-29T22:00:00.000Z,15.56815068493149,15.5,15.6,292,2017-12-29T21:00:05Z,2017-12-29T21:59:55Z,47.375342465753434,47,48.2,292,2017-12-29T21:00:05Z,2017-12-29T21:59:55Z,1.7249999999999999,1.6,1.8,4,2017-12-29T21:00:05Z,2017-12-29T21:45:02Z,86.75,86,87,4,2017-12-29T21:00:05Z,2017-12-29T21:45:02Z
2017-12-29T22:00:00.000Z,2017-12-29T23:00:00.000Z,15.689003436426042,15.6,15.8,291,2017-12-29T22:00:07Z,2017-12-29T22:59:56Z,48.286941580755865,48,48.5,291,2017-12-29T22:00:07Z,2017-12-29T22:59:56Z,2.0999999999999996,1.9,2.2,4,2017-12-29T22:00:03Z,2017-12-29T22:45:02Z,87.75,87,88,4,2017-12-29T22:00:03Z,2017-12-29T22:45:02Z
2017-12-29T23:00:00.000Z,2017-12-30T00:00:00.000Z,15.800000000000084,15.8,15.8,289,2017-12-29T23:00:08Z,2017-12-29T23:59:58Z,48.41245674740463,48.3,48.5,289,2017-12-29T23:00:08Z,2017-12-29T23:59:58Z,2.025,2,2.1,4,2017-12-29T23:00:15Z,2017-12-29T23:45:02Z,88,88,88,4,2017-12-29T23:00:15Z,2017-12-29T23:45:02Z
2017-12-30T00:00:00.000Z,2017-12-30T01:00:00.000Z,15.898615916955036,15.8,15.9,289,2017-12-30T00:00:10Z,2017-12-30T00:59:59Z,48.34636678200657,48.3,48.4,289,2017-12-30T00:00:10Z,2017-12-30T00:59:59Z,2.0749999999999997,2,2.1,4,2017-12-30T00:00:30Z,2017-12-30T00:45:02Z,88,88,88,4,2017-12-30T00:00:30Z,2017-12-30T00:45:02Z
2017-12-30T01:00:00.000Z,2017-12-30T02:00:00.000Z,15.972857142857142,15.9,16,280,2017-12-30T01:00:11Z,2017-12-30T01:59:49Z,48.306428571428555,48.2,48.4,280,2017-12-30T01:00:11Z,2017-12-30T01:59:49Z,2.1,2,2.2,4,2017-12-30T01:00:02Z,2017-12-30T01:45:02Z,88,88,88,4,2017-12-30T01:00:02Z,2017-12-30T01:45:02Z
2017-12-30T02:00:00.000Z,2017-12-30T03:00:00.000Z,16.021917808219214,16,16.1,292,2017-12-30T02:00:01Z,2017-12-30T02:59:50Z,48.15513698630147,48,48.3,292,2017-12-30T02:00:01Z,2017-12-30T02:59:50Z,2.125,2.1,2.2,4,2017-12-30T02:00:10Z,2017-12-30T02:45:03Z,88,88,88,4,2017-12-30T02:00:10Z,2017-12-30T02:45:03Z
2017-12-30T03:00:00.000Z,2017-12-30T04:00:00.000Z,16.099999999999984,16.1,16.1,286,2017-12-30T03:00:02Z,2017-12-30T03:59:51Z,48.14720279720308,48,48.3,286,2017-12-30T03:00:02Z,2017-12-30T03:59:51Z,2.1500000000000004,2.1,2.2,4,2017-12-30T03:00:17Z,2017-12-30T03:45:09Z,88.5,88,89,4,2017-12-30T03:00:17Z,2017-12-30T03:45:09Z
2017-12-30T04:00:00.000Z,2017-12-30T05:00:00.000Z,16.19482758620681,16.1,16.2,290,2017-12-30T04:00:03Z,2017-12-30T04:59:52Z,48.23137931034504,48.1,48.3,290,2017-12-30T04:00:03Z,2017-12-30T04:59:52Z,2.1,2.1,2.1,4,2017-12-30T04:00:12Z,2017-12-30T04:45:03Z,88.25,88,89,4,2017-12-30T04:00:12Z,2017-12-30T04:45:03Z
2017-12-30T05:00:00.000Z,2017-12-30T06:00:00.000Z,16.222758620689646,16.2,16.3,290,2017-12-30T05:00:04Z,2017-12-30T05:59:53Z,48.283793103448026,48.2,48.4,290,2017-12-30T05:00:04Z,2017-12-30T05:59:53Z,2.1500000000000004,2.1,2.3,4,2017-12-30T05:00:16Z,2017-12-30T05:45:03Z,88.25,88,89,4,2017-12-30T05:00:16Z,2017-12-30T05:45:03Z
2017-12-30T06:00:00.000Z,2017-12-30T07:00:00.000Z,16.30000000000009,16.3,16.3,292,2017-12-30T06:00:05Z,2017-12-30T06:59:55Z,48.251712328767375,48.1,48.4,292,2017-12-30T06:00:05Z,2017-12-30T06:59:55Z,2.3499999999999996,2.3,2.4,4,2017-12-30T06:00:10Z,2017-12-30T06:45:03Z,88.5,88,89,4,2017-12-30T06:00:10Z,2017-12-30T06:45:03Z
2017-12-30T07:00:00.000Z,2017-12-30T08:00:00.000Z,16.34489795918366,16.3,16.4,294,2017-12-30T07:00:07Z,2017-12-30T07:59:56Z,48.04829931972789,47.9,48.2,294,2017-12-30T07:00:07Z,2017-12-30T07:59:56Z,2.225,2.2,2.3,4,2017-12-30T07:00:11Z,2017-12-30T07:45:04Z,88,88,88,4,2017-12-30T07:00:11Z,2017-12-30T07:45:04Z
2017-12-30T08:00:00.000Z,2017-12-30T09:00:00.000Z,16.400000000000002,16.4,16.4,290,2017-12-30T08:00:08Z,2017-12-30T08:59:57Z,47.940344827586,47.8,48,290,2017-12-30T08:00:08Z,2017-12-30T08:59:57Z,2.2,2.2,2.2,4,2017-12-30T08:00:04Z,2017-12-30T08:45:04Z,88,88,88,4,2017-12-30T08:00:04Z,2017-12-30T08:45:04Z
2017-12-30T09:00:00.000Z,2017-12-30T10:00:00.000Z,16.458361774744045,16.4,16.5,293,2017-12-30T09:00:09Z,2017-12-30T09:59:58Z,47.68532423208203,47.6,47.8,293,2017-12-30T09:00:09Z,2017-12-30T09:59:58Z,2.4749999999999996,2.2,2.8,4,2017-12-30T09:00:06Z,2017-12-30T09:45:03Z,88,88,88,4,2017-12-30T09:00:06Z,2017-12-30T09:45:03Z
2017-12-30T10:00:00.000Z,2017-12-30T11:00:00.000Z,16.53368055555559,16.5,16.6,288,2017-12-30T10:00:10Z,2017-12-30T10:59:59Z,47.674652777778036,47.6,47.8,288,2017-12-30T10:00:10Z,2017-12-30T10:59:59Z,2.875,2.8,2.9,4,2017-12-30T10:00:02Z,2017-12-30T10:45:05Z,87,87,87,4,2017-12-30T10:00:02Z,2017-12-30T10:45:05Z
2017-12-30T11:00:00.000Z,2017-12-30T12:00:00.000Z,16.6,16.6,16.6,291,2017-12-30T11:00:11Z,2017-12-30T11:59:48Z,47.365979381443225,47.1,47.6,291,2017-12-30T11:00:11Z,2017-12-30T11:59:48Z,2.8499999999999996,2.7,3,4,2017-12-30T11:00:03Z,2017-12-30T11:45:04Z,86.75,86,87,4,2017-12-30T11:00:03Z,2017-12-30T11:45:04Z
2017-12-30T12:00:00.000Z,2017-12-30T13:00:00.000Z,16.626480836236844,16.6,16.7,287,2017-12-30T12:00:00Z,2017-12-30T12:59:49Z,47.29756097560969,47.1,47.5,287,2017-12-30T12:00:00Z,2017-12-30T12:59:49Z,3.0749999999999997,3,3.1,4,2017-12-30T12:00:25Z,2017-12-30T12:45:02Z,86.25,86,87,4,2017-12-30T12:00:25Z,2017-12-30T12:45:02Z
2017-12-30T13:00:00.000Z,2017-12-30T14:00:00.000Z,16.69999999999991,16.7,16.7,290,2017-12-30T13:00:01Z,2017-12-30T13:59:50Z,47.487931034482735,47.4,47.5,290,2017-12-30T13:00:01Z,2017-12-30T13:59:50Z,2.975,2.9,3.1,4,2017-12-30T13:00:09Z,2017-12-30T13:45:04Z,87.25,86,88,4,2017-12-30T13:00:09Z,2017-12-30T13:45:04Z
2017-12-30T14:00:00.000Z,2017-12-30T15:00:00.000Z,16.69999999999991,16.7,16.7,288,2017-12-30T14:00:02Z,2017-12-30T14:59:51Z,47.66041666666682,47.5,48.1,288,2017-12-30T14:00:02Z,2017-12-30T14:59:51Z,3.45,3.2,3.8,4,2017-12-30T14:00:03Z,2017-12-30T14:45:03Z,88.5,88,89,4,2017-12-30T14:00:03Z,2017-12-30T14:45:03Z
2017-12-30T15:00:00.000Z,2017-12-30T16:00:00.000Z,16.699999999999907,16.7,16.7,293,2017-12-30T15:00:03Z,2017-12-30T15:59:52Z,49.127986348123,48.1,49.7,293,2017-12-30T15:00:03Z,2017-12-30T15:59:52Z,3.9000000000000004,3.7,4,4,2017-12-30T15:00:04Z,2017-12-30T15:45:03Z,88.5,88,89,4,2017-12-30T15:00:04Z,2017-12-30T15:45:03Z
2017-12-30T16:00:00.000Z,2017-12-30T17:00:00.000Z,16.700349650349562,16.7,16.8,286,2017-12-30T16:00:04Z,2017-12-30T16:59:53Z,49.576923076923144,49.3,49.9,286,2017-12-30T16:00:04Z,2017-12-30T16:59:53Z,3.45,3.4,3.6,4,2017-12-30T16:00:10Z,2017-12-30T16:45:02Z,88.5,88,89,4,2017-12-30T16:00:10Z,2017-12-30T16:45:02Z
2017-12-30T17:00:00.000Z,2017-12-30T18:00:00.000Z,16.835273972602725,16.7,16.9,292,2017-12-30T17:00:05Z,2017-12-30T17:59:54Z,50.17123287671243,49.7,50.4,292,2017-12-30T17:00:05Z,2017-12-30T17:59:54Z,3.525,3.4,3.6,4,2017-12-30T17:00:03Z,2017-12-30T17:45:04Z,89,89,89,4,2017-12-30T17:00:03Z,2017-12-30T17:45:04Z
2017-12-30T18:00:00.000Z,2017-12-30T19:00:00.000Z,16.899999999999995,16.9,16.9,290,2017-12-30T18:00:06Z,2017-12-30T18:59:54Z,50.01965517241406,49.7,50.1,290,2017-12-30T18:00:06Z,2017-12-30T18:59:54Z,3.3000000000000003,3.2,3.4,4,2017-12-30T18:00:03Z,2017-12-30T18:45:02Z,89.5,89,90,4,2017-12-30T18:00:03Z,2017-12-30T18:45:02Z
2017-12-30T19:00:00.000Z,2017-12-30T20:00:00.000Z,16.89999999999999,16.9,16.9,293,2017-12-30T19:00:06Z,2017-12-30T19:59:55Z,49.95904436860049,49.8,50.1,293,2017-12-30T19:00:06Z,2017-12-30T19:59:55Z,3.6,3.5,3.7,4,2017-12-30T19:00:03Z,2017-12-30T19:45:02Z,90.25,90,91,4,2017-12-30T19:00:03Z,2017-12-30T19:45:02Z
2017-12-30T20:00:00.000Z,2017-12-30T21:00:00.000Z,16.89999999999999,16.9,16.9,291,2017-12-30T20:00:07Z,2017-12-30T20:59:56Z,49.838487972508275,49.7,49.9,291,2017-12-30T20:00:07Z,2017-12-30T20:59:56Z,3.675,3.6,3.7,4,2017-12-30T20:00:03Z,2017-12-30T20:45:03Z,89.75,89,90,4,2017-12-30T20:00:03Z,2017-12-30T20:45:03Z
2017-12-30T21:00:00.000Z,2017-12-30T22:00:00.000Z,16.903754266211603,16.9,17,293,2017-12-30T21:00:08Z,2017-12-30T21:59:56Z,49.647440273037695,49.6,49.7,293,2017-12-30T21:00:08Z,2017-12-30T21:59:56Z,3.675,3.6,3.7,4,2017-12-30T21:00:02Z,2017-12-30T21:45:03Z,89,89,89,4,2017-12-30T21:00:02Z,2017-12-30T21:45:03Z
2017-12-30T22:00:00.000Z,2017-12-30T23:00:00.000Z,16.999655172413792,16.9,17,290,2017-12-30T22:00:08Z,2017-12-30T22:59:57Z,49.636551724138165,49.6,49.8,290,2017-12-30T22:00:08Z,2017-12-30T22:59:57Z,3.5500000000000003,3.4,3.7,4,2017-12-30T22:00:06Z,2017-12-30T22:45:03Z,89,89,89,4,2017-12-30T22:00:06Z,2017-12-30T22:45:03Z
2017-12-30T23:00:00.000Z,2017-12-31T00:00:00.000Z,17,17,17,295,2017-12-30T23:00:09Z,2017-12-30T23:59:58Z,49.88644067796585,49.8,49.9,295,2017-12-30T23:00:09Z,2017-12-30T23:59:58Z,3.375,3.2,3.5,4,2017-12-30T23:00:12Z,2017-12-30T23:45:09Z,89,89,89,4,2017-12-30T23:00:12Z,2017-12-30T23:45:09Z
2017-12-31T00:00:00.000Z,2017-12-31T01:00:00.000Z,17.09094076655053,17,17.1,287,2017-12-31T00:00:10Z,2017-12-31T00:59:59Z,49.945296167247285,49.9,50,287,2017-12-31T00:00:10Z,2017-12-31T00:59:59Z,3.8000000000000003,3.7,4.1,4,2017-12-31T00:00:14Z,2017-12-31T00:45:02Z,89.25,89,90,4,2017-12-31T00:00:14Z,2017-12-31T00:45:02Z
2017-12-31T01:00:00.000Z,2017-12-31T02:00:00.000Z,17.099999999999955,17.1,17.1,141,2017-12-31T01:00:11Z,2017-12-31T01:29:11Z,50.07517730496466,50,50.1,141,2017-12-31T01:00:11Z,2017-12-31T01:29:11Z,4.1,4,4.3,4,2017-12-31T01:00:03Z,2017-12-31T01:45:02Z,88.75,88,89,4,2017-12-31T01:00:03Z,2017-12-31T01:45:02Z
2017-12-31T02:00:00.000Z,2017-12-31T03:00:00.000Z,,,,0,,,,,,0,,,3.925,3.8,4.1,4,2017-12-31T02:00:03Z,2017-12-31T02:45:04Z,88.75,88,89,4,2017-12-31T02:00:03Z,2017-12-31T02:45:04Z
2017-12-31T03:00:00.000Z,2017-12-31T04:00:00.000Z,17.099999999999998,17.1,17.1,9,2017-12-31T03:58:13Z,2017-12-31T03:59:49Z,49.388888888888886,49.3,49.4,9,2017-12-31T03:58:13Z,2017-12-31T03:59:49Z,3.875,3.8,4,4,2017-12-31T03:00:04Z,2017-12-31T03:45:03Z,89,89,89,4,2017-12-31T03:00:04Z,2017-12-31T03:45:03Z
2017-12-31T04:00:00.000Z,2017-12-31T05:00:00.000Z,17.099999999999962,17.1,17.1,117,2017-12-31T04:00:01Z,2017-12-31T04:23:25Z,49.323076923077,49.2,49.4,117,2017-12-31T04:00:01Z,2017-12-31T04:23:25Z,4.25,4.1,4.6,4,2017-12-31T04:00:13Z,2017-12-31T04:45:02Z,88.25,88,89,4,2017-12-31T04:00:13Z,2017-12-31T04:45:02Z
2017-12-31T05:00:00.000Z,2017-12-31T06:00:00.000Z,,,,0,,,,,,0,,,4.775,4.7,4.9,4,2017-12-31T05:00:12Z,2017-12-31T05:45:02Z,89.75,89,90,4,2017-12-31T05:00:12Z,2017-12-31T05:45:02Z
2017-12-31T06:00:00.000Z,2017-12-31T07:00:00.000Z,17.20000000000002,17.2,17.2,68,2017-12-31T06:46:03Z,2017-12-31T06:59:51Z,49.5,49.5,49.5,68,2017-12-31T06:46:03Z,2017-12-31T06:59:51Z,6.325,6.2,6.4,4,2017-12-31T06:00:12Z,2017-12-31T06:45:03Z,85,83,87,4,2017-12-31T06:00:12Z,2017-12-31T06:45:03Z
2017-12-31T07:00:00.000Z,2017-12-31T08:00:00.000Z,17.200000000000024,17.2,17.2,76,2017-12-31T07:00:03Z,2017-12-31T07:15:15Z,49.444736842105314,49.4,49.5,76,2017-12-31T07:00:03Z,2017-12-31T07:15:15Z,5.6000000000000005,5.3,6.1,4,2017-12-31T07:00:04Z,2017-12-31T07:45:03Z,85.25,83,86,4,2017-12-31T07:00:04Z,2017-12-31T07:45:03Z
2017-12-31T08:00:00.000Z,2017-12-31T09:00:00.000Z,,,,0,,,,,,0,,,4.7749999999999995,4.6,5.1,4,2017-12-31T08:00:10Z,2017-12-31T08:45:02Z,87.5,87,88,4,2017-12-31T08:00:10Z,2017-12-31T08:45:02Z
2017-12-31T09:00:00.000Z,2017-12-31T10:00:00.000Z,17.200000000000024,17.2,17.2,78,2017-12-31T09:44:04Z,2017-12-31T09:59:53Z,48.970512820512866,48.9,49.1,78,2017-12-31T09:44:04Z,2017-12-31T09:59:53Z,4.95,4.7,5.2,4,2017-12-31T09:00:06Z,2017-12-31T09:45:02Z,88,87,89,4,2017-12-31T09:00:06Z,2017-12-31T09:45:02Z
2017-12-31T10:00:00.000Z,2017-12-31T11:00:00.000Z,17.200000000000024,17.2,17.2,71,2017-12-31T10:00:05Z,2017-12-31T10:14:53Z,48.84366197183101,48.7,48.9,71,2017-12-31T10:00:05Z,2017-12-31T10:14:53Z,5.5249999999999995,5.4,5.7,4,2017-12-31T10:00:13Z,2017-12-31T10:45:03Z,85.25,84,86,4,2017-12-31T10:00:13Z,2017-12-31T10:45:03Z
2017-12-31T11:00:00.000Z,2017-12-31T12:00:00.000Z,,,,0,,,,,,0,,,5.925,5.8,6,4,2017-12-31T11:00:02Z,2017-12-31T11:45:02Z,84.25,84,85,4,2017-12-31T11:00:02Z,2017-12-31T11:45:02Z
2017-12-31T12:00:00.000Z,2017-12-31T13:00:00.000Z,17.200000000000028,17.2,17.2,88,2017-12-31T12:42:06Z,2017-12-31T12:59:55Z,48.699999999999925,48.7,48.7,88,2017-12-31T12:42:06Z,2017-12-31T12:59:55Z,5.825,5.7,6,4,2017-12-31T12:00:09Z,2017-12-31T12:45:02Z,85.75,85,86,4,2017-12-31T12:00:09Z,2017-12-31T12:45:02Z
2017-12-31T13:00:00.000Z,2017-12-31T14:00:00.000Z,17.200000000000017,17.2,17.2,55,2017-12-31T13:00:07Z,2017-12-31T13:11:19Z,48.69999999999998,48.7,48.7,55,2017-12-31T13:00:07Z,2017-12-31T13:11:19Z,5.6,5.5,5.7,4,2017-12-31T13:00:08Z,2017-12-31T13:45:03Z,87,87,87,4,2017-12-31T13:00:08Z,2017-12-31T13:45:03Z
2017-12-31T14:00:00.000Z,2017-12-31T15:00:00.000Z,,,,0,,,,,,0,,,5.5,5.4,5.6,4,2017-12-31T14:00:10Z,2017-12-31T14:45:03Z,88,88,88,4,2017-12-31T14:00:10Z,2017-12-31T14:45:03Z
2017-12-31T15:00:00.000Z,2017-12-31T16:00:00.000Z,17.29999999999997,17.3,17.3,117,2017-12-31T15:36:08Z,2017-12-31T15:59:56Z,49.565811965811925,49.5,49.6,117,2017-12-31T15:36:08Z,2017-12-31T15:59:56Z,4.925,4.8,5.1,4,2017-12-31T15:00:03Z,2017-12-31T15:45:03Z,87,87,87,4,2017-12-31T15:00:03Z,2017-12-31T15:45:03Z
2017-12-31T16:00:00.000Z,2017-12-31T17:00:00.000Z,17.34411764705882,17.3,17.4,34,2017-12-31T16:00:08Z,2017-12-31T16:06:44Z,49.5,49.5,49.5,34,2017-12-31T16:00:08Z,2017-12-31T16:06:44Z,4.625,4.6,4.7,4,2017-12-31T16:00:04Z,2017-12-31T16:45:02Z,87,87,87,4,2017-12-31T16:00:04Z,2017-12-31T16:45:02Z
2017-12-31T17:00:00.000Z,2017-12-31T18:00:00.000Z,,,,0,,,,,,0,,,4.1000000000000005,3.8,4.4,4,2017-12-31T17:00:07Z,2017-12-31T17:45:02Z,86.25,86,87,4,2017-12-31T17:00:07Z,2017-12-31T17:45:02Z
2017-12-31T18:00:00.000Z,2017-12-31T19:00:00.000Z,17.40000000000005,17.4,17.4,155,2017-12-31T18:28:10Z,2017-12-31T18:59:58Z,49.16838709677429,49.1,49.3,155,2017-12-31T18:28:10Z,2017-12-31T18:59:58Z,3.7250000000000005,3.7,3.8,4,2017-12-31T18:00:12Z,2017-12-31T18:45:03Z,87.25,87,88,4,2017-12-31T18:00:12Z,2017-12-31T18:45:03Z
2017-12-31T19:00:00.000Z,2017-12-31T20:00:00.000Z,17.4,17.4,17.4,2,2017-12-31T19:00:10Z,2017-12-31T19:00:22Z,49.1,49.1,49.1,2,2017-12-31T19:00:10Z,2017-12-31T19:00:22Z,3.9499999999999997,3.8,4.1,4,2017-12-31T19:00:03Z,2017-12-31T19:45:03Z,87.75,87,88,4,2017-12-31T19:00:03Z,2017-12-31T19:45:03Z
2017-12-31T20:00:00.000Z,2017-12-31T21:00:00.000Z,,,,0,,,,,,0,,,3.925,3.9,4,4,2017-12-31T20:00:03Z,2017-12-31T20:45:05Z,88.25,88,89,4,2017-12-31T20:00:03Z,2017-12-31T20:45:05Z
2017-12-31T21:00:00.000Z,2017-12-31T22:00:00.000Z,17.412666666666702,17.4,17.5,150,2017-12-31T21:15:59Z,2017-12-31T21:46:11Z,48.977333333333235,48.8,49.1,150,2017-12-31T21:15:59Z,2017-12-31T21:46:11Z,3.95,3.8,4.1,4,2017-12-31T21:00:02Z,2017-12-31T21:45:02Z,87.75,87,88,4,2017-12-31T21:00:02Z,2017-12-31T21:45:02Z
2017-12-31T22:00:00.000Z,2017-12-31T23:00:00.000Z,,,,0,,,,,,0,,,3.425,3.2,3.7,4,2017-12-31T22:00:04Z,2017-12-31T22:45:02Z,88,88,88,4,2017-12-31T22:00:04Z,2017-12-31T22:45:02Z
2017-12-31T23:00:00.000Z,2018-01-01T00:00:00.000Z,17.5,17.5,17.5,19,2017-12-31T23:55:00Z,2017-12-31T23:59:48Z,48.600000000000016,48.6,48.6,19,2017-12-31T23:55:00Z,2017-12-31T23:59:48Z,3.175,3.1,3.3,4,2017-12-31T23:00:05Z,2017-12-31T23:45:02Z,88,88,88,4,2017-12-31T23:00:05Z,2017-12-31T23:45:02Z
2018-01-01T00:00:00.000Z,2018-01-01T01:00:00.000Z,17.5,17.5,17.5,119,2018-01-01T00:00:00Z,2018-01-01T00:24:49Z,48.545378151260486,48.5,48.6,119,2018-01-01T00:00:00Z,2018-01-01T00:24:49Z,2.875,2.8,3,4,2018-01-01T00:00:28Z,2018-01-01T00:45:02Z,88.25,88,89,4,2018-01-01T00:00:28Z,2018-01-01T00:45:02Z
2018-01-01T01:00:00.000Z,2018-01-01T02:00:00.000Z,,,,0,,,,,,0,,,3.075,2.9,3.3,4,2018-01-01T01:00:08Z,2018-01-01T01:45:02Z,88,88,88,4,2018-01-01T01:00:08Z,2018-01-01T01:45:02Z
2018-01-01T02:00:00.000Z,2018-01-01T03:00:00.000Z,17.5,17.5,17.5,56,2018-01-01T02:48:14Z,2018-01-01T02:59:38Z,48.12321428571423,48.1,48.2,56,2018-01-01T02:48:14Z,2018-01-01T02:59:38Z,3.4,3.3,3.5,4,2018-01-01T02:00:03Z,2018-01-01T02:45:04Z,88.5,88,89,4,2018-01-01T02:00:03Z,2018-01-01T02:45:04Z
2018-01-01T03:00:00.000Z,2018-01-01T04:00:00.000Z,17.5,17.5,17.5,66,2018-01-01T03:00:02Z,2018-01-01T03:14:50Z,48.204545454545425,48.2,48.3,66,2018-01-01T03:00:02Z,2018-01-01T03:14:50Z,3.625,3.6,3.7,4,2018-01-01T03:00:04Z,2018-01-01T03:45:04Z,90.25,90,91,4,2018-01-01T03:00:04Z,2018-01-01T03:45:04Z
2018-01-01T04:00:00.000Z,2018-01-01T05:00:00.000Z,,,,0,,,,,,0,,,3.9499999999999997,3.8,4.1,4,2018-01-01T04:00:04Z,2018-01-01T04:45:02Z,91,91,91,4,2018-01-01T04:00:04Z,2018-01-01T04:45:02Z
2018-01-01T05:00:00.000Z,2018-01-01T06:00:00.000Z,17.593750000000014,17.5,17.6,48,2018-01-01T05:50:04Z,2018-01-01T05:59:52Z,48.87708333333338,48.8,48.9,48,2018-01-01T05:50:04Z,2018-01-01T05:59:52Z,4.325,4.2,4.4,4,2018-01-01T05:00:02Z,2018-01-01T05:45:02Z,91,91,91,4,2018-01-01T05:00:02Z,2018-01-01T05:45:02Z
2018-01-01T06:00:00.000Z,2018-01-01T07:00:00.000Z,17.599999999999937,17.6,17.6,233,2018-01-01T06:00:04Z,2018-01-01T06:59:52Z,48.91974248927024,48.9,49,233,2018-01-01T06:00:04Z,2018-01-01T06:59:52Z,4.425000000000001,4.4,4.5,4,2018-01-01T06:00:11Z,2018-01-01T06:45:02Z,90.75,90,91,4,2018-01-01T06:00:11Z,2018-01-01T06:45:02Z
2018-01-01T07:00:00.000Z,2018-01-01T08:00:00.000Z,17.600000000000016,17.6,17.6,284,2018-01-01T07:00:04Z,2018-01-01T07:59:53Z,48.815845070422476,48.7,48.9,284,2018-01-01T07:00:04Z,2018-01-01T07:59:53Z,4.275,4.2,4.3,4,2018-01-01T07:00:09Z,2018-01-01T07:45:02Z,89.5,89,90,4,2018-01-01T07:00:09Z,2018-01-01T07:45:02Z
2018-01-01T08:00:00.000Z,2018-01-01T09:00:00.000Z,17.60000000000002,17.6,17.6,288,2018-01-01T08:00:05Z,2018-01-01T08:59:53Z,48.70000000000023,48.7,48.7,288,2018-01-01T08:00:05Z,2018-01-01T08:59:53Z,4.05,3.8,4.3,4,2018-01-01T08:00:03Z,2018-01-01T08:45:03Z,90.25,90,91,4,2018-01-01T08:00:03Z,2018-01-01T08:45:03Z
2018-01-01T09:00:00.000Z,2018-01-01T10:00:00.000Z,17.60000000000002,17.6,17.6,287,2018-01-01T09:00:05Z,2018-01-01T09:59:54Z,48.61986062717794,48.6,48.7,287,2018-01-01T09:00:05Z,2018-01-01T09:59:54Z,4,3.8,4.1,4,2018-01-01T09:00:05Z,2018-01-01T09:45:02Z,90,89,91,4,2018-01-01T09:00:05Z,2018-01-01T09:45:02Z
2018-01-01T10:00:00.000Z,2018-01-01T11:00:00.000Z,17.66632302405487,17.6,17.7,291,2018-01-01T10:00:06Z,2018-01-01T10:59:54Z,48.59415807560162,48.5,48.6,291,2018-01-01T10:00:06Z,2018-01-01T10:59:54Z,4.2749999999999995,4,4.7,4,2018-01-01T10:00:08Z,2018-01-01T10:45:03Z,88.5,88,89,4,2018-01-01T10:00:08Z,2018-01-01T10:45:03Z
2018-01-01T11:00:00.000Z,2018-01-01T12:00:00.000Z,17.74190140845076,17.7,17.8,284,2018-01-01T11:00:06Z,2018-01-01T11:59:55Z,48.62147887323973,48.6,48.7,284,2018-01-01T11:00:06Z,2018-01-01T11:59:55Z,6.1499999999999995,5.2,7.2,4,2018-01-01T11:00:06Z,2018-01-01T11:45:03Z,85.25,83,87,4,2018-01-01T11:00:06Z,2018-01-01T11:45:03Z
2018-01-01T12:00:00.000Z,2018-01-01T13:00:00.000Z,17.953767123287687,17.8,18,292,2018-01-01T12:00:07Z,2018-01-01T12:59:55Z,48.63150684931508,48.5,48.7,292,2018-01-01T12:00:07Z,2018-01-01T12:59:55Z,6.025,3.8,8.5,4,2018-01-01T12:00:20Z,2018-01-01T12:45:03Z,89.25,80,98,4,2018-01-01T12:00:20Z,2018-01-01T12:45:03Z
2018-01-01T13:00:00.000Z,2018-01-01T14:00:00.000Z,18,18,18,289,2018-01-01T13:00:07Z,2018-01-01T13:59:55Z,48.50276816609005,48.4,48.7,289,2018-01-01T13:00:07Z,2018-01-01T13:59:55Z,6.074999999999999,5.2,7.1,4,2018-01-01T13:00:18Z,2018-01-01T13:45:03Z,88.5,81,96,4,2018-01-01T13:00:18Z,2018-01-01T13:45:03Z
2018-01-01T14:00:00.000Z,2018-01-01T15:00:00.000Z,17.935395189003398,17.9,18,291,2018-01-01T14:00:07Z,2018-01-01T14:59:56Z,50.47044673539514,48.7,51.6,291,2018-01-01T14:00:07Z,2018-01-01T14:59:56Z,6.55,6,7.1,4,2018-01-01T14:00:10Z,2018-01-01T14:45:02Z,81.5,81,82,4,2018-01-01T14:00:10Z,2018-01-01T14:45:02Z
2018-01-01T15:00:00.000Z,2018-01-01T16:00:00.000Z,17.932534246575383,17.9,18,292,2018-01-01T15:00:08Z,2018-01-01T15:59:56Z,52.2558219178083,51.4,52.8,292,2018-01-01T15:00:08Z,2018-01-01T15:59:56Z,4.550000000000001,4,5.2,4,2018-01-01T15:00:11Z,2018-01-01T15:45:03Z,83.5,83,84,4,2018-01-01T15:00:11Z,2018-01-01T15:45:03Z
2018-01-01T16:00:00.000Z,2018-01-01T17:00:00.000Z,17.922680412371108,17.9,18,291,2018-01-01T16:00:08Z,2018-01-01T16:59:56Z,52.048453608247364,51.4,52.6,291,2018-01-01T16:00:08Z,2018-01-01T16:59:56Z,3.45,3.3,3.7,4,2018-01-01T16:00:07Z,2018-01-01T16:45:02Z,85.75,85,86,4,2018-01-01T16:00:07Z,2018-01-01T16:45:02Z
2018-01-01T17:00:00.000Z,2018-01-01T18:00:00.000Z,17.899999999999967,17.9,17.9,295,2018-01-01T17:00:08Z,2018-01-01T17:59:56Z,51.90949152542364,51.1,52.9,295,2018-01-01T17:00:08Z,2018-01-01T17:59:56Z,2.85,2.6,3.1,4,2018-01-01T17:00:06Z,2018-01-01T17:45:03Z,86.75,86,87,4,2018-01-01T17:00:06Z,2018-01-01T17:45:03Z
2018-01-01T18:00:00.000Z,2018-01-01T19:00:00.000Z,17.93103448275864,17.9,18,290,2018-01-01T18:00:08Z,2018-01-01T18:59:57Z,52.70448275862061,50.3,53.6,290,2018-01-01T18:00:08Z,2018-01-01T18:59:57Z,2.4,2.2,2.7,4,2018-01-01T18:00:02Z,2018-01-01T18:45:03Z,87,87,87,4,2018-01-01T18:00:02Z,2018-01-01T18:45:03Z
2018-01-01T19:00:00.000Z,2018-01-01T20:00:00.000Z,17.89999999999997,17.9,17.9,290,2018-01-01T19:00:09Z,2018-01-01T19:59:57Z,48.1024137931035,47.5,50.2,290,2018-01-01T19:00:09Z,2018-01-01T19:59:57Z,2.225,2.1,2.3,4,2018-01-01T19:00:02Z,2018-01-01T19:45:02Z,87.5,87,88,4,2018-01-01T19:00:02Z,2018-01-01T19:45:02Z
2018-01-01T20:00:00.000Z,2018-01-01T21:00:00.000Z,17.89999999999997,17.9,17.9,290,2018-01-01T20:00:21Z,2018-01-01T20:59:57Z,48.46931034482754,48.3,48.5,290,2018-01-01T20:00:21Z,2018-01-01T20:59:57Z,3.025,2.8,3.2,4,2018-01-01T20:00:02Z,2018-01-01T20:45:02Z,87.75,87,88,4,2018-01-01T20:00:02Z,2018-01-01T20:45:02Z
2018-01-01T21:00:00.000Z,2018-01-01T22:00:00.000Z,17.899999999999967,17.9,17.9,293,2018-01-01T21:00:09Z,2018-01-01T21:59:57Z,48.31501706484619,48.3,48.4,293,2018-01-01T21:00:09Z,2018-01-01T21:59:57Z,3.0749999999999997,3,3.1,4,2018-01-01T21:00:03Z,2018-01-01T21:45:02Z,87.25,87,88,4,2018-01-01T21:00:03Z,2018-01-01T21:45:02Z
2018-01-01T22:00:00.000Z,2018-01-01T23:00:00.000Z,17.899999999999967,17.9,17.9,293,2018-01-01T22:00:09Z,2018-01-01T22:59:58Z,48.14470989761107,48.1,48.3,293,2018-01-01T22:00:09Z,2018-01-01T22:59:58Z,2.9499999999999997,2.7,3.2,4,2018-01-01T22:00:02Z,2018-01-01T22:45:02Z,87.75,87,88,4,2018-01-01T22:00:02Z,2018-01-01T22:45:02Z
2018-01-01T23:00:00.000Z,2018-01-02T00:00:00.000Z,17.89999999999997,17.9,17.9,292,2018-01-01T23:00:10Z,2018-01-01T23:59:58Z,48.097602739726256,48,48.1,292,2018-01-01T23:00:10Z,2018-01-01T23:59:58Z,3.3249999999999997,3.2,3.4,4,2018-01-01T23:00:02Z,2018-01-01T23:45:02Z,87,87,87,4,2018-01-01T23:00:02Z,2018-01-01T23:45:02Z
2018-01-02T00:00:00.000Z,2018-01-02T01:00:00.000Z,17.89999999999997,17.9,17.9,291,2018-01-02T00:00:10Z,2018-01-02T00:59:58Z,48.06838487972532,48,48.1,291,2018-01-02T00:00:10Z,2018-01-02T00:59:58Z,3.375,3,3.6,4,2018-01-02T00:00:06Z,2018-01-02T00:45:04Z,87,87,87,4,2018-01-02T00:00:06Z,2018-01-02T00:45:04Z
2018-01-02T01:00:00.000Z,2018-01-02T02:00:00.000Z,17.899999999999977,17.9,17.9,285,2018-01-02T01:00:10Z,2018-01-02T01:59:58Z,48.0157894736842,48,48.1,285,2018-01-02T01:00:10Z,2018-01-02T01:59:58Z,2.625,2.4,2.7,4,2018-01-02T01:00:09Z,2018-01-02T01:45:03Z,88,87,89,4,2018-01-02T01:00:09Z,2018-01-02T01:45:03Z
2018-01-02T02:00:00.000Z,2018-01-02T03:00:00.000Z,17.899999999999967,17.9,17.9,295,2018-01-02T02:00:10Z,2018-01-02T02:59:59Z,47.97118644067786,47.9,48,295,2018-01-02T02:00:10Z,2018-01-02T02:59:59Z,2.6999999999999997,2.5,3.1,4,2018-01-02T02:00:07Z,2018-01-02T02:45:03Z,89.25,89,90,4,2018-01-02T02:00:07Z,2018-01-02T02:45:03Z
2018-01-02T03:00:00.000Z,2018-01-02T04:00:00.000Z,17.89999999999997,17.9,17.9,290,2018-01-02T03:00:23Z,2018-01-02T03:59:59Z,47.76172413793137,47.7,47.9,290,2018-01-02T03:00:23Z,2018-01-02T03:59:59Z,2.725,2.5,3,4,2018-01-02T03:00:06Z,2018-01-02T03:45:14Z,90,90,90,4,2018-01-02T03:00:06Z,2018-01-02T03:45:14Z
2018-01-02T04:00:00.000Z,2018-01-02T05:00:00.000Z,17.89999999999997,17.9,17.9,292,2018-01-02T04:00:11Z,2018-01-02T04:59:59Z,47.75547945205447,47.7,47.8,292,2018-01-02T04:00:11Z,2018-01-02T04:59:59Z,2.2249999999999996,2.1,2.4,4,2018-01-02T04:00:03Z,2018-01-02T04:45:09Z,89.5,89,90,4,2018-01-02T04:00:03Z,2018-01-02T04:45:09Z
2018-01-02T05:00:00.000Z,2018-01-02T06:00:00.000Z,17.899999999999967,17.9,17.9,294,2018-01-02T05:00:11Z,2018-01-02T05:59:59Z,47.744557823129576,47.6,47.8,294,2018-01-02T05:00:11Z,2018-01-02T05:59:59Z,2.4000000000000004,2.2,2.6,4,2018-01-02T05:00:07Z,2018-01-02T05:45:03Z,90.25,90,91,4,2018-01-02T05:00:07Z,2018-01-02T05:45:03Z
2018-01-02T06:00:00.000Z,2018-01-02T07:00:00.000Z,17.859310344827684,17.8,17.9,290,2018-01-02T06:00:11Z,2018-01-02T06:59:48Z,47.47413793103432,47.4,47.6,290,2018-01-02T06:00:11Z,2018-01-02T06:59:48Z,2.05,1.9,2.4,4,2018-01-02T06:00:14Z,2018-01-02T06:45:02Z,90,89,91,4,2018-01-02T06:00:14Z,2018-01-02T06:45:02Z
2018-01-02T07:00:00.000Z,2018-01-02T08:00:00.000Z,17.800000000000097,17.8,17.8,292,2018-01-02T07:00:00Z,2018-01-02T07:59:48Z,47.4506849315068,47.4,47.6,292,2018-01-02T07:00:00Z,2018-01-02T07:59:48Z,2.825,2.6,2.9,4,2018-01-02T07:00:07Z,2018-01-02T07:45:03Z,91.25,91,92,4,2018-01-02T07:00:07Z,2018-01-02T07:45:03Z
2018-01-02T08:00:00.000Z,2018-01-02T09:00:00.000Z,17.800341296928423,17.8,17.9,293,2018-01-02T08:00:00Z,2018-01-02T08:59:48Z,47.600000000000236,47.6,47.6,293,2018-01-02T08:00:00Z,2018-01-02T08:59:48Z,3.05,3,3.2,4,2018-01-02T08:00:14Z,2018-01-02T08:45:02Z,89.25,88,90,4,2018-01-02T08:00:14Z,2018-01-02T08:45:02Z
2018-01-02T09:00:00.000Z,2018-01-02T10:00:00.000Z,17.800000000000097,17.8,17.8,289,2018-01-02T09:00:00Z,2018-01-02T09:59:48Z,47.60000000000023,47.6,47.6,289,2018-01-02T09:00:00Z,2018-01-02T09:59:48Z,3.375,3.3,3.4,4,2018-01-02T09:00:03Z,2018-01-02T09:45:05Z,87.25,87,88,4,2018-01-02T09:00:03Z,2018-01-02T09:45:05Z
2018-01-02T10:00:00.000Z,2018-01-02T11:00:00.000Z,17.800000000000097,17.8,17.8,286,2018-01-02T10:00:00Z,2018-01-02T10:59:49Z,47.52692307692305,47.4,47.6,286,2018-01-02T10:00:00Z,2018-01-02T10:59:49Z,3.65,3.5,3.8,4,2018-01-02T10:00:03Z,2018-01-02T10:45:02Z,85.5,85,86,4,2018-01-02T10:00:03Z,2018-01-02T10:45:02Z
2018-01-02T11:00:00.000Z,2018-01-02T12:00:00.000Z,17.800000000000097,17.8,17.8,286,2018-01-02T11:00:01Z,2018-01-02T11:59:49Z,47.569580419580674,47.5,47.7,286,2018-01-02T11:00:01Z,2018-01-02T11:59:49Z,3.525,3.4,3.6,4,2018-01-02T11:00:08Z,2018-01-02T11:45:04Z,87,87,87,4,2018-01-02T11:00:08Z,2018-01-02T11:45:04Z
2018-01-02T12:00:00.000Z,2018-01-02T13:00:00.000Z,17.800000000000097,17.8,17.8,294,2018-01-02T12:00:01Z,2018-01-02T12:59:49Z,47.55442176870751,47.4,47.7,294,2018-01-02T12:00:01Z,2018-01-02T12:59:49Z,3.9,3.8,4,4,2018-01-02T12:00:10Z,2018-01-02T12:45:02Z,87,87,87,4,2018-01-02T12:00:10Z,2018-01-02T12:45:02Z
2018-01-02T13:00:00.000Z,2018-01-02T14:00:00.000Z,17.82163120567378,17.8,17.9,282,2018-01-02T13:00:01Z,2018-01-02T13:59:50Z,47.631205673759084,47.3,47.7,282,2018-01-02T13:00:01Z,2018-01-02T13:59:50Z,3.9749999999999996,3.8,4.1,4,2018-01-02T13:00:04Z,2018-01-02T13:45:03Z,86,86,86,4,2018-01-02T13:00:04Z,2018-01-02T13:45:03Z
2018-01-02T14:00:00.000Z,2018-01-02T15:00:00.000Z,17.80310344827596,17.8,17.9,290,2018-01-02T14:00:02Z,2018-01-02T14:59:50Z,48.55517241379325,47.5,50.9,290,2018-01-02T14:00:02Z,2018-01-02T14:59:50Z,4.300000000000001,4.1,4.6,4,2018-01-02T14:00:03Z,2018-01-02T14:45:03Z,87,86,88,4,2018-01-02T14:00:03Z,2018-01-02T14:45:03Z
2018-01-02T15:00:00.000Z,2018-01-02T16:00:00.000Z,17.6358778625954,17.5,17.8,262,2018-01-02T15:00:02Z,2018-01-02T15:59:50Z,50.813740458015324,50.5,51.1,262,2018-01-02T15:00:02Z,2018-01-02T15:59:50Z,4.75,4.7,4.8,4,2018-01-02T15:00:03Z,2018-01-02T15:45:04Z,88.5,88,89,4,2018-01-02T15:00:03Z,2018-01-02T15:45:04Z
2018-01-02T16:00:00.000Z,2018-01-02T17:00:00.000Z,17.31732851985561,17.2,17.5,277,2018-01-02T16:00:02Z,2018-01-02T16:59:51Z,50.37797833935029,50.2,50.5,277,2018-01-02T16:00:02Z,2018-01-02T16:59:51Z,4.825,4.7,5,4,2018-01-02T16:00:03Z,2018-01-02T16:45:02Z,89,89,89,4,2018-01-02T16:00:03Z,2018-01-02T16:45:02Z
2018-01-02T17:00:00.000Z,2018-01-02T18:00:00.000Z,17.03298969072157,16.9,17.2,291,2018-01-02T17:00:03Z,2018-01-02T17:59:51Z,50.0288659793815,49.9,50.2,291,2018-01-02T17:00:03Z,2018-01-02T17:59:51Z,4.675000000000001,4.6,4.7,4,2018-01-02T17:00:07Z,2018-01-02T17:45:05Z,89,89,89,4,2018-01-02T17:00:07Z,2018-01-02T17:45:05Z
2018-01-02T18:00:00.000Z,2018-01-02T19:00:00.000Z,16.808487084870865,16.7,16.9,271,2018-01-02T18:00:15Z,2018-01-02T18:59:52Z,50.11143911439136,50.1,50.2,271,2018-01-02T18:00:15Z,2018-01-02T18:59:52Z,4.5,4.3,4.6,4,2018-01-02T18:00:04Z,2018-01-02T18:45:02Z,88,88,88,4,2018-01-02T18:00:04Z,2018-01-02T18:45:02Z
2018-01-02T19:00:00.000Z,2018-01-02T20:00:00.000Z,16.60036496350361,16.5,16.7,274,2018-01-02T19:00:04Z,2018-01-02T19:59:53Z,50.27372262773698,50.2,50.4,274,2018-01-02T19:00:04Z,2018-01-02T19:59:53Z,4.375,4.3,4.5,4,2018-01-02T19:00:12Z,2018-01-02T19:45:02Z,88,88,88,4,2018-01-02T19:00:12Z,2018-01-02T19:45:02Z
2018-01-02T20:00:00.000Z,2018-01-02T21:00:00.000Z,16.40821428571437,16.3,16.5,280,2018-01-02T20:00:05Z,2018-01-02T20:59:55Z,50.3821428571428,50.3,50.8,280,2018-01-02T20:00:05Z,2018-01-02T20:59:55Z,4.175,4.1,4.4,4,2018-01-02T20:00:06Z,2018-01-02T20:45:02Z,88.25,88,89,4,2018-01-02T20:00:06Z,2018-01-02T20:45:02Z
2018-01-02T21:00:00.000Z,2018-01-02T22:00:00.000Z,16.22823129251696,16.1,16.3,294,2018-01-02T21:00:07Z,2018-01-02T21:59:56Z,50.438095238094824,50.3,50.9,294,2018-01-02T21:00:07Z,2018-01-02T21:59:56Z,4.775,4.7,4.9,4,2018-01-02T21:00:03Z,2018-01-02T21:45:03Z,89,89,89,4,2018-01-02T21:00:03Z,2018-01-02T21:45:03Z
2018-01-02T22:00:00.000Z,2018-01-02T23:00:00.000Z,15.994863013698602,15.9,16.1,292,2018-01-02T22:00:08Z,2018-01-02T22:59:57Z,50.102054794520726,50,50.3,292,2018-01-02T22:00:08Z,2018-01-02T22:59:57Z,4.55,4.5,4.7,4,2018-01-02T22:00:03Z,2018-01-02T22:45:02Z,89,89,89,4,2018-01-02T22:00:03Z,2018-01-02T22:45:02Z
2018-01-02T23:00:00.000Z,2018-01-03T00:00:00.000Z,15.790657439446363,15.7,15.9,289,2018-01-02T23:00:09Z,2018-01-02T23:59:58Z,50.275432525951516,49.9,50.9,289,2018-01-02T23:00:09Z,2018-01-02T23:59:58Z,4.2,4.2,4.2,4,2018-01-02T23:00:11Z,2018-01-02T23:45:03Z,89.5,89,90,4,2018-01-02T23:00:11Z,2018-01-02T23:45:03Z
2018-01-03T00:00:00.000Z,2018-01-03T01:00:00.000Z,15.638194444444443,15.5,15.7,288,2018-01-03T00:00:10Z,2018-01-03T00:59:48Z,51.272916666666525,50.9,51.5,288,2018-01-03T00:00:10Z,2018-01-03T00:59:48Z,4.2,4.2,4.2,4,2018-01-03T00:00:25Z,2018-01-03T00:45:02Z,91.25,91,92,4,2018-01-03T00:00:25Z,2018-01-03T00:45:02Z
2018-01-03T01:00:00.000Z,2018-01-03T02:00:00.000Z,15.501612903225807,15.5,15.6,124,2018-01-03T01:00:00Z,2018-01-03T01:25:37Z,51.617741935483764,51.5,51.7,124,2018-01-03T01:00:00Z,2018-01-03T01:25:37Z,4.25,3.9,4.4,4,2018-01-03T01:00:21Z,2018-01-03T01:45:03Z,91.75,91,92,4,2018-01-03T01:00:21Z,2018-01-03T01:45:03Z
2018-01-03T02:00:00.000Z,2018-01-03T03:00:00.000Z,,,,0,,,,,,0,,,2.675,2,3.5,4,2018-01-03T02:00:03Z,2018-01-03T02:45:04Z,89.25,89,90,4,2018-01-03T02:00:03Z,2018-01-03T02:45:04Z
2018-01-03T03:00:00.000Z,2018-01-03T04:00:00.000Z,,,,0,,,,,,0,,,1.775,1.7,1.9,4,2018-01-03T03:00:12Z,2018-01-03T03:45:03Z,89.5,89,90,4,2018-01-03T03:00:12Z,2018-01-03T03:45:03Z
2018-01-03T04:00:00.000Z,2018-01-03T05:00:00.000Z,14.91063829787238,14.9,15,141,2018-01-03T04:08:05Z,2018-01-03T04:37:42Z,49.44468085106386,49.3,49.5,141,2018-01-03T04:08:05Z,2018-01-03T04:37:42Z,2.0250000000000004,1.9,2.2,4,2018-01-03T04:00:05Z,2018-01-03T04:45:02Z,90.5,90,91,4,2018-01-03T04:00:05Z,2018-01-03T04:45:02Z
2018-01-03T05:00:00.000Z,2018-01-03T06:00:00.000Z,,,,0,,,,,,0,,,2.4,2.2,2.6,4,2018-01-03T05:00:03Z,2018-01-03T05:45:05Z,91.75,91,92,4,2018-01-03T05:00:03Z,2018-01-03T05:45:05Z
2018-01-03T06:00:00.000Z,2018-01-03T07:00:00.000Z,,,,0,,,,,,0,,,2.325,2.2,2.5,4,2018-01-03T06:00:15Z,2018-01-03T06:45:02Z,91.25,91,92,4,2018-01-03T06:00:15Z,2018-01-03T06:45:02Z
2018-01-03T07:00:00.000Z,2018-01-03T08:00:00.000Z,14.439568345323783,14.4,14.5,139,2018-01-03T07:02:59Z,2018-01-03T07:31:36Z,50.587769784172714,50.5,50.7,139,2018-01-03T07:02:59Z,2018-01-03T07:31:36Z,2.65,2.4,2.8,4,2018-01-03T07:00:11Z,2018-01-03T07:45:02Z,92.25,92,93,4,2018-01-03T07:00:11Z,2018-01-03T07:45:02Z
2018-01-03T08:00:00.000Z,2018-01-03T09:00:00.000Z,,,,0,,,,,,0,,,2.875,2.7,3,4,2018-01-03T08:00:15Z,2018-01-03T08:45:02Z,92.5,92,93,4,2018-01-03T08:00:15Z,2018-01-03T08:45:02Z
2018-01-03T09:00:00.000Z,2018-01-03T10:00:00.000Z,,,,0,,,,,,0,,,2.825,2.6,3.1,4,2018-01-03T09:00:08Z,2018-01-03T09:45:02Z,92.75,92,93,4,2018-01-03T09:00:08Z,2018-01-03T09:45:02Z
2018-01-03T10:00:00.000Z,2018-01-03T11:00:00.000Z,14.019784172661874,14,14.1,278,2018-01-03T10:00:06Z,2018-01-03T10:59:56Z,52.06546762589934,51.7,52.5,278,2018-01-03T10:00:06Z,2018-01-03T10:59:56Z,3.8249999999999997,3.4,4.1,4,2018-01-03T10:00:08Z,2018-01-03T10:45:03Z,93.5,93,94,4,2018-01-03T10:00:08Z,2018-01-03T10:45:03Z
2018-01-03T11:00:00.000Z,2018-01-03T12:00:00.000Z,14,14,14,181,2018-01-03T11:00:08Z,2018-01-03T11:59:59Z,53.52154696132604,52.5,53.8,181,2018-01-03T11:00:08Z,2018-01-03T11:59:59Z,5.125,4.4,6.4,4,2018-01-03T11:00:11Z,2018-01-03T11:45:03Z,92,90,93,4,2018-01-03T11:00:11Z,2018-01-03T11:45:03Z
2018-01-03T12:00:00.000Z,2018-01-03T13:00:00.000Z,13.94513888888894,13.9,14,288,2018-01-03T12:00:11Z,2018-01-03T12:59:49Z,53.364583333333485,53,53.8,288,2018-01-03T12:00:11Z,2018-01-03T12:59:49Z,5.3,4.9,5.7,4,2018-01-03T12:00:07Z,2018-01-03T12:45:02Z,90.25,90,91,4,2018-01-03T12:00:07Z,2018-01-03T12:45:02Z
2018-01-03T13:00:00.000Z,2018-01-03T14:00:00.000Z,14.009246575342457,13.9,14.1,292,2018-01-03T13:00:01Z,2018-01-03T13:59:52Z,53.88698630136995,52.6,54.7,292,2018-01-03T13:00:01Z,2018-01-03T13:59:52Z,5.875,5.6,6.3,4,2018-01-03T13:00:12Z,2018-01-03T13:45:02Z,89.5,89,90,4,2018-01-03T13:00:12Z,2018-01-03T13:45:02Z
2018-01-03T14:00:00.000Z,2018-01-03T15:00:00.000Z,13.793984962405966,13.7,13.9,266,2018-01-03T14:00:04Z,2018-01-03T14:59:42Z,52.78007518797019,52.6,52.9,266,2018-01-03T14:00:04Z,2018-01-03T14:59:42Z,5.699999999999999,5.6,5.8,4,2018-01-03T14:00:09Z,2018-01-03T14:45:03Z,90,90,90,4,2018-01-03T14:00:09Z,2018-01-03T14:45:03Z
2018-01-03T15:00:00.000Z,2018-01-03T16:00:00.000Z,13.591071428571393,13.5,13.7,280,2018-01-03T15:00:18Z,2018-01-03T15:59:57Z,52.95464285714286,52.7,53.3,280,2018-01-03T15:00:18Z,2018-01-03T15:59:57Z,5.65,5.6,5.7,4,2018-01-03T15:00:03Z,2018-01-03T15:45:02Z,90.75,90,91,4,2018-01-03T15:00:03Z,2018-01-03T15:45:02Z
2018-01-03T16:00:00.000Z,2018-01-03T17:00:00.000Z,13.457950530035374,13.4,13.5,283,2018-01-03T16:00:09Z,2018-01-03T16:59:48Z,53.73427561837446,53.3,54,283,2018-01-03T16:00:09Z,2018-01-03T16:59:48Z,5.425,5.2,5.6,4,2018-01-03T16:00:18Z,2018-01-03T16:45:10Z,91.25,91,92,4,2018-01-03T16:00:18Z,2018-01-03T16:45:10Z
2018-01-03T17:00:00.000Z,2018-01-03T18:00:00.000Z,13.402739726027457,13.4,13.5,292,2018-01-03T17:00:00Z,2018-01-03T17:59:50Z,54.47226027397247,54,57.1,292,2018-01-03T17:00:00Z,2018-01-03T17:59:50Z,5.325,5.2,5.5,4,2018-01-03T17:00:03Z,2018-01-03T17:45:02Z,92.5,92,93,4,2018-01-03T17:00:03Z,2018-01-03T17:45:02Z
2018-01-03T18:00:00.000Z,2018-01-03T19:00:00.000Z,13.767730496453947,13.5,14,282,2018-01-03T18:00:02Z,2018-01-03T18:59:53Z,60.80460992907805,57.2,62.3,282,2018-01-03T18:00:02Z,2018-01-03T18:59:53Z,5.300000000000001,5.1,5.5,4,2018-01-03T18:00:19Z,2018-01-03T18:45:03Z,92.5,92,93,4,2018-01-03T18:00:19Z,2018-01-03T18:45:03Z
2018-01-03T19:00:00.000Z,2018-01-03T20:00:00.000Z,14.207534246575399,14,14.4,292,2018-01-03T19:00:05Z,2018-01-03T19:59:55Z,57.53561643835623,56.6,59.6,292,2018-01-03T19:00:05Z,2018-01-03T19:59:55Z,4.733333333333333,4.7,4.8,3,2018-01-03T19:00:02Z,2018-01-03T19:30:05Z,92,92,92,3,2018-01-03T19:00:02Z,2018-01-03T19:30:05Z
2018-01-03T20:00:00.000Z,2018-01-03T21:00:00.000Z,14.48303886925794,14.4,14.6,283,2018-01-03T20:00:07Z,2018-01-03T20:59:58Z,56.36819787985867,56.2,56.6,283,2018-01-03T20:00:07Z,2018-01-03T20:59:58Z,4.7,4.6,4.9,3,2018-01-03T20:00:03Z,2018-01-03T20:45:04Z,93.33333333333333,93,94,3,2018-01-03T20:00:03Z,2018-01-03T20:45:04Z
2018-01-03T21:00:00.000Z,2018-01-03T22:00:00.000Z,14.700346020761257,14.6,14.8,289,2018-01-03T21:00:10Z,2018-01-03T21:59:48Z,55.920761245674505,55.7,56.2,289,2018-01-03T21:00:10Z,2018-01-03T21:59:48Z,,,,0,,,,,,0,,
2018-01-03T22:00:00.000Z,2018-01-03T23:00:00.000Z,14.876470588235355,14.8,14.9,289,2018-01-03T22:00:00Z,2018-01-03T22:59:38Z,55.42179930795853,55.1,55.7,289,2018-01-03T22:00:00Z,2018-01-03T22:59:38Z,,,,0,,,,,,0,,
2018-01-03T23:00:00.000Z,2018-01-04T00:00:00.000Z,14.713503649634964,14.6,14.8,274,2018-01-03T23:00:02Z,2018-01-03T23:59:52Z,54.85729927007294,54.7,55.1,274,2018-01-03T23:00:02Z,2018-01-03T23:59:52Z,,,,0,,,,,,0,,
2018-01-04T00:00:00.000Z,2018-01-04T01:00:00.000Z,14.501805054151651,14.4,14.6,277,2018-01-04T00:00:04Z,2018-01-04T00:59:54Z,54.79277978339321,54.7,54.9,277,2018-01-04T00:00:04Z,2018-01-04T00:59:54Z,,,,0,,,,,,0,,
2018-01-04T01:00:00.000Z,2018-01-04T02:00:00.000Z,14.318055555555596,14.2,14.4,288,2018-01-04T01:00:06Z,2018-01-04T01:59:56Z,54.92777777777765,54.8,55.1,288,2018-01-04T01:00:06Z,2018-01-04T01:59:56Z,5.466666666666666,5.4,5.5,3,2018-01-04T01:00:03Z,2018-01-04T01:45:02Z,81,80,82,3,2018-01-04T01:00:03Z,2018-01-04T01:45:02Z
2018-01-04T02:00:00.000Z,2018-01-04T03:00:00.000Z,14.150352112676027,14.1,14.2,284,2018-01-04T02:00:08Z,2018-01-04T02:59:59Z,55.09647887323968,55,55.1,284,2018-01-04T02:00:08Z,2018-01-04T02:59:59Z,5.6,5.6,5.6,1,2018-01-04T02:00:03Z,2018-01-04T02:00:03Z,80,80,80,1,2018-01-04T02:00:03Z,2018-01-04T02:00:03Z
2018-01-04T03:00:00.000Z,2018-01-04T04:00:00.000Z,14.017832167832175,13.9,14.1,286,2018-01-04T03:00:11Z,2018-01-04T03:59:49Z,55.15139860139891,55.1,55.2,286,2018-01-04T03:00:11Z,2018-01-04T03:59:49Z,5.6,5.6,5.6,1,2018-01-04T03:45:07Z,2018-01-04T03:45:07Z,89,89,89,1,2018-01-04T03:45:07Z,2018-01-04T03:45:07Z
2018-01-04T04:00:00.000Z,2018-01-04T05:00:00.000Z,13.89034482758628,13.8,13.9,290,2018-01-04T04:00:01Z,2018-01-04T04:59:52Z,55.25689655172375,55.2,55.3,290,2018-01-04T04:00:01Z,2018-01-04T04:59:52Z,5.375,5,5.6,4,2018-01-04T04:00:03Z,2018-01-04T04:45:03Z,92,91,94,4,2018-01-04T04:00:03Z,2018-01-04T04:45:03Z
2018-01-04T05:00:00.000Z,2018-01-04T06:00:00.000Z,13.800000000000072,13.8,13.8,288,2018-01-04T05:00:04Z,2018-01-04T05:59:55Z,55.30451388888861,55.3,55.4,288,2018-01-04T05:00:04Z,2018-01-04T05:59:55Z,5.3,5.3,5.3,4,2018-01-04T05:00:11Z,2018-01-04T05:45:03Z,93,92,94,4,2018-01-04T05:00:11Z,2018-01-04T05:45:03Z
2018-01-04T06:00:00.000Z,2018-01-04T07:00:00.000Z,13.706849315068421,13.7,13.8,292,2018-01-04T06:00:07Z,2018-01-04T06:59:57Z,55.38767123287645,55.3,55.4,292,2018-01-04T06:00:07Z,2018-01-04T06:59:57Z,5.324999999999999,5.3,5.4,4,2018-01-04T06:00:03Z,2018-01-04T06:45:03Z,94.5,94,95,4,2018-01-04T06:00:03Z,2018-01-04T06:45:03Z
2018-01-04T07:00:00.000Z,2018-01-04T08:00:00.000Z,13.679251700680217,13.6,13.7,294,2018-01-04T07:00:09Z,2018-01-04T07:59:48Z,56.15782312925172,55.4,57.5,294,2018-01-04T07:00:09Z,2018-01-04T07:59:48Z,5.050000000000001,4,5.4,4,2018-01-04T07:00:04Z,2018-01-04T07:45:02Z,96.75,96,98,4,2018-01-04T07:00:04Z,2018-01-04T07:45:02Z
2018-01-04T08:00:00.000Z,2018-01-04T09:00:00.000Z,13.556357388316128,13.5,13.6,291,2018-01-04T08:01:00Z,2018-01-04T08:59:51Z,56.623711340206576,56.3,56.7,291,2018-01-04T08:01:00Z,2018-01-04T08:59:51Z,5.475,5.4,5.6,4,2018-01-04T08:00:02Z,2018-01-04T08:45:02Z,96.75,96,97,4,2018-01-04T08:00:02Z,2018-01-04T08:45:02Z
2018-01-04T09:00:00.000Z,2018-01-04T10:00:00.000Z,13.484210526315804,13.4,13.5,285,2018-01-04T09:00:03Z,2018-01-04T09:59:54Z,56.59333333333351,56.5,56.7,285,2018-01-04T09:00:03Z,2018-01-04T09:59:54Z,5.05,4,5.5,4,2018-01-04T09:00:05Z,2018-01-04T09:45:02Z,97,96,100,4,2018-01-04T09:00:05Z,2018-01-04T09:45:02Z
2018-01-04T10:00:00.000Z,2018-01-04T11:00:00.000Z,13.400000000000063,13.4,13.4,287,2018-01-04T10:00:06Z,2018-01-04T10:59:56Z,56.42229965156769,56.4,56.5,287,2018-01-04T10:00:06Z,2018-01-04T10:59:56Z,5.375,5.3,5.5,4,2018-01-04T10:00:02Z,2018-01-04T10:45:02Z,96,96,96,4,2018-01-04T10:00:02Z,2018-01-04T10:45:02Z
2018-01-04T11:00:00.000Z,2018-01-04T12:00:00.000Z,13.305136986301436,13.2,13.4,292,2018-01-04T11:00:08Z,2018-01-04T11:59:59Z,56.08801369862999,55.1,56.4,292,2018-01-04T11:00:08Z,2018-01-04T11:59:59Z,5.225,4,5.7,4,2018-01-04T11:00:03Z,2018-01-04T11:45:03Z,97,96,100,4,2018-01-04T11:00:03Z,2018-01-04T11:45:03Z
2018-01-04T12:00:00.000Z,2018-01-04T13:00:00.000Z,13.200343642611616,13.2,13.3,291,2018-01-04T12:00:11Z,2018-01-04T12:59:50Z,55.5130584192439,55.2,55.9,291,2018-01-04T12:00:11Z,2018-01-04T12:59:50Z,5.975,5.8,6.1,4,2018-01-04T12:00:02Z,2018-01-04T12:45:02Z,95,95,95,4,2018-01-04T12:00:02Z,2018-01-04T12:45:02Z
2018-01-04T13:00:00.000Z,2018-01-04T14:00:00.000Z,13.179180887371963,13.1,13.2,293,2018-01-04T13:00:02Z,2018-01-04T13:59:53Z,56.05529010238934,55.9,56.2,293,2018-01-04T13:00:02Z,2018-01-04T13:59:53Z,5.65,4,6.3,4,2018-01-04T13:00:03Z,2018-01-04T13:45:12Z,95,94,97,4,2018-01-04T13:00:03Z,2018-01-04T13:45:12Z
2018-01-04T14:00:00.000Z,2018-01-04T15:00:00.000Z,13.09999999999994,13.1,13.1,289,2018-01-04T14:00:05Z,2018-01-04T14:59:56Z,56.31799307958458,56.2,56.4,289,2018-01-04T14:00:05Z,2018-01-04T14:59:56Z,5.8,4,6.5,4,2018-01-04T14:00:04Z,2018-01-04T14:45:13Z,95.25,94,99,4,2018-01-04T14:00:04Z,2018-01-04T14:45:13Z
2018-01-04T15:00:00.000Z,2018-01-04T16:00:00.000Z,13.078350515463876,13,13.1,291,2018-01-04T15:00:08Z,2018-01-04T15:59:47Z,56.482474226804165,56.4,56.6,291,2018-01-04T15:00:08Z,2018-01-04T15:59:47Z,5.7,4,6.6,3,2018-01-04T15:00:03Z,2018-01-04T15:45:02Z,94.66666666666667,94,96,3,2018-01-04T15:00:03Z,2018-01-04T15:45:02Z
2018-01-04T16:00:00.000Z,2018-01-04T17:00:00.000Z,13,13,13,290,2018-01-04T16:00:00Z,2018-01-04T16:59:51Z,56.6248275862072,56.6,56.7,290,2018-01-04T16:00:00Z,2018-01-04T16:59:51Z,6.5,6.4,6.6,3,2018-01-04T16:00:05Z,2018-01-04T16:30:04Z,94,94,94,3,2018-01-04T16:00:05Z,2018-01-04T16:30:04Z
2018-01-04T17:00:00.000Z,2018-01-04T18:00:00.000Z,12.915384615384678,12.9,13,286,2018-01-04T17:00:03Z,2018-01-04T17:59:54Z,56.6898601398604,56.6,56.7,286,2018-01-04T17:00:03Z,2018-01-04T17:59:54Z,,,,0,,,,,,0,,
2018-01-04T18:00:00.000Z,2018-01-04T19:00:00.000Z,12.873809523809609,12.8,12.9,294,2018-01-04T18:00:06Z,2018-01-04T18:59:57Z,56.60000000000023,56.6,56.6,294,2018-01-04T18:00:06Z,2018-01-04T18:59:57Z,5.8,5.8,5.8,2,2018-01-04T18:30:02Z,2018-01-04T18:45:02Z,95,95,95,2,2018-01-04T18:30:02Z,2018-01-04T18:45:02Z
2018-01-04T19:00:00.000Z,2018-01-04T20:00:00.000Z,12.800000000000063,12.8,12.8,289,2018-01-04T19:00:09Z,2018-01-04T19:59:36Z,56.566435986159306,56.5,56.6,289,2018-01-04T19:00:09Z,2018-01-04T19:59:36Z,5.65,5.6,5.7,4,2018-01-04T19:00:04Z,2018-01-04T19:45:03Z,94,94,94,4,2018-01-04T19:00:04Z,2018-01-04T19:45:03Z
2018-01-04T20:00:00.000Z,2018-01-04T21:00:00.000Z,12.751219512195028,12.7,12.8,287,2018-01-04T20:00:00Z,2018-01-04T20:59:40Z,56.46864111498247,56.4,56.5,287,2018-01-04T20:00:00Z,2018-01-04T20:59:40Z,5.1499999999999995,4.8,5.4,4,2018-01-04T20:00:05Z,2018-01-04T20:45:03Z,94.25,94,95,4,2018-01-04T20:00:05Z,2018-01-04T20:45:03Z
2018-01-04T21:00:00.000Z,2018-01-04T22:00:00.000Z,12.78377358490571,12.7,13.1,265,2018-01-04T21:00:04Z,2018-01-04T21:59:55Z,56.41886792452819,55.6,56.9,265,2018-01-04T21:00:04Z,2018-01-04T21:59:55Z,4.199999999999999,3,4.6,4,2018-01-04T21:00:03Z,2018-01-04T21:45:02Z,95,94,98,4,2018-01-04T21:00:03Z,2018-01-04T21:45:02Z
2018-01-04T22:00:00.000Z,2018-01-04T23:00:00.000Z,13.351886792452843,13.1,13.5,212,2018-01-04T22:00:07Z,2018-01-04T22:59:58Z,56.7188679245284,56.5,56.9,212,2018-01-04T22:00:07Z,2018-01-04T22:59:58Z,3.675,2,4.5,4,2018-01-04T22:00:11Z,2018-01-04T22:45:03Z,94.75,92,99,4,2018-01-04T22:00:11Z,2018-01-04T22:45:03Z
2018-01-04T23:00:00.000Z,2018-01-05T00:00:00.000Z,13.690391459074759,13.5,13.8,281,2018-01-04T23:00:10Z,2018-01-04T23:59:49Z,56.131672597864785,55.9,56.5,281,2018-01-04T23:00:10Z,2018-01-04T23:59:49Z,4.25,4.2,4.3,4,2018-01-04T23:00:04Z,2018-01-04T23:45:02Z,94,94,94,4,2018-01-04T23:00:04Z,2018-01-04T23:45:02Z
2018-01-05T00:00:00.000Z,2018-01-05T01:00:00.000Z,13.925524475524503,13.8,14,286,2018-01-05T00:00:01Z,2018-01-05T00:59:51Z,55.66748251748258,55.5,55.9,286,2018-01-05T00:00:01Z,2018-01-05T00:59:51Z,4,3.8,4.2,4,2018-01-05T00:00:10Z,2018-01-05T00:45:04Z,94,94,94,4,2018-01-05T00:00:10Z,2018-01-05T00:45:04Z
2018-01-05T01:00:00.000Z,2018-01-05T02:00:00.000Z,14.149491525423628,14,14.3,295,2018-01-05T01:00:03Z,2018-01-05T01:59:54Z,55.32169491525423,55.2,55.5,295,2018-01-05T01:00:03Z,2018-01-05T01:59:54Z,3.3,2,3.8,4,2018-01-05T01:00:19Z,2018-01-05T01:45:02Z,95.75,94,100,4,2018-01-05T01:00:19Z,2018-01-05T01:45:02Z
2018-01-05T02:00:00.000Z,2018-01-05T03:00:00.000Z,14.350511945392512,14.3,14.4,293,2018-01-05T02:00:06Z,2018-01-05T02:59:56Z,55.01672354948799,54.9,55.2,293,2018-01-05T02:00:06Z,2018-01-05T02:59:56Z,3.7249999999999996,3.7,3.8,4,2018-01-05T02:00:15Z,2018-01-05T02:45:03Z,95,95,95,4,2018-01-05T02:00:15Z,2018-01-05T02:45:03Z
2018-01-05T03:00:00.000Z,2018-01-05T04:00:00.000Z,14.537152777777752,14.4,14.6,288,2018-01-05T03:00:20Z,2018-01-05T03:59:59Z,54.77777777777798,54.6,54.9,288,2018-01-05T03:00:20Z,2018-01-05T03:59:59Z,3.733333333333333,3.6,3.8,3,2018-01-05T03:15:03Z,2018-01-05T03:45:04Z,95,95,95,3,2018-01-05T03:15:03Z,2018-01-05T03:45:04Z
2018-01-05T04:00:00.000Z,2018-01-05T05:00:00.000Z,14.704137931034492,14.6,14.8,290,2018-01-05T04:00:11Z,2018-01-05T04:59:49Z,54.46896551724121,54.4,54.6,290,2018-01-05T04:00:11Z,2018-01-05T04:59:49Z,3.733333333333333,3.7,3.8,3,2018-01-05T04:00:09Z,2018-01-05T04:45:04Z,95,95,95,3,2018-01-05T04:00:09Z,2018-01-05T04:45:04Z
2018-01-05T05:00:00.000Z,2018-01-05T06:00:00.000Z,14.863013698630159,14.8,14.9,292,2018-01-05T05:00:01Z,2018-01-05T05:59:51Z,54.18219178082207,54,54.4,292,2018-01-05T05:00:01Z,2018-01-05T05:59:51Z,3.125,1,3.9,4,2018-01-05T05:00:04Z,2018-01-05T05:45:03Z,95.75,95,98,4,2018-01-05T05:00:04Z,2018-01-05T05:45:03Z
2018-01-05T06:00:00.000Z,2018-01-05T07:00:00.000Z,15.035738831615113,14.9,15.1,291,2018-01-05T06:00:15Z,2018-01-05T06:59:53Z,53.92268041237085,53.8,54,291,2018-01-05T06:00:15Z,2018-01-05T06:59:53Z,3.9,3.9,3.9,4,2018-01-05T06:00:16Z,2018-01-05T06:45:03Z,95.25,95,96,4,2018-01-05T06:00:16Z,2018-01-05T06:45:03Z
2018-01-05T07:00:00.000Z,2018-01-05T08:00:00.000Z,15.144285714285608,15.1,15.2,280,2018-01-05T07:00:05Z,2018-01-05T07:59:55Z,53.72321428571456,53.6,53.8,280,2018-01-05T07:00:05Z,2018-01-05T07:59:55Z,3.8,3.7,3.9,4,2018-01-05T07:00:08Z,2018-01-05T07:45:03Z,95.75,95,96,4,2018-01-05T07:00:08Z,2018-01-05T07:45:03Z
2018-01-05T08:00:00.000Z,2018-01-05T09:00:00.000Z,15.298913043478313,15.2,15.4,276,2018-01-05T08:00:07Z,2018-01-05T08:59:57Z,53.95543478260862,53.8,54.5,276,2018-01-05T08:00:07Z,2018-01-05T08:59:57Z,3.6,3.5,3.7,4,2018-01-05T08:00:06Z,2018-01-05T08:45:03Z,96,96,96,4,2018-01-05T08:00:06Z,2018-01-05T08:45:03Z
2018-01-05T09:00:00.000Z,2018-01-05T10:00:00.000Z,15.270250896057295,15.1,15.4,279,2018-01-05T09:00:09Z,2018-01-05T09:59:59Z,53.983154121863805,53.5,55.3,279,2018-01-05T09:00:09Z,2018-01-05T09:59:59Z,3.8000000000000003,3.6,4,4,2018-01-05T09:00:04Z,2018-01-05T09:45:04Z,95.5,95,96,4,2018-01-05T09:00:04Z,2018-01-05T09:45:04Z
2018-01-05T10:00:00.000Z,2018-01-05T11:00:00.000Z,15.043157894736808,14.9,15.1,285,2018-01-05T10:00:23Z,2018-01-05T10:59:49Z,54.07859649122831,54,54.1,285,2018-01-05T10:00:23Z,2018-01-05T10:59:49Z,4.324999999999999,4.1,4.5,4,2018-01-05T10:00:07Z,2018-01-05T10:45:05Z,95,95,95,4,2018-01-05T10:00:07Z,2018-01-05T10:45:05Z
2018-01-05T11:00:00.000Z,2018-01-05T12:00:00.000Z,14.833103448275946,14.7,14.9,290,2018-01-05T11:00:01Z,2018-01-05T11:59:51Z,54.02137931034484,54,54.1,290,2018-01-05T11:00:01Z,2018-01-05T11:59:51Z,4.675,4.6,4.8,4,2018-01-05T11:00:19Z,2018-01-05T11:45:04Z,95,95,95,4,2018-01-05T11:00:19Z,2018-01-05T11:45:04Z
2018-01-05T12:00:00.000Z,2018-01-05T13:00:00.000Z,14.657839721254328,14.6,14.7,287,2018-01-05T12:00:03Z,2018-01-05T12:59:53Z,54.140418118467274,54.1,54.2,287,2018-01-05T12:00:03Z,2018-01-05T12:59:53Z,4.949999999999999,4.8,5.1,4,2018-01-05T12:00:03Z,2018-01-05T12:45:03Z,94.25,94,95,4,2018-01-05T12:00:03Z,2018-01-05T12:45:03Z
2018-01-05T13:00:00.000Z,2018-01-05T14:00:00.000Z,14.510652920962201,14.4,14.6,291,2018-01-05T13:00:05Z,2018-01-05T13:59:55Z,54.056701030927925,54,54.2,291,2018-01-05T13:00:05Z,2018-01-05T13:59:55Z,4.699999999999999,3.8,5.1,4,2018-01-05T13:00:21Z,2018-01-05T13:45:04Z,94.75,94,96,4,2018-01-05T13:00:21Z,2018-01-05T13:45:04Z
2018-01-05T14:00:00.000Z,2018-01-05T15:00:00.000Z,14.357241379310446,14.3,14.4,290,2018-01-05T14:00:07Z,2018-01-05T14:59:57Z,53.941379310344615,53.9,54,290,2018-01-05T14:00:07Z,2018-01-05T14:59:57Z,4.9,4.8,5,4,2018-01-05T14:00:30Z,2018-01-05T14:45:03Z,94,94,94,4,2018-01-05T14:00:30Z,2018-01-05T14:45:03Z
2018-01-05T15:00:00.000Z,2018-01-05T16:00:00.000Z,14.229861111111022,14.2,14.3,288,2018-01-05T15:00:09Z,2018-01-05T15:59:48Z,53.89999999999975,53.9,53.9,288,2018-01-05T15:00:09Z,2018-01-05T15:59:48Z,5.025,5,5.1,4,2018-01-05T15:00:04Z,2018-01-05T15:45:04Z,94,94,94,4,2018-01-05T15:00:04Z,2018-01-05T15:45:04Z
2018-01-05T16:00:00.000Z,2018-01-05T17:00:00.000Z,14.08911564625845,14,14.2,294,2018-01-05T16:00:00Z,2018-01-05T16:59:50Z,53.89999999999975,53.9,53.9,294,2018-01-05T16:00:00Z,2018-01-05T16:59:50Z,5.05,5,5.1,4,2018-01-05T16:00:03Z,2018-01-05T16:45:03Z,94,94,94,4,2018-01-05T16:00:03Z,2018-01-05T16:45:03Z
2018-01-05T17:00:00.000Z,2018-01-05T18:00:00.000Z,13.96385964912284,13.9,14,285,2018-01-05T17:00:02Z,2018-01-05T17:59:41Z,53.81859649122782,53.8,53.9,285,2018-01-05T17:00:02Z,2018-01-05T17:59:41Z,5.05,5,5.1,4,2018-01-05T17:00:16Z,2018-01-05T17:45:03Z,94,94,94,4,2018-01-05T17:00:16Z,2018-01-05T17:45:03Z
2018-01-05T18:00:00.000Z,2018-01-05T19:00:00.000Z,13.84946619217092,13.8,13.9,281,2018-01-05T18:00:05Z,2018-01-05T18:59:55Z,53.945195729537275,53.9,54,281,2018-01-05T18:00:05Z,2018-01-05T18:59:55Z,4.199999999999999,2.4,5.1,4,2018-01-05T18:00:04Z,2018-01-05T18:45:04Z,92.25,88,94,4,2018-01-05T18:00:04Z,2018-01-05T18:45:04Z
2018-01-05T19:00:00.000Z,2018-01-05T20:00:00.000Z,13.744405594405498,13.7,13.8,286,2018-01-05T19:00:07Z,2018-01-05T19:59:58Z,54.079020979021266,54,54.2,286,2018-01-05T19:00:07Z,2018-01-05T19:59:58Z,4.875,4.7,5,4,2018-01-05T19:00:06Z,2018-01-05T19:45:03Z,93.25,93,94,4,2018-01-05T19:00:06Z,2018-01-05T19:45:03Z
2018-01-05T20:00:00.000Z,2018-01-05T21:00:00.000Z,13.644329896907179,13.6,13.7,291,2018-01-05T20:00:22Z,2018-01-05T20:59:49Z,54.227835051546506,54.2,54.6,291,2018-01-05T20:00:22Z,2018-01-05T20:59:49Z,4.975,4.9,5,4,2018-01-05T20:00:05Z,2018-01-05T20:45:04Z,93.25,93,94,4,2018-01-05T20:00:05Z,2018-01-05T20:45:04Z
2018-01-05T21:00:00.000Z,2018-01-05T22:00:00.000Z,13.745323741007274,13.6,13.9,278,2018-01-05T21:00:01Z,2018-01-05T21:59:51Z,56.925539568345265,54.5,59.4,278,2018-01-05T21:00:01Z,2018-01-05T21:59:51Z,4.775,4.7,4.9,4,2018-01-05T21:00:13Z,2018-01-05T21:45:03Z,91.25,90,93,4,2018-01-05T21:00:13Z,2018-01-05T21:45:03Z
2018-01-05T22:00:00.000Z,2018-01-05T23:00:00.000Z,14.173426573426589,13.9,14.4,286,2018-01-05T22:00:03Z,2018-01-05T22:59:54Z,57.330069930070024,56.5,58.4,286,2018-01-05T22:00:03Z,2018-01-05T22:59:54Z,4.699999999999999,4.6,4.8,4,2018-01-05T22:00:20Z,2018-01-05T22:45:04Z,88.25,87,90,4,2018-01-05T22:00:20Z,2018-01-05T22:45:04Z
2018-01-05T23:00:00.000Z,2018-01-06T00:00:00.000Z,14.531460674157252,14.4,14.7,267,2018-01-05T23:00:06Z,2018-01-05T23:59:56Z,55.94157303370789,55.4,56.5,267,2018-01-05T23:00:06Z,2018-01-05T23:59:56Z,4.5,4.4,4.6,4,2018-01-05T23:00:16Z,2018-01-05T23:45:05Z,90.25,90,91,4,2018-01-05T23:00:16Z,2018-01-05T23:45:05Z
2018-01-06T00:00:00.000Z,2018-01-06T01:00:00.000Z,14.775767918088803,14.7,14.9,293,2018-01-06T00:00:08Z,2018-01-06T00:59:58Z,55.06040955631389,54.7,55.4,293,2018-01-06T00:00:08Z,2018-01-06T00:59:58Z,4.3500000000000005,4.3,4.5,4,2018-01-06T00:00:36Z,2018-01-06T00:45:06Z,89.75,89,90,4,2018-01-06T00:00:36Z,2018-01-06T00:45:06Z
2018-01-06T01:00:00.000Z,2018-01-06T02:00:00.000Z,14.98517241379312,14.9,15.1,290,2018-01-06T01:00:10Z,2018-01-06T01:59:48Z,54.563103448275875,54.4,54.7,290,2018-01-06T01:00:10Z,2018-01-06T01:59:48Z,4.4,4.2,4.5,4,2018-01-06T01:00:10Z,2018-01-06T01:45:03Z,91.5,91,92,4,2018-01-06T01:00:10Z,2018-01-06T01:45:03Z
2018-01-06T02:00:00.000Z,2018-01-06T03:00:00.000Z,15.143157894736737,15.1,15.2,285,2018-01-06T02:00:00Z,2018-01-06T02:59:50Z,54.225964912280965,54.1,54.4,285,2018-01-06T02:00:00Z,2018-01-06T02:59:50Z,4.25,4.1,4.4,4,2018-01-06T02:00:13Z,2018-01-06T02:45:04Z,91.75,91,92,4,2018-01-06T02:00:13Z,2018-01-06T02:45:04Z
2018-01-06T03:00:00.000Z,2018-01-06T04:00:00.000Z,15.29795221843007,15.2,15.4,293,2018-01-06T03:00:02Z,2018-01-06T03:59:52Z,53.86791808873715,53.6,54.1,293,2018-01-06T03:00:02Z,2018-01-06T03:59:52Z,4.2749999999999995,4.2,4.4,4,2018-01-06T03:00:24Z,2018-01-06T03:45:04Z,87.5,85,90,4,2018-01-06T03:00:24Z,2018-01-06T03:45:04Z
2018-01-06T04:00:00.000Z,2018-01-06T05:00:00.000Z,15.442320819112654,15.4,15.5,293,2018-01-06T04:00:04Z,2018-01-06T04:59:54Z,53.39761092150132,53.2,53.6,293,2018-01-06T04:00:04Z,2018-01-06T04:59:54Z,4.1,3.9,4.2,4,2018-01-06T04:00:04Z,2018-01-06T04:45:06Z,80.5,68,87,4,2018-01-06T04:00:04Z,2018-01-06T04:45:06Z
2018-01-06T05:00:00.000Z,2018-01-06T06:00:00.000Z,15.574226804123677,15.5,15.7,291,2018-01-06T05:00:06Z,2018-01-06T05:59:56Z,53.03676975945008,52.8,53.2,291,2018-01-06T05:00:06Z,2018-01-06T05:59:56Z,4.1,3.9,4.2,4,2018-01-06T05:00:29Z,2018-01-06T05:45:05Z,70,64,80,4,2018-01-06T05:00:29Z,2018-01-06T05:45:05Z
2018-01-06T06:00:00.000Z,2018-01-06T07:00:00.000Z,15.71718213058417,15.6,15.8,291,2018-01-06T06:00:20Z,2018-01-06T06:59:57Z,52.468384879725164,52.1,52.8,291,2018-01-06T06:00:20Z,2018-01-06T06:59:57Z,3.8499999999999996,3.7,4,4,2018-01-06T06:00:22Z,2018-01-06T06:45:04Z,72.25,61,83,4,2018-01-06T06:00:22Z,2018-01-06T06:45:04Z
2018-01-06T07:00:00.000Z,2018-01-06T08:00:00.000Z,15.830419580419592,15.8,15.9,286,2018-01-06T07:00:09Z,2018-01-06T07:59:59Z,51.8475524475523,51.6,52.1,286,2018-01-06T07:00:09Z,2018-01-06T07:59:59Z,3.475,3.4,3.5,4,2018-01-06T07:00:12Z,2018-01-06T07:45:04Z,68.25,57,81,4,2018-01-06T07:00:12Z,2018-01-06T07:45:04Z
2018-01-06T08:00:00.000Z,2018-01-06T09:00:00.000Z,15.928873239436662,15.9,16,284,2018-01-06T08:00:11Z,2018-01-06T08:59:48Z,51.23697183098593,50.8,51.6,284,2018-01-06T08:00:11Z,2018-01-06T08:59:48Z,3.1,2.9,3.3,4,2018-01-06T08:00:16Z,2018-01-06T08:45:02Z,51.5,51,52,4,2018-01-06T08:00:16Z,2018-01-06T08:45:02Z
2018-01-06T09:00:00.000Z,2018-01-06T10:00:00.000Z,16.017931034482796,16,16.1,290,2018-01-06T09:00:00Z,2018-01-06T09:59:50Z,50.40172413793106,50,50.8,290,2018-01-06T09:00:00Z,2018-01-06T09:59:50Z,2.975,2.9,3,4,2018-01-06T09:00:11Z,2018-01-06T09:45:03Z,46.5,44,49,4,2018-01-06T09:00:11Z,2018-01-06T09:45:03Z
2018-01-06T10:00:00.000Z,2018-01-06T11:00:00.000Z,16.132295719844265,16.1,16.2,257,2018-01-06T10:00:02Z,2018-01-06T10:59:51Z,49.76887159533101,49.7,50,257,2018-01-06T10:00:02Z,2018-01-06T10:59:51Z,3.125,3.1,3.2,4,2018-01-06T10:00:03Z,2018-01-06T10:45:03Z,44.25,43,45,4,2018-01-06T10:00:03Z,2018-01-06T10:45:03Z
2018-01-06T11:00:00.000Z,2018-01-06T12:00:00.000Z,16.15137931034473,16.1,16.2,290,2018-01-06T11:00:03Z,2018-01-06T11:59:53Z,46.82724137931033,45.3,49.8,290,2018-01-06T11:00:03Z,2018-01-06T11:59:53Z,3.35,3.2,3.5,4,2018-01-06T11:00:05Z,2018-01-06T11:45:03Z,44.75,44,45,4,2018-01-06T11:00:05Z,2018-01-06T11:45:03Z
2018-01-06T12:00:00.000Z,2018-01-06T13:00:00.000Z,16.3003472222223,16.2,16.4,288,2018-01-06T12:00:05Z,2018-01-06T12:59:42Z,48.07916666666645,47.5,48.3,288,2018-01-06T12:00:05Z,2018-01-06T12:59:42Z,3.45,3.4,3.5,4,2018-01-06T12:00:15Z,2018-01-06T12:45:03Z,43.75,43,45,4,2018-01-06T12:00:15Z,2018-01-06T12:45:03Z
2018-01-06T13:00:00.000Z,2018-01-06T14:00:00.000Z,16.400000000000006,16.4,16.4,289,2018-01-06T13:00:06Z,2018-01-06T13:59:55Z,48.3463667820066,48.3,48.4,289,2018-01-06T13:00:06Z,2018-01-06T13:59:55Z,3.45,3.4,3.5,4,2018-01-06T13:00:12Z,2018-01-06T13:45:03Z,42.25,42,43,4,2018-01-06T13:00:12Z,2018-01-06T13:45:03Z
2018-01-06T14:00:00.000Z,2018-01-06T15:00:00.000Z,16.486363636363635,16.4,16.5,286,2018-01-06T14:00:07Z,2018-01-06T14:59:56Z,48.417482517482455,48.3,48.6,286,2018-01-06T14:00:07Z,2018-01-06T14:59:56Z,3.3499999999999996,3.3,3.4,4,2018-01-06T14:00:11Z,2018-01-06T14:45:03Z,42,42,42,4,2018-01-06T14:00:11Z,2018-01-06T14:45:03Z
2018-01-06T15:00:00.000Z,2018-01-06T16:00:00.000Z,16.490443686006792,16.4,16.5,293,2018-01-06T15:00:08Z,2018-01-06T15:59:57Z,47.49078498293512,42.7,48.6,293,2018-01-06T15:00:08Z,2018-01-06T15:59:57Z,3.1999999999999997,3.1,3.3,4,2018-01-06T15:00:09Z,2018-01-06T15:45:06Z,42,41,43,4,2018-01-06T15:00:09Z,2018-01-06T15:45:06Z
2018-01-06T16:00:00.000Z,2018-01-06T17:00:00.000Z,16.050522648083653,15.7,16.4,287,2018-01-06T16:00:09Z,2018-01-06T16:59:58Z,39.76655052264807,38,42.7,287,2018-01-06T16:00:09Z,2018-01-06T16:59:58Z,2.8499999999999996,2.7,3,4,2018-01-06T16:00:12Z,2018-01-06T16:45:11Z,41.75,41,42,4,2018-01-06T16:00:12Z,2018-01-06T16:45:11Z
2018-01-06T17:00:00.000Z,2018-01-06T18:00:00.000Z,15.573883161511985,15.4,15.7,291,2018-01-06T17:00:10Z,2018-01-06T17:59:48Z,40.70481099656359,38.4,42.6,291,2018-01-06T17:00:10Z,2018-01-06T17:59:48Z,2.425,2.2,2.6,4,2018-01-06T17:00:05Z,2018-01-06T17:45:03Z,41.25,41,42,4,2018-01-06T17:00:05Z,2018-01-06T17:45:03Z
2018-01-06T18:00:00.000Z,2018-01-06T19:00:00.000Z,15.324652777777835,15.2,15.4,288,2018-01-06T18:00:00Z,2018-01-06T18:59:50Z,43.65833333333332,42.6,44.4,288,2018-01-06T18:00:00Z,2018-01-06T18:59:50Z,1.95,1.9,2,4,2018-01-06T18:00:18Z,2018-01-06T18:45:05Z,42.75,42,43,4,2018-01-06T18:00:18Z,2018-01-06T18:45:05Z
2018-01-06T19:00:00.000Z,2018-01-06T20:00:00.000Z,15.17754385964909,15.1,15.3,285,2018-01-06T19:00:02Z,2018-01-06T19:59:52Z,45.41824561403505,44.4,46.9,285,2018-01-06T19:00:02Z,2018-01-06T19:59:52Z,1.95,1.9,2,4,2018-01-06T19:00:04Z,2018-01-06T19:45:05Z,42.75,42,43,4,2018-01-06T19:00:04Z,2018-01-06T19:45:05Z
2018-01-06T20:00:00.000Z,2018-01-06T21:00:00.000Z,15.566551724137867,15.3,15.8,290,2018-01-06T20:00:04Z,2018-01-06T20:59:53Z,48.59103448275857,46.8,50.4,290,2018-01-06T20:00:04Z,2018-01-06T20:59:53Z,2,2,2,4,2018-01-06T20:00:15Z,2018-01-06T20:45:03Z,40.5,40,41,4,2018-01-06T20:00:15Z,2018-01-06T20:45:03Z
2018-01-06T21:00:00.000Z,2018-01-06T22:00:00.000Z,15.769615384615351,15.7,15.8,260,2018-01-06T21:00:05Z,2018-01-06T21:59:55Z,49.443461538461634,49,50.2,260,2018-01-06T21:00:05Z,2018-01-06T21:59:55Z,1.275,1.1,1.4,4,2018-01-06T21:00:03Z,2018-01-06T21:45:03Z,79.75,79,80,4,2018-01-06T21:00:03Z,2018-01-06T21:45:03Z
2018-01-06T22:00:00.000Z,2018-01-06T23:00:00.000Z,15.531716417910445,15.4,15.7,268,2018-01-06T22:00:19Z,2018-01-06T22:59:56Z,48.66119402985059,48.3,49,268,2018-01-06T22:00:19Z,2018-01-06T22:59:56Z,1.2750000000000001,1.2,1.4,4,2018-01-06T22:00:10Z,2018-01-06T22:45:06Z,80,80,80,4,2018-01-06T22:00:10Z,2018-01-06T22:45:06Z
2018-01-06T23:00:00.000Z,2018-01-07T00:00:00.000Z,15.262271062270987,15.1,15.4,273,2018-01-06T23:00:08Z,2018-01-06T23:59:58Z,48.16666666666674,48.1,48.3,273,2018-01-06T23:00:08Z,2018-01-06T23:59:58Z,0.8,0.4,1.2,4,2018-01-06T23:00:39Z,2018-01-06T23:45:03Z,80.25,80,81,4,2018-01-06T23:00:39Z,2018-01-06T23:45:03Z
2018-01-07T00:00:00.000Z,2018-01-07T01:00:00.000Z,15.034892086330922,14.9,15.1,278,2018-01-07T00:00:10Z,2018-01-07T00:59:48Z,48.00359712230214,47.9,48.1,278,2018-01-07T00:00:10Z,2018-01-07T00:59:48Z,0.15,0,0.4,4,2018-01-07T00:00:07Z,2018-01-07T00:45:03Z,81,81,81,4,2018-01-07T00:00:07Z,2018-01-07T00:45:03Z
2018-01-07T01:00:00.000Z,2018-01-07T02:00:00.000Z,14.803424657534242,14.7,14.9,292,2018-01-07T01:00:00Z,2018-01-07T01:59:50Z,47.82328767123265,47.8,47.9,292,2018-01-07T01:00:00Z,2018-01-07T01:59:50Z,-0.35,-0.5,-0.2,4,2018-01-07T01:00:08Z,2018-01-07T01:45:03Z,80.5,80,81,4,2018-01-07T01:00:08Z,2018-01-07T01:45:03Z
2018-01-07T02:00:00.000Z,2018-01-07T03:00:00.000Z,14.577397260273942,14.5,14.7,292,2018-01-07T02:00:02Z,2018-01-07T02:59:52Z,47.77636986301364,47.7,47.8,292,2018-01-07T02:00:02Z,2018-01-07T02:59:52Z,-0.8999999999999999,-1.2,-0.6,4,2018-01-07T02:00:17Z,2018-01-07T02:45:05Z,80.5,80,81,4,2018-01-07T02:00:17Z,2018-01-07T02:45:05Z
2018-01-07T03:00:00.000Z,2018-01-07T04:00:00.000Z,14.361484098940036,14.3,14.5,283,2018-01-07T03:00:04Z,2018-01-07T03:59:55Z,47.79999999999979,47.8,47.8,283,2018-01-07T03:00:04Z,2018-01-07T03:59:55Z,-1.575,-1.8,-1.4,4,2018-01-07T03:00:11Z,2018-01-07T03:45:04Z,80.5,80,81,4,2018-01-07T03:00:11Z,2018-01-07T03:45:04Z
2018-01-07T04:00:00.000Z,2018-01-07T05:00:00.000Z,14.155782312925142,14.1,14.3,294,2018-01-07T04:00:07Z,2018-01-07T04:59:57Z,47.71802721088458,47.6,47.8,294,2018-01-07T04:00:07Z,2018-01-07T04:59:57Z,-2.075,-2.3,-1.8,4,2018-01-07T04:00:14Z,2018-01-07T04:45:03Z,80,80,80,4,2018-01-07T04:00:14Z,2018-01-07T04:45:03Z
2018-01-07T05:00:00.000Z,2018-01-07T06:00:00.000Z,13.950877192982503,13.9,14.1,285,2018-01-07T05:00:09Z,2018-01-07T05:59:59Z,47.54421052631582,47.5,47.7,285,2018-01-07T05:00:09Z,2018-01-07T05:59:59Z,-2.6,-2.7,-2.4,4,2018-01-07T05:00:04Z,2018-01-07T05:45:04Z,80,80,80,4,2018-01-07T05:00:04Z,2018-01-07T05:45:04Z
2018-01-07T06:00:00.000Z,2018-01-07T07:00:00.000Z,13.767474048442846,13.7,13.9,289,2018-01-07T06:00:11Z,2018-01-07T06:59:50Z,47.50311418685121,47.5,47.6,289,2018-01-07T06:00:11Z,2018-01-07T06:59:50Z,-2.875,-3,-2.8,4,2018-01-07T06:00:04Z,2018-01-07T06:45:03Z,80,80,80,4,2018-01-07T06:00:04Z,2018-01-07T06:45:03Z
2018-01-07T07:00:00.000Z,2018-01-07T08:00:00.000Z,13.584561403508735,13.5,13.7,285,2018-01-07T07:00:02Z,2018-01-07T07:59:53Z,47.499649122807014,47.4,47.5,285,2018-01-07T07:00:02Z,2018-01-07T07:59:53Z,-3.175,-3.2,-3.1,4,2018-01-07T07:00:14Z,2018-01-07T07:45:05Z,80.5,80,81,4,2018-01-07T07:00:14Z,2018-01-07T07:45:05Z
2018-01-07T08:00:00.000Z,2018-01-07T09:00:00.000Z,13.409056603773665,13.3,13.5,265,2018-01-07T08:00:05Z,2018-01-07T08:59:56Z,47.44075471698092,47.3,47.5,265,2018-01-07T08:00:05Z,2018-01-07T08:59:56Z,-3.275,-3.4,-3.2,4,2018-01-07T08:00:16Z,2018-01-07T08:45:04Z,80.25,80,81,4,2018-01-07T08:00:16Z,2018-01-07T08:45:04Z
2018-01-07T09:00:00.000Z,2018-01-07T10:00:00.000Z,13.30000000000006,13.3,13.3,268,2018-01-07T09:00:08Z,2018-01-07T09:59:58Z,47.46268656716431,47.2,47.6,268,2018-01-07T09:00:08Z,2018-01-07T09:59:58Z,-3.075,-3.3,-2.8,4,2018-01-07T09:00:08Z,2018-01-07T09:45:02Z,80,80,80,4,2018-01-07T09:00:08Z,2018-01-07T09:45:02Z
2018-01-07T10:00:00.000Z,2018-01-07T11:00:00.000Z,13.178694158075562,13.1,13.3,291,2018-01-07T10:00:10Z,2018-01-07T10:59:49Z,47.51408934707914,47.4,47.6,291,2018-01-07T10:00:10Z,2018-01-07T10:59:49Z,-1.8250000000000002,-2.6,-0.9,4,2018-01-07T10:00:04Z,2018-01-07T10:45:04Z,80,80,80,4,2018-01-07T10:00:04Z,2018-01-07T10:45:04Z
2018-01-07T11:00:00.000Z,2018-01-07T12:00:00.000Z,13.09999999999994,13.1,13.1,288,2018-01-07T11:00:02Z,2018-01-07T11:59:53Z,48.89861111111108,47.5,50.4,288,2018-01-07T11:00:02Z,2018-01-07T11:59:53Z,1.7249999999999999,0.3,2.8,4,2018-01-07T11:00:21Z,2018-01-07T11:45:03Z,76.5,75,79,4,2018-01-07T11:00:21Z,2018-01-07T11:45:03Z
2018-01-07T12:00:00.000Z,2018-01-07T13:00:00.000Z,13.229491525423732,13.1,13.3,295,2018-01-07T12:00:05Z,2018-01-07T12:59:55Z,48.52305084745772,45.4,49.4,295,2018-01-07T12:00:05Z,2018-01-07T12:59:55Z,4.25,3.9,4.6,4,2018-01-07T12:00:09Z,2018-01-07T12:45:04Z,71,70,73,4,2018-01-07T12:00:09Z,2018-01-07T12:45:04Z
2018-01-07T13:00:00.000Z,2018-01-07T14:00:00.000Z,13.121088435374125,13,13.2,294,2018-01-07T13:00:08Z,2018-01-07T13:59:58Z,42.916326530612224,41.3,45.3,294,2018-01-07T13:00:08Z,2018-01-07T13:59:58Z,4.55,4.2,4.7,4,2018-01-07T13:00:19Z,2018-01-07T13:45:03Z,70,70,70,4,2018-01-07T13:00:19Z,2018-01-07T13:45:03Z
2018-01-07T14:00:00.000Z,2018-01-07T15:00:00.000Z,12.770486111111039,12.6,13,288,2018-01-07T14:00:10Z,2018-01-07T14:59:50Z,41.72187499999997,41.1,42.1,288,2018-01-07T14:00:10Z,2018-01-07T14:59:50Z,3.3,2.7,3.9,4,2018-01-07T14:00:05Z,2018-01-07T14:45:05Z,72.5,71,74,4,2018-01-07T14:00:05Z,2018-01-07T14:45:05Z
2018-01-07T15:00:00.000Z,2018-01-07T16:00:00.000Z,12.391289198606373,12.3,12.6,287,2018-01-07T15:00:02Z,2018-01-07T15:59:53Z,42.54390243902437,41.3,44.5,287,2018-01-07T15:00:02Z,2018-01-07T15:59:53Z,1.925,1.5,2.4,4,2018-01-07T15:00:13Z,2018-01-07T15:45:05Z,75.25,74,76,4,2018-01-07T15:00:13Z,2018-01-07T15:45:05Z
2018-01-07T16:00:00.000Z,2018-01-07T17:00:00.000Z,12.21148648648643,12.1,12.3,296,2018-01-07T16:00:05Z,2018-01-07T16:59:56Z,45.67229729729726,44.4,46.9,296,2018-01-07T16:00:05Z,2018-01-07T16:59:56Z,0.775,0.4,1.2,4,2018-01-07T16:00:04Z,2018-01-07T16:45:03Z,77.5,77,78,4,2018-01-07T16:00:04Z,2018-01-07T16:45:03Z
2018-01-07T17:00:00.000Z,2018-01-07T18:00:00.000Z,12.046575342465742,12,12.1,292,2018-01-07T17:00:08Z,2018-01-07T17:59:48Z,47.56404109589026,46.9,48,292,2018-01-07T17:00:08Z,2018-01-07T17:59:48Z,-0.125,-0.5,0.2,4,2018-01-07T17:00:11Z,2018-01-07T17:45:04Z,78,78,78,4,2018-01-07T17:00:11Z,2018-01-07T17:45:04Z
2018-01-07T18:00:00.000Z,2018-01-07T19:00:00.000Z,11.89351535836185,11.8,12,293,2018-01-07T18:00:00Z,2018-01-07T18:59:52Z,48.16143344709897,48,48.3,293,2018-01-07T18:00:00Z,2018-01-07T18:59:52Z,-1.475,-1.9,-1,4,2018-01-07T18:00:12Z,2018-01-07T18:45:04Z,90.5,90,92,4,2018-01-07T18:00:12Z,2018-01-07T18:45:04Z
2018-01-07T19:00:00.000Z,2018-01-07T20:00:00.000Z,11.749828178694075,11.7,11.8,291,2018-01-07T19:00:04Z,2018-01-07T19:59:55Z,48.24226804123703,47.6,48.4,291,2018-01-07T19:00:04Z,2018-01-07T19:59:55Z,-2.25,-2.7,-1.9,4,2018-01-07T19:00:09Z,2018-01-07T19:45:07Z,88.5,78,92,4,2018-01-07T19:00:09Z,2018-01-07T19:45:07Z
2018-01-07T20:00:00.000Z,2018-01-07T21:00:00.000Z,11.82491103202849,11.7,12,281,2018-01-07T20:00:07Z,2018-01-07T20:59:59Z,51.208896797153,47.7,54.4,281,2018-01-07T20:00:07Z,2018-01-07T20:59:59Z,-2.9,-3.1,-2.7,4,2018-01-07T20:00:13Z,2018-01-07T20:45:03Z,90.75,90,91,4,2018-01-07T20:00:13Z,2018-01-07T20:45:03Z
2018-01-07T21:00:00.000Z,2018-01-07T22:00:00.000Z,12.250173010380687,12,12.4,289,2018-01-07T21:00:11Z,2018-01-07T21:59:51Z,52.18027681660899,50.8,54,289,2018-01-07T21:00:11Z,2018-01-07T21:59:51Z,-3.425,-3.6,-3.2,4,2018-01-07T21:00:10Z,2018-01-07T21:45:04Z,91,91,91,4,2018-01-07T21:00:10Z,2018-01-07T21:45:04Z
2018-01-07T22:00:00.000Z,2018-01-07T23:00:00.000Z,12.573010380622765,12.4,12.7,289,2018-01-07T22:00:03Z,2018-01-07T22:59:54Z,50.26712802768163,49.9,50.8,289,2018-01-07T22:00:03Z,2018-01-07T22:59:54Z,-3.2500000000000004,-3.5,-2.9,4,2018-01-07T22:00:04Z,2018-01-07T22:45:03Z,87.5,79,91,4,2018-01-07T22:00:04Z,2018-01-07T22:45:03Z
2018-01-07T23:00:00.000Z,2018-01-08T00:00:00.000Z,12.795932203389885,12.7,12.9,295,2018-01-07T23:00:06Z,2018-01-07T23:59:57Z,49.603728813559314,49.4,49.9,295,2018-01-07T23:00:06Z,2018-01-07T23:59:57Z,-3.375,-3.5,-3.3,4,2018-01-07T23:00:09Z,2018-01-07T23:45:06Z,91.25,90,92,4,2018-01-07T23:00:09Z,2018-01-07T23:45:06Z
2018-01-08T00:00:00.000Z,2018-01-08T01:00:00.000Z,12.973611111111104,12.9,13.1,288,2018-01-08T00:00:09Z,2018-01-08T00:59:48Z,49.101736111111045,48.9,49.3,288,2018-01-08T00:00:09Z,2018-01-08T00:59:48Z,-3.1750000000000003,-3.4,-3,4,2018-01-08T00:00:23Z,2018-01-08T00:45:03Z,92.5,92,93,4,2018-01-08T00:00:23Z,2018-01-08T00:45:03Z
2018-01-08T01:00:00.000Z,2018-01-08T02:00:00.000Z,13.142953020134128,13.1,13.2,298,2018-01-08T01:00:00Z,2018-01-08T01:59:51Z,48.871812080536564,48.8,49,298,2018-01-08T01:00:00Z,2018-01-08T01:59:51Z,-3.275,-3.4,-3.2,4,2018-01-08T01:00:04Z,2018-01-08T01:45:03Z,93.75,93,94,4,2018-01-08T01:00:04Z,2018-01-08T01:45:03Z
2018-01-08T02:00:00.000Z,2018-01-08T03:00:00.000Z,13.29650349650355,13.2,13.4,286,2018-01-08T02:00:03Z,2018-01-08T02:59:54Z,48.73601398601428,48.7,48.8,286,2018-01-08T02:00:03Z,2018-01-08T02:59:54Z,-3.175,-3.4,-2.7,4,2018-01-08T02:00:15Z,2018-01-08T02:45:04Z,94.25,94,95,4,2018-01-08T02:00:15Z,2018-01-08T02:45:04Z
2018-01-08T03:00:00.000Z,2018-01-08T04:00:00.000Z,13.43639455782316,13.4,13.5,294,2018-01-08T03:00:06Z,2018-01-08T03:59:57Z,48.50884353741489,48.4,48.7,294,2018-01-08T03:00:06Z,2018-01-08T03:59:57Z,-1.9,-2.2,-1.8,4,2018-01-08T03:00:05Z,2018-01-08T03:45:03Z,92.25,92,93,4,2018-01-08T03:00:05Z,2018-01-08T03:45:03Z
2018-01-08T04:00:00.000Z,2018-01-08T05:00:00.000Z,13.554982817869366,13.5,13.6,291,2018-01-08T04:00:21Z,2018-01-08T04:59:59Z,48.5,48.5,48.5,291,2018-01-08T04:00:21Z,2018-01-08T04:59:59Z,-1.65,-1.8,-1.6,4,2018-01-08T04:00:18Z,2018-01-08T04:45:03Z,89.75,89,92,4,2018-01-08T04:00:18Z,2018-01-08T04:45:03Z
2018-01-08T05:00:00.000Z,2018-01-08T06:00:00.000Z,13.668421052631503,13.6,13.7,285,2018-01-08T05:00:11Z,2018-01-08T05:59:50Z,48.35824561403481,48.3,48.5,285,2018-01-08T05:00:11Z,2018-01-08T05:59:50Z,-2.875,-3.3,-1.6,4,2018-01-08T05:00:30Z,2018-01-08T05:45:02Z,83.25,81,89,4,2018-01-08T05:00:30Z,2018-01-08T05:45:02Z
2018-01-08T06:00:00.000Z,2018-01-08T07:00:00.000Z,13.78728522336777,13.7,13.8,291,2018-01-08T06:00:02Z,2018-01-08T06:59:53Z,48.36357388316148,48.3,48.5,291,2018-01-08T06:00:02Z,2018-01-08T06:59:53Z,-2.1,-3.3,-1.7,4,2018-01-08T06:00:16Z,2018-01-08T06:45:04Z,81.75,81,82,4,2018-01-08T06:00:16Z,2018-01-08T06:45:04Z
2018-01-08T07:00:00.000Z,2018-01-08T08:00:00.000Z,13.906185567010365,13.8,14,291,2018-01-08T07:00:05Z,2018-01-08T07:59:55Z,48.5,48.5,48.5,291,2018-01-08T07:00:05Z,2018-01-08T07:59:55Z,-0.45,-1.8,0,4,2018-01-08T07:00:11Z,2018-01-08T07:45:09Z,65.25,60,81,4,2018-01-08T07:00:11Z,2018-01-08T07:45:09Z
2018-01-08T08:00:00.000Z,2018-01-08T09:00:00.000Z,14.013840830449814,14,14.1,289,2018-01-08T08:00:07Z,2018-01-08T08:59:57Z,48.35017301038069,48.1,48.5,289,2018-01-08T08:00:07Z,2018-01-08T08:59:57Z,-2.05,-2.8,0,4,2018-01-08T08:00:16Z,2018-01-08T08:45:10Z,75,60,80,4,2018-01-08T08:00:16Z,2018-01-08T08:45:10Z
2018-01-08T09:00:00.000Z,2018-01-08T10:00:00.000Z,14.201369863013753,14.1,14.3,292,2018-01-08T09:00:09Z,2018-01-08T09:59:48Z,48.396232876712304,48.1,49.5,292,2018-01-08T09:00:09Z,2018-01-08T09:59:48Z,-0.42499999999999993,-2.1,1.1,4,2018-01-08T09:00:03Z,2018-01-08T09:45:03Z,66.25,51,82,4,2018-01-08T09:00:03Z,2018-01-08T09:45:03Z
2018-01-08T10:00:00.000Z,2018-01-08T11:00:00.000Z,14.207534246575266,14.1,14.3,292,2018-01-08T10:00:00Z,2018-01-08T10:59:50Z,44.42020547945203,42.4,49.3,292,2018-01-08T10:00:00Z,2018-01-08T10:59:50Z,1.0999999999999999,0.5,1.8,4,2018-01-08T10:00:20Z,2018-01-08T10:45:03Z,49.25,48,51,4,2018-01-08T10:00:20Z,2018-01-08T10:45:03Z
2018-01-08T11:00:00.000Z,2018-01-08T12:00:00.000Z,14.331756756756793,14.2,14.5,296,2018-01-08T11:00:02Z,2018-01-08T11:59:53Z,46.671283783783814,45.5,47.6,296,2018-01-08T11:00:02Z,2018-01-08T11:59:53Z,2.5,2,2.9,4,2018-01-08T11:00:17Z,2018-01-08T11:45:03Z,47,46,48,4,2018-01-08T11:00:17Z,2018-01-08T11:45:03Z
2018-01-08T12:00:00.000Z,2018-01-08T13:00:00.000Z,14.743214285714362,14.5,14.9,280,2018-01-08T12:00:05Z,2018-01-08T12:58:19Z,47.95249999999999,47.6,48.1,280,2018-01-08T12:00:05Z,2018-01-08T12:58:19Z,2.825,2.8,2.9,4,2018-01-08T12:00:15Z,2018-01-08T12:45:03Z,41.5,41,43,4,2018-01-08T12:00:15Z,2018-01-08T12:45:03Z
2018-01-08T13:00:00.000Z,2018-01-08T14:00:00.000Z,15.112643678160833,15,15.2,261,2018-01-08T13:01:07Z,2018-01-08T13:59:57Z,47.79463601532587,47.6,48.1,261,2018-01-08T13:01:07Z,2018-01-08T13:59:57Z,2.875,2.8,2.9,4,2018-01-08T13:00:16Z,2018-01-08T13:45:03Z,44.5,44,45,4,2018-01-08T13:00:16Z,2018-01-08T13:45:03Z
2018-01-08T14:00:00.000Z,2018-01-08T15:00:00.000Z,15.099999999999936,15.1,15.1,269,2018-01-08T14:00:09Z,2018-01-08T14:56:47Z,47.47211895910763,47.4,47.7,269,2018-01-08T14:00:09Z,2018-01-08T14:56:47Z,2.875,2.8,2.9,4,2018-01-08T14:00:06Z,2018-01-08T14:45:03Z,45.75,45,46,4,2018-01-08T14:00:06Z,2018-01-08T14:45:03Z
2018-01-08T15:00:00.000Z,2018-01-08T16:00:00.000Z,15.099305555555516,15,15.1,288,2018-01-08T15:00:11Z,2018-01-08T15:59:49Z,47.52291666666685,47.4,47.6,288,2018-01-08T15:00:11Z,2018-01-08T15:59:49Z,2.65,2.4,2.8,4,2018-01-08T15:00:05Z,2018-01-08T15:45:05Z,45.5,44,46,4,2018-01-08T15:00:05Z,2018-01-08T15:45:05Z
2018-01-08T16:00:00.000Z,2018-01-08T17:00:00.000Z,15.085714285714252,15,15.1,287,2018-01-08T16:00:01Z,2018-01-08T16:59:51Z,47.394076655052324,47.2,47.7,287,2018-01-08T16:00:01Z,2018-01-08T16:59:51Z,2,1.7,2.3,2,2018-01-08T16:15:10Z,2018-01-08T16:45:07Z,50,48,52,2,2018-01-08T16:15:10Z,2018-01-08T16:45:07Z
2018-01-08T17:00:00.000Z,2018-01-08T18:00:00.000Z,15.099999999999962,15.1,15.1,290,2018-01-08T17:00:03Z,2018-01-08T17:59:52Z,47.760689655172335,47.5,47.9,290,2018-01-08T17:00:03Z,2018-01-08T17:59:52Z,1.7249999999999999,1.7,1.8,4,2018-01-08T17:00:05Z,2018-01-08T17:45:04Z,50.75,50,51,4,2018-01-08T17:00:05Z,2018-01-08T17:45:04Z
2018-01-08T18:00:00.000Z,2018-01-08T19:00:00.000Z,15.104225352112612,15.1,15.2,284,2018-01-08T18:00:04Z,2018-01-08T18:59:54Z,46.30704225352112,45.3,47.5,284,2018-01-08T18:00:04Z,2018-01-08T18:59:54Z,2.3,2.2,2.4,3,2018-01-08T18:15:04Z,2018-01-08T18:45:04Z,48,47,50,3,2018-01-08T18:15:04Z,2018-01-08T18:45:04Z
2018-01-08T19:00:00.000Z,2018-01-08T20:00:00.000Z,15.204377104377036,15.2,15.3,297,2018-01-08T19:00:06Z,2018-01-08T19:59:56Z,46.83265993265996,46.1,47.3,297,2018-01-08T19:00:06Z,2018-01-08T19:59:56Z,2.266666666666667,2.1,2.5,3,2018-01-08T19:15:05Z,2018-01-08T19:45:05Z,49,48,50,3,2018-01-08T19:15:05Z,2018-01-08T19:45:05Z
2018-01-08T20:00:00.000Z,2018-01-08T21:00:00.000Z,15.29965277777786,15.2,15.3,288,2018-01-08T20:00:08Z,2018-01-08T20:59:58Z,47.306597222222194,47.2,47.4,288,2018-01-08T20:00:08Z,2018-01-08T20:59:58Z,2.75,2.7,2.8,4,2018-01-08T20:00:05Z,2018-01-08T20:45:05Z,48.5,48,49,4,2018-01-08T20:00:05Z,2018-01-08T20:45:05Z
2018-01-08T21:00:00.000Z,2018-01-08T22:00:00.000Z,15.340689655172424,15.3,15.4,290,2018-01-08T21:00:10Z,2018-01-08T21:59:48Z,47.50413793103444,46.9,49,290,2018-01-08T21:00:10Z,2018-01-08T21:59:48Z,3.275,3.2,3.4,4,2018-01-08T21:00:05Z,2018-01-08T21:45:05Z,49,48,50,4,2018-01-08T21:00:05Z,2018-01-08T21:45:05Z
2018-01-08T22:00:00.000Z,2018-01-08T23:00:00.000Z,15.450347222222243,15.4,15.5,288,2018-01-08T22:00:00Z,2018-01-08T22:59:49Z,49.7802083333333,49,50,288,2018-01-08T22:00:00Z,2018-01-08T22:59:49Z,3.466666666666667,3.4,3.5,3,2018-01-08T22:15:06Z,2018-01-08T22:45:04Z,50.333333333333336,50,51,3,2018-01-08T22:15:06Z,2018-01-08T22:45:04Z
2018-01-08T23:00:00.000Z,2018-01-09T00:00:00.000Z,15.545583038869246,15.5,15.6,283,2018-01-08T23:00:01Z,2018-01-08T23:59:51Z,49.206007067137854,49,49.5,283,2018-01-08T23:00:01Z,2018-01-08T23:59:51Z,2.85,2.6,3.5,4,2018-01-08T23:00:06Z,2018-01-08T23:45:04Z,71.5,51,79,4,2018-01-08T23:00:06Z,2018-01-08T23:45:04Z
2018-01-09T00:00:00.000Z,2018-01-09T01:00:00.000Z,15.637102473498134,15.6,15.7,283,2018-01-09T00:00:03Z,2018-01-09T00:59:52Z,49.025795053003534,48.9,49.2,283,2018-01-09T00:00:03Z,2018-01-09T00:59:52Z,2.625,2.6,2.7,4,2018-01-09T00:00:28Z,2018-01-09T00:45:05Z,79.5,79,80,4,2018-01-09T00:00:28Z,2018-01-09T00:45:05Z
2018-01-09T01:00:00.000Z,2018-01-09T02:00:00.000Z,15.710996563573834,15.7,15.8,291,2018-01-09T01:00:04Z,2018-01-09T01:59:54Z,48.89037800687289,48.7,49.2,291,2018-01-09T01:00:04Z,2018-01-09T01:59:54Z,2.6750000000000003,1.9,3.5,4,2018-01-09T01:00:13Z,2018-01-09T01:45:05Z,79.25,57,98,4,2018-01-09T01:00:13Z,2018-01-09T01:45:05Z
2018-01-09T02:00:00.000Z,2018-01-09T03:00:00.000Z,15.80000000000008,15.8,15.8,278,2018-01-09T02:00:18Z,2018-01-09T02:59:55Z,48.702877697841785,48.5,48.8,278,2018-01-09T02:00:18Z,2018-01-09T02:59:55Z,3.425,3.3,3.5,4,2018-01-09T02:00:26Z,2018-01-09T02:45:03Z,58,58,58,4,2018-01-09T02:00:26Z,2018-01-09T02:45:03Z
2018-01-09T03:00:00.000Z,2018-01-09T04:00:00.000Z,15.870547945205486,15.8,15.9,292,2018-01-09T03:00:07Z,2018-01-09T03:59:57Z,48.439041095890296,48.3,48.6,292,2018-01-09T03:00:07Z,2018-01-09T03:59:57Z,2.9750000000000005,2.7,3.2,4,2018-01-09T03:00:32Z,2018-01-09T03:45:09Z,60.75,59,63,4,2018-01-09T03:00:32Z,2018-01-09T03:45:09Z
2018-01-09T04:00:00.000Z,2018-01-09T05:00:00.000Z,15.900000000000013,15.9,15.9,292,2018-01-09T04:00:09Z,2018-01-09T04:59:58Z,48.229452054794756,48.1,48.4,292,2018-01-09T04:00:09Z,2018-01-09T04:59:58Z,2.2,1.9,2.5,4,2018-01-09T04:00:03Z,2018-01-09T04:45:03Z,76.25,68,83,4,2018-01-09T04:00:03Z,2018-01-09T04:45:03Z
2018-01-09T05:00:00.000Z,2018-01-09T06:00:00.000Z,15.967844522968203,15.9,16,283,2018-01-09T05:00:10Z,2018-01-09T05:59:48Z,48.216961130741886,48,48.5,283,2018-01-09T05:00:10Z,2018-01-09T05:59:48Z,1.3000000000000003,0.9,1.8,4,2018-01-09T05:00:05Z,2018-01-09T05:45:04Z,90.75,88,92,4,2018-01-09T05:00:05Z,2018-01-09T05:45:04Z
2018-01-09T06:00:00.000Z,2018-01-09T07:00:00.000Z,16.012328767123325,16,16.1,292,2018-01-09T06:00:00Z,2018-01-09T06:59:49Z,48.41815068493125,48.3,48.5,292,2018-01-09T06:00:00Z,2018-01-09T06:59:49Z,0.7999999999999999,0.4,1,4,2018-01-09T06:00:18Z,2018-01-09T06:45:03Z,93.5,92,95,4,2018-01-09T06:00:18Z,2018-01-09T06:45:03Z
2018-01-09T07:00:00.000Z,2018-01-09T08:00:00.000Z,16.09999999999999,16.1,16.1,292,2018-01-09T07:00:01Z,2018-01-09T07:59:50Z,48.363698630136824,48.3,48.4,292,2018-01-09T07:00:01Z,2018-01-09T07:59:50Z,-0.2,-0.3,-0.1,4,2018-01-09T07:00:05Z,2018-01-09T07:45:02Z,95.25,95,96,4,2018-01-09T07:00:05Z,2018-01-09T07:45:02Z
2018-01-09T08:00:00.000Z,2018-01-09T09:00:00.000Z,16.145017182130477,16.1,16.2,291,2018-01-09T08:00:02Z,2018-01-09T08:59:52Z,48.52130584192452,48.4,48.6,291,2018-01-09T08:00:02Z,2018-01-09T08:59:52Z,-0.1,-0.4,0.2,4,2018-01-09T08:00:12Z,2018-01-09T08:45:02Z,96.25,96,97,4,2018-01-09T08:00:12Z,2018-01-09T08:45:02Z
2018-01-09T09:00:00.000Z,2018-01-09T10:00:00.000Z,16.112068965517228,16,16.2,290,2018-01-09T09:00:04Z,2018-01-09T09:59:53Z,47.416896551724136,46.6,48.4,290,2018-01-09T09:00:04Z,2018-01-09T09:59:53Z,-0.375,-1.1,0.6,4,2018-01-09T09:00:09Z,2018-01-09T09:45:06Z,96.25,96,97,4,2018-01-09T09:00:09Z,2018-01-09T09:45:06Z
2018-01-09T10:00:00.000Z,2018-01-09T11:00:00.000Z,15.78175675675677,15.6,16,296,2018-01-09T10:00:05Z,2018-01-09T10:59:54Z,47.3878378378379,47.1,47.7,296,2018-01-09T10:00:05Z,2018-01-09T10:59:54Z,2.925,1.8,3.5,4,2018-01-09T10:00:08Z,2018-01-09T10:45:03Z,88.75,83,94,4,2018-01-09T10:00:08Z,2018-01-09T10:45:03Z
2018-01-09T11:00:00.000Z,2018-01-09T12:00:00.000Z,15.471134020618585,15.3,15.6,291,2018-01-09T11:00:06Z,2018-01-09T11:59:56Z,47.448453608247355,47,47.9,291,2018-01-09T11:00:06Z,2018-01-09T11:59:56Z,3.9749999999999996,3.8,4.2,4,2018-01-09T11:00:05Z,2018-01-09T11:45:03Z,73.75,66,80,4,2018-01-09T11:00:05Z,2018-01-09T11:45:03Z
2018-01-09T12:00:00.000Z,2018-01-09T13:00:00.000Z,15.22361111111105,15.1,15.3,288,2018-01-09T12:00:08Z,2018-01-09T12:59:58Z,47.76284722222206,47.6,47.9,288,2018-01-09T12:00:08Z,2018-01-09T12:59:58Z,4.175,4.1,4.3,4,2018-01-09T12:00:12Z,2018-01-09T12:45:05Z,64.75,62,69,4,2018-01-09T12:00:12Z,2018-01-09T12:45:05Z
2018-01-09T13:00:00.000Z,2018-01-09T14:00:00.000Z,15.044673539518856,14.9,15.1,291,2018-01-09T13:00:10Z,2018-01-09T13:59:59Z,48.27079037800674,47.9,48.5,291,2018-01-09T13:00:10Z,2018-01-09T13:59:59Z,4.574999999999999,4.1,5.1,4,2018-01-09T13:00:05Z,2018-01-09T13:45:03Z,73,62,77,4,2018-01-09T13:00:05Z,2018-01-09T13:45:03Z
2018-01-09T14:00:00.000Z,2018-01-09T15:00:00.000Z,14.84793103448287,14.8,14.9,290,2018-01-09T14:00:11Z,2018-01-09T14:59:50Z,48.72241379310347,48.3,49.4,290,2018-01-09T14:00:11Z,2018-01-09T14:59:50Z,4.35,4,4.5,4,2018-01-09T14:00:12Z,2018-01-09T14:45:05Z,67.25,62,78,4,2018-01-09T14:00:12Z,2018-01-09T14:45:05Z
2018-01-09T15:00:00.000Z,2018-01-09T16:00:00.000Z,14.665051903114158,14.6,14.8,289,2018-01-09T15:00:02Z,2018-01-09T15:59:52Z,49.88650519031145,49.2,50.7,289,2018-01-09T15:00:02Z,2018-01-09T15:59:52Z,4.2749999999999995,4.2,4.4,4,2018-01-09T15:00:09Z,2018-01-09T15:45:04Z,68,63,73,4,2018-01-09T15:00:09Z,2018-01-09T15:45:04Z
2018-01-09T16:00:00.000Z,2018-01-09T17:00:00.000Z,14.47839721254358,14.4,14.6,287,2018-01-09T16:00:04Z,2018-01-09T16:59:54Z,50.635191637630726,50.5,51.1,287,2018-01-09T16:00:04Z,2018-01-09T16:59:54Z,4.325,4.2,4.4,4,2018-01-09T16:00:24Z,2018-01-09T16:45:04Z,76.5,75,78,4,2018-01-09T16:00:24Z,2018-01-09T16:45:04Z
2018-01-09T17:00:00.000Z,2018-01-09T18:00:00.000Z,14.314186851211117,14.2,14.4,289,2018-01-09T17:00:06Z,2018-01-09T17:59:56Z,51.24359861591713,51,51.4,289,2018-01-09T17:00:06Z,2018-01-09T17:59:56Z,4.425000000000001,4.4,4.5,4,2018-01-09T17:00:04Z,2018-01-09T17:45:03Z,74,72,75,4,2018-01-09T17:00:04Z,2018-01-09T17:45:03Z
2018-01-09T18:00:00.000Z,2018-01-09T19:00:00.000Z,14.171777003484273,14.1,14.2,287,2018-01-09T18:00:08Z,2018-01-09T18:59:59Z,50.84285714285722,50.6,51.1,287,2018-01-09T18:00:08Z,2018-01-09T18:59:59Z,4.325,4.3,4.4,4,2018-01-09T18:00:08Z,2018-01-09T18:45:03Z,73,72,74,4,2018-01-09T18:00:08Z,2018-01-09T18:45:03Z
2018-01-09T19:00:00.000Z,2018-01-09T20:00:00.000Z,14.045486111111096,14,14.1,288,2018-01-09T19:00:11Z,2018-01-09T19:59:49Z,50.31493055555555,49.1,50.6,288,2018-01-09T19:00:11Z,2018-01-09T19:59:49Z,4.15,4,4.3,4,2018-01-09T19:00:24Z,2018-01-09T19:45:06Z,75,73,78,4,2018-01-09T19:00:24Z,2018-01-09T19:45:06Z
2018-01-09T20:00:00.000Z,2018-01-09T21:00:00.000Z,14.20106007067141,14,14.4,283,2018-01-09T20:00:13Z,2018-01-09T20:59:51Z,52.272791519434705,49.8,53.3,283,2018-01-09T20:00:13Z,2018-01-09T20:59:51Z,3.05,2.9,3.1,4,2018-01-09T20:00:04Z,2018-01-09T20:45:03Z,82,82,82,4,2018-01-09T20:00:04Z,2018-01-09T20:45:03Z
2018-01-09T21:00:00.000Z,2018-01-09T22:00:00.000Z,14.569148936170148,14.4,14.7,282,2018-01-09T21:00:03Z,2018-01-09T21:59:54Z,55.067021276595746,53.1,56.9,282,2018-01-09T21:00:03Z,2018-01-09T21:59:54Z,2.95,2.7,3.1,4,2018-01-09T21:00:11Z,2018-01-09T21:45:03Z,83.75,82,88,4,2018-01-09T21:00:11Z,2018-01-09T21:45:03Z
2018-01-09T22:00:00.000Z,2018-01-09T23:00:00.000Z,14.817406143344737,14.7,14.9,293,2018-01-09T22:00:06Z,2018-01-09T22:59:56Z,53.52457337883959,53,54.5,293,2018-01-09T22:00:06Z,2018-01-09T22:59:56Z,2.9000000000000004,2.8,3,4,2018-01-09T22:00:12Z,2018-01-09T22:45:03Z,83,83,83,4,2018-01-09T22:00:12Z,2018-01-09T22:45:03Z
2018-01-09T23:00:00.000Z,2018-01-10T00:00:00.000Z,15.007216494845364,14.9,15.1,291,2018-01-09T23:00:08Z,2018-01-09T23:59:58Z,52.56288659793807,52.3,53,291,2018-01-09T23:00:08Z,2018-01-09T23:59:58Z,3.4,2.8,3.6,4,2018-01-09T23:00:14Z,2018-01-09T23:45:03Z,84,84,84,4,2018-01-09T23:00:14Z,2018-01-09T23:45:03Z
2018-01-10T00:00:00.000Z,2018-01-10T01:00:00.000Z,15.134353741496502,15.1,15.2,294,2018-01-10T00:00:10Z,2018-01-10T00:59:59Z,52.16462585034041,52.1,52.3,294,2018-01-10T00:00:10Z,2018-01-10T00:59:59Z,3.45,3.4,3.5,4,2018-01-10T00:00:04Z,2018-01-10T00:45:04Z,87.5,87,88,4,2018-01-10T00:00:04Z,2018-01-10T00:45:04Z
2018-01-10T01:00:00.000Z,2018-01-10T02:00:00.000Z,15.266083916084016,15.2,15.3,286,2018-01-10T01:00:11Z,2018-01-10T01:59:49Z,52.113636363636566,52.1,52.2,286,2018-01-10T01:00:11Z,2018-01-10T01:59:49Z,3.4250000000000003,3.4,3.5,4,2018-01-10T01:00:23Z,2018-01-10T01:45:02Z,88,88,88,4,2018-01-10T01:00:23Z,2018-01-10T01:45:02Z
2018-01-10T02:00:00.000Z,2018-01-10T03:00:00.000Z,15.380970149253793,15.3,15.4,268,2018-01-10T02:00:01Z,2018-01-10T02:59:51Z,52.00522388059692,51.9,52.1,268,2018-01-10T02:00:01Z,2018-01-10T02:59:51Z,3.4,3,3.6,4,2018-01-10T02:00:19Z,2018-01-10T02:45:13Z,90,88,92,4,2018-01-10T02:00:19Z,2018-01-10T02:45:13Z
2018-01-10T03:00:00.000Z,2018-01-10T04:00:00.000Z,15.502112676056358,15.4,15.6,284,2018-01-10T03:00:03Z,2018-01-10T03:59:52Z,51.804225352112454,51.7,51.9,284,2018-01-10T03:00:03Z,2018-01-10T03:59:52Z,3.0250000000000004,2.7,3.6,4,2018-01-10T03:00:14Z,2018-01-10T03:45:09Z,86.75,85,90,4,2018-01-10T03:00:14Z,2018-01-10T03:45:09Z
2018-01-10T04:00:00.000Z,2018-01-10T05:00:00.000Z,15.616838487972426,15.6,15.7,291,2018-01-10T04:00:04Z,2018-01-10T04:59:54Z,51.799999999999734,51.8,51.8,291,2018-01-10T04:00:04Z,2018-01-10T04:59:54Z,4.05,3,5.1,4,2018-01-10T04:00:10Z,2018-01-10T04:45:03Z,88.75,87,93,4,2018-01-10T04:00:10Z,2018-01-10T04:45:03Z
2018-01-10T05:00:00.000Z,2018-01-10T06:00:00.000Z,15.726460481099664,15.7,15.8,291,2018-01-10T05:00:06Z,2018-01-10T05:59:55Z,51.884879725085725,51.8,52,291,2018-01-10T05:00:06Z,2018-01-10T05:59:55Z,3.775,3,4.1,4,2018-01-10T05:00:14Z,2018-01-10T05:45:02Z,88.5,87,93,4,2018-01-10T05:00:14Z,2018-01-10T05:45:02Z
2018-01-10T06:00:00.000Z,2018-01-10T07:00:00.000Z,15.833928571428588,15.8,15.9,280,2018-01-10T06:00:07Z,2018-01-10T06:59:57Z,51.995357142857124,51.9,52,280,2018-01-10T06:00:07Z,2018-01-10T06:59:57Z,3.5,3,4,4,2018-01-10T06:00:03Z,2018-01-10T06:45:02Z,90,87,93,4,2018-01-10T06:00:03Z,2018-01-10T06:45:02Z
2018-01-10T07:00:00.000Z,2018-01-10T08:00:00.000Z,15.931849315068531,15.9,16,292,2018-01-10T07:00:09Z,2018-01-10T07:59:58Z,52.071232876712585,51.9,52.1,292,2018-01-10T07:00:09Z,2018-01-10T07:59:58Z,3.5,3,4,4,2018-01-10T07:00:09Z,2018-01-10T07:45:02Z,93,93,93,4,2018-01-10T07:00:09Z,2018-01-10T07:45:02Z
2018-01-10T08:00:00.000Z,2018-01-10T09:00:00.000Z,16.03298245614037,16,16.1,285,2018-01-10T08:00:10Z,2018-01-10T08:59:59Z,52.10000000000024,52.1,52.1,285,2018-01-10T08:00:10Z,2018-01-10T08:59:59Z,3,3,3,4,2018-01-10T08:00:12Z,2018-01-10T08:45:02Z,96.5,93,100,4,2018-01-10T08:00:12Z,2018-01-10T08:45:02Z
2018-01-10T09:00:00.000Z,2018-01-10T10:00:00.000Z,16.020774647887283,15.9,16.1,284,2018-01-10T09:00:11Z,2018-01-10T09:59:49Z,52.118661971830974,51.6,53.9,284,2018-01-10T09:00:11Z,2018-01-10T09:59:49Z,3,3,3,4,2018-01-10T09:00:03Z,2018-01-10T09:45:04Z,100,100,100,4,2018-01-10T09:00:03Z,2018-01-10T09:45:04Z
2018-01-10T10:00:00.000Z,2018-01-10T11:00:00.000Z,15.750347222222182,15.6,15.9,288,2018-01-10T10:00:01Z,2018-01-10T10:59:50Z,52.25833333333354,52,52.6,288,2018-01-10T10:00:01Z,2018-01-10T10:59:50Z,3,3,3,4,2018-01-10T10:00:07Z,2018-01-10T10:45:03Z,100,100,100,4,2018-01-10T10:00:07Z,2018-01-10T10:45:03Z
2018-01-10T11:00:00.000Z,2018-01-10T12:00:00.000Z,15.48615916955017,15.4,15.6,289,2018-01-10T11:00:02Z,2018-01-10T11:59:52Z,52.139446366782394,52.1,52.2,289,2018-01-10T11:00:02Z,2018-01-10T11:59:52Z,4,4,4,4,2018-01-10T11:00:03Z,2018-01-10T11:45:02Z,93,93,93,4,2018-01-10T11:00:03Z,2018-01-10T11:45:02Z
2018-01-10T12:00:00.000Z,2018-01-10T13:00:00.000Z,15.258275862068885,15.2,15.4,290,2018-01-10T12:00:04Z,2018-01-10T12:59:54Z,52.22586206896563,52,52.3,290,2018-01-10T12:00:04Z,2018-01-10T12:59:54Z,4,4,4,4,2018-01-10T12:00:07Z,2018-01-10T12:45:03Z,93,93,93,4,2018-01-10T12:00:07Z,2018-01-10T12:45:03Z
2018-01-10T13:00:00.000Z,2018-01-10T14:00:00.000Z,15.078911564625804,15,15.2,294,2018-01-10T13:00:06Z,2018-01-10T13:59:56Z,52.2632653061221,52.2,52.4,294,2018-01-10T13:00:06Z,2018-01-10T13:59:56Z,4,4,4,4,2018-01-10T13:00:03Z,2018-01-10T13:45:02Z,96.5,93,100,4,2018-01-10T13:00:03Z,2018-01-10T13:45:02Z
2018-01-10T14:00:00.000Z,2018-01-10T15:00:00.000Z,14.926989619377224,14.8,15,289,2018-01-10T14:00:08Z,2018-01-10T14:59:58Z,52.39999999999976,52.4,52.4,289,2018-01-10T14:00:08Z,2018-01-10T14:59:58Z,4,4,4,4,2018-01-10T14:00:03Z,2018-01-10T14:45:03Z,96.5,93,100,4,2018-01-10T14:00:03Z,2018-01-10T14:45:03Z
2018-01-10T15:00:00.000Z,2018-01-10T16:00:00.000Z,14.754482758620606,14.7,14.8,290,2018-01-10T15:00:10Z,2018-01-10T15:59:48Z,52.35793103448236,52.3,52.4,290,2018-01-10T15:00:10Z,2018-01-10T15:59:48Z,4,4,4,4,2018-01-10T15:00:09Z,2018-01-10T15:45:02Z,96.5,93,100,4,2018-01-10T15:00:09Z,2018-01-10T15:45:02Z
2018-01-10T16:00:00.000Z,2018-01-10T17:00:00.000Z,14.613013698630084,14.5,14.7,292,2018-01-10T16:00:00Z,2018-01-10T16:59:50Z,52.33219178082176,52.3,52.4,292,2018-01-10T16:00:00Z,2018-01-10T16:59:50Z,4,4,4,4,2018-01-10T16:00:06Z,2018-01-10T16:45:05Z,93,93,93,4,2018-01-10T16:00:06Z,2018-01-10T16:45:05Z
2018-01-10T17:00:00.000Z,2018-01-10T18:00:00.000Z,14.460616438356187,14.4,14.5,292,2018-01-10T17:00:02Z,2018-01-10T17:59:52Z,52.39999999999976,52.4,52.4,292,2018-01-10T17:00:02Z,2018-01-10T17:59:52Z,3,3,3,4,2018-01-10T17:00:02Z,2018-01-10T17:45:03Z,96.5,93,100,4,2018-01-10T17:00:02Z,2018-01-10T17:45:03Z
2018-01-10T18:00:00.000Z,2018-01-10T19:00:00.000Z,14.332646048110051,14.2,14.4,291,2018-01-10T18:00:04Z,2018-01-10T18:59:55Z,52.38659793814409,51.8,52.5,291,2018-01-10T18:00:04Z,2018-01-10T18:59:55Z,3,3,3,4,2018-01-10T18:00:05Z,2018-01-10T18:45:03Z,93,93,93,4,2018-01-10T18:00:05Z,2018-01-10T18:45:03Z
2018-01-10T19:00:00.000Z,2018-01-10T20:00:00.000Z,14.092631578947346,14,14.2,285,2018-01-10T19:00:07Z,2018-01-10T19:59:57Z,49.821754385964944,49,51.8,285,2018-01-10T19:00:07Z,2018-01-10T19:59:57Z,3,3,3,4,2018-01-10T19:00:06Z,2018-01-10T19:45:03Z,93,93,93,4,2018-01-10T19:00:06Z,2018-01-10T19:45:03Z
2018-01-10T20:00:00.000Z,2018-01-10T21:00:00.000Z,13.999653979238754,13.9,14,289,2018-01-10T20:00:09Z,2018-01-10T20:59:48Z,50.72906574394463,50,51.2,289,2018-01-10T20:00:09Z,2018-01-10T20:59:48Z,3,3,3,4,2018-01-10T20:00:19Z,2018-01-10T20:45:04Z,93,93,93,4,2018-01-10T20:00:19Z,2018-01-10T20:45:04Z
2018-01-10T21:00:00.000Z,2018-01-10T22:00:00.000Z,13.914953271028091,13.9,14,214,2018-01-10T21:00:00Z,2018-01-10T21:57:50Z,52.74065420560752,51.3,54.7,214,2018-01-10T21:00:00Z,2018-01-10T21:57:50Z,3,3,3,4,2018-01-10T21:00:09Z,2018-01-10T21:45:02Z,93,93,93,4,2018-01-10T21:00:09Z,2018-01-10T21:45:02Z
2018-01-10T22:00:00.000Z,2018-01-10T23:00:00.000Z,13.81947368421054,13.8,13.9,190,2018-01-10T22:01:38Z,2018-01-10T22:59:53Z,54.29473684210535,54,54.6,190,2018-01-10T22:01:38Z,2018-01-10T22:59:53Z,2,2,2,4,2018-01-10T22:00:11Z,2018-01-10T22:45:03Z,100,100,100,4,2018-01-10T22:00:11Z,2018-01-10T22:45:03Z
2018-01-10T23:00:00.000Z,2018-01-11T00:00:00.000Z,13.719999999999956,13.7,13.8,230,2018-01-10T23:00:05Z,2018-01-10T23:59:44Z,53.77956521739156,53.6,54,230,2018-01-10T23:00:05Z,2018-01-10T23:59:44Z,2,2,2,4,2018-01-10T23:00:21Z,2018-01-10T23:45:12Z,100,100,100,4,2018-01-10T23:00:21Z,2018-01-10T23:45:12Z
2018-01-11T00:00:00.000Z,2018-01-11T01:00:00.000Z,13.577033492822938,13.5,13.7,209,2018-01-11T00:00:08Z,2018-01-11T00:59:58Z,53.442105263157686,53.4,53.6,209,2018-01-11T00:00:08Z,2018-01-11T00:59:58Z,2,2,2,4,2018-01-11T00:00:26Z,2018-01-11T00:45:03Z,100,100,100,4,2018-01-11T00:00:26Z,2018-01-11T00:45:03Z
2018-01-11T01:00:00.000Z,2018-01-11T02:00:00.000Z,13.48430656934308,13.4,13.5,274,2018-01-11T01:00:10Z,2018-01-11T01:59:49Z,53.422262773722466,53.4,53.5,274,2018-01-11T01:00:10Z,2018-01-11T01:59:49Z,2,2,2,4,2018-01-11T01:00:09Z,2018-01-11T01:45:02Z,100,100,100,4,2018-01-11T01:00:09Z,2018-01-11T01:45:02Z
2018-01-11T02:00:00.000Z,2018-01-11T03:00:00.000Z,13.37859778597794,13.3,13.4,271,2018-01-11T02:00:01Z,2018-01-11T02:59:52Z,53.57601476014782,53.5,53.6,271,2018-01-11T02:00:01Z,2018-01-11T02:59:52Z,2,2,2,4,2018-01-11T02:00:06Z,2018-01-11T02:45:04Z,100,100,100,4,2018-01-11T02:00:06Z,2018-01-11T02:45:04Z
2018-01-11T03:00:00.000Z,2018-01-11T04:00:00.000Z,13.267741935483803,13.2,13.3,248,2018-01-11T03:00:04Z,2018-01-11T03:59:55Z,53.60000000000023,53.6,53.6,248,2018-01-11T03:00:04Z,2018-01-11T03:59:55Z,2,2,2,4,2018-01-11T03:00:05Z,2018-01-11T03:45:07Z,93,93,93,4,2018-01-11T03:00:05Z,2018-01-11T03:45:07Z
2018-01-11T04:00:00.000Z,2018-01-11T05:00:00.000Z,13.162711864406766,13.1,13.2,236,2018-01-11T04:00:07Z,2018-01-11T04:59:46Z,53.6822033898306,53.6,53.8,236,2018-01-11T04:00:07Z,2018-01-11T04:59:46Z,2.175,2,2.7,4,2018-01-11T04:00:03Z,2018-01-11T04:45:14Z,91.25,86,93,4,2018-01-11T04:00:03Z,2018-01-11T04:45:14Z
2018-01-11T05:00:00.000Z,2018-01-11T06:00:00.000Z,13.069465648854932,13,13.1,262,2018-01-11T05:00:10Z,2018-01-11T05:59:49Z,53.74122137404612,53.7,53.8,262,2018-01-11T05:00:10Z,2018-01-11T05:59:49Z,2.5,2.4,2.6,4,2018-01-11T05:00:15Z,2018-01-11T05:45:06Z,86,86,86,4,2018-01-11T05:00:15Z,2018-01-11T05:45:06Z
2018-01-11T06:00:00.000Z,2018-01-11T07:00:00.000Z,12.951760563380326,12.9,13,284,2018-01-11T06:00:01Z,2018-01-11T06:59:52Z,53.60880281690166,53.6,53.7,284,2018-01-11T06:00:01Z,2018-01-11T06:59:52Z,2.3,2.3,2.3,4,2018-01-11T06:00:19Z,2018-01-11T06:45:02Z,86,86,86,4,2018-01-11T06:00:19Z,2018-01-11T06:45:02Z
2018-01-11T07:00:00.000Z,2018-01-11T08:00:00.000Z,12.852452830188765,12.8,12.9,265,2018-01-11T07:00:04Z,2018-01-11T07:59:55Z,53.676226415094575,53.6,53.7,265,2018-01-11T07:00:04Z,2018-01-11T07:59:55Z,2.575,2.4,2.7,4,2018-01-11T07:00:10Z,2018-01-11T07:45:04Z,87,87,87,4,2018-01-11T07:00:10Z,2018-01-11T07:45:04Z
2018-01-11T08:00:00.000Z,2018-01-11T09:00:00.000Z,12.78571428571428,12.7,12.8,252,2018-01-11T08:00:07Z,2018-01-11T08:59:58Z,53.76706349206323,53.7,54,252,2018-01-11T08:00:07Z,2018-01-11T08:59:58Z,3.325,2.8,3.8,4,2018-01-11T08:00:19Z,2018-01-11T08:45:04Z,87.75,87,89,4,2018-01-11T08:00:19Z,2018-01-11T08:45:04Z
2018-01-11T09:00:00.000Z,2018-01-11T10:00:00.000Z,12.699999999999944,12.7,12.7,273,2018-01-11T09:00:10Z,2018-01-11T09:59:50Z,54.05860805860827,53.9,54.2,273,2018-01-11T09:00:10Z,2018-01-11T09:59:50Z,3.925,3.9,4,4,2018-01-11T09:00:04Z,2018-01-11T09:45:05Z,87,86,88,4,2018-01-11T09:00:04Z,2018-01-11T09:45:05Z
2018-01-11T10:00:00.000Z,2018-01-11T11:00:00.000Z,12.639361702127616,12.6,12.7,282,2018-01-11T10:00:02Z,2018-01-11T10:59:53Z,54.33900709219846,54.1,55.1,282,2018-01-11T10:00:02Z,2018-01-11T10:59:53Z,4.25,4,4.6,4,2018-01-11T10:00:04Z,2018-01-11T10:45:03Z,85.75,85,86,4,2018-01-11T10:00:04Z,2018-01-11T10:45:03Z
2018-01-11T11:00:00.000Z,2018-01-11T12:00:00.000Z,12.597543859649065,12.5,12.6,285,2018-01-11T11:00:05Z,2018-01-11T11:59:56Z,55.56842105263161,54.6,56.1,285,2018-01-11T11:00:05Z,2018-01-11T11:59:56Z,4.875,4.7,5,4,2018-01-11T11:00:04Z,2018-01-11T11:45:04Z,83.75,82,86,4,2018-01-11T11:00:04Z,2018-01-11T11:45:04Z
2018-01-11T12:00:00.000Z,2018-01-11T13:00:00.000Z,12.500343642611684,12.5,12.6,291,2018-01-11T12:00:08Z,2018-01-11T12:59:59Z,56.193470790378306,56.1,56.2,291,2018-01-11T12:00:08Z,2018-01-11T12:59:59Z,5.324999999999999,5,5.6,4,2018-01-11T12:00:08Z,2018-01-11T12:45:04Z,81.5,77,85,4,2018-01-11T12:00:08Z,2018-01-11T12:45:04Z
2018-01-11T13:00:00.000Z,2018-01-11T14:00:00.000Z,12.473263888888914,12.4,12.5,288,2018-01-11T13:00:11Z,2018-01-11T13:59:51Z,56.07881944444452,55.9,56.2,288,2018-01-11T13:00:11Z,2018-01-11T13:59:51Z,5.800000000000001,5.7,5.9,4,2018-01-11T13:00:19Z,2018-01-11T13:45:03Z,78.25,78,79,4,2018-01-11T13:00:19Z,2018-01-11T13:45:03Z
2018-01-11T14:00:00.000Z,2018-01-11T15:00:00.000Z,12.400000000000059,12.4,12.4,291,2018-01-11T14:00:03Z,2018-01-11T14:59:54Z,55.902749140893214,55.9,56,291,2018-01-11T14:00:03Z,2018-01-11T14:59:54Z,6.074999999999999,6,6.1,4,2018-01-11T14:00:06Z,2018-01-11T14:45:04Z,78.25,77,80,4,2018-01-11T14:00:06Z,2018-01-11T14:45:04Z
2018-01-11T15:00:00.000Z,2018-01-11T16:00:00.000Z,12.354295532646143,12.3,12.4,291,2018-01-11T15:00:06Z,2018-01-11T15:59:58Z,55.89999999999974,55.9,55.9,291,2018-01-11T15:00:06Z,2018-01-11T15:59:58Z,5.375,5.2,5.6,4,2018-01-11T15:00:14Z,2018-01-11T15:45:03Z,85.25,85,86,4,2018-01-11T15:00:14Z,2018-01-11T15:45:03Z
2018-01-11T16:00:00.000Z,2018-01-11T17:00:00.000Z,12.300000000000058,12.3,12.3,287,2018-01-11T16:00:10Z,2018-01-11T16:59:49Z,55.89999999999974,55.9,55.9,287,2018-01-11T16:00:10Z,2018-01-11T16:59:49Z,4.95,4.8,5.1,4,2018-01-11T16:00:15Z,2018-01-11T16:45:05Z,86,86,86,4,2018-01-11T16:00:15Z,2018-01-11T16:45:05Z
2018-01-11T17:00:00.000Z,2018-01-11T18:00:00.000Z,12.246735395188917,12.2,12.3,291,2018-01-11T17:00:01Z,2018-01-11T17:59:53Z,55.89999999999974,55.9,55.9,291,2018-01-11T17:00:01Z,2018-01-11T17:59:53Z,4.3,4,4.6,4,2018-01-11T17:00:16Z,2018-01-11T17:45:04Z,86,86,86,4,2018-01-11T17:00:16Z,2018-01-11T17:45:04Z
2018-01-11T18:00:00.000Z,2018-01-11T19:00:00.000Z,12.199653979238697,12.1,12.2,289,2018-01-11T18:00:05Z,2018-01-11T18:59:56Z,55.89999999999974,55.9,55.9,289,2018-01-11T18:00:05Z,2018-01-11T18:59:56Z,3.7249999999999996,3.5,3.8,4,2018-01-11T18:00:04Z,2018-01-11T18:45:04Z,87,87,87,4,2018-01-11T18:00:04Z,2018-01-11T18:45:04Z
2018-01-11T19:00:00.000Z,2018-01-11T20:00:00.000Z,12.103484320557431,12.1,12.2,287,2018-01-11T19:00:08Z,2018-01-11T19:59:48Z,55.89999999999974,55.9,55.9,287,2018-01-11T19:00:08Z,2018-01-11T19:59:48Z,4.324999999999999,3.8,4.6,4,2018-01-11T19:00:22Z,2018-01-11T19:45:07Z,91,87,93,4,2018-01-11T19:00:22Z,2018-01-11T19:45:07Z
2018-01-11T20:00:00.000Z,2018-01-11T21:00:00.000Z,12.067457627118614,12,12.1,295,2018-01-11T20:00:00Z,2018-01-11T20:59:52Z,55.89389830508451,55.5,56,295,2018-01-11T20:00:00Z,2018-01-11T20:59:52Z,4.55,4.4,4.7,4,2018-01-11T20:00:20Z,2018-01-11T20:45:03Z,93,93,93,4,2018-01-11T20:00:20Z,2018-01-11T20:45:03Z
2018-01-11T21:00:00.000Z,2018-01-11T22:00:00.000Z,12.233707865168553,12,12.6,267,2018-01-11T21:00:04Z,2018-01-11T21:59:55Z,58.54456928838964,55.2,60.3,267,2018-01-11T21:00:04Z,2018-01-11T21:59:55Z,4.75,4.7,4.8,4,2018-01-11T21:00:04Z,2018-01-11T21:45:06Z,93,93,93,4,2018-01-11T21:00:04Z,2018-01-11T21:45:06Z
2018-01-11T22:00:00.000Z,2018-01-11T23:00:00.000Z,12.809665427509312,12.6,13,269,2018-01-11T22:00:07Z,2018-01-11T22:59:59Z,59.35613382899631,58.7,60.3,269,2018-01-11T22:00:07Z,2018-01-11T22:59:59Z,4.9,4.8,5.1,4,2018-01-11T22:00:13Z,2018-01-11T22:45:04Z,91.75,91,92,4,2018-01-11T22:00:13Z,2018-01-11T22:45:04Z
2018-01-11T23:00:00.000Z,2018-01-12T00:00:00.000Z,13.19714285714291,13,13.3,280,2018-01-11T23:00:11Z,2018-01-11T23:59:38Z,58.35785714285713,58.1,58.7,280,2018-01-11T23:00:11Z,2018-01-11T23:59:38Z,5.125,4.9,5.3,4,2018-01-11T23:00:27Z,2018-01-11T23:45:05Z,91.5,91,92,4,2018-01-11T23:00:27Z,2018-01-11T23:45:05Z
