date,T2,RH_2,T_out,RH_out,Press_mm_hg
2016-01-12 00:00:00,20.789999999999999,43.863333333333301, 5.2999999999999998e+00, 92.000000000000000,736.89999999999998
2016-01-12 00:10:00,20.699999999999999,44.000000000000000, 5.2666666666666702e+00, 92.000000000000000,737.00000000000000
2016-01-12 00:20:00,20.633333333333301,44.000000000000000, 5.2333333333333298e+00, 92.000000000000000,737.10000000000002
2016-01-12 00:30:00,20.600000000000001,44.030000000000001, 5.2000000000000002e+00, 92.000000000000000,737.20000000000005
2016-01-12 00:40:00,20.600000000000001,44.090000000000003, 5.1666666666666696e+00, 92.000000000000000,737.29999999999995
2016-01-12 00:50:00,20.500000000000000,44.126666666666701, 5.1333333333333302e+00, 92.000000000000000,737.39999999999998
2016-01-12 01:00:00,20.500000000000000,44.200000000000003, 5.0999999999999996e+00, 92.000000000000000,737.50000000000000
2016-01-12 01:10:00,20.390000000000001,44.200000000000003, 5.1166666666666698e+00, 92.000000000000000,737.63333333333298
2016-01-12 01:20:00,20.390000000000001,44.259999999999998, 5.1333333333333302e+00, 92.000000000000000,737.76666666666699
2016-01-12 01:30:00,20.289999999999999,44.289999999999999, 5.1500000000000004e+00, 92.000000000000000,737.89999999999998
2016-01-12 01:40:00,20.230000000000000,44.289999999999999, 5.1666666666666696e+00, 92.000000000000000,738.03333333333296
2016-01-12 01:50:00,20.199999999999999,44.399999999999999, 5.1833333333333300e+00, 92.000000000000000,738.16666666666697
2016-01-12 02:00:00,20.199999999999999,44.466666666666697, 5.2000000000000002e+00, 92.000000000000000,738.29999999999995
2016-01-12 02:10:00,20.100000000000001,44.530000000000001, 5.1333333333333302e+00, 92.000000000000000,738.39999999999998
2016-01-12 02:20:00,20.100000000000001,44.590000000000003, 5.0666666666666700e+00, 92.000000000000000,738.50000000000000
2016-01-12 02:30:00,20.000000000000000,44.433333333333302, 5.0000000000000000e+00, 92.000000000000000,738.60000000000002
2016-01-12 02:40:00,20.000000000000000,44.500000000000000, 4.9333333333333300e+00, 92.000000000000000,738.70000000000005
2016-01-12 02:50:00,20.000000000000000,44.500000000000000, 4.8666666666666698e+00, 92.000000000000000,738.79999999999995
2016-01-12 03:00:00,19.890000000000001,44.590000000000003, 4.7999999999999998e+00, 92.000000000000000,738.89999999999998
2016-01-12 03:10:00,19.823333333333299,44.530000000000001, 4.8166666666666700e+00, 92.166666666666700,739.01666666666699
2016-01-12 03:20:00,19.789999999999999,44.530000000000001, 4.8333333333333304e+00, 92.333333333333300,739.13333333333298
2016-01-12 03:30:00,19.789999999999999,44.530000000000001, 4.8499999999999996e+00, 92.500000000000000,739.25000000000000
2016-01-12 03:40:00,19.760000000000002,44.590000000000003, 4.8666666666666698e+00, 92.666666666666700,739.36666666666702
2016-01-12 03:50:00,19.699999999999999,44.590000000000003, 4.8833333333333302e+00, 92.833333333333300,739.48333333333301
2016-01-12 04:00:00,19.699999999999999,44.700000000000003, 4.9000000000000004e+00, 93.000000000000000,739.60000000000002
2016-01-12 04:10:00,19.633333333333301,44.626666666666701, 4.9166666666666696e+00, 92.666666666666700,739.64999999999998
2016-01-12 04:20:00,19.600000000000001,44.590000000000003, 4.9333333333333300e+00, 92.333333333333300,739.70000000000005
2016-01-12 04:30:00,19.600000000000001,44.590000000000003, 4.9500000000000002e+00, 92.000000000000000,739.75000000000000
2016-01-12 04:40:00,19.566666666666698,44.700000000000003, 4.9666666666666703e+00, 91.666666666666700,739.79999999999995
2016-01-12 04:50:00,19.500000000000000,44.700000000000003, 4.9833333333333298e+00, 91.333333333333300,739.85000000000002
2016-01-12 05:00:00,19.500000000000000,44.789999999999999, 5.0000000000000000e+00, 91.000000000000000,739.89999999999998
2016-01-12 05:10:00,19.426666666666701,44.729999999999997, 4.9833333333333298e+00, 91.666666666666700,739.96666666666704
2016-01-12 05:20:00,19.390000000000001,44.729999999999997, 4.9666666666666703e+00, 92.333333333333300,740.03333333333296
2016-01-12 05:30:00,19.390000000000001,44.789999999999999, 4.9500000000000002e+00, 93.000000000000000,740.10000000000002
2016-01-12 05:40:00,19.390000000000001,44.789999999999999, 4.9333333333333300e+00, 93.666666666666700,740.16666666666697
2016-01-12 05:50:00,19.390000000000001,44.789999999999999, 4.9166666666666696e+00, 94.333333333333300,740.23333333333301
2016-01-12 06:00:00,19.289999999999999,44.899999999999999, 4.9000000000000004e+00, 95.000000000000000,740.29999999999995
2016-01-12 06:10:00,19.289999999999999,44.924999999999997, 4.9333333333333300e+00, 94.666666666666700,740.43333333333305
2016-01-12 06:20:00,19.289999999999999,45.000000000000000, 4.9666666666666703e+00, 94.333333333333300,740.56666666666695
2016-01-12 06:30:00,19.289999999999999,45.126666666666701, 5.0000000000000000e+00, 94.000000000000000,740.70000000000005
2016-01-12 06:40:00,19.218000000000000,45.200000000000003, 5.0333333333333297e+00, 93.666666666666700,740.83333333333303
2016-01-12 06:50:00,19.199999999999999,45.244999999999997, 5.0666666666666700e+00, 93.333333333333300,740.96666666666704
2016-01-12 07:00:00,19.199999999999999,45.363333333333301, 5.0999999999999996e+00, 93.000000000000000,741.10000000000002
2016-01-12 07:10:00,19.199999999999999,45.399999999999999, 5.0999999999999996e+00, 92.666666666666700,741.21666666666704
2016-01-12 07:20:00,19.199999999999999,45.326666666666704, 5.0999999999999996e+00, 92.333333333333300,741.33333333333303
2016-01-12 07:30:00,19.175000000000001,45.195000000000000, 5.0999999999999996e+00, 92.000000000000000,741.45000000000005
2016-01-12 07:40:00,19.100000000000001,45.030000000000001, 5.0999999999999996e+00, 91.666666666666700,741.56666666666695
2016-01-12 07:50:00,19.100000000000001,45.000000000000000, 5.0999999999999996e+00, 91.333333333333300,741.68333333333305
2016-01-12 08:00:00,19.100000000000001,45.000000000000000, 5.0999999999999996e+00, 91.000000000000000,741.79999999999995
2016-01-12 08:10:00,19.066666666666698,45.060000000000002, 5.0499999999999998e+00, 91.000000000000000,741.88333333333298
2016-01-12 08:20:00,19.022222222222201,45.044444444444402, 5.0000000000000000e+00, 91.000000000000000,741.96666666666704
2016-01-12 08:30:00,19.100000000000001,45.200000000000003, 4.9500000000000002e+00, 91.000000000000000,742.04999999999995
2016-01-12 08:40:00,19.033333333333299,45.126666666666701, 4.9000000000000004e+00, 91.000000000000000,742.13333333333298
2016-01-12 08:50:00,19.000000000000000,45.090000000000003, 4.8499999999999996e+00, 91.000000000000000,742.21666666666704
2016-01-12 09:00:00,19.000000000000000,45.030000000000001, 4.7999999999999998e+00, 91.000000000000000,742.29999999999995
2016-01-12 09:10:00,19.000000000000000,44.966666666666697, 4.8833333333333302e+00, 91.000000000000000,742.38333333333298
2016-01-12 09:20:00,19.000000000000000,44.826666666666704, 4.9666666666666703e+00, 91.000000000000000,742.46666666666704
2016-01-12 09:30:00,19.000000000000000,44.645000000000003, 5.0499999999999998e+00, 91.000000000000000,742.54999999999995
2016-01-12 09:40:00,18.963333333333299,44.560000000000002, 5.1333333333333302e+00, 91.000000000000000,742.63333333333298
2016-01-12 09:50:00,18.963333333333299,44.433333333333302, 5.2166666666666703e+00, 91.000000000000000,742.71666666666704
2016-01-12 10:00:00,18.890000000000001,44.289999999999999, 5.2999999999999998e+00, 91.000000000000000,742.79999999999995
2016-01-12 10:10:00,18.890000000000001,44.229999999999997, 5.4833333333333298e+00, 90.166666666666700,742.88333333333298
2016-01-12 10:20:00,18.926666666666701,44.229999999999997, 5.6666666666666696e+00, 89.333333333333300,742.96666666666704
2016-01-12 10:30:00,19.000000000000000,44.363333333333301, 5.8499999999999996e+00, 88.500000000000000,743.04999999999995
2016-01-12 10:40:00,19.033333333333299,44.566666666666698, 6.0333333333333297e+00, 87.666666666666700,743.13333333333298
2016-01-12 10:50:00,19.033333333333299,44.566666666666698, 6.2166666666666703e+00, 86.833333333333300,743.21666666666704
2016-01-12 11:00:00,19.033333333333299,44.500000000000000, 6.4000000000000004e+00, 86.000000000000000,743.29999999999995
2016-01-12 11:10:00,19.100000000000001,44.500000000000000, 6.5000000000000000e+00, 85.166666666666700,743.33333333333303
2016-01-12 11:20:00,19.100000000000001,44.466666666666697, 6.5999999999999996e+00, 84.333333333333300,743.36666666666702
2016-01-12 11:30:00,19.100000000000001,44.399999999999999, 6.7000000000000002e+00, 83.500000000000000,743.39999999999998
2016-01-12 11:40:00,19.100000000000001,44.289999999999999, 6.7999999999999998e+00, 82.666666666666700,743.43333333333305
2016-01-12 11:50:00,19.149999999999999,44.244999999999997, 6.9000000000000004e+00, 81.833333333333300,743.46666666666704
2016-01-12 12:00:00,19.199999999999999,44.200000000000003, 7.0000000000000000e+00, 81.000000000000000,743.50000000000000
2016-01-12 12:10:00,19.199999999999999,44.126666666666701, 7.0833333333333304e+00, 80.666666666666700,743.50000000000000
2016-01-12 12:20:00,19.199999999999999,43.899999999999999, 7.1666666666666696e+00, 80.333333333333300,743.50000000000000
2016-01-12 12:30:00,19.199999999999999,43.899999999999999, 7.2500000000000000e+00, 80.000000000000000,743.50000000000000
2016-01-12 12:40:00,19.199999999999999,43.856000000000002, 7.3333333333333304e+00, 79.666666666666700,743.50000000000000
2016-01-12 12:50:00,19.199999999999999,43.700000000000003, 7.4166666666666696e+00, 79.333333333333300,743.50000000000000
2016-01-12 13:00:00,19.199999999999999,43.759999999999998, 7.5000000000000000e+00, 79.000000000000000,743.50000000000000
2016-01-12 13:10:00,19.100000000000001,43.817500000000003, 7.4166666666666696e+00, 79.333333333333300,743.50000000000000
2016-01-12 13:20:00,19.100000000000001,43.838124999999998, 7.3333333333333304e+00, 79.666666666666700,743.50000000000000
2016-01-12 13:30:00,19.100000000000001,43.744999999999997, 7.2500000000000000e+00, 80.000000000000000,743.50000000000000
2016-01-12 13:40:00,19.100000000000001,43.595555555555599, 7.1666666666666696e+00, 80.333333333333300,743.50000000000000
2016-01-12 13:50:00,19.100000000000001,43.488888888888901, 7.0833333333333304e+00, 80.666666666666700,743.50000000000000
2016-01-12 14:00:00,19.100000000000001,43.424999999999997, 7.0000000000000000e+00, 81.000000000000000,743.50000000000000
2016-01-12 14:10:00,19.100000000000001,43.334000000000003, 6.9833333333333298e+00, 80.166666666666700,743.54999999999995
2016-01-12 14:20:00,19.100000000000001,43.289999999999999, 6.9666666666666703e+00, 79.333333333333300,743.60000000000002
2016-01-12 14:30:00,19.100000000000001,43.289999999999999, 6.9500000000000002e+00, 78.500000000000000,743.64999999999998
2016-01-12 14:40:00,19.033333333333299,43.229999999999997, 6.9333333333333300e+00, 77.666666666666700,743.70000000000005
2016-01-12 14:50:00,19.000000000000000,43.200000000000003, 6.9166666666666696e+00, 76.833333333333300,743.75000000000000
2016-01-12 15:00:00,19.000000000000000,43.126666666666701, 6.9000000000000004e+00, 76.000000000000000,743.79999999999995
2016-01-12 15:10:00,19.000000000000000,43.090000000000003, 6.7999999999999998e+00, 77.000000000000000,743.81666666666695
2016-01-12 15:20:00,18.926666666666701,43.090000000000003, 6.7000000000000002e+00, 78.000000000000000,743.83333333333303
2016-01-12 15:30:00,19.033333333333299,43.060000000000002, 6.5999999999999996e+00, 79.000000000000000,743.85000000000002
2016-01-12 15:40:00,19.100000000000001,43.000000000000000, 6.5000000000000000e+00, 80.000000000000000,743.86666666666702
2016-01-12 15:50:00,19.133333333333301,42.863333333333301, 6.4000000000000004e+00, 81.000000000000000,743.88333333333298
2016-01-12 16:00:00,19.199999999999999,42.715000000000003, 6.2999999999999998e+00, 82.000000000000000,743.89999999999998
2016-01-12 16:10:00,19.136363636363601,42.649999999999999, 6.3333333333333304e+00, 80.833333333333300,743.95000000000005
2016-01-12 16:20:00,19.129999999999999,42.590000000000003, 6.3666666666666698e+00, 79.666666666666700,744.00000000000000
2016-01-12 16:30:00,19.100000000000001,42.590000000000003, 6.4000000000000004e+00, 78.500000000000000,744.04999999999995
2016-01-12 16:40:00,19.037500000000001,42.533749999999998, 6.4333333333333300e+00, 77.333333333333300,744.10000000000002
2016-01-12 16:50:00,19.007692307692299,42.430000000000000, 6.4666666666666703e+00, 76.166666666666700,744.14999999999998
2016-01-12 17:00:00,19.000000000000000,42.418181818181800, 6.5000000000000000e+00, 75.000000000000000,744.20000000000005
2016-01-12 17:10:00,19.000000000000000,42.433333333333302, 6.3166666666666700e+00, 76.666666666666700,744.28333333333296
2016-01-12 17:20:00,18.989999999999998,42.471818181818200, 6.1333333333333302e+00, 78.333333333333300,744.36666666666702
2016-01-12 17:30:00,18.902222222222200,42.579999999999998, 5.9500000000000002e+00, 80.000000000000000,744.45000000000005
2016-01-12 17:40:00,18.890000000000001,42.560000000000002, 5.7666666666666702e+00, 81.666666666666700,744.53333333333296
2016-01-12 17:50:00,18.890000000000001,42.796666666666702, 5.5833333333333304e+00, 83.333333333333300,744.61666666666702
2016-01-12 18:00:00,18.856666666666701,43.399999999999999, 5.4000000000000004e+00, 85.000000000000000,744.70000000000005
2016-01-12 18:10:00,18.856666666666701,43.466666666666697, 5.2999999999999998e+00, 86.000000000000000,744.75000000000000
2016-01-12 18:20:00,18.926666666666701,43.363333333333301, 5.2000000000000002e+00, 87.000000000000000,744.79999999999995
2016-01-12 18:30:00,19.000000000000000,43.289999999999999, 5.0999999999999996e+00, 88.000000000000000,744.85000000000002
2016-01-12 18:40:00,19.199999999999999,43.289999999999999, 5.0000000000000000e+00, 89.000000000000000,744.89999999999998
2016-01-12 18:50:00,19.245000000000001,43.244999999999997, 4.9000000000000004e+00, 90.000000000000000,744.95000000000005
2016-01-12 19:00:00,19.289999999999999,43.094999999999999, 4.7999999999999998e+00, 91.000000000000000,745.00000000000000
2016-01-12 19:10:00,19.370000000000001,42.920000000000002, 4.7500000000000000e+00, 91.333333333333300,745.03333333333296
2016-01-12 19:20:00,19.390000000000001,42.899999999999999, 4.7000000000000002e+00, 91.666666666666700,745.06666666666695
2016-01-12 19:30:00,19.390000000000001,42.759999999999998, 4.6500000000000004e+00, 92.000000000000000,745.10000000000002
2016-01-12 19:40:00,19.390000000000001,42.700000000000003, 4.5999999999999996e+00, 92.333333333333300,745.13333333333298
2016-01-12 19:50:00,19.390000000000001,42.663333333333298, 4.5499999999999998e+00, 92.666666666666700,745.16666666666697
2016-01-12 20:00:00,19.390000000000001,42.530000000000001, 4.5000000000000000e+00, 93.000000000000000,745.20000000000005
2016-01-12 20:10:00,19.356666666666701,42.500000000000000, 4.5333333333333297e+00, 92.666666666666700,745.31666666666695
2016-01-12 20:20:00,19.289999999999999,42.433333333333302, 4.5666666666666700e+00, 92.333333333333300,745.43333333333305
2016-01-12 20:30:00,19.289999999999999,42.450000000000003, 4.5999999999999996e+00, 92.000000000000000,745.54999999999995
2016-01-12 20:40:00,19.260000000000002,42.466666666666697, 4.6333333333333302e+00, 91.666666666666700,745.66666666666697
2016-01-12 20:50:00,19.199999999999999,42.399999999999999, 4.6666666666666696e+00, 91.333333333333300,745.78333333333296
2016-01-12 21:00:00,19.199999999999999,42.326666666666704, 4.7000000000000002e+00, 91.000000000000000,745.89999999999998
2016-01-12 21:10:00,19.199999999999999,42.326666666666704, 4.7999999999999998e+00, 90.500000000000000,745.95000000000005
2016-01-12 21:20:00,19.100000000000001,42.363333333333301, 4.9000000000000004e+00, 90.000000000000000,746.00000000000000
2016-01-12 21:30:00,19.100000000000001,42.289999999999999, 5.0000000000000000e+00, 89.500000000000000,746.04999999999995
2016-01-12 21:40:00,19.044444444444402,42.240000000000002, 5.0999999999999996e+00, 89.000000000000000,746.10000000000002
2016-01-12 21:50:00,19.000000000000000,42.056363636363599, 5.2000000000000002e+00, 88.500000000000000,746.14999999999998
2016-01-12 22:00:00,19.000000000000000,41.886666666666699, 5.2999999999999998e+00, 88.000000000000000,746.20000000000005
2016-01-12 22:10:00,19.000000000000000,41.988333333333301, 5.3333333333333304e+00, 87.333333333333300,746.26666666666699
2016-01-12 22:20:00,19.000000000000000,42.064285714285703, 5.3666666666666698e+00, 86.666666666666700,746.33333333333303
2016-01-12 22:30:00,18.910625000000000,42.252499999999998, 5.4000000000000004e+00, 86.000000000000000,746.39999999999998
2016-01-12 22:40:00,18.890000000000001,42.410625000000003, 5.4333333333333300e+00, 85.333333333333300,746.46666666666704
2016-01-12 22:50:00,18.890000000000001,42.500000000000000, 5.4666666666666703e+00, 84.666666666666700,746.53333333333296
2016-01-12 23:00:00,18.890000000000001,42.645000000000003, 5.5000000000000000e+00, 84.000000000000000,746.60000000000002
2016-01-12 23:10:00,18.808181818181801,42.700000000000003, 5.5833333333333304e+00, 83.333333333333300,746.73333333333301
2016-01-12 23:20:00,18.789999999999999,42.756250000000001, 5.6666666666666696e+00, 82.666666666666700,746.86666666666702
2016-01-12 23:30:00,18.789999999999999,42.861666666666700, 5.7500000000000000e+00, 82.000000000000000,747.00000000000000
2016-01-12 23:40:00,18.789999999999999,43.000000000000000, 5.8333333333333304e+00, 81.333333333333300,747.13333333333298
2016-01-12 23:50:00,18.774999999999999,43.045000000000002, 5.9166666666666696e+00, 80.666666666666700,747.26666666666699
2016-01-13 00:00:00,18.699999999999999,43.090000000000003, 6.0000000000000000e+00, 80.000000000000000,747.39999999999998
2016-01-13 00:10:00,18.699999999999999,43.200000000000003, 5.8833333333333302e+00, 81.333333333333300,747.53333333333296
2016-01-13 00:20:00,18.699999999999999,43.259999999999998, 5.7666666666666702e+00, 82.666666666666700,747.66666666666697
2016-01-13 00:30:00,18.690909090909098,43.310000000000002, 5.6500000000000004e+00, 84.000000000000000,747.79999999999995
2016-01-13 00:40:00,18.677777777777798,43.397777777777797, 5.5333333333333297e+00, 85.333333333333300,747.93333333333305
2016-01-13 00:50:00,18.642857142857100,43.428571428571402, 5.4166666666666696e+00, 86.666666666666700,748.06666666666695
2016-01-13 01:00:00,18.600000000000001,43.460000000000001, 5.2999999999999998e+00, 88.000000000000000,748.20000000000005
2016-01-13 01:10:00,18.600000000000001,43.500000000000000, 5.2999999999999998e+00, 88.500000000000000,748.31666666666695
2016-01-13 01:20:00,18.600000000000001,43.560000000000002, 5.2999999999999998e+00, 89.000000000000000,748.43333333333305
2016-01-13 01:30:00,18.588888888888899,43.590000000000003, 5.2999999999999998e+00, 89.500000000000000,748.54999999999995
2016-01-13 01:40:00,18.500000000000000,43.590000000000003, 5.2999999999999998e+00, 90.000000000000000,748.66666666666697
2016-01-13 01:50:00,18.500000000000000,43.635833333333302, 5.2999999999999998e+00, 90.500000000000000,748.78333333333296
2016-01-13 02:00:00,18.500000000000000,43.686250000000001, 5.2999999999999998e+00, 91.000000000000000,748.89999999999998
2016-01-13 02:10:00,18.500000000000000,43.700000000000003, 5.3333333333333304e+00, 90.666666666666700,749.08333333333303
2016-01-13 02:20:00,18.500000000000000,43.774999999999999, 5.3666666666666698e+00, 90.333333333333300,749.26666666666699
2016-01-13 02:30:00,18.500000000000000,43.844999999999999, 5.4000000000000004e+00, 90.000000000000000,749.45000000000005
2016-01-13 02:40:00,18.500000000000000,43.899999999999999, 5.4333333333333300e+00, 89.666666666666700,749.63333333333298
2016-01-13 02:50:00,18.483076923076901,43.861923076923098, 5.4666666666666703e+00, 89.333333333333300,749.81666666666695
2016-01-13 03:00:00,18.493888888888900,43.789999999999999, 5.5000000000000000e+00, 89.000000000000000,750.00000000000000
2016-01-13 03:10:00,18.420555555555602,43.808333333333302, 5.4833333333333298e+00, 89.000000000000000,750.20000000000005
2016-01-13 03:20:00,18.396111111111100,43.796111111111102, 5.4666666666666703e+00, 89.000000000000000,750.39999999999998
2016-01-13 03:30:00,18.390000000000001,43.789999999999999, 5.4500000000000002e+00, 89.000000000000000,750.60000000000002
2016-01-13 03:40:00,18.390000000000001,43.789999999999999, 5.4333333333333300e+00, 89.000000000000000,750.79999999999995
2016-01-13 03:50:00,18.371818181818199,43.840000000000003, 5.4166666666666696e+00, 89.000000000000000,751.00000000000000
2016-01-13 04:00:00,18.307647058823498,43.899999999999999, 5.4000000000000004e+00, 89.000000000000000,751.20000000000005
2016-01-13 04:10:00,18.342941176470600,43.899999999999999, 5.3666666666666698e+00, 89.166666666666700,751.31666666666695
2016-01-13 04:20:00,18.340000000000000,43.916666666666700, 5.3333333333333304e+00, 89.333333333333300,751.43333333333305
2016-01-13 04:30:00,18.289999999999999,43.905555555555601, 5.2999999999999998e+00, 89.500000000000000,751.54999999999995
2016-01-13 04:40:00,18.289999999999999,43.899999999999999, 5.2666666666666702e+00, 89.666666666666700,751.66666666666697
2016-01-13 04:50:00,18.289999999999999,43.938888888888897, 5.2333333333333298e+00, 89.833333333333300,751.78333333333296
2016-01-13 05:00:00,18.273125000000000,43.981250000000003, 5.2000000000000002e+00, 90.000000000000000,751.89999999999998
2016-01-13 05:10:00,18.289999999999999,44.000000000000000, 5.1666666666666696e+00, 90.000000000000000,752.04999999999995
2016-01-13 05:20:00,18.245000000000001,44.000000000000000, 5.1333333333333302e+00, 90.000000000000000,752.20000000000005
2016-01-13 05:30:00,18.199999999999999,44.000000000000000, 5.0999999999999996e+00, 90.000000000000000,752.35000000000002
2016-01-13 05:40:00,18.199999999999999,44.000000000000000, 5.0666666666666700e+00, 90.000000000000000,752.50000000000000
2016-01-13 05:50:00,18.199999999999999,44.000000000000000, 5.0333333333333297e+00, 90.000000000000000,752.64999999999998
2016-01-13 06:00:00,18.199999999999999,44.000000000000000, 5.0000000000000000e+00, 90.000000000000000,752.79999999999995
2016-01-13 06:10:00,18.199999999999999,44.000000000000000, 5.0166666666666702e+00, 89.833333333333300,752.98333333333301
2016-01-13 06:20:00,18.199999999999999,44.066666666666698, 5.0333333333333297e+00, 89.666666666666700,753.16666666666697
2016-01-13 06:30:00,18.199999999999999,44.293750000000003, 5.0499999999999998e+00, 89.500000000000000,753.35000000000002
2016-01-13 06:40:00,18.172727272727300,44.416363636363599, 5.0666666666666700e+00, 89.333333333333300,753.53333333333296
2016-01-13 06:50:00,18.181818181818201,44.540909090909103, 5.0833333333333304e+00, 89.166666666666700,753.71666666666704
2016-01-13 07:00:00,18.149999999999999,44.590000000000003, 5.0999999999999996e+00, 89.000000000000000,753.89999999999998
2016-01-13 07:10:00,18.100000000000001,44.196666666666701, 5.0833333333333304e+00, 89.166666666666700,753.96666666666704
2016-01-13 07:20:00,18.100000000000001,43.966666666666697, 5.0666666666666700e+00, 89.333333333333300,754.03333333333296
2016-01-13 07:30:00,18.050000000000001,43.844999999999999, 5.0499999999999998e+00, 89.500000000000000,754.10000000000002
2016-01-13 07:40:00,18.100000000000001,43.817500000000003, 5.0333333333333297e+00, 89.666666666666700,754.16666666666697
2016-01-13 07:50:00,18.100000000000001,43.789999999999999, 5.0166666666666702e+00, 89.833333333333300,754.23333333333301
2016-01-13 08:00:00,18.000000000000000,43.645000000000003, 5.0000000000000000e+00, 90.000000000000000,754.29999999999995
2016-01-13 08:10:00,18.000000000000000,43.700000000000003, 5.0000000000000000e+00, 89.666666666666700,754.45000000000005
2016-01-13 08:20:00,18.000000000000000,43.450000000000003, 5.0000000000000000e+00, 89.333333333333300,754.60000000000002
2016-01-13 08:30:00,18.000000000000000,43.363333333333301, 5.0000000000000000e+00, 89.000000000000000,754.75000000000000
2016-01-13 08:40:00,18.000000000000000,43.363333333333301, 5.0000000000000000e+00, 88.666666666666700,754.89999999999998
2016-01-13 08:50:00,18.000000000000000,43.399999999999999, 5.0000000000000000e+00, 88.333333333333300,755.04999999999995
2016-01-13 09:00:00,18.066666666666698,43.466666666666697, 5.0000000000000000e+00, 88.000000000000000,755.20000000000005
2016-01-13 09:10:00,18.133333333333301,43.590000000000003, 5.0000000000000000e+00, 88.000000000000000,755.31666666666695
2016-01-13 09:20:00,18.260000000000002,43.663333333333298, 5.0000000000000000e+00, 88.000000000000000,755.43333333333305
2016-01-13 09:30:00,18.323333333333299,43.500000000000000, 5.0000000000000000e+00, 88.000000000000000,755.54999999999995
2016-01-13 09:40:00,18.463333333333299,43.500000000000000, 5.0000000000000000e+00, 88.000000000000000,755.66666666666697
2016-01-13 09:50:00,18.533333333333299,43.430000000000000, 5.0000000000000000e+00, 88.000000000000000,755.78333333333296
2016-01-13 10:00:00,18.600000000000001,43.229999999999997, 5.0000000000000000e+00, 88.000000000000000,755.89999999999998
2016-01-13 10:10:00,18.600000000000001,43.156666666666702, 5.0833333333333304e+00, 86.833333333333300,756.03333333333296
2016-01-13 10:20:00,18.666666666666700,43.430000000000000, 5.1666666666666696e+00, 85.666666666666700,756.16666666666697
2016-01-13 10:30:00,18.699999999999999,43.930000000000000, 5.2500000000000000e+00, 84.500000000000000,756.29999999999995
2016-01-13 10:40:00,18.760000000000002,43.863333333333301, 5.3333333333333304e+00, 83.333333333333300,756.43333333333305
2016-01-13 10:50:00,18.789999999999999,44.000000000000000, 5.4166666666666696e+00, 82.166666666666700,756.56666666666695
2016-01-13 11:00:00,18.789999999999999,44.000000000000000, 5.5000000000000000e+00, 81.000000000000000,756.70000000000005
2016-01-13 11:10:00,18.699999999999999,43.145000000000003, 5.5833333333333304e+00, 80.166666666666700,756.78333333333296
2016-01-13 11:20:00,18.699999999999999,43.060000000000002, 5.6666666666666696e+00, 79.333333333333300,756.86666666666702
2016-01-13 11:30:00,18.699999999999999,43.000000000000000, 5.7500000000000000e+00, 78.500000000000000,756.95000000000005
2016-01-13 11:40:00,18.699999999999999,43.060000000000002, 5.8333333333333304e+00, 77.666666666666700,757.03333333333296
2016-01-13 11:50:00,18.633333333333301,42.933333333333302, 5.9166666666666696e+00, 76.833333333333300,757.11666666666702
2016-01-13 12:00:00,18.600000000000001,42.833333333333300, 6.0000000000000000e+00, 76.000000000000000,757.20000000000005
2016-01-13 12:10:00,18.600000000000001,42.166666666666700, 5.9166666666666696e+00, 76.333333333333300,757.28333333333296
2016-01-13 12:20:00,18.500000000000000,41.789999999999999, 5.8333333333333304e+00, 76.666666666666700,757.36666666666702
2016-01-13 12:30:00,18.500000000000000,41.729999999999997, 5.7500000000000000e+00, 77.000000000000000,757.45000000000005
2016-01-13 12:40:00,18.500000000000000,41.663333333333298, 5.6666666666666696e+00, 77.333333333333300,757.53333333333296
2016-01-13 12:50:00,18.500000000000000,41.530000000000001, 5.5833333333333304e+00, 77.666666666666700,757.61666666666702
2016-01-13 13:00:00,18.500000000000000,41.363333333333301, 5.5000000000000000e+00, 78.000000000000000,757.70000000000005
2016-01-13 13:10:00,18.500000000000000,41.289999999999999, 5.7333333333333298e+00, 76.833333333333300,757.68333333333305
2016-01-13 13:20:00,18.463333333333299,41.163333333333298, 5.9666666666666703e+00, 75.666666666666700,757.66666666666697
2016-01-13 13:30:00,18.390000000000001,41.030000000000001, 6.2000000000000002e+00, 74.500000000000000,757.64999999999998
2016-01-13 13:40:00,18.390000000000001,40.899999999999999, 6.4333333333333300e+00, 73.333333333333300,757.63333333333298
2016-01-13 13:50:00,18.390000000000001,40.826666666666704, 6.6666666666666696e+00, 72.166666666666700,757.61666666666702
2016-01-13 14:00:00,18.390000000000001,40.700000000000003, 6.9000000000000004e+00, 71.000000000000000,757.60000000000002
2016-01-13 14:10:00,18.390000000000001,40.626666666666701, 6.7999999999999998e+00, 70.666666666666700,757.54999999999995
2016-01-13 14:20:00,18.390000000000001,40.494999999999997, 6.7000000000000002e+00, 70.333333333333300,757.50000000000000
2016-01-13 14:30:00,18.390000000000001,40.399999999999999, 6.5999999999999996e+00, 70.000000000000000,757.45000000000005
2016-01-13 14:40:00,18.390000000000001,40.326666666666704, 6.5000000000000000e+00, 69.666666666666700,757.39999999999998
2016-01-13 14:50:00,18.426666666666701,40.200000000000003, 6.4000000000000004e+00, 69.333333333333300,757.35000000000002
2016-01-13 15:00:00,18.500000000000000,40.126666666666701, 6.2999999999999998e+00, 69.000000000000000,757.29999999999995
2016-01-13 15:10:00,18.500000000000000,40.060000000000002, 6.3166666666666700e+00, 68.000000000000000,757.31666666666695
2016-01-13 15:20:00,18.500000000000000,40.000000000000000, 6.3333333333333304e+00, 67.000000000000000,757.33333333333303
2016-01-13 15:30:00,18.633333333333301,39.899999999999999, 6.3499999999999996e+00, 66.000000000000000,757.35000000000002
2016-01-13 15:40:00,18.699999999999999,39.826666666666704, 6.3666666666666698e+00, 65.000000000000000,757.36666666666702
2016-01-13 15:50:00,18.730000000000000,39.560000000000002, 6.3833333333333302e+00, 64.000000000000000,757.38333333333298
2016-01-13 16:00:00,18.789999999999999,39.500000000000000, 6.4000000000000004e+00, 63.000000000000000,757.39999999999998
2016-01-13 16:10:00,18.789999999999999,39.626666666666701, 6.1666666666666696e+00, 64.333333333333300,757.38333333333298
2016-01-13 16:20:00,18.789999999999999,39.700000000000003, 5.9333333333333300e+00, 65.666666666666700,757.36666666666702
2016-01-13 16:30:00,18.789999999999999,39.700000000000003, 5.7000000000000002e+00, 67.000000000000000,757.35000000000002
2016-01-13 16:40:00,18.789999999999999,39.759999999999998, 5.4666666666666703e+00, 68.333333333333300,757.33333333333303
2016-01-13 16:50:00,18.699999999999999,39.789999999999999, 5.2333333333333298e+00, 69.666666666666700,757.31666666666695
2016-01-13 17:00:00,18.699999999999999,39.729999999999997, 5.0000000000000000e+00, 71.000000000000000,757.29999999999995
2016-01-13 17:10:00,18.699999999999999,39.759999999999998, 4.7833333333333297e+00, 72.000000000000000,757.29999999999995
2016-01-13 17:20:00,18.699999999999999,39.700000000000003, 4.5666666666666700e+00, 73.000000000000000,757.29999999999995
2016-01-13 17:30:00,18.699999999999999,39.700000000000003, 4.3499999999999996e+00, 74.000000000000000,757.29999999999995
2016-01-13 17:40:00,18.699999999999999,39.700000000000003, 4.1333333333333302e+00, 75.000000000000000,757.29999999999995
2016-01-13 17:50:00,18.699999999999999,39.759999999999998, 3.9166666666666701e+00, 76.000000000000000,757.29999999999995
2016-01-13 18:00:00,18.699999999999999,39.826666666666704, 3.7000000000000002e+00, 77.000000000000000,757.29999999999995
2016-01-13 18:10:00,18.699999999999999,39.899999999999999, 3.5333333333333301e+00, 79.000000000000000,757.29999999999995
2016-01-13 18:20:00,18.699999999999999,39.899999999999999, 3.3666666666666698e+00, 81.000000000000000,757.29999999999995
2016-01-13 18:30:00,18.699999999999999,39.966666666666697, 3.2000000000000002e+00, 83.000000000000000,757.29999999999995
2016-01-13 18:40:00,18.699999999999999,40.000000000000000, 3.0333333333333301e+00, 85.000000000000000,757.29999999999995
2016-01-13 18:50:00,18.699999999999999,40.000000000000000, 2.8666666666666698e+00, 87.000000000000000,757.29999999999995
2016-01-13 19:00:00,18.789999999999999,40.090000000000003, 2.7000000000000002e+00, 89.000000000000000,757.29999999999995
2016-01-13 19:10:00,18.789999999999999,40.090000000000003, 2.7833333333333301e+00, 88.833333333333300,757.23333333333301
2016-01-13 19:20:00,18.823333333333299,40.156666666666702, 2.8666666666666698e+00, 88.666666666666700,757.16666666666697
2016-01-13 19:30:00,18.823333333333299,40.229999999999997, 2.9500000000000002e+00, 88.500000000000000,757.10000000000002
2016-01-13 19:40:00,18.890000000000001,40.399999999999999, 3.0333333333333301e+00, 88.333333333333300,757.03333333333296
2016-01-13 19:50:00,18.890000000000001,40.399999999999999, 3.1166666666666698e+00, 88.166666666666700,756.96666666666704
2016-01-13 20:00:00,19.000000000000000,40.399999999999999, 3.2000000000000002e+00, 88.000000000000000,756.89999999999998
2016-01-13 20:10:00,19.000000000000000,40.399999999999999, 3.1666666666666701e+00, 88.166666666666700,756.89999999999998
2016-01-13 20:20:00,19.000000000000000,40.500000000000000, 3.1333333333333302e+00, 88.333333333333300,756.89999999999998
2016-01-13 20:30:00,19.000000000000000,40.500000000000000, 3.1000000000000001e+00, 88.500000000000000,756.89999999999998
2016-01-13 20:40:00,19.100000000000001,40.700000000000003, 3.0666666666666700e+00, 88.666666666666700,756.89999999999998
2016-01-13 20:50:00,19.100000000000001,40.826666666666704, 3.0333333333333301e+00, 88.833333333333300,756.89999999999998
2016-01-13 21:00:00,19.166666666666700,40.899999999999999, 3.0000000000000000e+00, 89.000000000000000,756.89999999999998
2016-01-13 21:10:00,19.133333333333301,40.899999999999999, 2.9500000000000002e+00, 88.833333333333300,756.81666666666695
2016-01-13 21:20:00,19.133333333333301,40.899999999999999, 2.8999999999999999e+00, 88.666666666666700,756.73333333333301
2016-01-13 21:30:00,19.100000000000001,40.966666666666697, 2.8500000000000001e+00, 88.500000000000000,756.64999999999998
2016-01-13 21:40:00,19.100000000000001,40.826666666666704, 2.7999999999999998e+00, 88.333333333333300,756.56666666666695
2016-01-13 21:50:00,19.100000000000001,40.789999999999999, 2.7500000000000000e+00, 88.166666666666700,756.48333333333301
2016-01-13 22:00:00,19.100000000000001,40.729999999999997, 2.7000000000000002e+00, 88.000000000000000,756.39999999999998
2016-01-13 22:10:00,19.066666666666698,40.633333333333297, 2.7833333333333301e+00, 87.666666666666700,756.31666666666695
2016-01-13 22:20:00,19.000000000000000,40.560000000000002, 2.8666666666666698e+00, 87.333333333333300,756.23333333333301
2016-01-13 22:30:00,19.000000000000000,40.656666666666702, 2.9500000000000002e+00, 87.000000000000000,756.14999999999998
2016-01-13 22:40:00,19.000000000000000,40.930000000000000, 3.0333333333333301e+00, 86.666666666666700,756.06666666666695
2016-01-13 22:50:00,18.963333333333299,41.066666666666698, 3.1166666666666698e+00, 86.333333333333300,755.98333333333301
2016-01-13 23:00:00,18.890000000000001,41.200000000000003, 3.2000000000000002e+00, 86.000000000000000,755.89999999999998
2016-01-13 23:10:00,18.890000000000001,41.289999999999999, 3.1333333333333302e+00, 86.500000000000000,755.83333333333303
2016-01-13 23:20:00,18.823333333333299,41.229999999999997, 3.0666666666666700e+00, 87.000000000000000,755.76666666666699
2016-01-13 23:30:00,18.789999999999999,41.289999999999999, 3.0000000000000000e+00, 87.500000000000000,755.70000000000005
2016-01-13 23:40:00,18.789999999999999,41.289999999999999, 2.9333333333333300e+00, 88.000000000000000,755.63333333333298
2016-01-13 23:50:00,18.699999999999999,41.399999999999999, 2.8666666666666698e+00, 88.500000000000000,755.56666666666695
2016-01-14 00:00:00,18.699999999999999,41.399999999999999, 2.7999999999999998e+00, 89.000000000000000,755.50000000000000
2016-01-14 00:10:00,18.633333333333301,41.326666666666704, 2.8166666666666700e+00, 89.166666666666700,755.36666666666702
2016-01-14 00:20:00,18.600000000000001,41.289999999999999, 2.8333333333333299e+00, 89.333333333333300,755.23333333333301
2016-01-14 00:30:00,18.600000000000001,41.289999999999999, 2.8500000000000001e+00, 89.500000000000000,755.10000000000002
2016-01-14 00:40:00,18.600000000000001,41.289999999999999, 2.8666666666666698e+00, 89.666666666666700,754.96666666666704
2016-01-14 00:50:00,18.533333333333299,41.289999999999999, 2.8833333333333302e+00, 89.833333333333300,754.83333333333303
2016-01-14 01:00:00,18.500000000000000,41.289999999999999, 2.8999999999999999e+00, 90.000000000000000,754.70000000000005
2016-01-14 01:10:00,18.500000000000000,41.289999999999999, 2.8833333333333302e+00, 90.500000000000000,754.56666666666695
2016-01-14 01:20:00,18.463333333333299,41.259999999999998, 2.8666666666666698e+00, 91.000000000000000,754.43333333333305
2016-01-14 01:30:00,18.390000000000001,41.200000000000003, 2.8500000000000001e+00, 91.500000000000000,754.29999999999995
2016-01-14 01:40:00,18.390000000000001,41.289999999999999, 2.8333333333333299e+00, 92.000000000000000,754.16666666666697
2016-01-14 01:50:00,18.390000000000001,41.289999999999999, 2.8166666666666700e+00, 92.500000000000000,754.03333333333296
2016-01-14 02:00:00,18.289999999999999,41.289999999999999, 2.7999999999999998e+00, 93.000000000000000,753.89999999999998
2016-01-14 02:10:00,18.289999999999999,41.289999999999999, 2.8666666666666698e+00, 92.333333333333300,753.73333333333301
2016-01-14 02:20:00,18.289999999999999,41.399999999999999, 2.9333333333333300e+00, 91.666666666666700,753.56666666666695
2016-01-14 02:30:00,18.289999999999999,41.399999999999999, 3.0000000000000000e+00, 91.000000000000000,753.39999999999998
2016-01-14 02:40:00,18.199999999999999,41.289999999999999, 3.0666666666666700e+00, 90.333333333333300,753.23333333333301
2016-01-14 02:50:00,18.199999999999999,41.363333333333301, 3.1333333333333302e+00, 89.666666666666700,753.06666666666695
2016-01-14 03:00:00,18.199999999999999,41.399999999999999, 3.2000000000000002e+00, 89.000000000000000,752.89999999999998
2016-01-14 03:10:00,18.199999999999999,41.424999999999997, 3.2333333333333298e+00, 89.000000000000000,752.76666666666699
2016-01-14 03:20:00,18.133333333333301,41.500000000000000, 3.2666666666666702e+00, 89.000000000000000,752.63333333333298
2016-01-14 03:30:00,18.100000000000001,41.500000000000000, 3.2999999999999998e+00, 89.000000000000000,752.50000000000000
2016-01-14 03:40:00,18.100000000000001,41.500000000000000, 3.3333333333333299e+00, 89.000000000000000,752.36666666666702
2016-01-14 03:50:00,18.100000000000001,41.590000000000003, 3.3666666666666698e+00, 89.000000000000000,752.23333333333301
2016-01-14 04:00:00,18.033333333333299,41.530000000000001, 3.3999999999999999e+00, 89.000000000000000,752.10000000000002
2016-01-14 04:10:00,18.100000000000001,41.590000000000003, 3.3833333333333302e+00, 89.166666666666700,751.91666666666697
2016-01-14 04:20:00,18.100000000000001,41.590000000000003, 3.3666666666666698e+00, 89.333333333333300,751.73333333333301
2016-01-14 04:30:00,18.000000000000000,41.500000000000000, 3.3500000000000001e+00, 89.500000000000000,751.54999999999995
2016-01-14 04:40:00,18.000000000000000,41.560000000000002, 3.3333333333333299e+00, 89.666666666666700,751.36666666666702
2016-01-14 04:50:00,18.000000000000000,41.590000000000003, 3.3166666666666700e+00, 89.833333333333300,751.18333333333305
2016-01-14 05:00:00,18.000000000000000,41.590000000000003, 3.2999999999999998e+00, 90.000000000000000,751.00000000000000
2016-01-14 05:10:00,17.963333333333299,41.700000000000003, 3.3166666666666700e+00, 90.000000000000000,750.86666666666702
2016-01-14 05:20:00,17.890000000000001,41.700000000000003, 3.3333333333333299e+00, 90.000000000000000,750.73333333333301
2016-01-14 05:30:00,17.890000000000001,41.626666666666701, 3.3500000000000001e+00, 90.000000000000000,750.60000000000002
2016-01-14 05:40:00,17.890000000000001,41.700000000000003, 3.3666666666666698e+00, 90.000000000000000,750.46666666666704
2016-01-14 05:50:00,17.890000000000001,41.729999999999997, 3.3833333333333302e+00, 90.000000000000000,750.33333333333303
2016-01-14 06:00:00,17.890000000000001,41.789999999999999, 3.3999999999999999e+00, 90.000000000000000,750.20000000000005
2016-01-14 06:10:00,17.789999999999999,41.729999999999997, 3.5000000000000000e+00, 89.833333333333300,750.08333333333303
2016-01-14 06:20:00,17.840000000000000,41.789999999999999, 3.6000000000000001e+00, 89.666666666666700,749.96666666666704
2016-01-14 06:30:00,17.789999999999999,41.789999999999999, 3.7000000000000002e+00, 89.500000000000000,749.85000000000002
2016-01-14 06:40:00,17.789999999999999,41.789999999999999, 3.7999999999999998e+00, 89.333333333333300,749.73333333333301
2016-01-14 06:50:00,17.789999999999999,41.863333333333301, 3.8999999999999999e+00, 89.166666666666700,749.61666666666702
2016-01-14 07:00:00,17.789999999999999,41.899999999999999, 4.0000000000000000e+00, 89.000000000000000,749.50000000000000
2016-01-14 07:10:00,17.789999999999999,41.966666666666697, 3.9500000000000002e+00, 89.500000000000000,749.39999999999998
2016-01-14 07:20:00,17.789999999999999,42.229999999999997, 3.8999999999999999e+00, 90.000000000000000,749.29999999999995
2016-01-14 07:30:00,17.789999999999999,42.430000000000000, 3.8500000000000001e+00, 90.500000000000000,749.20000000000005
2016-01-14 07:40:00,17.789999999999999,42.626666666666701, 3.7999999999999998e+00, 91.000000000000000,749.10000000000002
2016-01-14 07:50:00,17.789999999999999,42.700000000000003, 3.7500000000000000e+00, 91.500000000000000,749.00000000000000
2016-01-14 08:00:00,17.760000000000002,42.700000000000003, 3.7000000000000002e+00, 92.000000000000000,748.89999999999998
2016-01-14 08:10:00,17.699999999999999,42.626666666666701, 3.2999999999999998e+00, 93.000000000000000,749.00000000000000
2016-01-14 08:20:00,17.699999999999999,42.590000000000003, 2.8999999999999999e+00, 94.000000000000000,749.10000000000002
2016-01-14 08:30:00,17.699999999999999,42.530000000000001, 2.5000000000000000e+00, 95.000000000000000,749.20000000000005
2016-01-14 08:40:00,17.699999999999999,42.500000000000000, 2.1000000000000001e+00, 96.000000000000000,749.29999999999995
2016-01-14 08:50:00,17.699999999999999,42.433333333333302, 1.7000000000000000e+00, 97.000000000000000,749.39999999999998
2016-01-14 09:00:00,17.789999999999999,42.289999999999999, 1.3000000000000000e+00, 98.000000000000000,749.50000000000000
2016-01-14 09:10:00,17.789999999999999,42.229999999999997, 1.3999999999999999e+00, 97.500000000000000,749.36666666666702
2016-01-14 09:20:00,17.926666666666701,42.200000000000003, 1.5000000000000000e+00, 97.000000000000000,749.23333333333301
2016-01-14 09:30:00,18.024999999999999,42.117500000000000, 1.6000000000000001e+00, 96.500000000000000,749.10000000000002
2016-01-14 09:40:00,18.100000000000001,42.090000000000003, 1.7000000000000000e+00, 96.000000000000000,748.96666666666704
2016-01-14 09:50:00,18.230000000000000,42.030000000000001, 1.8000000000000000e+00, 95.500000000000000,748.83333333333303
2016-01-14 10:00:00,18.289999999999999,42.090000000000003, 1.8999999999999999e+00, 95.000000000000000,748.70000000000005
2016-01-14 10:10:00,18.390000000000001,42.090000000000003, 1.9666666666666699e+00, 94.666666666666700,748.73333333333301
2016-01-14 10:20:00,18.390000000000001,42.090000000000003, 2.0333333333333301e+00, 94.333333333333300,748.76666666666699
2016-01-14 10:30:00,18.500000000000000,42.060000000000002, 2.1000000000000001e+00, 94.000000000000000,748.79999999999995
2016-01-14 10:40:00,18.566666666666698,41.726666666666702, 2.1666666666666701e+00, 93.666666666666700,748.83333333333303
2016-01-14 10:50:00,18.633333333333301,41.466666666666697, 2.2333333333333298e+00, 93.333333333333300,748.86666666666702
2016-01-14 11:00:00,18.699999999999999,41.326666666666704, 2.2999999999999998e+00, 93.000000000000000,748.89999999999998
2016-01-14 11:10:00,18.823333333333299,41.090000000000003, 2.3999999999999999e+00, 92.833333333333300,748.85000000000002
2016-01-14 11:20:00,18.890000000000001,41.030000000000001, 2.5000000000000000e+00, 92.666666666666700,748.79999999999995
2016-01-14 11:30:00,19.033333333333299,40.789999999999999, 2.6000000000000001e+00, 92.500000000000000,748.75000000000000
2016-01-14 11:40:00,19.166666666666700,40.729999999999997, 2.7000000000000002e+00, 92.333333333333300,748.70000000000005
2016-01-14 11:50:00,19.323333333333299,40.663333333333298, 2.7999999999999998e+00, 92.166666666666700,748.64999999999998
2016-01-14 12:00:00,19.463333333333299,40.590000000000003, 2.8999999999999999e+00, 92.000000000000000,748.60000000000002
2016-01-14 12:10:00,19.633333333333301,40.530000000000001, 3.1166666666666698e+00, 91.333333333333300,748.54999999999995
2016-01-14 12:20:00,19.699999999999999,40.590000000000003, 3.3333333333333299e+00, 90.666666666666700,748.50000000000000
2016-01-14 12:30:00,19.789999999999999,40.466666666666697, 3.5499999999999998e+00, 90.000000000000000,748.45000000000005
2016-01-14 12:40:00,19.892499999999998,40.372500000000002, 3.7666666666666702e+00, 89.333333333333300,748.39999999999998
2016-01-14 12:50:00,20.066666666666698,40.289999999999999, 3.9833333333333298e+00, 88.666666666666700,748.35000000000002
2016-01-14 13:00:00,20.133333333333301,40.200000000000003, 4.2000000000000002e+00, 88.000000000000000,748.29999999999995
2016-01-14 13:10:00,20.260000000000002,40.126666666666701, 4.2999999999999998e+00, 87.500000000000000,748.21666666666704
2016-01-14 13:20:00,20.289999999999999,40.000000000000000, 4.4000000000000004e+00, 87.000000000000000,748.13333333333298
2016-01-14 13:30:00,20.289999999999999,40.000000000000000, 4.5000000000000000e+00, 86.500000000000000,748.04999999999995
2016-01-14 13:40:00,20.390000000000001,39.759999999999998, 4.5999999999999996e+00, 86.000000000000000,747.96666666666704
2016-01-14 13:50:00,20.463333333333299,39.700000000000003, 4.7000000000000002e+00, 85.500000000000000,747.88333333333298
2016-01-14 14:00:00,20.500000000000000,39.590000000000003, 4.7999999999999998e+00, 85.000000000000000,747.79999999999995
2016-01-14 14:10:00,20.566666666666698,39.530000000000001, 4.9166666666666696e+00, 84.833333333333300,747.73333333333301
2016-01-14 14:20:00,20.600000000000001,39.466666666666697, 5.0333333333333297e+00, 84.666666666666700,747.66666666666697
2016-01-14 14:30:00,20.600000000000001,39.399999999999999, 5.1500000000000004e+00, 84.500000000000000,747.60000000000002
2016-01-14 14:40:00,20.730000000000000,39.399999999999999, 5.2666666666666702e+00, 84.333333333333300,747.53333333333296
2016-01-14 14:50:00,20.789999999999999,39.326666666666704, 5.3833333333333302e+00, 84.166666666666700,747.46666666666704
2016-01-14 15:00:00,20.890000000000001,39.289999999999999, 5.5000000000000000e+00, 84.000000000000000,747.39999999999998
2016-01-14 15:10:00,20.963333333333299,39.229999999999997, 5.4833333333333298e+00, 83.166666666666700,747.43333333333305
2016-01-14 15:20:00,21.000000000000000,39.163333333333298, 5.4666666666666703e+00, 82.333333333333300,747.46666666666704
2016-01-14 15:30:00,21.066666666666698,39.090000000000003, 5.4500000000000002e+00, 81.500000000000000,747.50000000000000
2016-01-14 15:40:00,21.100000000000001,39.090000000000003, 5.4333333333333300e+00, 80.666666666666700,747.53333333333296
2016-01-14 15:50:00,21.074999999999999,38.997500000000002, 5.4166666666666696e+00, 79.833333333333300,747.56666666666695
2016-01-14 16:00:00,21.000000000000000,38.899999999999999, 5.4000000000000004e+00, 79.000000000000000,747.60000000000002
2016-01-14 16:10:00,21.000000000000000,38.759999999999998, 5.2666666666666702e+00, 78.500000000000000,747.64999999999998
2016-01-14 16:20:00,20.926666666666701,38.700000000000003, 5.1333333333333302e+00, 78.000000000000000,747.70000000000005
2016-01-14 16:30:00,20.890000000000001,38.500000000000000, 5.0000000000000000e+00, 77.500000000000000,747.75000000000000
2016-01-14 16:40:00,20.823333333333299,38.433333333333302, 4.8666666666666698e+00, 77.000000000000000,747.79999999999995
2016-01-14 16:50:00,20.789999999999999,38.289999999999999, 4.7333333333333298e+00, 76.500000000000000,747.85000000000002
2016-01-14 17:00:00,20.856666666666701,38.363333333333301, 4.5999999999999996e+00, 76.000000000000000,747.89999999999998
2016-01-14 17:10:00,20.926666666666701,38.596666666666700, 4.5833333333333304e+00, 76.000000000000000,747.93333333333305
2016-01-14 17:20:00,21.133333333333301,39.063333333333297, 4.5666666666666700e+00, 76.000000000000000,747.96666666666704
2016-01-14 17:30:00,21.289999999999999,39.530000000000001, 4.5499999999999998e+00, 76.000000000000000,748.00000000000000
2016-01-14 17:40:00,21.356666666666701,39.530000000000001, 4.5333333333333297e+00, 76.000000000000000,748.03333333333296
2016-01-14 17:50:00,21.500000000000000,39.560000000000002, 4.5166666666666702e+00, 76.000000000000000,748.06666666666695
2016-01-14 18:00:00,21.566666666666698,39.359999999999999, 4.5000000000000000e+00, 76.000000000000000,748.10000000000002
2016-01-14 18:10:00,21.633333333333301,39.163333333333298, 4.4166666666666696e+00, 76.166666666666700,748.16666666666697
2016-01-14 18:20:00,21.699999999999999,39.030000000000001, 4.3333333333333304e+00, 76.333333333333300,748.23333333333301
2016-01-14 18:30:00,21.699999999999999,38.899999999999999, 4.2500000000000000e+00, 76.500000000000000,748.29999999999995
2016-01-14 18:40:00,21.699999999999999,38.722499999999997, 4.1666666666666696e+00, 76.666666666666700,748.36666666666702
2016-01-14 18:50:00,21.699999999999999,38.626666666666701, 4.0833333333333304e+00, 76.833333333333300,748.43333333333305
2016-01-14 19:00:00,21.699999999999999,38.590000000000003, 4.0000000000000000e+00, 77.000000000000000,748.50000000000000
2016-01-14 19:10:00,21.699999999999999,38.792499999999997, 3.8999999999999999e+00, 78.500000000000000,748.54999999999995
2016-01-14 19:20:00,21.699999999999999,39.133333333333297, 3.7999999999999998e+00, 80.000000000000000,748.60000000000002
2016-01-14 19:30:00,21.730000000000000,39.633333333333297, 3.7000000000000002e+00, 81.500000000000000,748.64999999999998
2016-01-14 19:40:00,21.789999999999999,40.359999999999999, 3.6000000000000001e+00, 83.000000000000000,748.70000000000005
2016-01-14 19:50:00,21.823333333333299,41.156666666666702, 3.5000000000000000e+00, 84.500000000000000,748.75000000000000
2016-01-14 20:00:00,21.890000000000001,40.956666666666699, 3.3999999999999999e+00, 86.000000000000000,748.79999999999995
2016-01-14 20:10:00,21.789999999999999,40.460000000000001, 3.5000000000000000e+00, 83.333333333333300,748.85000000000002
2016-01-14 20:20:00,21.789999999999999,40.126666666666701, 3.6000000000000001e+00, 80.666666666666700,748.89999999999998
2016-01-14 20:30:00,21.699999999999999,40.193333333333300, 3.7000000000000002e+00, 78.000000000000000,748.95000000000005
2016-01-14 20:40:00,21.699999999999999,40.600000000000001, 3.7999999999999998e+00, 75.333333333333300,749.00000000000000
2016-01-14 20:50:00,21.699999999999999,41.000000000000000, 3.8999999999999999e+00, 72.666666666666700,749.04999999999995
2016-01-14 21:00:00,21.760000000000002,41.000000000000000, 4.0000000000000000e+00, 70.000000000000000,749.10000000000002
2016-01-14 21:10:00,21.789999999999999,40.729999999999997, 3.9166666666666701e+00, 70.000000000000000,749.16666666666697
2016-01-14 21:20:00,21.789999999999999,40.930000000000000, 3.8333333333333299e+00, 70.000000000000000,749.23333333333301
2016-01-14 21:30:00,21.789999999999999,41.090000000000003, 3.7500000000000000e+00, 70.000000000000000,749.29999999999995
2016-01-14 21:40:00,21.856666666666701,41.163333333333298, 3.6666666666666701e+00, 70.000000000000000,749.36666666666702
2016-01-14 21:50:00,21.890000000000001,41.000000000000000, 3.5833333333333299e+00, 70.000000000000000,749.43333333333305
2016-01-14 22:00:00,21.890000000000001,40.859999999999999, 3.5000000000000000e+00, 70.000000000000000,749.50000000000000
2016-01-14 22:10:00,22.100000000000001,40.433333333333302, 3.1499999999999999e+00, 73.666666666666700,749.51666666666699
2016-01-14 22:20:00,22.175000000000001,39.750000000000000, 2.7999999999999998e+00, 77.333333333333300,749.53333333333296
2016-01-14 22:30:00,22.260000000000002,39.700000000000003, 2.4500000000000002e+00, 81.000000000000000,749.54999999999995
2016-01-14 22:40:00,22.390000000000001,39.663333333333298, 2.1000000000000001e+00, 84.666666666666700,749.56666666666695
2016-01-14 22:50:00,22.463333333333299,39.663333333333298, 1.7500000000000000e+00, 88.333333333333300,749.58333333333303
2016-01-14 23:00:00,22.600000000000001,39.663333333333298, 1.3999999999999999e+00, 92.000000000000000,749.60000000000002
2016-01-14 23:10:00,22.666666666666700,39.663333333333298, 1.3000000000000000e+00, 92.333333333333300,749.54999999999995
2016-01-14 23:20:00,22.699999999999999,39.590000000000003, 1.2000000000000000e+00, 92.666666666666700,749.50000000000000
2016-01-14 23:30:00,22.699999999999999,39.590000000000003, 1.1000000000000001e+00, 93.000000000000000,749.45000000000005
2016-01-14 23:40:00,22.730000000000000,39.500000000000000, 1.0000000000000000e+00, 93.333333333333300,749.39999999999998
2016-01-14 23:50:00,22.789999999999999,39.500000000000000, 9.0000000000000002e-01, 93.666666666666700,749.35000000000002
2016-01-15 00:00:00,22.789999999999999,39.466666666666697, 8.0000000000000004e-01, 94.000000000000000,749.29999999999995
2016-01-15 00:10:00,22.789999999999999,39.399999999999999, 6.6666666666666696e-01, 95.000000000000000,749.28333333333296
2016-01-15 00:20:00,22.789999999999999,39.399999999999999, 5.3333333333333299e-01, 96.000000000000000,749.26666666666699
2016-01-15 00:30:00,22.789999999999999,39.326666666666704, 4.0000000000000002e-01, 97.000000000000000,749.25000000000000
2016-01-15 00:40:00,22.789999999999999,39.289999999999999, 2.6666666666666700e-01, 98.000000000000000,749.23333333333301
2016-01-15 00:50:00,22.789999999999999,39.229999999999997, 1.3333333333333300e-01, 99.000000000000000,749.21666666666704
2016-01-15 01:00:00,22.789999999999999,39.200000000000003, 0.0000000000000000e+00,100.000000000000000,749.20000000000005
2016-01-15 01:10:00,22.789999999999999,39.200000000000003, 6.6666666666666693e-02, 99.833333333333300,749.23333333333301
2016-01-15 01:20:00,22.789999999999999,39.126666666666701, 1.3333333333333300e-01, 99.666666666666700,749.26666666666699
2016-01-15 01:30:00,22.789999999999999,39.126666666666701, 2.0000000000000001e-01, 99.500000000000000,749.29999999999995
2016-01-15 01:40:00,22.699999999999999,39.090000000000003, 2.6666666666666700e-01, 99.333333333333300,749.33333333333303
2016-01-15 01:50:00,22.699999999999999,39.090000000000003, 3.3333333333333298e-01, 99.166666666666700,749.36666666666702
2016-01-15 02:00:00,22.699999999999999,39.090000000000003, 4.0000000000000002e-01, 99.000000000000000,749.39999999999998
2016-01-15 02:10:00,22.600000000000001,39.000000000000000, 5.5000000000000004e-01, 97.833333333333300,749.51666666666699
2016-01-15 02:20:00,22.600000000000001,39.000000000000000, 6.9999999999999996e-01, 96.666666666666700,749.63333333333298
2016-01-15 02:30:00,22.500000000000000,39.090000000000003, 8.4999999999999998e-01, 95.500000000000000,749.75000000000000
2016-01-15 02:40:00,22.426666666666701,39.030000000000001, 1.0000000000000000e+00, 94.333333333333300,749.86666666666702
2016-01-15 02:50:00,22.390000000000001,39.000000000000000, 1.1499999999999999e+00, 93.166666666666700,749.98333333333301
2016-01-15 03:00:00,22.323333333333299,39.060000000000002, 1.3000000000000000e+00, 92.000000000000000,750.10000000000002
2016-01-15 03:10:00,22.260000000000002,39.060000000000002, 1.5333333333333301e+00, 90.500000000000000,750.21666666666704
2016-01-15 03:20:00,22.199999999999999,39.060000000000002, 1.7666666666666699e+00, 89.000000000000000,750.33333333333303
2016-01-15 03:30:00,22.166666666666700,39.090000000000003, 2.0000000000000000e+00, 87.500000000000000,750.45000000000005
2016-01-15 03:40:00,22.100000000000001,39.090000000000003, 2.2333333333333298e+00, 86.000000000000000,750.56666666666695
2016-01-15 03:50:00,22.000000000000000,39.090000000000003, 2.4666666666666699e+00, 84.500000000000000,750.68333333333305
2016-01-15 04:00:00,21.926666666666701,39.090000000000003, 2.7000000000000002e+00, 83.000000000000000,750.79999999999995
2016-01-15 04:10:00,21.890000000000001,39.126666666666701, 2.7500000000000000e+00, 81.833333333333300,750.88333333333298
2016-01-15 04:20:00,21.823333333333299,39.126666666666701, 2.7999999999999998e+00, 80.666666666666700,750.96666666666704
2016-01-15 04:30:00,21.760000000000002,39.090000000000003, 2.8500000000000001e+00, 79.500000000000000,751.04999999999995
2016-01-15 04:40:00,21.699999999999999,39.090000000000003, 2.8999999999999999e+00, 78.333333333333300,751.13333333333298
2016-01-15 04:50:00,21.699999999999999,39.200000000000003, 2.9500000000000002e+00, 77.166666666666700,751.21666666666704
2016-01-15 05:00:00,21.625000000000000,39.145000000000003, 3.0000000000000000e+00, 76.000000000000000,751.29999999999995
2016-01-15 05:10:00,21.533333333333299,39.200000000000003, 3.0333333333333301e+00, 75.333333333333300,751.38333333333298
2016-01-15 05:20:00,21.500000000000000,39.200000000000003, 3.0666666666666700e+00, 74.666666666666700,751.46666666666704
2016-01-15 05:30:00,21.426666666666701,39.200000000000003, 3.1000000000000001e+00, 74.000000000000000,751.54999999999995
2016-01-15 05:40:00,21.390000000000001,39.200000000000003, 3.1333333333333302e+00, 73.333333333333300,751.63333333333298
2016-01-15 05:50:00,21.323333333333299,39.200000000000003, 3.1666666666666701e+00, 72.666666666666700,751.71666666666704
2016-01-15 06:00:00,21.289999999999999,39.289999999999999, 3.2000000000000002e+00, 72.000000000000000,751.79999999999995
2016-01-15 06:10:00,21.289999999999999,39.289999999999999, 3.2000000000000002e+00, 72.666666666666700,751.88333333333298
2016-01-15 06:20:00,21.199999999999999,39.229999999999997, 3.2000000000000002e+00, 73.333333333333300,751.96666666666704
2016-01-15 06:30:00,21.199999999999999,39.289999999999999, 3.2000000000000002e+00, 74.000000000000000,752.04999999999995
2016-01-15 06:40:00,21.100000000000001,39.399999999999999, 3.2000000000000002e+00, 74.666666666666700,752.13333333333298
2016-01-15 06:50:00,21.100000000000001,39.399999999999999, 3.2000000000000002e+00, 75.333333333333300,752.21666666666704
2016-01-15 07:00:00,21.000000000000000,39.326666666666704, 3.2000000000000002e+00, 76.000000000000000,752.29999999999995
2016-01-15 07:10:00,21.000000000000000,39.399999999999999, 3.2000000000000002e+00, 76.333333333333300,752.38333333333298
2016-01-15 07:20:00,20.963333333333299,39.399999999999999, 3.2000000000000002e+00, 76.666666666666700,752.46666666666704
2016-01-15 07:30:00,20.890000000000001,39.466666666666697, 3.2000000000000002e+00, 77.000000000000000,752.54999999999995
2016-01-15 07:40:00,20.890000000000001,39.500000000000000, 3.2000000000000002e+00, 77.333333333333300,752.63333333333298
2016-01-15 07:50:00,20.823333333333299,39.026666666666699, 3.2000000000000002e+00, 77.666666666666700,752.71666666666704
2016-01-15 08:00:00,20.296666666666699,35.696666666666701, 3.2000000000000002e+00, 78.000000000000000,752.79999999999995
2016-01-15 08:10:00,19.629999999999999,33.289999999999999, 3.2000000000000002e+00, 78.333333333333300,752.86666666666702
2016-01-15 08:20:00,19.149999999999999,32.950000000000003, 3.2000000000000002e+00, 78.666666666666700,752.93333333333305
2016-01-15 08:30:00,19.323333333333299,33.530000000000001, 3.2000000000000002e+00, 79.000000000000000,753.00000000000000
2016-01-15 08:40:00,19.530000000000001,33.990000000000002, 3.2000000000000002e+00, 79.333333333333300,753.06666666666695
2016-01-15 08:50:00,19.660000000000000,34.618000000000002, 3.2000000000000002e+00, 79.666666666666700,753.13333333333298
2016-01-15 09:00:00,19.699999999999999,34.766666666666701, 3.2000000000000002e+00, 80.000000000000000,753.20000000000005
2016-01-15 09:10:00,19.699999999999999,35.100000000000001, 3.2000000000000002e+00, 80.333333333333300,753.28333333333296
2016-01-15 09:20:00,19.789999999999999,35.463333333333303, 3.2000000000000002e+00, 80.666666666666700,753.36666666666702
2016-01-15 09:30:00,19.856666666666701,35.796666666666702, 3.2000000000000002e+00, 81.000000000000000,753.45000000000005
2016-01-15 09:40:00,19.926666666666701,36.390000000000001, 3.2000000000000002e+00, 81.333333333333300,753.53333333333296
2016-01-15 09:50:00,20.000000000000000,36.723333333333301, 3.2000000000000002e+00, 81.666666666666700,753.61666666666702
2016-01-15 10:00:00,20.033333333333299,37.066666666666698, 3.2000000000000002e+00, 82.000000000000000,753.70000000000005
2016-01-15 10:10:00,20.100000000000001,37.333333333333300, 3.3166666666666700e+00, 82.000000000000000,753.79999999999995
2016-01-15 10:20:00,20.199999999999999,37.500000000000000, 3.4333333333333300e+00, 82.000000000000000,753.89999999999998
2016-01-15 10:30:00,20.199999999999999,37.633333333333297, 3.5499999999999998e+00, 82.000000000000000,754.00000000000000
2016-01-15 10:40:00,20.289999999999999,38.126666666666701, 3.6666666666666701e+00, 82.000000000000000,754.10000000000002
2016-01-15 10:50:00,20.289999999999999,38.066666666666698, 3.7833333333333301e+00, 82.000000000000000,754.20000000000005
2016-01-15 11:00:00,20.289999999999999,38.090000000000003, 3.8999999999999999e+00, 82.000000000000000,754.29999999999995
2016-01-15 11:10:00,20.356666666666701,38.090000000000003, 3.8666666666666698e+00, 83.000000000000000,754.36666666666702
2016-01-15 11:20:00,20.390000000000001,38.229999999999997, 3.8333333333333299e+00, 84.000000000000000,754.43333333333305
2016-01-15 11:30:00,20.390000000000001,38.363333333333301, 3.7999999999999998e+00, 85.000000000000000,754.50000000000000
2016-01-15 11:40:00,20.390000000000001,38.350000000000001, 3.7666666666666702e+00, 86.000000000000000,754.56666666666695
2016-01-15 11:50:00,20.289999999999999,38.066666666666698, 3.7333333333333298e+00, 87.000000000000000,754.63333333333298
2016-01-15 12:00:00,20.289999999999999,38.149999999999999, 3.7000000000000002e+00, 88.000000000000000,754.70000000000005
2016-01-15 12:10:00,20.351111111111098,37.998333333333299, 3.7333333333333298e+00, 87.833333333333300,754.75000000000000
2016-01-15 12:20:00,20.445000000000000,37.950000000000003, 3.7666666666666702e+00, 87.666666666666700,754.79999999999995
2016-01-15 12:30:00,20.583333333333300,37.977777777777803, 3.7999999999999998e+00, 87.500000000000000,754.85000000000002
2016-01-15 12:40:00,20.625000000000000,38.000000000000000, 3.8333333333333299e+00, 87.333333333333300,754.89999999999998
2016-01-15 12:50:00,20.710625000000000,38.067500000000003, 3.8666666666666698e+00, 87.166666666666700,754.95000000000005
2016-01-15 13:00:00,20.789999999999999,38.039375000000000, 3.8999999999999999e+00, 87.000000000000000,755.00000000000000
2016-01-15 13:10:00,20.858750000000001,38.039375000000000, 3.9500000000000002e+00, 86.833333333333300,755.00000000000000
2016-01-15 13:20:00,20.890000000000001,38.075000000000003, 4.0000000000000000e+00, 86.666666666666700,755.00000000000000
2016-01-15 13:30:00,20.932777777777801,38.015000000000001, 4.0499999999999998e+00, 86.500000000000000,755.00000000000000
2016-01-15 13:40:00,21.038888888888899,38.000000000000000, 4.0999999999999996e+00, 86.333333333333300,755.00000000000000
2016-01-15 13:50:00,21.088888888888899,38.049999999999997, 4.1500000000000004e+00, 86.166666666666700,755.00000000000000
2016-01-15 14:00:00,21.111111111111100,38.020000000000003, 4.2000000000000002e+00, 86.000000000000000,755.00000000000000
2016-01-15 14:10:00,21.172222222222199,38.009999999999998, 4.2500000000000000e+00, 85.666666666666700,755.04999999999995
2016-01-15 14:20:00,21.199999999999999,37.950000000000003, 4.2999999999999998e+00, 85.333333333333300,755.10000000000002
2016-01-15 14:30:00,21.274999999999999,37.944444444444400, 4.3499999999999996e+00, 85.000000000000000,755.14999999999998
2016-01-15 14:40:00,21.289999999999999,37.844999999999999, 4.4000000000000004e+00, 84.666666666666700,755.20000000000005
2016-01-15 14:50:00,21.289999999999999,37.662777777777798, 4.4500000000000002e+00, 84.333333333333300,755.25000000000000
2016-01-15 15:00:00,21.289999999999999,37.509999999999998, 4.5000000000000000e+00, 84.000000000000000,755.29999999999995
2016-01-15 15:10:00,21.357222222222202,37.444444444444400, 4.0333333333333297e+00, 86.000000000000000,755.45000000000005
2016-01-15 15:20:00,21.487777777777801,37.488888888888901, 3.5666666666666700e+00, 88.000000000000000,755.60000000000002
2016-01-15 15:30:00,21.561111111111099,37.410555555555597, 3.1000000000000001e+00, 90.000000000000000,755.75000000000000
2016-01-15 15:40:00,21.649999999999999,37.357222222222198, 2.6333333333333302e+00, 92.000000000000000,755.89999999999998
2016-01-15 15:50:00,21.715000000000000,37.308333333333302, 2.1666666666666701e+00, 94.000000000000000,756.04999999999995
2016-01-15 16:00:00,21.789999999999999,37.289999999999999, 1.7000000000000000e+00, 96.000000000000000,756.20000000000005
2016-01-15 16:10:00,21.829999999999998,37.289999999999999, 1.7833333333333301e+00, 95.666666666666700,756.26666666666699
2016-01-15 16:20:00,21.867777777777800,37.270000000000003, 1.8666666666666700e+00, 95.333333333333300,756.33333333333303
2016-01-15 16:30:00,21.867777777777800,37.215000000000003, 1.9500000000000000e+00, 95.000000000000000,756.39999999999998
2016-01-15 16:40:00,21.890000000000001,37.200000000000003, 2.0333333333333301e+00, 94.666666666666700,756.46666666666704
2016-01-15 16:50:00,21.867777777777800,37.151111111111099, 2.1166666666666698e+00, 94.333333333333300,756.53333333333296
2016-01-15 17:00:00,21.867777777777800,37.175555555555597, 2.2000000000000002e+00, 94.000000000000000,756.60000000000002
2016-01-15 17:10:00,21.890000000000001,37.145000000000003, 2.3166666666666700e+00, 93.833333333333300,756.71666666666704
2016-01-15 17:20:00,21.890000000000001,37.102222222222203, 2.4333333333333300e+00, 93.666666666666700,756.83333333333303
2016-01-15 17:30:00,21.890000000000001,37.090000000000003, 2.5499999999999998e+00, 93.500000000000000,756.95000000000005
2016-01-15 17:40:00,21.890000000000001,37.090000000000003, 2.6666666666666701e+00, 93.333333333333300,757.06666666666695
2016-01-15 17:50:00,21.890000000000001,37.090000000000003, 2.7833333333333301e+00, 93.166666666666700,757.18333333333305
2016-01-15 18:00:00,21.890000000000001,37.090000000000003, 2.8999999999999999e+00, 93.000000000000000,757.29999999999995
2016-01-15 18:10:00,21.890000000000001,37.154166666666697, 2.8333333333333299e+00, 93.000000000000000,757.41666666666697
2016-01-15 18:20:00,21.890000000000001,37.121428571428602, 2.7666666666666702e+00, 93.000000000000000,757.53333333333296
2016-01-15 18:30:00,21.890000000000001,37.185555555555602, 2.7000000000000002e+00, 93.000000000000000,757.64999999999998
2016-01-15 18:40:00,21.890000000000001,37.460000000000001, 2.6333333333333302e+00, 93.000000000000000,757.76666666666699
2016-01-15 18:50:00,21.956000000000000,37.920000000000002, 2.5666666666666700e+00, 93.000000000000000,757.88333333333298
2016-01-15 19:00:00,22.000000000000000,38.395000000000003, 2.5000000000000000e+00, 93.000000000000000,758.00000000000000
2016-01-15 19:10:00,22.000000000000000,39.096666666666700, 2.5000000000000000e+00, 93.666666666666700,758.13333333333298
2016-01-15 19:20:00,22.000000000000000,39.430000000000000, 2.5000000000000000e+00, 94.333333333333300,758.26666666666699
2016-01-15 19:30:00,22.000000000000000,39.526666666666699, 2.5000000000000000e+00, 95.000000000000000,758.39999999999998
2016-01-15 19:40:00,22.000000000000000,39.193333333333300, 2.5000000000000000e+00, 95.666666666666700,758.53333333333296
2016-01-15 19:50:00,22.000000000000000,39.060000000000002, 2.5000000000000000e+00, 96.333333333333300,758.66666666666697
2016-01-15 20:00:00,22.000000000000000,39.000000000000000, 2.5000000000000000e+00, 97.000000000000000,758.79999999999995
2016-01-15 20:10:00,22.000000000000000,38.933333333333302, 2.4500000000000002e+00, 97.000000000000000,758.88333333333298
2016-01-15 20:20:00,22.000000000000000,39.133333333333297, 2.3999999999999999e+00, 97.000000000000000,758.96666666666704
2016-01-15 20:30:00,22.100000000000001,39.500000000000000, 2.3500000000000001e+00, 97.000000000000000,759.04999999999995
2016-01-15 20:40:00,22.197500000000002,39.522500000000001, 2.2999999999999998e+00, 97.000000000000000,759.13333333333298
2016-01-15 20:50:00,22.289999999999999,39.590000000000003, 2.2500000000000000e+00, 97.000000000000000,759.21666666666704
2016-01-15 21:00:00,22.390000000000001,39.466666666666697, 2.2000000000000002e+00, 97.000000000000000,759.29999999999995
2016-01-15 21:10:00,22.390000000000001,39.326666666666704, 2.2000000000000002e+00, 96.833333333333300,759.41666666666697
2016-01-15 21:20:00,22.390000000000001,39.163333333333298, 2.2000000000000002e+00, 96.666666666666700,759.53333333333296
2016-01-15 21:30:00,22.390000000000001,39.030000000000001, 2.2000000000000002e+00, 96.500000000000000,759.64999999999998
2016-01-15 21:40:00,22.500000000000000,38.966666666666697, 2.2000000000000002e+00, 96.333333333333300,759.76666666666699
2016-01-15 21:50:00,22.426666666666701,38.826666666666704, 2.2000000000000002e+00, 96.166666666666700,759.88333333333298
2016-01-15 22:00:00,22.390000000000001,38.759999999999998, 2.2000000000000002e+00, 96.000000000000000,760.00000000000000
2016-01-15 22:10:00,22.463333333333299,38.759999999999998, 2.2833333333333301e+00, 95.833333333333300,760.10000000000002
2016-01-15 22:20:00,22.500000000000000,38.430000000000000, 2.3666666666666698e+00, 95.666666666666700,760.20000000000005
2016-01-15 22:30:00,22.426666666666701,38.156666666666702, 2.4500000000000002e+00, 95.500000000000000,760.29999999999995
2016-01-15 22:40:00,22.390000000000001,38.200000000000003, 2.5333333333333301e+00, 95.333333333333300,760.39999999999998
2016-01-15 22:50:00,22.390000000000001,38.259999999999998, 2.6166666666666698e+00, 95.166666666666700,760.50000000000000
2016-01-15 23:00:00,22.390000000000001,38.326666666666704, 2.7000000000000002e+00, 95.000000000000000,760.60000000000002
2016-01-15 23:10:00,22.390000000000001,38.399999999999999, 2.6499999999999999e+00, 95.333333333333300,760.68333333333305
2016-01-15 23:20:00,22.323333333333299,38.500000000000000, 2.6000000000000001e+00, 95.666666666666700,760.76666666666699
2016-01-15 23:30:00,22.323333333333299,38.560000000000002, 2.5499999999999998e+00, 96.000000000000000,760.85000000000002
2016-01-15 23:40:00,22.260000000000002,38.663333333333298, 2.5000000000000000e+00, 96.333333333333300,760.93333333333305
2016-01-15 23:50:00,22.199999999999999,38.663333333333298, 2.4500000000000002e+00, 96.666666666666700,761.01666666666699
2016-01-16 00:00:00,22.149999999999999,38.789999999999999, 2.3999999999999999e+00, 97.000000000000000,761.10000000000002
2016-01-16 00:10:00,22.100000000000001,38.933333333333302, 2.3750000000000000e+00, 96.833333333333300,761.15833333333296
2016-01-16 00:20:00,22.033333333333299,39.000000000000000, 2.3500000000000001e+00, 96.666666666666700,761.21666666666704
2016-01-16 00:30:00,22.000000000000000,39.126666666666701, 2.3250000000000002e+00, 96.500000000000000,761.27499999999998
2016-01-16 00:40:00,22.000000000000000,39.259999999999998, 2.2999999999999998e+00, 96.333333333333300,761.33333333333303
2016-01-16 00:50:00,21.890000000000001,39.289999999999999, 2.2749999999999999e+00, 96.166666666666700,761.39166666666699
2016-01-16 01:00:00,21.890000000000001,39.363333333333301, 2.2500000000000000e+00, 96.000000000000000,761.45000000000005
2016-01-16 01:10:00,21.856666666666701,39.399999999999999, 2.2250000000000001e+00, 95.833333333333300,761.50833333333298
2016-01-16 01:20:00,21.789999999999999,39.466666666666697, 2.2000000000000002e+00, 95.666666666666700,761.56666666666695
2016-01-16 01:30:00,21.699999999999999,39.530000000000001, 2.1749999999999998e+00, 95.500000000000000,761.62500000000000
2016-01-16 01:40:00,21.699999999999999,39.590000000000003, 2.1499999999999999e+00, 95.333333333333300,761.68333333333305
2016-01-16 01:50:00,21.666666666666700,39.560000000000002, 2.1250000000000000e+00, 95.166666666666700,761.74166666666702
2016-01-16 02:00:00,21.600000000000001,39.560000000000002, 2.1000000000000001e+00, 95.000000000000000,761.79999999999995
2016-01-16 02:10:00,21.500000000000000,39.590000000000003, 2.0000000000000000e+00, 95.000000000000000,761.86666666666702
2016-01-16 02:20:00,21.500000000000000,39.590000000000003, 1.8999999999999999e+00, 95.000000000000000,761.93333333333305
2016-01-16 02:30:00,21.463333333333299,39.560000000000002, 1.8000000000000000e+00, 95.000000000000000,762.00000000000000
2016-01-16 02:40:00,21.390000000000001,39.500000000000000, 1.7000000000000000e+00, 95.000000000000000,762.06666666666695
2016-01-16 02:50:00,21.356666666666701,39.560000000000002, 1.6000000000000001e+00, 95.000000000000000,762.13333333333298
2016-01-16 03:00:00,21.289999999999999,39.560000000000002, 1.5000000000000000e+00, 95.000000000000000,762.20000000000005
2016-01-16 03:10:00,21.289999999999999,39.590000000000003, 1.3500000000000001e+00, 95.333333333333300,762.21666666666704
2016-01-16 03:20:00,21.267499999999998,39.567500000000003, 1.2000000000000000e+00, 95.666666666666700,762.23333333333301
2016-01-16 03:30:00,21.199999999999999,39.560000000000002, 1.0500000000000000e+00, 96.000000000000000,762.25000000000000
2016-01-16 03:40:00,21.100000000000001,39.590000000000003, 9.0000000000000002e-01, 96.333333333333300,762.26666666666699
2016-01-16 03:50:00,21.100000000000001,39.590000000000003, 7.5000000000000000e-01, 96.666666666666700,762.28333333333296
2016-01-16 04:00:00,21.066666666666698,39.560000000000002, 5.9999999999999998e-01, 97.000000000000000,762.29999999999995
2016-01-16 04:10:00,21.000000000000000,39.500000000000000, 5.9999999999999998e-01, 96.833333333333300,762.35000000000002
2016-01-16 04:20:00,21.000000000000000,39.500000000000000, 5.9999999999999998e-01, 96.666666666666700,762.39999999999998
2016-01-16 04:30:00,20.926666666666701,39.500000000000000, 5.9999999999999998e-01, 96.500000000000000,762.45000000000005
2016-01-16 04:40:00,20.890000000000001,39.530000000000001, 5.9999999999999998e-01, 96.333333333333300,762.50000000000000
2016-01-16 04:50:00,20.890000000000001,39.590000000000003, 5.9999999999999998e-01, 96.166666666666700,762.54999999999995
2016-01-16 05:00:00,20.789999999999999,39.500000000000000, 5.9999999999999998e-01, 96.000000000000000,762.60000000000002
2016-01-16 05:10:00,20.789999999999999,39.500000000000000, 5.8333333333333304e-01, 96.000000000000000,762.54999999999995
2016-01-16 05:20:00,20.789999999999999,39.500000000000000, 5.6666666666666698e-01, 96.000000000000000,762.50000000000000
2016-01-16 05:30:00,20.730000000000000,39.500000000000000, 5.5000000000000004e-01, 96.000000000000000,762.45000000000005
2016-01-16 05:40:00,20.699999999999999,39.500000000000000, 5.3333333333333299e-01, 96.000000000000000,762.39999999999998
2016-01-16 05:50:00,20.699999999999999,39.560000000000002, 5.1666666666666705e-01, 96.000000000000000,762.35000000000002
2016-01-16 06:00:00,20.666666666666700,39.500000000000000, 5.0000000000000000e-01, 96.000000000000000,762.29999999999995
2016-01-16 06:10:00,20.600000000000001,39.560000000000002, 5.8333333333333304e-01, 96.000000000000000,762.31666666666695
2016-01-16 06:20:00,20.600000000000001,39.590000000000003, 6.6666666666666696e-01, 96.000000000000000,762.33333333333303
2016-01-16 06:30:00,20.574999999999999,39.617500000000000, 7.5000000000000000e-01, 96.000000000000000,762.35000000000002
2016-01-16 06:40:00,20.500000000000000,39.700000000000003, 8.3333333333333304e-01, 96.000000000000000,762.36666666666702
2016-01-16 06:50:00,20.500000000000000,39.700000000000003, 9.1666666666666696e-01, 96.000000000000000,762.38333333333298
2016-01-16 07:00:00,20.500000000000000,39.759999999999998, 1.0000000000000000e+00, 96.000000000000000,762.39999999999998
2016-01-16 07:10:00,20.463333333333299,39.759999999999998, 1.0333333333333301e+00, 96.000000000000000,762.41666666666697
2016-01-16 07:20:00,20.390000000000001,39.700000000000003, 1.0666666666666700e+00, 96.000000000000000,762.43333333333305
2016-01-16 07:30:00,20.356666666666701,39.560000000000002, 1.1000000000000001e+00, 96.000000000000000,762.45000000000005
2016-01-16 07:40:00,20.289999999999999,39.500000000000000, 1.1333333333333300e+00, 96.000000000000000,762.46666666666704
2016-01-16 07:50:00,20.315000000000001,39.549999999999997, 1.1666666666666701e+00, 96.000000000000000,762.48333333333301
2016-01-16 08:00:00,20.390000000000001,39.759999999999998, 1.2000000000000000e+00, 96.000000000000000,762.50000000000000
2016-01-16 08:10:00,20.426666666666701,40.066666666666698, 1.2166666666666699e+00, 96.166666666666700,762.54999999999995
2016-01-16 08:20:00,20.566666666666698,40.259999999999998, 1.2333333333333301e+00, 96.333333333333300,762.60000000000002
2016-01-16 08:30:00,20.633333333333301,40.326666666666704, 1.2500000000000000e+00, 96.500000000000000,762.64999999999998
2016-01-16 08:40:00,20.699999999999999,40.466666666666697, 1.2666666666666699e+00, 96.666666666666700,762.70000000000005
2016-01-16 08:50:00,20.789999999999999,40.590000000000003, 1.2833333333333301e+00, 96.833333333333300,762.75000000000000
2016-01-16 09:00:00,20.856666666666701,40.723333333333301, 1.3000000000000000e+00, 97.000000000000000,762.79999999999995
2016-01-16 09:10:00,20.926666666666701,40.789999999999999, 1.4166666666666701e+00, 96.666666666666700,762.88333333333298
2016-01-16 09:20:00,21.000000000000000,40.530000000000001, 1.5333333333333301e+00, 96.333333333333300,762.96666666666704
2016-01-16 09:30:00,21.033333333333299,40.399999999999999, 1.6499999999999999e+00, 96.000000000000000,763.04999999999995
2016-01-16 09:40:00,21.100000000000001,40.399999999999999, 1.7666666666666699e+00, 95.666666666666700,763.13333333333298
2016-01-16 09:50:00,21.149999999999999,40.399999999999999, 1.8833333333333300e+00, 95.333333333333300,763.21666666666704
2016-01-16 10:00:00,21.199999999999999,40.399999999999999, 2.0000000000000000e+00, 95.000000000000000,763.29999999999995
2016-01-16 10:10:00,21.260000000000002,40.466666666666697, 2.2500000000000000e+00, 94.666666666666700,763.31666666666695
2016-01-16 10:20:00,21.289999999999999,40.466666666666697, 2.5000000000000000e+00, 94.333333333333300,763.33333333333303
2016-01-16 10:30:00,21.356666666666701,40.399999999999999, 2.7500000000000000e+00, 94.000000000000000,763.35000000000002
2016-01-16 10:40:00,21.390000000000001,40.326666666666704, 3.0000000000000000e+00, 93.666666666666700,763.36666666666702
2016-01-16 10:50:00,21.390000000000001,40.466666666666697, 3.2500000000000000e+00, 93.333333333333300,763.38333333333298
2016-01-16 11:00:00,21.500000000000000,40.560000000000002, 3.5000000000000000e+00, 93.000000000000000,763.39999999999998
2016-01-16 11:10:00,21.500000000000000,40.500000000000000, 3.7000000000000002e+00, 92.000000000000000,763.48333333333301
2016-01-16 11:20:00,21.500000000000000,40.500000000000000, 3.8999999999999999e+00, 91.000000000000000,763.56666666666695
2016-01-16 11:30:00,21.500000000000000,40.433333333333302, 4.0999999999999996e+00, 90.000000000000000,763.64999999999998
2016-01-16 11:40:00,21.600000000000001,40.399999999999999, 4.2999999999999998e+00, 89.000000000000000,763.73333333333301
2016-01-16 11:50:00,21.533333333333299,40.466666666666697, 4.5000000000000000e+00, 88.000000000000000,763.81666666666695
2016-01-16 12:00:00,21.600000000000001,40.500000000000000, 4.7000000000000002e+00, 87.000000000000000,763.89999999999998
2016-01-16 12:10:00,21.600000000000001,40.500000000000000, 4.9000000000000004e+00, 83.500000000000000,763.86666666666702
2016-01-16 12:20:00,21.566666666666698,40.500000000000000, 5.0999999999999996e+00, 80.000000000000000,763.83333333333303
2016-01-16 12:30:00,21.500000000000000,40.500000000000000, 5.2999999999999998e+00, 76.500000000000000,763.79999999999995
2016-01-16 12:40:00,21.500000000000000,40.530000000000001, 5.5000000000000000e+00, 73.000000000000000,763.76666666666699
2016-01-16 12:50:00,21.300000000000001,38.923333333333296, 5.7000000000000002e+00, 69.500000000000000,763.73333333333301
2016-01-16 13:00:00,21.100000000000001,37.950000000000003, 5.9000000000000004e+00, 66.000000000000000,763.70000000000005
2016-01-16 13:10:00,21.100000000000001,38.156666666666702, 5.8833333333333302e+00, 68.333333333333300,763.70000000000005
2016-01-16 13:20:00,21.100000000000001,38.363333333333301, 5.8666666666666698e+00, 70.666666666666700,763.70000000000005
2016-01-16 13:30:00,21.100000000000001,38.500000000000000, 5.8499999999999996e+00, 73.000000000000000,763.70000000000005
2016-01-16 13:40:00,21.100000000000001,38.500000000000000, 5.8333333333333304e+00, 75.333333333333300,763.70000000000005
2016-01-16 13:50:00,21.100000000000001,38.590000000000003, 5.8166666666666700e+00, 77.666666666666700,763.70000000000005
2016-01-16 14:00:00,21.100000000000001,38.663333333333298, 5.7999999999999998e+00, 80.000000000000000,763.70000000000005
2016-01-16 14:10:00,21.100000000000001,38.729999999999997, 5.7000000000000002e+00, 77.833333333333300,763.70000000000005
2016-01-16 14:20:00,21.100000000000001,38.789999999999999, 5.5999999999999996e+00, 75.666666666666700,763.70000000000005
2016-01-16 14:30:00,21.000000000000000,38.789999999999999, 5.5000000000000000e+00, 73.500000000000000,763.70000000000005
2016-01-16 14:40:00,21.000000000000000,38.789999999999999, 5.4000000000000004e+00, 71.333333333333300,763.70000000000005
2016-01-16 14:50:00,20.963333333333299,38.863333333333301, 5.2999999999999998e+00, 69.166666666666700,763.70000000000005
2016-01-16 15:00:00,20.963333333333299,38.789999999999999, 5.2000000000000002e+00, 67.000000000000000,763.70000000000005
2016-01-16 15:10:00,20.890000000000001,38.663333333333298, 5.0166666666666702e+00, 67.666666666666700,763.88333333333298
2016-01-16 15:20:00,20.890000000000001,38.530000000000001, 4.8333333333333304e+00, 68.333333333333300,764.06666666666695
2016-01-16 15:30:00,20.789999999999999,38.363333333333301, 4.6500000000000004e+00, 69.000000000000000,764.25000000000000
2016-01-16 15:40:00,20.789999999999999,38.229999999999997, 4.4666666666666703e+00, 69.666666666666700,764.43333333333305
2016-01-16 15:50:00,20.760000000000002,38.200000000000003, 4.2833333333333297e+00, 70.333333333333300,764.61666666666702
2016-01-16 16:00:00,20.699999999999999,38.200000000000003, 4.0999999999999996e+00, 71.000000000000000,764.79999999999995
2016-01-16 16:10:00,20.699999999999999,38.163333333333298, 3.6833333333333300e+00, 73.833333333333300,764.73333333333301
2016-01-16 16:20:00,20.699999999999999,38.067500000000003, 3.2666666666666702e+00, 76.666666666666700,764.66666666666697
2016-01-16 16:30:00,20.699999999999999,37.933333333333302, 2.8500000000000001e+00, 79.500000000000000,764.60000000000002
2016-01-16 16:40:00,20.600000000000001,37.789999999999999, 2.4333333333333300e+00, 82.333333333333300,764.53333333333296
2016-01-16 16:50:00,20.600000000000001,37.729999999999997, 2.0166666666666702e+00, 85.166666666666700,764.46666666666704
2016-01-16 17:00:00,20.566666666666698,37.700000000000003, 1.6000000000000001e+00, 88.000000000000000,764.39999999999998
2016-01-16 17:10:00,20.500000000000000,37.700000000000003, 1.7500000000000000e+00, 86.333333333333300,764.45000000000005
2016-01-16 17:20:00,20.463333333333299,37.590000000000003, 1.8999999999999999e+00, 84.666666666666700,764.50000000000000
2016-01-16 17:30:00,20.463333333333299,37.590000000000003, 2.0499999999999998e+00, 83.000000000000000,764.54999999999995
2016-01-16 17:40:00,20.390000000000001,37.590000000000003, 2.2000000000000002e+00, 81.333333333333300,764.60000000000002
2016-01-16 17:50:00,20.390000000000001,37.590000000000003, 2.3500000000000001e+00, 79.666666666666700,764.64999999999998
2016-01-16 18:00:00,20.463333333333299,37.700000000000003, 2.5000000000000000e+00, 78.000000000000000,764.70000000000005
2016-01-16 18:10:00,20.463333333333299,37.759999999999998, 2.4166666666666701e+00, 79.500000000000000,764.76666666666699
2016-01-16 18:20:00,20.533333333333299,37.759999999999998, 2.3333333333333299e+00, 81.000000000000000,764.83333333333303
2016-01-16 18:30:00,20.678999999999998,37.744999999999997, 2.2500000000000000e+00, 82.500000000000000,764.89999999999998
2016-01-16 18:40:00,20.789999999999999,37.789999999999999, 2.1666666666666701e+00, 84.000000000000000,764.96666666666704
2016-01-16 18:50:00,21.039999999999999,38.079999999999998, 2.0833333333333299e+00, 85.500000000000000,765.03333333333296
2016-01-16 19:00:00,21.286428571428601,38.390000000000001, 2.0000000000000000e+00, 87.000000000000000,765.10000000000002
2016-01-16 19:10:00,21.559444444444399,38.903333333333300, 1.8000000000000000e+00, 87.833333333333300,765.06666666666695
2016-01-16 19:20:00,21.792777777777800,39.225000000000001, 1.6000000000000001e+00, 88.666666666666700,765.03333333333296
2016-01-16 19:30:00,21.957222222222200,39.228888888888903, 1.3999999999999999e+00, 89.500000000000000,765.00000000000000
2016-01-16 19:40:00,22.011111111111099,39.087222222222202, 1.2000000000000000e+00, 90.333333333333300,764.96666666666704
2016-01-16 19:50:00,22.093750000000000,38.942500000000003, 1.0000000000000000e+00, 91.166666666666700,764.93333333333305
2016-01-16 20:00:00,22.100000000000001,38.626666666666701, 8.0000000000000004e-01, 92.000000000000000,764.89999999999998
2016-01-16 20:10:00,22.100000000000001,38.466666666666697, 7.3333333333333295e-01, 92.666666666666700,764.93333333333305
2016-01-16 20:20:00,22.100000000000001,38.399999999999999, 6.6666666666666696e-01, 93.333333333333300,764.96666666666704
2016-01-16 20:30:00,22.149999999999999,38.289999999999999, 5.9999999999999998e-01, 94.000000000000000,765.00000000000000
2016-01-16 20:40:00,22.100000000000001,38.200000000000003, 5.3333333333333299e-01, 94.666666666666700,765.03333333333296
2016-01-16 20:50:00,22.100000000000001,38.200000000000003, 4.6666666666666701e-01, 95.333333333333300,765.06666666666695
2016-01-16 21:00:00,22.100000000000001,38.200000000000003, 4.0000000000000002e-01, 96.000000000000000,765.10000000000002
2016-01-16 21:10:00,22.166666666666700,38.200000000000003, 4.1666666666666702e-01, 96.333333333333300,765.04999999999995
2016-01-16 21:20:00,22.199999999999999,38.172499999999999, 4.3333333333333302e-01, 96.666666666666700,765.00000000000000
2016-01-16 21:30:00,22.133333333333301,38.030000000000001, 4.5000000000000001e-01, 97.000000000000000,764.95000000000005
2016-01-16 21:40:00,22.100000000000001,37.966666666666697, 4.6666666666666701e-01, 97.333333333333300,764.89999999999998
2016-01-16 21:50:00,22.100000000000001,37.899999999999999, 4.8333333333333300e-01, 97.666666666666700,764.85000000000002
2016-01-16 22:00:00,22.100000000000001,37.863333333333301, 5.0000000000000000e-01, 98.000000000000000,764.79999999999995
2016-01-16 22:10:00,22.100000000000001,37.789999999999999, 5.8333333333333304e-01, 97.166666666666700,764.75000000000000
2016-01-16 22:20:00,22.100000000000001,37.789999999999999, 6.6666666666666696e-01, 96.333333333333300,764.70000000000005
2016-01-16 22:30:00,22.033333333333299,37.729999999999997, 7.5000000000000000e-01, 95.500000000000000,764.64999999999998
2016-01-16 22:40:00,21.963333333333299,37.700000000000003, 8.3333333333333304e-01, 94.666666666666700,764.60000000000002
2016-01-16 22:50:00,21.890000000000001,37.759999999999998, 9.1666666666666696e-01, 93.833333333333300,764.54999999999995
2016-01-16 23:00:00,21.856666666666701,37.789999999999999, 1.0000000000000000e+00, 93.000000000000000,764.50000000000000
2016-01-16 23:10:00,21.789999999999999,37.789999999999999, 9.1666666666666696e-01, 93.500000000000000,764.50000000000000
2016-01-16 23:20:00,21.760000000000002,37.933333333333302, 8.3333333333333304e-01, 94.000000000000000,764.50000000000000
2016-01-16 23:30:00,21.699999999999999,38.000000000000000, 7.5000000000000000e-01, 94.500000000000000,764.50000000000000
2016-01-16 23:40:00,21.666666666666700,38.000000000000000, 6.6666666666666696e-01, 95.000000000000000,764.50000000000000
2016-01-16 23:50:00,21.600000000000001,38.067500000000003, 5.8333333333333304e-01, 95.500000000000000,764.50000000000000
2016-01-17 00:00:00,21.533333333333299,38.090000000000003, 5.0000000000000000e-01, 96.000000000000000,764.50000000000000
2016-01-17 00:10:00,21.500000000000000,38.126666666666701, 5.5000000000000004e-01, 96.000000000000000,764.50000000000000
2016-01-17 00:20:00,21.426666666666701,38.126666666666701, 5.9999999999999998e-01, 96.000000000000000,764.50000000000000
2016-01-17 00:30:00,21.356666666666701,38.229999999999997, 6.5000000000000002e-01, 96.000000000000000,764.50000000000000
2016-01-17 00:40:00,21.289999999999999,38.289999999999999, 6.9999999999999996e-01, 96.000000000000000,764.50000000000000
2016-01-17 00:50:00,21.289999999999999,38.289999999999999, 7.5000000000000000e-01, 96.000000000000000,764.50000000000000
2016-01-17 01:00:00,21.289999999999999,38.289999999999999, 8.0000000000000004e-01, 96.000000000000000,764.50000000000000
2016-01-17 01:10:00,21.199999999999999,38.289999999999999, 8.3333333333333304e-01, 95.500000000000000,764.54999999999995
2016-01-17 01:20:00,21.133333333333301,38.289999999999999, 8.6666666666666703e-01, 95.000000000000000,764.60000000000002
2016-01-17 01:30:00,21.100000000000001,38.399999999999999, 9.0000000000000002e-01, 94.500000000000000,764.64999999999998
2016-01-17 01:40:00,21.100000000000001,38.399999999999999, 9.3333333333333302e-01, 94.000000000000000,764.70000000000005
2016-01-17 01:50:00,21.000000000000000,38.399999999999999, 9.6666666666666701e-01, 93.500000000000000,764.75000000000000
2016-01-17 02:00:00,21.000000000000000,38.399999999999999, 1.0000000000000000e+00, 93.000000000000000,764.79999999999995
2016-01-17 02:10:00,20.963333333333299,38.500000000000000, 9.0000000000000002e-01, 93.833333333333300,764.75000000000000
2016-01-17 02:20:00,20.890000000000001,38.560000000000002, 8.0000000000000004e-01, 94.666666666666700,764.70000000000005
2016-01-17 02:30:00,20.890000000000001,38.626666666666701, 6.9999999999999996e-01, 95.500000000000000,764.64999999999998
2016-01-17 02:40:00,20.823333333333299,38.626666666666701, 5.9999999999999998e-01, 96.333333333333300,764.60000000000002
2016-01-17 02:50:00,20.789999999999999,38.700000000000003, 5.0000000000000000e-01, 97.166666666666700,764.54999999999995
2016-01-17 03:00:00,20.789999999999999,38.700000000000003, 4.0000000000000002e-01, 98.000000000000000,764.50000000000000
2016-01-17 03:10:00,20.699999999999999,38.789999999999999, 4.3333333333333302e-01, 97.833333333333300,764.46666666666704
2016-01-17 03:20:00,20.699999999999999,38.826666666666704, 4.6666666666666701e-01, 97.666666666666700,764.43333333333305
2016-01-17 03:30:00,20.699999999999999,38.899999999999999, 5.0000000000000000e-01, 97.500000000000000,764.39999999999998
2016-01-17 03:40:00,20.666666666666700,38.899999999999999, 5.3333333333333299e-01, 97.333333333333300,764.36666666666702
2016-01-17 03:50:00,20.600000000000001,38.899999999999999, 5.6666666666666698e-01, 97.166666666666700,764.33333333333303
2016-01-17 04:00:00,20.600000000000001,38.933333333333302, 5.9999999999999998e-01, 97.000000000000000,764.29999999999995
2016-01-17 04:10:00,20.533333333333299,39.000000000000000, 5.8333333333333304e-01, 96.833333333333300,764.26666666666699
2016-01-17 04:20:00,20.500000000000000,39.030000000000001, 5.6666666666666698e-01, 96.666666666666700,764.23333333333301
2016-01-17 04:30:00,20.500000000000000,39.090000000000003, 5.5000000000000004e-01, 96.500000000000000,764.20000000000005
2016-01-17 04:40:00,20.500000000000000,39.126666666666701, 5.3333333333333299e-01, 96.333333333333300,764.16666666666697
2016-01-17 04:50:00,20.426666666666701,39.126666666666701, 5.1666666666666705e-01, 96.166666666666700,764.13333333333298
2016-01-17 05:00:00,20.390000000000001,39.090000000000003, 5.0000000000000000e-01, 96.000000000000000,764.10000000000002
2016-01-17 05:10:00,20.390000000000001,39.163333333333298, 4.8333333333333300e-01, 96.166666666666700,764.10000000000002
2016-01-17 05:20:00,20.323333333333299,39.200000000000003, 4.6666666666666701e-01, 96.333333333333300,764.10000000000002
2016-01-17 05:30:00,20.323333333333299,39.200000000000003, 4.5000000000000001e-01, 96.500000000000000,764.10000000000002
2016-01-17 05:40:00,20.289999999999999,39.229999999999997, 4.3333333333333302e-01, 96.666666666666700,764.10000000000002
2016-01-17 05:50:00,20.289999999999999,39.289999999999999, 4.1666666666666702e-01, 96.833333333333300,764.10000000000002
2016-01-17 06:00:00,20.260000000000002,39.259999999999998, 4.0000000000000002e-01, 97.000000000000000,764.10000000000002
2016-01-17 06:10:00,20.199999999999999,39.259999999999998, 4.1666666666666702e-01, 96.833333333333300,764.13333333333298
2016-01-17 06:20:00,20.199999999999999,39.344999999999999, 4.3333333333333302e-01, 96.666666666666700,764.16666666666697
2016-01-17 06:30:00,20.166666666666700,39.399999999999999, 4.5000000000000001e-01, 96.500000000000000,764.20000000000005
2016-01-17 06:40:00,20.166666666666700,39.399999999999999, 4.6666666666666701e-01, 96.333333333333300,764.23333333333301
2016-01-17 06:50:00,20.100000000000001,39.399999999999999, 4.8333333333333300e-01, 96.166666666666700,764.26666666666699
2016-01-17 07:00:00,20.100000000000001,39.466666666666697, 5.0000000000000000e-01, 96.000000000000000,764.29999999999995
2016-01-17 07:10:00,20.100000000000001,39.500000000000000, 2.8333333333333299e-01, 96.000000000000000,764.36666666666702
2016-01-17 07:20:00,20.033333333333299,39.433333333333302, 6.6666666666666693e-02, 96.000000000000000,764.43333333333305
2016-01-17 07:30:00,20.000000000000000,39.433333333333302,-1.4999999999999999e-01, 96.000000000000000,764.50000000000000
2016-01-17 07:40:00,20.000000000000000,39.560000000000002,-3.6666666666666697e-01, 96.000000000000000,764.56666666666695
2016-01-17 07:50:00,20.000000000000000,39.590000000000003,-5.8333333333333304e-01, 96.000000000000000,764.63333333333298
2016-01-17 08:00:00,20.000000000000000,39.663333333333298,-8.0000000000000004e-01, 96.000000000000000,764.70000000000005
2016-01-17 08:10:00,20.000000000000000,39.826666666666704,-8.0000000000000004e-01, 95.500000000000000,764.71666666666704
2016-01-17 08:20:00,20.000000000000000,39.966666666666697,-8.0000000000000004e-01, 95.000000000000000,764.73333333333301
2016-01-17 08:30:00,20.000000000000000,40.090000000000003,-8.0000000000000004e-01, 94.500000000000000,764.75000000000000
2016-01-17 08:40:00,20.000000000000000,40.090000000000003,-8.0000000000000004e-01, 94.000000000000000,764.76666666666699
2016-01-17 08:50:00,20.100000000000001,40.090000000000003,-8.0000000000000004e-01, 93.500000000000000,764.78333333333296
2016-01-17 09:00:00,20.166666666666700,40.090000000000003,-8.0000000000000004e-01, 93.000000000000000,764.79999999999995
2016-01-17 09:10:00,20.199999999999999,39.930000000000000,-6.3333333333333297e-01, 92.500000000000000,764.85000000000002
2016-01-17 09:20:00,20.260000000000002,39.789999999999999,-4.6666666666666701e-01, 92.000000000000000,764.89999999999998
2016-01-17 09:30:00,20.390000000000001,39.500000000000000,-2.9999999999999999e-01, 91.500000000000000,764.95000000000005
2016-01-17 09:40:00,20.500000000000000,39.296666666666702,-1.3333333333333300e-01, 91.000000000000000,765.00000000000000
2016-01-17 09:50:00,20.566666666666698,39.030000000000001, 3.3333333333333298e-02, 90.500000000000000,765.04999999999995
2016-01-17 10:00:00,20.823333333333299,38.863333333333301, 2.0000000000000001e-01, 90.000000000000000,765.10000000000002
2016-01-17 10:10:00,20.963333333333299,38.656666666666702, 3.8333333333333303e-01, 89.500000000000000,765.14999999999998
2016-01-17 10:20:00,21.133333333333301,38.399999999999999, 5.6666666666666698e-01, 89.000000000000000,765.20000000000005
2016-01-17 10:30:00,21.199999999999999,38.066666666666698, 7.5000000000000000e-01, 88.500000000000000,765.25000000000000
2016-01-17 10:40:00,21.289999999999999,37.966666666666697, 9.3333333333333302e-01, 88.000000000000000,765.29999999999995
2016-01-17 10:50:00,21.289999999999999,37.826666666666704, 1.1166666666666700e+00, 87.500000000000000,765.35000000000002
2016-01-17 11:00:00,21.390000000000001,37.663333333333298, 1.3000000000000000e+00, 87.000000000000000,765.39999999999998
2016-01-17 11:10:00,21.390000000000001,37.390000000000001, 1.4833333333333301e+00, 85.166666666666700,765.43333333333305
2016-01-17 11:20:00,21.390000000000001,36.859999999999999, 1.6666666666666701e+00, 83.333333333333300,765.46666666666704
2016-01-17 11:30:00,21.196666666666701,35.133333333333297, 1.8500000000000001e+00, 81.500000000000000,765.50000000000000
2016-01-17 11:40:00,20.890000000000001,34.426666666666698, 2.0333333333333301e+00, 79.666666666666700,765.53333333333296
2016-01-17 11:50:00,20.963333333333299,34.960000000000001, 2.2166666666666699e+00, 77.833333333333300,765.56666666666695
2016-01-17 12:00:00,21.133333333333301,35.596666666666700, 2.3999999999999999e+00, 76.000000000000000,765.60000000000002
2016-01-17 12:10:00,21.260000000000002,35.990000000000002, 2.4833333333333298e+00, 75.166666666666700,765.58333333333303
2016-01-17 12:20:00,21.289999999999999,36.326666666666704, 2.5666666666666700e+00, 74.333333333333300,765.56666666666695
2016-01-17 12:30:00,21.289999999999999,36.466666666666697, 2.6499999999999999e+00, 73.500000000000000,765.54999999999995
2016-01-17 12:40:00,21.289999999999999,36.590000000000003, 2.7333333333333298e+00, 72.666666666666700,765.53333333333296
2016-01-17 12:50:00,21.289999999999999,36.590000000000003, 2.8166666666666700e+00, 71.833333333333300,765.51666666666699
2016-01-17 13:00:00,21.289999999999999,36.590000000000003, 2.8999999999999999e+00, 71.000000000000000,765.50000000000000
2016-01-17 13:10:00,21.260000000000002,36.560000000000002, 2.9166666666666701e+00, 69.666666666666700,765.48333333333301
2016-01-17 13:20:00,21.133333333333301,36.560000000000002, 2.9333333333333300e+00, 68.333333333333300,765.46666666666704
2016-01-17 13:30:00,21.100000000000001,36.590000000000003, 2.9500000000000002e+00, 67.000000000000000,765.45000000000005
2016-01-17 13:40:00,21.100000000000001,36.663333333333298, 2.9666666666666699e+00, 65.666666666666700,765.43333333333305
2016-01-17 13:50:00,21.000000000000000,36.563333333333297, 2.9833333333333298e+00, 64.333333333333300,765.41666666666697
2016-01-17 14:00:00,20.774999999999999,34.789999999999999, 3.0000000000000000e+00, 63.000000000000000,765.39999999999998
2016-01-17 14:10:00,20.416000000000000,32.390000000000001, 3.0166666666666702e+00, 62.333333333333300,765.36666666666702
2016-01-17 14:20:00,20.096666666666700,31.160000000000000, 3.0333333333333301e+00, 61.666666666666700,765.33333333333303
2016-01-17 14:30:00,19.763333333333300,30.160000000000000, 3.0499999999999998e+00, 61.000000000000000,765.29999999999995
2016-01-17 14:40:00,19.730000000000000,30.366666666666699, 3.0666666666666700e+00, 60.333333333333300,765.26666666666699
2016-01-17 14:50:00,19.856666666666701,31.233333333333299, 3.0833333333333299e+00, 59.666666666666700,765.23333333333301
2016-01-17 15:00:00,19.984285714285701,32.327142857142903, 3.1000000000000001e+00, 59.000000000000000,765.20000000000005
2016-01-17 15:10:00,20.081250000000001,33.115000000000002, 3.0333333333333301e+00, 59.166666666666700,765.18333333333305
2016-01-17 15:20:00,20.146153846153801,33.603846153846199, 2.9666666666666699e+00, 59.333333333333300,765.16666666666697
2016-01-17 15:30:00,20.199999999999999,33.975999999999999, 2.8999999999999999e+00, 59.500000000000000,765.14999999999998
2016-01-17 15:40:00,20.289999999999999,34.513333333333300, 2.8333333333333299e+00, 59.666666666666700,765.13333333333298
2016-01-17 15:50:00,20.318571428571399,34.725714285714297, 2.7666666666666702e+00, 59.833333333333300,765.11666666666702
2016-01-17 16:00:00,20.390000000000001,34.911111111111097, 2.7000000000000002e+00, 60.000000000000000,765.10000000000002
2016-01-17 16:10:00,20.390000000000001,35.000000000000000, 2.3833333333333302e+00, 62.166666666666700,765.06666666666695
2016-01-17 16:20:00,20.434000000000001,35.116000000000000, 2.0666666666666700e+00, 64.333333333333300,765.03333333333296
2016-01-17 16:30:00,20.390000000000001,35.326666666666704, 1.7500000000000000e+00, 66.500000000000000,765.00000000000000
2016-01-17 16:40:00,20.364999999999998,35.674999999999997, 1.4333333333333300e+00, 68.666666666666700,764.96666666666704
2016-01-17 16:50:00,20.356666666666701,35.899999999999999, 1.1166666666666700e+00, 70.833333333333300,764.93333333333305
2016-01-17 17:00:00,20.289999999999999,35.975000000000001, 8.0000000000000004e-01, 73.000000000000000,764.89999999999998
2016-01-17 17:10:00,20.230000000000000,35.796666666666702, 5.3333333333333299e-01, 74.666666666666700,764.88333333333298
2016-01-17 17:20:00,20.149999999999999,35.825000000000003, 2.6666666666666700e-01, 76.333333333333300,764.86666666666702
2016-01-17 17:30:00,20.100000000000001,36.077272727272700, 0.0000000000000000e+00, 78.000000000000000,764.85000000000002
2016-01-17 17:40:00,20.100000000000001,37.040909090909103,-2.6666666666666700e-01, 79.666666666666700,764.83333333333303
2016-01-17 17:50:00,20.100000000000001,38.154000000000003,-5.3333333333333299e-01, 81.333333333333300,764.81666666666695
2016-01-17 18:00:00,20.066666666666698,40.560000000000002,-8.0000000000000004e-01, 83.000000000000000,764.79999999999995
2016-01-17 18:10:00,20.074999999999999,41.156250000000000,-8.3333333333333304e-01, 82.333333333333300,764.79999999999995
2016-01-17 18:20:00,20.100000000000001,40.692500000000003,-8.6666666666666703e-01, 81.666666666666700,764.79999999999995
2016-01-17 18:30:00,20.100000000000001,40.299999999999997,-9.0000000000000002e-01, 81.000000000000000,764.79999999999995
2016-01-17 18:40:00,20.166666666666700,40.693333333333300,-9.3333333333333302e-01, 80.333333333333300,764.79999999999995
2016-01-17 18:50:00,20.289999999999999,40.717500000000001,-9.6666666666666701e-01, 79.666666666666700,764.79999999999995
2016-01-17 19:00:00,20.309999999999999,40.719999999999999,-1.0000000000000000e+00, 79.000000000000000,764.79999999999995
2016-01-17 19:10:00,20.390000000000001,41.777777777777800,-1.0333333333333301e+00, 78.000000000000000,764.79999999999995
2016-01-17 19:20:00,20.454166666666701,42.341666666666697,-1.0666666666666700e+00, 77.000000000000000,764.79999999999995
2016-01-17 19:30:00,20.518750000000001,42.481250000000003,-1.1000000000000001e+00, 76.000000000000000,764.79999999999995
2016-01-17 19:40:00,20.606249999999999,42.163750000000000,-1.1333333333333300e+00, 75.000000000000000,764.79999999999995
2016-01-17 19:50:00,20.666666666666700,41.678888888888899,-1.1666666666666701e+00, 74.000000000000000,764.79999999999995
2016-01-17 20:00:00,20.706428571428599,41.107142857142897,-1.2000000000000000e+00, 73.000000000000000,764.79999999999995
2016-01-17 20:10:00,20.773636363636399,40.700000000000003,-1.2500000000000000e+00, 74.166666666666700,764.75000000000000
2016-01-17 20:20:00,20.781818181818199,40.049999999999997,-1.3000000000000000e+00, 75.333333333333300,764.70000000000005
2016-01-17 20:30:00,20.789999999999999,39.399999999999999,-1.3500000000000001e+00, 76.500000000000000,764.64999999999998
2016-01-17 20:40:00,20.890000000000001,39.333333333333300,-1.3999999999999999e+00, 77.666666666666700,764.60000000000002
2016-01-17 20:50:00,20.890000000000001,39.200000000000003,-1.4500000000000000e+00, 78.833333333333300,764.54999999999995
2016-01-17 21:00:00,20.890000000000001,39.433333333333302,-1.5000000000000000e+00, 80.000000000000000,764.50000000000000
2016-01-17 21:10:00,20.917500000000000,39.475000000000001,-1.5666666666666700e+00, 80.333333333333300,764.48333333333301
2016-01-17 21:20:00,21.000000000000000,39.326666666666704,-1.6333333333333300e+00, 80.666666666666700,764.46666666666704
2016-01-17 21:30:00,21.000000000000000,39.163333333333298,-1.7000000000000000e+00, 81.000000000000000,764.45000000000005
2016-01-17 21:40:00,21.000000000000000,39.030000000000001,-1.7666666666666699e+00, 81.333333333333300,764.43333333333305
2016-01-17 21:50:00,21.000000000000000,38.899999999999999,-1.8333333333333299e+00, 81.666666666666700,764.41666666666697
2016-01-17 22:00:00,20.926666666666701,38.966666666666697,-1.8999999999999999e+00, 82.000000000000000,764.39999999999998
2016-01-17 22:10:00,20.890000000000001,39.090000000000003,-1.9666666666666699e+00, 82.166666666666700,764.35000000000002
2016-01-17 22:20:00,20.890000000000001,39.163333333333298,-2.0333333333333301e+00, 82.333333333333300,764.29999999999995
2016-01-17 22:30:00,20.789999999999999,39.229999999999997,-2.1000000000000001e+00, 82.500000000000000,764.25000000000000
2016-01-17 22:40:00,20.789999999999999,39.363333333333301,-2.1666666666666701e+00, 82.666666666666700,764.20000000000005
2016-01-17 22:50:00,20.699999999999999,39.433333333333302,-2.2333333333333298e+00, 82.833333333333300,764.14999999999998
2016-01-17 23:00:00,20.699999999999999,39.560000000000002,-2.2999999999999998e+00, 83.000000000000000,764.10000000000002
2016-01-17 23:10:00,20.566666666666698,39.590000000000003,-2.3833333333333302e+00, 83.500000000000000,764.03333333333296
2016-01-17 23:20:00,20.500000000000000,39.663333333333298,-2.4666666666666699e+00, 84.000000000000000,763.96666666666704
2016-01-17 23:30:00,20.390000000000001,39.729999999999997,-2.5499999999999998e+00, 84.500000000000000,763.89999999999998
2016-01-17 23:40:00,20.390000000000001,39.863333333333301,-2.6333333333333302e+00, 85.000000000000000,763.83333333333303
2016-01-17 23:50:00,20.289999999999999,40.000000000000000,-2.7166666666666699e+00, 85.500000000000000,763.76666666666699
2016-01-18 00:00:00,20.230000000000000,40.000000000000000,-2.7999999999999998e+00, 86.000000000000000,763.70000000000005
2016-01-18 00:10:00,20.166666666666700,40.090000000000003,-2.8833333333333302e+00, 86.000000000000000,763.58333333333303
2016-01-18 00:20:00,20.074999999999999,40.067500000000003,-2.9666666666666699e+00, 86.000000000000000,763.46666666666704
2016-01-18 00:30:00,20.000000000000000,40.000000000000000,-3.0499999999999998e+00, 86.000000000000000,763.35000000000002
2016-01-18 00:40:00,19.945000000000000,40.000000000000000,-3.1333333333333302e+00, 86.000000000000000,763.23333333333301
2016-01-18 00:50:00,19.890000000000001,40.030000000000001,-3.2166666666666699e+00, 86.000000000000000,763.11666666666702
2016-01-18 01:00:00,19.890000000000001,40.090000000000003,-3.2999999999999998e+00, 86.000000000000000,763.00000000000000
2016-01-18 01:10:00,19.760000000000002,40.090000000000003,-3.4166666666666701e+00, 86.500000000000000,762.91666666666697
2016-01-18 01:20:00,19.699999999999999,40.163333333333298,-3.5333333333333301e+00, 87.000000000000000,762.83333333333303
2016-01-18 01:30:00,19.666666666666700,40.060000000000002,-3.6499999999999999e+00, 87.500000000000000,762.75000000000000
2016-01-18 01:40:00,19.600000000000001,40.000000000000000,-3.7666666666666702e+00, 88.000000000000000,762.66666666666697
2016-01-18 01:50:00,19.600000000000001,40.000000000000000,-3.8833333333333302e+00, 88.500000000000000,762.58333333333303
2016-01-18 02:00:00,19.533333333333299,40.000000000000000,-4.0000000000000000e+00, 89.000000000000000,762.50000000000000
2016-01-18 02:10:00,19.500000000000000,40.030000000000001,-4.0000000000000000e+00, 88.666666666666700,762.39999999999998
2016-01-18 02:20:00,19.426666666666701,40.030000000000001,-4.0000000000000000e+00, 88.333333333333300,762.29999999999995
2016-01-18 02:30:00,19.390000000000001,40.126666666666701,-4.0000000000000000e+00, 88.000000000000000,762.20000000000005
2016-01-18 02:40:00,19.390000000000001,40.200000000000003,-4.0000000000000000e+00, 87.666666666666700,762.10000000000002
2016-01-18 02:50:00,19.289999999999999,40.229999999999997,-4.0000000000000000e+00, 87.333333333333300,762.00000000000000
2016-01-18 03:00:00,19.230000000000000,40.229999999999997,-4.0000000000000000e+00, 87.000000000000000,761.89999999999998
2016-01-18 03:10:00,19.199999999999999,40.289999999999999,-4.0000000000000000e+00, 86.833333333333300,761.81666666666695
2016-01-18 03:20:00,19.199999999999999,40.363333333333301,-4.0000000000000000e+00, 86.666666666666700,761.73333333333301
2016-01-18 03:30:00,19.166666666666700,40.399999999999999,-4.0000000000000000e+00, 86.500000000000000,761.64999999999998
2016-01-18 03:40:00,19.100000000000001,40.399999999999999,-4.0000000000000000e+00, 86.333333333333300,761.56666666666695
2016-01-18 03:50:00,19.100000000000001,40.466666666666697,-4.0000000000000000e+00, 86.166666666666700,761.48333333333301
2016-01-18 04:00:00,19.000000000000000,40.399999999999999,-4.0000000000000000e+00, 86.000000000000000,761.39999999999998
2016-01-18 04:10:00,19.000000000000000,40.399999999999999,-4.0000000000000000e+00, 85.666666666666700,761.29999999999995
2016-01-18 04:20:00,18.963333333333299,40.399999999999999,-4.0000000000000000e+00, 85.333333333333300,761.20000000000005
2016-01-18 04:30:00,18.890000000000001,40.399999999999999,-4.0000000000000000e+00, 85.000000000000000,761.10000000000002
2016-01-18 04:40:00,18.890000000000001,40.399999999999999,-4.0000000000000000e+00, 84.666666666666700,761.00000000000000
2016-01-18 04:50:00,18.890000000000001,40.399999999999999,-4.0000000000000000e+00, 84.333333333333300,760.89999999999998
2016-01-18 05:00:00,18.789999999999999,40.289999999999999,-4.0000000000000000e+00, 84.000000000000000,760.79999999999995
2016-01-18 05:10:00,18.789999999999999,40.363333333333301,-4.0833333333333304e+00, 84.500000000000000,760.71666666666704
2016-01-18 05:20:00,18.699999999999999,40.326666666666704,-4.1666666666666696e+00, 85.000000000000000,760.63333333333298
2016-01-18 05:30:00,18.699999999999999,40.399999999999999,-4.2500000000000000e+00, 85.500000000000000,760.54999999999995
2016-01-18 05:40:00,18.699999999999999,40.399999999999999,-4.3333333333333304e+00, 86.000000000000000,760.46666666666704
2016-01-18 05:50:00,18.633333333333301,40.326666666666704,-4.4166666666666696e+00, 86.500000000000000,760.38333333333298
2016-01-18 06:00:00,18.600000000000001,40.289999999999999,-4.5000000000000000e+00, 87.000000000000000,760.29999999999995
2016-01-18 06:10:00,18.600000000000001,40.289999999999999,-4.5499999999999998e+00, 87.166666666666700,760.25000000000000
2016-01-18 06:20:00,18.566666666666698,40.433333333333302,-4.5999999999999996e+00, 87.333333333333300,760.20000000000005
2016-01-18 06:30:00,18.566666666666698,40.633333333333297,-4.6500000000000004e+00, 87.500000000000000,760.14999999999998
2016-01-18 06:40:00,18.500000000000000,40.859999999999999,-4.7000000000000002e+00, 87.666666666666700,760.10000000000002
2016-01-18 06:50:00,18.500000000000000,41.000000000000000,-4.7500000000000000e+00, 87.833333333333300,760.04999999999995
2016-01-18 07:00:00,18.500000000000000,41.126666666666701,-4.7999999999999998e+00, 88.000000000000000,760.00000000000000
2016-01-18 07:10:00,18.390000000000001,41.126666666666701,-4.7500000000000000e+00, 87.833333333333300,759.96666666666704
2016-01-18 07:20:00,18.390000000000001,41.333333333333300,-4.7000000000000002e+00, 87.666666666666700,759.93333333333305
2016-01-18 07:30:00,18.356666666666701,41.463333333333303,-4.6500000000000004e+00, 87.500000000000000,759.89999999999998
2016-01-18 07:40:00,18.289999999999999,41.590000000000003,-4.5999999999999996e+00, 87.333333333333300,759.86666666666702
2016-01-18 07:50:00,18.356666666666701,41.590000000000003,-4.5499999999999998e+00, 87.166666666666700,759.83333333333303
2016-01-18 08:00:00,18.289999999999999,41.590000000000003,-4.5000000000000000e+00, 87.000000000000000,759.79999999999995
2016-01-18 08:10:00,18.289999999999999,41.590000000000003,-4.4333333333333300e+00, 86.833333333333300,759.76666666666699
2016-01-18 08:20:00,18.230000000000000,41.530000000000001,-4.3666666666666698e+00, 86.666666666666700,759.73333333333301
2016-01-18 08:30:00,18.260000000000002,41.560000000000002,-4.2999999999999998e+00, 86.500000000000000,759.70000000000005
2016-01-18 08:40:00,18.199999999999999,41.560000000000002,-4.2333333333333298e+00, 86.333333333333300,759.66666666666697
2016-01-18 08:50:00,18.199999999999999,41.590000000000003,-4.1666666666666696e+00, 86.166666666666700,759.63333333333298
2016-01-18 09:00:00,18.199999999999999,41.590000000000003,-4.0999999999999996e+00, 86.000000000000000,759.60000000000002
2016-01-18 09:10:00,18.199999999999999,41.700000000000003,-4.0000000000000000e+00, 86.166666666666700,759.54999999999995
2016-01-18 09:20:00,18.133333333333301,41.700000000000003,-3.8999999999999999e+00, 86.333333333333300,759.50000000000000
2016-01-18 09:30:00,18.100000000000001,41.729999999999997,-3.7999999999999998e+00, 86.500000000000000,759.45000000000005
2016-01-18 09:40:00,18.100000000000001,41.789999999999999,-3.7000000000000002e+00, 86.666666666666700,759.39999999999998
2016-01-18 09:50:00,18.100000000000001,41.789999999999999,-3.6000000000000001e+00, 86.833333333333300,759.35000000000002
2016-01-18 10:00:00,18.100000000000001,41.789999999999999,-3.5000000000000000e+00, 87.000000000000000,759.29999999999995
2016-01-18 10:10:00,18.100000000000001,41.789999999999999,-3.2833333333333301e+00, 85.833333333333300,759.23333333333301
2016-01-18 10:20:00,18.100000000000001,41.789999999999999,-3.0666666666666700e+00, 84.666666666666700,759.16666666666697
2016-01-18 10:30:00,18.100000000000001,41.789999999999999,-2.8500000000000001e+00, 83.500000000000000,759.10000000000002
2016-01-18 10:40:00,18.133333333333301,41.700000000000003,-2.6333333333333302e+00, 82.333333333333300,759.03333333333296
2016-01-18 10:50:00,18.133333333333301,41.700000000000003,-2.4166666666666701e+00, 81.166666666666700,758.96666666666704
2016-01-18 11:00:00,18.199999999999999,41.663333333333298,-2.2000000000000002e+00, 80.000000000000000,758.89999999999998
2016-01-18 11:10:00,18.199999999999999,41.590000000000003,-2.0666666666666700e+00, 79.000000000000000,758.81666666666695
2016-01-18 11:20:00,18.199999999999999,41.590000000000003,-1.9333333333333300e+00, 78.000000000000000,758.73333333333301
2016-01-18 11:30:00,18.260000000000002,41.590000000000003,-1.8000000000000000e+00, 77.000000000000000,758.64999999999998
2016-01-18 11:40:00,18.230000000000000,41.530000000000001,-1.6666666666666701e+00, 76.000000000000000,758.56666666666695
2016-01-18 11:50:00,18.289999999999999,41.590000000000003,-1.5333333333333301e+00, 75.000000000000000,758.48333333333301
2016-01-18 12:00:00,18.289999999999999,41.590000000000003,-1.3999999999999999e+00, 74.000000000000000,758.39999999999998
2016-01-18 12:10:00,18.289999999999999,41.530000000000001,-1.3500000000000001e+00, 73.666666666666700,758.29999999999995
2016-01-18 12:20:00,18.289999999999999,41.500000000000000,-1.3000000000000000e+00, 73.333333333333300,758.20000000000005
2016-01-18 12:30:00,18.289999999999999,41.500000000000000,-1.2500000000000000e+00, 73.000000000000000,758.10000000000002
2016-01-18 12:40:00,18.289999999999999,41.500000000000000,-1.2000000000000000e+00, 72.666666666666700,758.00000000000000
2016-01-18 12:50:00,18.289999999999999,41.500000000000000,-1.1499999999999999e+00, 72.333333333333300,757.89999999999998
2016-01-18 13:00:00,18.289999999999999,41.500000000000000,-1.1000000000000001e+00, 72.000000000000000,757.79999999999995
2016-01-18 13:10:00,18.245000000000001,41.450000000000003,-1.0166666666666699e+00, 71.666666666666700,757.71666666666704
2016-01-18 13:20:00,18.289999999999999,41.500000000000000,-9.3333333333333302e-01, 71.333333333333300,757.63333333333298
2016-01-18 13:30:00,18.230000000000000,41.433333333333302,-8.4999999999999998e-01, 71.000000000000000,757.54999999999995
2016-01-18 13:40:00,18.289999999999999,41.500000000000000,-7.6666666666666705e-01, 70.666666666666700,757.46666666666704
2016-01-18 13:50:00,18.199999999999999,41.399999999999999,-6.8333333333333302e-01, 70.333333333333300,757.38333333333298
2016-01-18 14:00:00,18.260000000000002,41.466666666666697,-5.9999999999999998e-01, 70.000000000000000,757.29999999999995
2016-01-18 14:10:00,18.289999999999999,41.500000000000000,-5.6666666666666698e-01, 69.500000000000000,757.25000000000000
2016-01-18 14:20:00,18.289999999999999,41.500000000000000,-5.3333333333333299e-01, 69.000000000000000,757.20000000000005
2016-01-18 14:30:00,18.289999999999999,41.500000000000000,-5.0000000000000000e-01, 68.500000000000000,757.14999999999998
2016-01-18 14:40:00,18.289999999999999,41.500000000000000,-4.6666666666666701e-01, 68.000000000000000,757.10000000000002
2016-01-18 14:50:00,18.260000000000002,41.500000000000000,-4.3333333333333302e-01, 67.500000000000000,757.04999999999995
2016-01-18 15:00:00,18.199999999999999,41.500000000000000,-4.0000000000000002e-01, 67.000000000000000,757.00000000000000
2016-01-18 15:10:00,18.199999999999999,41.399999999999999,-4.1666666666666702e-01, 67.500000000000000,756.96666666666704
2016-01-18 15:20:00,18.199999999999999,41.399999999999999,-4.3333333333333302e-01, 68.000000000000000,756.93333333333305
2016-01-18 15:30:00,18.199999999999999,41.399999999999999,-4.5000000000000001e-01, 68.500000000000000,756.89999999999998
2016-01-18 15:40:00,18.199999999999999,41.399999999999999,-4.6666666666666701e-01, 69.000000000000000,756.86666666666702
2016-01-18 15:50:00,18.199999999999999,41.399999999999999,-4.8333333333333300e-01, 69.500000000000000,756.83333333333303
2016-01-18 16:00:00,18.199999999999999,41.399999999999999,-5.0000000000000000e-01, 70.000000000000000,756.79999999999995
2016-01-18 16:10:00,18.199999999999999,41.399999999999999,-6.1666666666666703e-01, 72.000000000000000,756.76666666666699
2016-01-18 16:20:00,18.175000000000001,41.475000000000001,-7.3333333333333295e-01, 74.000000000000000,756.73333333333301
2016-01-18 16:30:00,18.100000000000001,41.500000000000000,-8.4999999999999998e-01, 76.000000000000000,756.70000000000005
2016-01-18 16:40:00,18.100000000000001,41.560000000000002,-9.6666666666666701e-01, 78.000000000000000,756.66666666666697
2016-01-18 16:50:00,18.100000000000001,41.560000000000002,-1.0833333333333299e+00, 80.000000000000000,756.63333333333298
2016-01-18 17:00:00,18.066666666666698,41.560000000000002,-1.2000000000000000e+00, 82.000000000000000,756.60000000000002
2016-01-18 17:10:00,18.000000000000000,41.500000000000000,-1.3333333333333299e+00, 82.833333333333300,756.60000000000002
2016-01-18 17:20:00,18.000000000000000,41.500000000000000,-1.4666666666666699e+00, 83.666666666666700,756.60000000000002
2016-01-18 17:30:00,17.926666666666701,41.500000000000000,-1.6000000000000001e+00, 84.500000000000000,756.60000000000002
2016-01-18 17:40:00,17.890000000000001,41.530000000000001,-1.7333333333333301e+00, 85.333333333333300,756.60000000000002
2016-01-18 17:50:00,17.890000000000001,41.590000000000003,-1.8666666666666700e+00, 86.166666666666700,756.60000000000002
2016-01-18 18:00:00,17.890000000000001,41.590000000000003,-2.0000000000000000e+00, 87.000000000000000,756.60000000000002
2016-01-18 18:10:00,17.823333333333299,41.530000000000001,-2.0833333333333299e+00, 86.333333333333300,756.60000000000002
2016-01-18 18:20:00,17.789999999999999,41.560000000000002,-2.1666666666666701e+00, 85.666666666666700,756.60000000000002
2016-01-18 18:30:00,17.789999999999999,41.433333333333302,-2.2500000000000000e+00, 85.000000000000000,756.60000000000002
2016-01-18 18:40:00,17.789999999999999,41.463333333333303,-2.3333333333333299e+00, 84.333333333333300,756.60000000000002
2016-01-18 18:50:00,17.789999999999999,41.590000000000003,-2.4166666666666701e+00, 83.666666666666700,756.60000000000002
2016-01-18 19:00:00,17.926666666666701,41.859999999999999,-2.5000000000000000e+00, 83.000000000000000,756.60000000000002
2016-01-18 19:10:00,18.066666666666698,42.060000000000002,-2.5000000000000000e+00, 82.166666666666700,756.64999999999998
2016-01-18 19:20:00,18.133333333333301,41.933333333333302,-2.5000000000000000e+00, 81.333333333333300,756.70000000000005
2016-01-18 19:30:00,18.292500000000000,42.270000000000003,-2.5000000000000000e+00, 80.500000000000000,756.75000000000000
2016-01-18 19:40:00,18.463333333333299,42.633333333333297,-2.5000000000000000e+00, 79.666666666666700,756.79999999999995
2016-01-18 19:50:00,18.699999999999999,42.466666666666697,-2.5000000000000000e+00, 78.833333333333300,756.85000000000002
2016-01-18 20:00:00,18.760000000000002,42.526666666666699,-2.5000000000000000e+00, 78.000000000000000,756.89999999999998
2016-01-18 20:10:00,18.926666666666701,42.796666666666702,-2.5833333333333299e+00, 78.833333333333300,756.88333333333298
2016-01-18 20:20:00,19.066666666666698,42.530000000000001,-2.6666666666666701e+00, 79.666666666666700,756.86666666666702
2016-01-18 20:30:00,19.199999999999999,41.923333333333296,-2.7500000000000000e+00, 80.500000000000000,756.85000000000002
2016-01-18 20:40:00,19.260000000000002,41.390000000000001,-2.8333333333333299e+00, 81.333333333333300,756.83333333333303
2016-01-18 20:50:00,19.390000000000001,41.060000000000002,-2.9166666666666701e+00, 82.166666666666700,756.81666666666695
2016-01-18 21:00:00,19.463333333333299,40.933333333333302,-3.0000000000000000e+00, 83.000000000000000,756.79999999999995
2016-01-18 21:10:00,19.500000000000000,40.633333333333297,-3.1666666666666701e+00, 83.500000000000000,756.76666666666699
2016-01-18 21:20:00,19.566666666666698,40.433333333333302,-3.3333333333333299e+00, 84.000000000000000,756.73333333333301
2016-01-18 21:30:00,19.600000000000001,40.026666666666699,-3.5000000000000000e+00, 84.500000000000000,756.70000000000005
2016-01-18 21:40:00,19.672727272727300,39.638181818181799,-3.6666666666666701e+00, 85.000000000000000,756.66666666666697
2016-01-18 21:50:00,19.699999999999999,39.196666666666701,-3.8333333333333299e+00, 85.500000000000000,756.63333333333298
2016-01-18 22:00:00,19.699999999999999,38.633333333333297,-4.0000000000000000e+00, 86.000000000000000,756.60000000000002
2016-01-18 22:10:00,19.699999999999999,38.361666666666700,-4.1500000000000004e+00, 86.333333333333300,756.60000000000002
2016-01-18 22:20:00,19.699999999999999,38.229999999999997,-4.2999999999999998e+00, 86.666666666666700,756.60000000000002
2016-01-18 22:30:00,19.699999999999999,38.359999999999999,-4.4500000000000002e+00, 87.000000000000000,756.60000000000002
2016-01-18 22:40:00,19.699999999999999,38.560000000000002,-4.5999999999999996e+00, 87.333333333333300,756.60000000000002
2016-01-18 22:50:00,19.699999999999999,38.729999999999997,-4.7500000000000000e+00, 87.666666666666700,756.60000000000002
2016-01-18 23:00:00,19.625000000000000,38.817500000000003,-4.9000000000000004e+00, 88.000000000000000,756.60000000000002
2016-01-18 23:10:00,19.533333333333299,38.966666666666697,-4.8333333333333304e+00, 87.833333333333300,756.60000000000002
2016-01-18 23:20:00,19.463333333333299,39.030000000000001,-4.7666666666666702e+00, 87.666666666666700,756.60000000000002
2016-01-18 23:30:00,19.390000000000001,39.090000000000003,-4.7000000000000002e+00, 87.500000000000000,756.60000000000002
2016-01-18 23:40:00,19.356666666666701,39.156666666666702,-4.6333333333333302e+00, 87.333333333333300,756.60000000000002
2016-01-18 23:50:00,19.289999999999999,39.289999999999999,-4.5666666666666700e+00, 87.166666666666700,756.60000000000002
2016-01-19 00:00:00,19.199999999999999,39.229999999999997,-4.5000000000000000e+00, 87.000000000000000,756.60000000000002
2016-01-19 00:10:00,19.133333333333301,39.363333333333301,-4.5166666666666702e+00, 87.666666666666700,756.60000000000002
2016-01-19 00:20:00,19.066666666666698,39.363333333333301,-4.5333333333333297e+00, 88.333333333333300,756.60000000000002
2016-01-19 00:30:00,19.000000000000000,39.289999999999999,-4.5499999999999998e+00, 89.000000000000000,756.60000000000002
2016-01-19 00:40:00,18.890000000000001,39.259999999999998,-4.5666666666666700e+00, 89.666666666666700,756.60000000000002
2016-01-19 00:50:00,18.890000000000001,39.259999999999998,-4.5833333333333304e+00, 90.333333333333300,756.60000000000002
2016-01-19 01:00:00,18.760000000000002,39.090000000000003,-4.5999999999999996e+00, 91.000000000000000,756.60000000000002
2016-01-19 01:10:00,18.699999999999999,39.090000000000003,-4.5499999999999998e+00, 90.500000000000000,756.53333333333296
2016-01-19 01:20:00,18.666666666666700,39.060000000000002,-4.5000000000000000e+00, 90.000000000000000,756.46666666666704
2016-01-19 01:30:00,18.600000000000001,39.060000000000002,-4.4500000000000002e+00, 89.500000000000000,756.39999999999998
2016-01-19 01:40:00,18.566666666666698,39.000000000000000,-4.4000000000000004e+00, 89.000000000000000,756.33333333333303
2016-01-19 01:50:00,18.500000000000000,39.060000000000002,-4.3499999999999996e+00, 88.500000000000000,756.26666666666699
2016-01-19 02:00:00,18.463333333333299,39.060000000000002,-4.2999999999999998e+00, 88.000000000000000,756.20000000000005
2016-01-19 02:10:00,18.390000000000001,39.067500000000003,-4.3333333333333304e+00, 88.500000000000000,756.25000000000000
2016-01-19 02:20:00,18.323333333333299,39.090000000000003,-4.3666666666666698e+00, 89.000000000000000,756.29999999999995
2016-01-19 02:30:00,18.356666666666701,39.126666666666701,-4.4000000000000004e+00, 89.500000000000000,756.35000000000002
2016-01-19 02:40:00,18.289999999999999,39.200000000000003,-4.4333333333333300e+00, 90.000000000000000,756.39999999999998
2016-01-19 02:50:00,18.199999999999999,39.200000000000003,-4.4666666666666703e+00, 90.500000000000000,756.45000000000005
2016-01-19 03:00:00,18.199999999999999,39.200000000000003,-4.5000000000000000e+00, 91.000000000000000,756.50000000000000
2016-01-19 03:10:00,18.100000000000001,39.259999999999998,-4.4333333333333300e+00, 90.666666666666700,756.45000000000005
2016-01-19 03:20:00,18.100000000000001,39.259999999999998,-4.3666666666666698e+00, 90.333333333333300,756.39999999999998
2016-01-19 03:30:00,18.066666666666698,39.259999999999998,-4.2999999999999998e+00, 90.000000000000000,756.35000000000002
2016-01-19 03:40:00,18.000000000000000,39.200000000000003,-4.2333333333333298e+00, 89.666666666666700,756.29999999999995
2016-01-19 03:50:00,18.000000000000000,39.289999999999999,-4.1666666666666696e+00, 89.333333333333300,756.25000000000000
2016-01-19 04:00:00,18.000000000000000,39.289999999999999,-4.0999999999999996e+00, 89.000000000000000,756.20000000000005
2016-01-19 04:10:00,17.890000000000001,39.326666666666704,-4.0999999999999996e+00, 89.000000000000000,756.21666666666704
2016-01-19 04:20:00,17.890000000000001,39.399999999999999,-4.0999999999999996e+00, 89.000000000000000,756.23333333333301
2016-01-19 04:30:00,17.856666666666701,39.466666666666697,-4.0999999999999996e+00, 89.000000000000000,756.25000000000000
2016-01-19 04:40:00,17.789999999999999,39.466666666666697,-4.0999999999999996e+00, 89.000000000000000,756.26666666666699
2016-01-19 04:50:00,17.789999999999999,39.500000000000000,-4.0999999999999996e+00, 89.000000000000000,756.28333333333296
2016-01-19 05:00:00,17.789999999999999,39.500000000000000,-4.0999999999999996e+00, 89.000000000000000,756.29999999999995
2016-01-19 05:10:00,17.699999999999999,39.500000000000000,-4.1666666666666696e+00, 89.333333333333300,756.31666666666695
2016-01-19 05:20:00,17.699999999999999,39.567500000000003,-4.2333333333333298e+00, 89.666666666666700,756.33333333333303
2016-01-19 05:30:00,17.699999999999999,39.590000000000003,-4.2999999999999998e+00, 90.000000000000000,756.35000000000002
2016-01-19 05:40:00,17.666666666666700,39.560000000000002,-4.3666666666666698e+00, 90.333333333333300,756.36666666666702
2016-01-19 05:50:00,17.600000000000001,39.500000000000000,-4.4333333333333300e+00, 90.666666666666700,756.38333333333298
2016-01-19 06:00:00,17.600000000000001,39.590000000000003,-4.5000000000000000e+00, 91.000000000000000,756.39999999999998
2016-01-19 06:10:00,17.600000000000001,39.590000000000003,-4.4666666666666703e+00, 90.833333333333300,756.41666666666697
2016-01-19 06:20:00,17.500000000000000,39.729999999999997,-4.4333333333333300e+00, 90.666666666666700,756.43333333333305
2016-01-19 06:30:00,17.500000000000000,39.930000000000000,-4.4000000000000004e+00, 90.500000000000000,756.45000000000005
2016-01-19 06:40:00,17.500000000000000,40.126666666666701,-4.3666666666666698e+00, 90.333333333333300,756.46666666666704
2016-01-19 06:50:00,17.500000000000000,40.259999999999998,-4.3333333333333304e+00, 90.166666666666700,756.48333333333301
2016-01-19 07:00:00,17.463333333333299,40.500000000000000,-4.2999999999999998e+00, 90.000000000000000,756.50000000000000
2016-01-19 07:10:00,17.390000000000001,40.560000000000002,-4.2999999999999998e+00, 89.833333333333300,756.54999999999995
2016-01-19 07:20:00,17.390000000000001,40.700000000000003,-4.2999999999999998e+00, 89.666666666666700,756.60000000000002
2016-01-19 07:30:00,17.390000000000001,40.700000000000003,-4.2999999999999998e+00, 89.500000000000000,756.64999999999998
2016-01-19 07:40:00,17.390000000000001,40.729999999999997,-4.2999999999999998e+00, 89.333333333333300,756.70000000000005
2016-01-19 07:50:00,17.390000000000001,40.863333333333301,-4.2999999999999998e+00, 89.166666666666700,756.75000000000000
2016-01-19 08:00:00,17.356666666666701,40.933333333333302,-4.2999999999999998e+00, 89.000000000000000,756.79999999999995
2016-01-19 08:10:00,17.289999999999999,41.060000000000002,-4.4000000000000004e+00, 89.666666666666700,756.86666666666702
2016-01-19 08:20:00,17.289999999999999,41.000000000000000,-4.5000000000000000e+00, 90.333333333333300,756.93333333333305
2016-01-19 08:30:00,17.289999999999999,41.000000000000000,-4.5999999999999996e+00, 91.000000000000000,757.00000000000000
2016-01-19 08:40:00,17.289999999999999,41.000000000000000,-4.7000000000000002e+00, 91.666666666666700,757.06666666666695
2016-01-19 08:50:00,17.260000000000002,40.966666666666697,-4.7999999999999998e+00, 92.333333333333300,757.13333333333298
2016-01-19 09:00:00,17.199999999999999,40.899999999999999,-4.9000000000000004e+00, 93.000000000000000,757.20000000000005
2016-01-19 09:10:00,17.199999999999999,41.000000000000000,-4.7000000000000002e+00, 92.666666666666700,757.21666666666704
2016-01-19 09:20:00,17.199999999999999,41.000000000000000,-4.5000000000000000e+00, 92.333333333333300,757.23333333333301
2016-01-19 09:30:00,17.199999999999999,41.060000000000002,-4.2999999999999998e+00, 92.000000000000000,757.25000000000000
2016-01-19 09:40:00,17.199999999999999,41.000000000000000,-4.0999999999999996e+00, 91.666666666666700,757.26666666666699
2016-01-19 09:50:00,17.199999999999999,41.030000000000001,-3.8999999999999999e+00, 91.333333333333300,757.28333333333296
2016-01-19 10:00:00,17.133333333333301,41.030000000000001,-3.7000000000000002e+00, 91.000000000000000,757.29999999999995
2016-01-19 10:10:00,17.133333333333301,41.090000000000003,-3.4833333333333298e+00, 89.333333333333300,757.31666666666695
2016-01-19 10:20:00,17.133333333333301,41.030000000000001,-3.2666666666666702e+00, 87.666666666666700,757.33333333333303
2016-01-19 10:30:00,17.199999999999999,40.966666666666697,-3.0499999999999998e+00, 86.000000000000000,757.35000000000002
2016-01-19 10:40:00,17.260000000000002,40.966666666666697,-2.8333333333333299e+00, 84.333333333333300,757.36666666666702
2016-01-19 10:50:00,17.289999999999999,40.899999999999999,-2.6166666666666698e+00, 82.666666666666700,757.38333333333298
2016-01-19 11:00:00,17.356666666666701,40.899999999999999,-2.3999999999999999e+00, 81.000000000000000,757.39999999999998
2016-01-19 11:10:00,17.426666666666701,40.899999999999999,-2.2666666666666702e+00, 80.000000000000000,757.43333333333305
2016-01-19 11:20:00,17.500000000000000,40.826666666666704,-2.1333333333333302e+00, 79.000000000000000,757.46666666666704
2016-01-19 11:30:00,17.600000000000001,40.663333333333298,-2.0000000000000000e+00, 78.000000000000000,757.50000000000000
2016-01-19 11:40:00,17.600000000000001,40.617500000000000,-1.8666666666666700e+00, 77.000000000000000,757.53333333333296
2016-01-19 11:50:00,17.600000000000001,40.700000000000003,-1.7333333333333301e+00, 76.000000000000000,757.56666666666695
2016-01-19 12:00:00,17.699999999999999,40.663333333333298,-1.6000000000000001e+00, 75.000000000000000,757.60000000000002
2016-01-19 12:10:00,17.760000000000002,40.530000000000001,-1.3333333333333299e+00, 73.166666666666700,757.60000000000002
2016-01-19 12:20:00,17.789999999999999,40.466666666666697,-1.0666666666666700e+00, 71.333333333333300,757.60000000000002
2016-01-19 12:30:00,17.789999999999999,40.466666666666697,-8.0000000000000004e-01, 69.500000000000000,757.60000000000002
2016-01-19 12:40:00,17.789999999999999,40.466666666666697,-5.3333333333333299e-01, 67.666666666666700,757.60000000000002
2016-01-19 12:50:00,17.789999999999999,40.399999999999999,-2.6666666666666700e-01, 65.833333333333300,757.60000000000002
2016-01-19 13:00:00,17.789999999999999,40.399999999999999, 0.0000000000000000e+00, 64.000000000000000,757.60000000000002
2016-01-19 13:10:00,17.789999999999999,40.399999999999999,-3.3333333333333298e-02, 64.666666666666700,757.54999999999995
2016-01-19 13:20:00,17.856666666666701,40.466666666666697,-6.6666666666666693e-02, 65.333333333333300,757.50000000000000
2016-01-19 13:30:00,17.789999999999999,40.399999999999999,-1.0000000000000001e-01, 66.000000000000000,757.45000000000005
2016-01-19 13:40:00,17.789999999999999,40.399999999999999,-1.3333333333333300e-01, 66.666666666666700,757.39999999999998
2016-01-19 13:50:00,17.789999999999999,40.466666666666697,-1.6666666666666699e-01, 67.333333333333300,757.35000000000002
2016-01-19 14:00:00,17.789999999999999,40.399999999999999,-2.0000000000000001e-01, 68.000000000000000,757.29999999999995
2016-01-19 14:10:00,17.789999999999999,40.399999999999999, 1.1666666666666700e-01, 66.166666666666700,757.28333333333296
2016-01-19 14:20:00,17.789999999999999,40.399999999999999, 4.3333333333333302e-01, 64.333333333333300,757.26666666666699
2016-01-19 14:30:00,17.789999999999999,40.326666666666704, 7.5000000000000000e-01, 62.500000000000000,757.25000000000000
2016-01-19 14:40:00,17.823333333333299,40.359999999999999, 1.0666666666666700e+00, 60.666666666666700,757.23333333333301
2016-01-19 14:50:00,17.890000000000001,40.424999999999997, 1.3833333333333300e+00, 58.833333333333300,757.21666666666704
2016-01-19 15:00:00,17.890000000000001,40.399999999999999, 1.7000000000000000e+00, 57.000000000000000,757.20000000000005
2016-01-19 15:10:00,18.000000000000000,40.399999999999999, 1.4666666666666699e+00, 57.833333333333300,757.21666666666704
2016-01-19 15:20:00,18.000000000000000,40.466666666666697, 1.2333333333333301e+00, 58.666666666666700,757.23333333333301
2016-01-19 15:30:00,18.033333333333299,40.463333333333303, 1.0000000000000000e+00, 59.500000000000000,757.25000000000000
2016-01-19 15:40:00,18.100000000000001,40.530000000000001, 7.6666666666666705e-01, 60.333333333333300,757.26666666666699
2016-01-19 15:50:00,18.100000000000001,40.500000000000000, 5.3333333333333299e-01, 61.166666666666700,757.28333333333296
2016-01-19 16:00:00,18.100000000000001,40.433333333333302, 2.9999999999999999e-01, 62.000000000000000,757.29999999999995
2016-01-19 16:10:00,18.100000000000001,40.399999999999999, 1.6666666666666699e-01, 64.000000000000000,757.31666666666695
2016-01-19 16:20:00,18.100000000000001,40.399999999999999, 3.3333333333333298e-02, 66.000000000000000,757.33333333333303
2016-01-19 16:30:00,18.100000000000001,40.289999999999999,-1.0000000000000001e-01, 68.000000000000000,757.35000000000002
2016-01-19 16:40:00,18.100000000000001,40.289999999999999,-2.3333333333333300e-01, 70.000000000000000,757.36666666666702
2016-01-19 16:50:00,18.000000000000000,40.200000000000003,-3.6666666666666697e-01, 72.000000000000000,757.38333333333298
2016-01-19 17:00:00,18.000000000000000,40.200000000000003,-5.0000000000000000e-01, 74.000000000000000,757.39999999999998
2016-01-19 17:10:00,18.000000000000000,40.289999999999999,-7.5000000000000000e-01, 75.500000000000000,757.45000000000005
2016-01-19 17:20:00,17.926666666666701,40.289999999999999,-1.0000000000000000e+00, 77.000000000000000,757.50000000000000
2016-01-19 17:30:00,17.890000000000001,40.326666666666704,-1.2500000000000000e+00, 78.500000000000000,757.54999999999995
2016-01-19 17:40:00,17.823333333333299,40.326666666666704,-1.5000000000000000e+00, 80.000000000000000,757.60000000000002
2016-01-19 17:50:00,17.789999999999999,40.244999999999997,-1.7500000000000000e+00, 81.500000000000000,757.64999999999998
2016-01-19 18:00:00,17.699999999999999,40.163333333333298,-2.0000000000000000e+00, 83.000000000000000,757.70000000000005
2016-01-19 18:10:00,17.699999999999999,39.963333333333303,-2.1166666666666698e+00, 83.833333333333300,757.73333333333301
2016-01-19 18:20:00,17.666666666666700,39.759999999999998,-2.2333333333333298e+00, 84.666666666666700,757.76666666666699
2016-01-19 18:30:00,17.666666666666700,39.759999999999998,-2.3500000000000001e+00, 85.500000000000000,757.79999999999995
2016-01-19 18:40:00,17.666666666666700,39.663333333333298,-2.4666666666666699e+00, 86.333333333333300,757.83333333333303
2016-01-19 18:50:00,17.600000000000001,39.723333333333301,-2.5833333333333299e+00, 87.166666666666700,757.86666666666702
2016-01-19 19:00:00,17.600000000000001,39.859999999999999,-2.7000000000000002e+00, 88.000000000000000,757.89999999999998
2016-01-19 19:10:00,17.666666666666700,40.133333333333297,-2.7500000000000000e+00, 88.166666666666700,757.95000000000005
2016-01-19 19:20:00,17.730000000000000,40.259999999999998,-2.7999999999999998e+00, 88.333333333333300,758.00000000000000
2016-01-19 19:30:00,17.789999999999999,40.200000000000003,-2.8500000000000001e+00, 88.500000000000000,758.04999999999995
2016-01-19 19:40:00,17.890000000000001,40.259999999999998,-2.8999999999999999e+00, 88.666666666666700,758.10000000000002
2016-01-19 19:50:00,17.963333333333299,40.200000000000003,-2.9500000000000002e+00, 88.833333333333300,758.14999999999998
2016-01-19 20:00:00,18.033333333333299,40.090000000000003,-3.0000000000000000e+00, 89.000000000000000,758.20000000000005
2016-01-19 20:10:00,18.100000000000001,40.163333333333298,-3.2500000000000000e+00, 89.833333333333300,758.20000000000005
2016-01-19 20:20:00,18.199999999999999,40.500000000000000,-3.5000000000000000e+00, 90.666666666666700,758.20000000000005
2016-01-19 20:30:00,18.260000000000002,40.633333333333297,-3.7500000000000000e+00, 91.500000000000000,758.20000000000005
2016-01-19 20:40:00,18.426666666666701,40.590000000000003,-4.0000000000000000e+00, 92.333333333333300,758.20000000000005
2016-01-19 20:50:00,18.500000000000000,40.463333333333303,-4.2500000000000000e+00, 93.166666666666700,758.20000000000005
2016-01-19 21:00:00,18.649999999999999,40.289999999999999,-4.5000000000000000e+00, 94.000000000000000,758.20000000000005
2016-01-19 21:10:00,18.730000000000000,40.133333333333297,-4.3499999999999996e+00, 93.500000000000000,758.20000000000005
2016-01-19 21:20:00,18.856666666666701,40.000000000000000,-4.2000000000000002e+00, 93.000000000000000,758.20000000000005
2016-01-19 21:30:00,18.890000000000001,39.759999999999998,-4.0499999999999998e+00, 92.500000000000000,758.20000000000005
2016-01-19 21:40:00,18.890000000000001,39.566666666666698,-3.8999999999999999e+00, 92.000000000000000,758.20000000000005
2016-01-19 21:50:00,18.890000000000001,39.399999999999999,-3.7500000000000000e+00, 91.500000000000000,758.20000000000005
2016-01-19 22:00:00,18.890000000000001,39.133333333333297,-3.6000000000000001e+00, 91.000000000000000,758.20000000000005
2016-01-19 22:10:00,19.000000000000000,38.363333333333301,-3.6666666666666701e+00, 91.000000000000000,758.25000000000000
2016-01-19 22:20:00,18.926666666666701,38.163333333333298,-3.7333333333333298e+00, 91.000000000000000,758.29999999999995
2016-01-19 22:30:00,18.890000000000001,38.326666666666704,-3.7999999999999998e+00, 91.000000000000000,758.35000000000002
2016-01-19 22:40:00,18.890000000000001,38.466666666666697,-3.8666666666666698e+00, 91.000000000000000,758.39999999999998
2016-01-19 22:50:00,18.926666666666701,38.530000000000001,-3.9333333333333300e+00, 91.000000000000000,758.45000000000005
2016-01-19 23:00:00,19.000000000000000,38.663333333333298,-4.0000000000000000e+00, 91.000000000000000,758.50000000000000
2016-01-19 23:10:00,18.890000000000001,38.789999999999999,-4.0833333333333304e+00, 91.500000000000000,758.54999999999995
2016-01-19 23:20:00,18.890000000000001,38.863333333333301,-4.1666666666666696e+00, 92.000000000000000,758.60000000000002
2016-01-19 23:30:00,19.000000000000000,38.933333333333302,-4.2500000000000000e+00, 92.500000000000000,758.64999999999998
2016-01-19 23:40:00,18.926666666666701,39.000000000000000,-4.3333333333333304e+00, 93.000000000000000,758.70000000000005
2016-01-19 23:50:00,18.890000000000001,39.030000000000001,-4.4166666666666696e+00, 93.500000000000000,758.75000000000000
2016-01-20 00:00:00,18.890000000000001,39.090000000000003,-4.5000000000000000e+00, 94.000000000000000,758.79999999999995
2016-01-20 00:10:00,18.789999999999999,39.030000000000001,-4.5499999999999998e+00, 94.000000000000000,758.78333333333296
2016-01-20 00:20:00,18.767499999999998,39.090000000000003,-4.5999999999999996e+00, 94.000000000000000,758.76666666666699
2016-01-20 00:30:00,18.699999999999999,39.163333333333298,-4.6500000000000004e+00, 94.000000000000000,758.75000000000000
2016-01-20 00:40:00,18.666666666666700,39.163333333333298,-4.7000000000000002e+00, 94.000000000000000,758.73333333333301
2016-01-20 00:50:00,18.600000000000001,39.163333333333298,-4.7500000000000000e+00, 94.000000000000000,758.71666666666704
2016-01-20 01:00:00,18.500000000000000,39.200000000000003,-4.7999999999999998e+00, 94.000000000000000,758.70000000000005
2016-01-20 01:10:00,18.500000000000000,39.200000000000003,-4.8111111111111100e+00, 93.833333333333300,758.71111111111099
2016-01-20 01:20:00,18.390000000000001,39.229999999999997,-4.8222222222222202e+00, 93.666666666666700,758.72222222222194
2016-01-20 01:30:00,18.390000000000001,39.289999999999999,-4.8333333333333304e+00, 93.500000000000000,758.73333333333301
2016-01-20 01:40:00,18.289999999999999,39.326666666666704,-4.8444444444444397e+00, 93.333333333333300,758.74444444444498
2016-01-20 01:50:00,18.230000000000000,39.326666666666704,-4.8555555555555596e+00, 93.166666666666700,758.75555555555604
2016-01-20 02:00:00,18.199999999999999,39.289999999999999,-4.8666666666666698e+00, 93.000000000000000,758.76666666666699
2016-01-20 02:10:00,18.133333333333301,39.229999999999997,-4.8777777777777800e+00, 92.833333333333300,758.77777777777806
2016-01-20 02:20:00,18.100000000000001,39.200000000000003,-4.8888888888888902e+00, 92.666666666666700,758.78888888888901
2016-01-20 02:30:00,18.033333333333299,39.200000000000003,-4.9000000000000004e+00, 92.500000000000000,758.79999999999995
2016-01-20 02:40:00,18.000000000000000,39.200000000000003,-4.9111111111111097e+00, 92.333333333333300,758.81111111111102
2016-01-20 02:50:00,17.926666666666701,39.200000000000003,-4.9222222222222198e+00, 92.166666666666700,758.82222222222197
2016-01-20 03:00:00,17.890000000000001,39.259999999999998,-4.9333333333333300e+00, 92.000000000000000,758.83333333333303
2016-01-20 03:10:00,17.823333333333299,39.200000000000003,-4.9444444444444402e+00, 91.833333333333300,758.84444444444398
2016-01-20 03:20:00,17.789999999999999,39.200000000000003,-4.9555555555555602e+00, 91.666666666666700,758.85555555555504
2016-01-20 03:30:00,17.722500000000000,39.267499999999998,-4.9666666666666703e+00, 91.500000000000000,758.86666666666702
2016-01-20 03:40:00,17.699999999999999,39.363333333333301,-4.9777777777777796e+00, 91.333333333333300,758.87777777777796
2016-01-20 03:50:00,17.699999999999999,39.399999999999999,-4.9888888888888898e+00, 91.166666666666700,758.88888888888903
2016-01-20 04:00:00,17.633333333333301,39.326666666666704,-5.0000000000000000e+00, 91.000000000000000,758.89999999999998
2016-01-20 04:10:00,17.500000000000000,39.399999999999999,-4.8333333333333304e+00, 90.833333333333300,758.93333333333305
2016-01-20 04:20:00,17.500000000000000,39.399999999999999,-4.6666666666666696e+00, 90.666666666666700,758.96666666666704
2016-01-20 04:30:00,17.500000000000000,39.399999999999999,-4.5000000000000000e+00, 90.500000000000000,759.00000000000000
2016-01-20 04:40:00,17.500000000000000,39.399999999999999,-4.3333333333333304e+00, 90.333333333333300,759.03333333333296
2016-01-20 04:50:00,17.390000000000001,39.399999999999999,-4.1666666666666696e+00, 90.166666666666700,759.06666666666695
2016-01-20 05:00:00,17.390000000000001,39.399999999999999,-4.0000000000000000e+00, 90.000000000000000,759.10000000000002
2016-01-20 05:10:00,17.356666666666701,39.433333333333302,-3.8333333333333299e+00, 90.000000000000000,759.06666666666695
2016-01-20 05:20:00,17.289999999999999,39.500000000000000,-3.6666666666666701e+00, 90.000000000000000,759.03333333333296
2016-01-20 05:30:00,17.289999999999999,39.500000000000000,-3.5000000000000000e+00, 90.000000000000000,759.00000000000000
2016-01-20 05:40:00,17.230000000000000,39.433333333333302,-3.3333333333333299e+00, 90.000000000000000,758.96666666666704
2016-01-20 05:50:00,17.199999999999999,39.500000000000000,-3.1666666666666701e+00, 90.000000000000000,758.93333333333305
2016-01-20 06:00:00,17.199999999999999,39.500000000000000,-3.0000000000000000e+00, 90.000000000000000,758.89999999999998
2016-01-20 06:10:00,17.166666666666700,39.530000000000001,-2.9666666666666699e+00, 90.000000000000000,758.89999999999998
2016-01-20 06:20:00,17.100000000000001,39.590000000000003,-2.9333333333333300e+00, 90.000000000000000,758.89999999999998
2016-01-20 06:30:00,17.100000000000001,39.799999999999997,-2.8999999999999999e+00, 90.000000000000000,758.89999999999998
2016-01-20 06:40:00,17.100000000000001,40.030000000000001,-2.8666666666666698e+00, 90.000000000000000,758.89999999999998
2016-01-20 06:50:00,17.100000000000001,40.030000000000001,-2.8333333333333299e+00, 90.000000000000000,758.89999999999998
2016-01-20 07:00:00,17.066666666666698,39.693333333333300,-2.7999999999999998e+00, 90.000000000000000,758.89999999999998
2016-01-20 07:10:00,17.000000000000000,39.359999999999999,-2.7333333333333298e+00, 89.333333333333300,758.95000000000005
2016-01-20 07:20:00,17.000000000000000,39.163333333333298,-2.6666666666666701e+00, 88.666666666666700,759.00000000000000
2016-01-20 07:30:00,17.000000000000000,39.030000000000001,-2.6000000000000001e+00, 88.000000000000000,759.04999999999995
2016-01-20 07:40:00,16.890000000000001,38.863333333333301,-2.5333333333333301e+00, 87.333333333333300,759.10000000000002
2016-01-20 07:50:00,16.890000000000001,38.656666666666702,-2.4666666666666699e+00, 86.666666666666700,759.14999999999998
2016-01-20 08:00:00,16.890000000000001,38.363333333333301,-2.3999999999999999e+00, 86.000000000000000,759.20000000000005
2016-01-20 08:10:00,16.890000000000001,38.229999999999997,-2.3666666666666698e+00, 86.333333333333300,759.29999999999995
2016-01-20 08:20:00,16.789999999999999,38.000000000000000,-2.3333333333333299e+00, 86.666666666666700,759.39999999999998
2016-01-20 08:30:00,16.789999999999999,37.933333333333302,-2.2999999999999998e+00, 87.000000000000000,759.50000000000000
2016-01-20 08:40:00,16.789999999999999,37.933333333333302,-2.2666666666666702e+00, 87.333333333333300,759.60000000000002
2016-01-20 08:50:00,16.789999999999999,38.393333333333302,-2.2333333333333298e+00, 87.666666666666700,759.70000000000005
2016-01-20 09:00:00,16.890000000000001,38.626666666666701,-2.2000000000000002e+00, 88.000000000000000,759.79999999999995
2016-01-20 09:10:00,16.890000000000001,38.700000000000003,-2.1666666666666701e+00, 88.166666666666700,759.83333333333303
2016-01-20 09:20:00,16.890000000000001,38.960000000000001,-2.1333333333333302e+00, 88.333333333333300,759.86666666666702
2016-01-20 09:30:00,16.963333333333299,39.566666666666698,-2.1000000000000001e+00, 88.500000000000000,759.89999999999998
2016-01-20 09:40:00,17.000000000000000,39.200000000000003,-2.0666666666666700e+00, 88.666666666666700,759.93333333333305
2016-01-20 09:50:00,16.890000000000001,39.200000000000003,-2.0333333333333301e+00, 88.833333333333300,759.96666666666704
2016-01-20 10:00:00,16.890000000000001,39.259999999999998,-2.0000000000000000e+00, 89.000000000000000,760.00000000000000
2016-01-20 10:10:00,16.890000000000001,39.289999999999999,-1.9500000000000000e+00, 88.833333333333300,760.10000000000002
2016-01-20 10:20:00,16.890000000000001,39.156666666666702,-1.8999999999999999e+00, 88.666666666666700,760.20000000000005
2016-01-20 10:30:00,16.890000000000001,38.863333333333301,-1.8500000000000001e+00, 88.500000000000000,760.29999999999995
2016-01-20 10:40:00,16.823333333333299,38.329999999999998,-1.8000000000000000e+00, 88.333333333333300,760.39999999999998
2016-01-20 10:50:00,16.789999999999999,37.966666666666697,-1.7500000000000000e+00, 88.166666666666700,760.50000000000000
2016-01-20 11:00:00,16.789999999999999,37.826666666666704,-1.7000000000000000e+00, 88.000000000000000,760.60000000000002
2016-01-20 11:10:00,16.789999999999999,37.700000000000003,-1.5666666666666700e+00, 87.333333333333300,760.60000000000002
2016-01-20 11:20:00,16.789999999999999,37.626666666666701,-1.4333333333333300e+00, 86.666666666666700,760.60000000000002
2016-01-20 11:30:00,16.789999999999999,37.560000000000002,-1.3000000000000000e+00, 86.000000000000000,760.60000000000002
2016-01-20 11:40:00,16.789999999999999,37.500000000000000,-1.1666666666666701e+00, 85.333333333333300,760.60000000000002
2016-01-20 11:50:00,16.789999999999999,37.466666666666697,-1.0333333333333301e+00, 84.666666666666700,760.60000000000002
2016-01-20 12:00:00,16.789999999999999,37.399999999999999,-9.0000000000000002e-01, 84.000000000000000,760.60000000000002
2016-01-20 12:10:00,16.789999999999999,37.399999999999999,-8.1666666666666698e-01, 83.833333333333300,760.60000000000002
2016-01-20 12:20:00,16.789999999999999,37.466666666666697,-7.3333333333333295e-01, 83.666666666666700,760.60000000000002
2016-01-20 12:30:00,16.789999999999999,37.466666666666697,-6.5000000000000002e-01, 83.500000000000000,760.60000000000002
2016-01-20 12:40:00,16.789999999999999,37.399999999999999,-5.6666666666666698e-01, 83.333333333333300,760.60000000000002
2016-01-20 12:50:00,16.789999999999999,37.289999999999999,-4.8333333333333300e-01, 83.166666666666700,760.60000000000002
2016-01-20 13:00:00,16.760000000000002,37.200000000000003,-4.0000000000000002e-01, 83.000000000000000,760.60000000000002
2016-01-20 13:10:00,16.699999999999999,37.126666666666701,-2.8333333333333299e-01, 82.666666666666700,760.54999999999995
2016-01-20 13:20:00,16.760000000000002,36.833333333333300,-1.6666666666666699e-01, 82.333333333333300,760.50000000000000
2016-01-20 13:30:00,16.699999999999999,36.700000000000003,-5.0000000000000003e-02, 82.000000000000000,760.45000000000005
2016-01-20 13:40:00,16.699999999999999,36.590000000000003, 6.6666666666666596e-02, 81.666666666666700,760.39999999999998
2016-01-20 13:50:00,16.699999999999999,36.530000000000001, 1.8333333333333299e-01, 81.333333333333300,760.35000000000002
2016-01-20 14:00:00,16.699999999999999,36.500000000000000, 2.9999999999999999e-01, 81.000000000000000,760.29999999999995
2016-01-20 14:10:00,16.699999999999999,36.500000000000000, 3.4999999999999998e-01, 80.833333333333300,760.29999999999995
2016-01-20 14:20:00,16.699999999999999,36.500000000000000, 4.0000000000000002e-01, 80.666666666666700,760.29999999999995
2016-01-20 14:30:00,16.699999999999999,36.500000000000000, 4.5000000000000001e-01, 80.500000000000000,760.29999999999995
2016-01-20 14:40:00,16.699999999999999,36.560000000000002, 5.0000000000000000e-01, 80.333333333333300,760.29999999999995
2016-01-20 14:50:00,16.600000000000001,36.500000000000000, 5.5000000000000004e-01, 80.166666666666700,760.29999999999995
2016-01-20 15:00:00,16.600000000000001,36.500000000000000, 5.9999999999999998e-01, 80.000000000000000,760.29999999999995
2016-01-20 15:10:00,16.600000000000001,36.500000000000000, 5.9999999999999998e-01, 80.500000000000000,760.29999999999995
2016-01-20 15:20:00,16.600000000000001,36.530000000000001, 5.9999999999999998e-01, 81.000000000000000,760.29999999999995
2016-01-20 15:30:00,16.600000000000001,36.590000000000003, 5.9999999999999998e-01, 81.500000000000000,760.29999999999995
2016-01-20 15:40:00,16.566666666666698,36.590000000000003, 5.9999999999999998e-01, 82.000000000000000,760.29999999999995
2016-01-20 15:50:00,16.550000000000001,36.617500000000000, 5.9999999999999998e-01, 82.500000000000000,760.29999999999995
2016-01-20 16:00:00,16.500000000000000,36.700000000000003, 5.9999999999999998e-01, 83.000000000000000,760.29999999999995
2016-01-20 16:10:00,16.500000000000000,36.700000000000003, 5.5000000000000004e-01, 83.666666666666700,760.29999999999995
2016-01-20 16:20:00,16.500000000000000,36.700000000000003, 5.0000000000000000e-01, 84.333333333333300,760.29999999999995
2016-01-20 16:30:00,16.500000000000000,36.729999999999997, 4.5000000000000001e-01, 85.000000000000000,760.29999999999995
2016-01-20 16:40:00,16.426666666666701,36.729999999999997, 4.0000000000000002e-01, 85.666666666666700,760.29999999999995
2016-01-20 16:50:00,16.426666666666701,36.729999999999997, 3.4999999999999998e-01, 86.333333333333300,760.29999999999995
2016-01-20 17:00:00,16.426666666666701,36.789999999999999, 2.9999999999999999e-01, 87.000000000000000,760.29999999999995
2016-01-20 17:10:00,16.390000000000001,36.826666666666704, 2.6666666666666700e-01, 87.500000000000000,760.36666666666702
2016-01-20 17:20:00,16.390000000000001,36.966666666666697, 2.3333333333333300e-01, 88.000000000000000,760.43333333333305
2016-01-20 17:30:00,16.390000000000001,36.933333333333302, 2.0000000000000001e-01, 88.500000000000000,760.50000000000000
2016-01-20 17:40:00,16.390000000000001,37.000000000000000, 1.6666666666666699e-01, 89.000000000000000,760.56666666666695
2016-01-20 17:50:00,16.390000000000001,37.126666666666701, 1.3333333333333300e-01, 89.500000000000000,760.63333333333298
2016-01-20 18:00:00,16.390000000000001,37.200000000000003, 1.0000000000000001e-01, 90.000000000000000,760.70000000000005
2016-01-20 18:10:00,16.500000000000000,37.433333333333302, 5.0000000000000003e-02, 90.500000000000000,760.70000000000005
2016-01-20 18:20:00,16.500000000000000,37.560000000000002, 0.0000000000000000e+00, 91.000000000000000,760.70000000000005
2016-01-20 18:30:00,16.633333333333301,37.729999999999997,-5.0000000000000003e-02, 91.500000000000000,760.70000000000005
2016-01-20 18:40:00,16.760000000000002,37.863333333333301,-1.0000000000000001e-01, 92.000000000000000,760.70000000000005
2016-01-20 18:50:00,16.960000000000001,38.030000000000001,-1.4999999999999999e-01, 92.500000000000000,760.70000000000005
2016-01-20 19:00:00,17.222500000000000,38.167499999999997,-2.0000000000000001e-01, 93.000000000000000,760.70000000000005
2016-01-20 19:10:00,17.463333333333299,38.993333333333297,-1.4999999999999999e-01, 92.500000000000000,760.78333333333296
2016-01-20 19:20:00,17.663333333333298,39.729999999999997,-1.0000000000000001e-01, 92.000000000000000,760.86666666666702
2016-01-20 19:30:00,17.856666666666701,39.789999999999999,-5.0000000000000003e-02, 91.500000000000000,760.95000000000005
2016-01-20 19:40:00,18.033333333333299,39.663333333333298, 0.0000000000000000e+00, 91.000000000000000,761.03333333333296
2016-01-20 19:50:00,18.166666666666700,39.463333333333303, 5.0000000000000003e-02, 90.500000000000000,761.11666666666702
2016-01-20 20:00:00,18.323333333333299,39.233333333333299, 1.0000000000000001e-01, 90.000000000000000,761.20000000000005
2016-01-20 20:10:00,18.463333333333299,38.826666666666704, 1.3333333333333300e-01, 90.000000000000000,761.25000000000000
2016-01-20 20:20:00,18.633333333333301,38.560000000000002, 1.6666666666666699e-01, 90.000000000000000,761.29999999999995
2016-01-20 20:30:00,18.760000000000002,38.359999999999999, 2.0000000000000001e-01, 90.000000000000000,761.35000000000002
2016-01-20 20:40:00,18.926666666666701,38.060000000000002, 2.3333333333333300e-01, 90.000000000000000,761.39999999999998
2016-01-20 20:50:00,19.000000000000000,37.859999999999999, 2.6666666666666700e-01, 90.000000000000000,761.45000000000005
2016-01-20 21:00:00,19.133333333333301,37.863333333333301, 2.9999999999999999e-01, 90.000000000000000,761.50000000000000
2016-01-20 21:10:00,19.199999999999999,37.729999999999997, 2.9999999999999999e-01, 89.833333333333300,761.50000000000000
2016-01-20 21:20:00,19.289999999999999,37.663333333333298, 2.9999999999999999e-01, 89.666666666666700,761.50000000000000
2016-01-20 21:30:00,19.289999999999999,37.530000000000001, 2.9999999999999999e-01, 89.500000000000000,761.50000000000000
2016-01-20 21:40:00,19.390000000000001,37.363333333333301, 2.9999999999999999e-01, 89.333333333333300,761.50000000000000
2016-01-20 21:50:00,19.463333333333299,37.289999999999999, 2.9999999999999999e-01, 89.166666666666700,761.50000000000000
2016-01-20 22:00:00,19.500000000000000,37.163333333333298, 2.9999999999999999e-01, 89.000000000000000,761.50000000000000
2016-01-20 22:10:00,19.574999999999999,37.172499999999999, 2.9999999999999999e-01, 88.833333333333300,761.54999999999995
2016-01-20 22:20:00,19.600000000000001,37.200000000000003, 2.9999999999999999e-01, 88.666666666666700,761.60000000000002
2016-01-20 22:30:00,19.600000000000001,37.229999999999997, 2.9999999999999999e-01, 88.500000000000000,761.64999999999998
2016-01-20 22:40:00,19.600000000000001,37.289999999999999, 2.9999999999999999e-01, 88.333333333333300,761.70000000000005
2016-01-20 22:50:00,19.600000000000001,37.433333333333302, 2.9999999999999999e-01, 88.166666666666700,761.75000000000000
2016-01-20 23:00:00,19.600000000000001,37.500000000000000, 2.9999999999999999e-01, 88.000000000000000,761.79999999999995
2016-01-20 23:10:00,19.566666666666698,37.590000000000003, 2.5000000000000000e-01, 88.000000000000000,761.79999999999995
2016-01-20 23:20:00,19.500000000000000,37.663333333333298, 2.0000000000000001e-01, 88.000000000000000,761.79999999999995
2016-01-20 23:30:00,19.500000000000000,37.729999999999997, 1.4999999999999999e-01, 88.000000000000000,761.79999999999995
2016-01-20 23:40:00,19.426666666666701,37.789999999999999, 1.0000000000000001e-01, 88.000000000000000,761.79999999999995
2016-01-20 23:50:00,19.356666666666701,37.789999999999999, 5.0000000000000003e-02, 88.000000000000000,761.79999999999995
2016-01-21 00:00:00,19.289999999999999,37.863333333333301, 0.0000000000000000e+00, 88.000000000000000,761.79999999999995
2016-01-21 00:10:00,19.199999999999999,37.899999999999999,-1.6666666666666699e-01, 88.333333333333300,761.86666666666702
2016-01-21 00:20:00,19.133333333333301,37.899999999999999,-3.3333333333333298e-01, 88.666666666666700,761.93333333333305
2016-01-21 00:30:00,19.066666666666698,38.000000000000000,-5.0000000000000000e-01, 89.000000000000000,762.00000000000000
2016-01-21 00:40:00,19.000000000000000,38.060000000000002,-6.6666666666666696e-01, 89.333333333333300,762.06666666666695
2016-01-21 00:50:00,18.890000000000001,38.090000000000003,-8.3333333333333304e-01, 89.666666666666700,762.13333333333298
2016-01-21 01:00:00,18.823333333333299,38.090000000000003,-1.0000000000000000e+00, 90.000000000000000,762.20000000000005
2016-01-21 01:10:00,18.760000000000002,38.200000000000003,-1.1666666666666701e+00, 90.666666666666700,762.20000000000005
2016-01-21 01:20:00,18.675000000000001,38.200000000000003,-1.3333333333333299e+00, 91.333333333333300,762.20000000000005
2016-01-21 01:30:00,18.600000000000001,38.200000000000003,-1.5000000000000000e+00, 92.000000000000000,762.20000000000005
2016-01-21 01:40:00,18.566666666666698,38.229999999999997,-1.6666666666666701e+00, 92.666666666666700,762.20000000000005
2016-01-21 01:50:00,18.500000000000000,38.289999999999999,-1.8333333333333299e+00, 93.333333333333300,762.20000000000005
2016-01-21 02:00:00,18.390000000000001,38.200000000000003,-2.0000000000000000e+00, 94.000000000000000,762.20000000000005
2016-01-21 02:10:00,18.390000000000001,38.259999999999998,-1.8000000000000000e+00, 93.500000000000000,762.21666666666704
2016-01-21 02:20:00,18.289999999999999,38.289999999999999,-1.6000000000000001e+00, 93.000000000000000,762.23333333333301
2016-01-21 02:30:00,18.289999999999999,38.289999999999999,-1.3999999999999999e+00, 92.500000000000000,762.25000000000000
2016-01-21 02:40:00,18.199999999999999,38.289999999999999,-1.2000000000000000e+00, 92.000000000000000,762.26666666666699
2016-01-21 02:50:00,18.199999999999999,38.289999999999999,-1.0000000000000000e+00, 91.500000000000000,762.28333333333296
2016-01-21 03:00:00,18.100000000000001,38.326666666666704,-8.0000000000000004e-01, 91.000000000000000,762.29999999999995
2016-01-21 03:10:00,18.100000000000001,38.399999999999999,-7.8333333333333299e-01, 90.833333333333300,762.28333333333296
2016-01-21 03:20:00,18.000000000000000,38.289999999999999,-7.6666666666666705e-01, 90.666666666666700,762.26666666666699
2016-01-21 03:30:00,18.000000000000000,38.289999999999999,-7.5000000000000000e-01, 90.500000000000000,762.25000000000000
2016-01-21 03:40:00,17.890000000000001,38.326666666666704,-7.3333333333333295e-01, 90.333333333333300,762.23333333333301
2016-01-21 03:50:00,17.890000000000001,38.399999999999999,-7.1666666666666701e-01, 90.166666666666700,762.21666666666704
2016-01-21 04:00:00,17.890000000000001,38.433333333333302,-6.9999999999999996e-01, 90.000000000000000,762.20000000000005
2016-01-21 04:10:00,17.823333333333299,38.433333333333302,-7.8333333333333299e-01, 89.666666666666700,762.23333333333301
2016-01-21 04:20:00,17.760000000000002,38.433333333333302,-8.6666666666666703e-01, 89.333333333333300,762.26666666666699
2016-01-21 04:30:00,17.745000000000001,38.500000000000000,-9.4999999999999996e-01, 89.000000000000000,762.29999999999995
2016-01-21 04:40:00,17.699999999999999,38.560000000000002,-1.0333333333333301e+00, 88.666666666666700,762.33333333333303
2016-01-21 04:50:00,17.699999999999999,38.590000000000003,-1.1166666666666700e+00, 88.333333333333300,762.36666666666702
2016-01-21 05:00:00,17.633333333333301,38.530000000000001,-1.2000000000000000e+00, 88.000000000000000,762.39999999999998
2016-01-21 05:10:00,17.600000000000001,38.590000000000003,-1.3666666666666700e+00, 88.166666666666700,762.45000000000005
2016-01-21 05:20:00,17.600000000000001,38.590000000000003,-1.5333333333333301e+00, 88.333333333333300,762.50000000000000
2016-01-21 05:30:00,17.500000000000000,38.700000000000003,-1.7000000000000000e+00, 88.500000000000000,762.54999999999995
2016-01-21 05:40:00,17.500000000000000,38.700000000000003,-1.8666666666666700e+00, 88.666666666666700,762.60000000000002
2016-01-21 05:50:00,17.500000000000000,38.789999999999999,-2.0333333333333301e+00, 88.833333333333300,762.64999999999998
2016-01-21 06:00:00,17.500000000000000,38.789999999999999,-2.2000000000000002e+00, 89.000000000000000,762.70000000000005
2016-01-21 06:10:00,17.390000000000001,38.700000000000003,-2.1333333333333302e+00, 89.166666666666700,762.70000000000005
2016-01-21 06:20:00,17.390000000000001,38.700000000000003,-2.0666666666666700e+00, 89.333333333333300,762.70000000000005
2016-01-21 06:30:00,17.356666666666701,38.789999999999999,-2.0000000000000000e+00, 89.500000000000000,762.70000000000005
2016-01-21 06:40:00,17.356666666666701,38.863333333333301,-1.9333333333333300e+00, 89.666666666666700,762.70000000000005
2016-01-21 06:50:00,17.356666666666701,39.030000000000001,-1.8666666666666700e+00, 89.833333333333300,762.70000000000005
2016-01-21 07:00:00,17.289999999999999,39.090000000000003,-1.8000000000000000e+00, 90.000000000000000,762.70000000000005
2016-01-21 07:10:00,17.289999999999999,39.126666666666701,-1.9666666666666699e+00, 90.166666666666700,762.79999999999995
2016-01-21 07:20:00,17.230000000000000,39.126666666666701,-2.1333333333333302e+00, 90.333333333333300,762.89999999999998
2016-01-21 07:30:00,17.199999999999999,38.930000000000000,-2.2999999999999998e+00, 90.500000000000000,763.00000000000000
2016-01-21 07:40:00,17.199999999999999,38.617500000000000,-2.4666666666666699e+00, 90.666666666666700,763.10000000000002
2016-01-21 07:50:00,17.133333333333301,38.500000000000000,-2.6333333333333302e+00, 90.833333333333300,763.20000000000005
2016-01-21 08:00:00,17.100000000000001,38.363333333333301,-2.7999999999999998e+00, 91.000000000000000,763.29999999999995
2016-01-21 08:10:00,17.100000000000001,38.229999999999997,-3.0499999999999998e+00, 91.333333333333300,763.36666666666702
2016-01-21 08:20:00,17.000000000000000,37.966666666666697,-3.2999999999999998e+00, 91.666666666666700,763.43333333333305
2016-01-21 08:30:00,17.000000000000000,37.899999999999999,-3.5499999999999998e+00, 92.000000000000000,763.50000000000000
2016-01-21 08:40:00,17.000000000000000,37.789999999999999,-3.7999999999999998e+00, 92.333333333333300,763.56666666666695
2016-01-21 08:50:00,16.926666666666701,37.729999999999997,-4.0499999999999998e+00, 92.666666666666700,763.63333333333298
2016-01-21 09:00:00,16.890000000000001,37.663333333333298,-4.2999999999999998e+00, 93.000000000000000,763.70000000000005
2016-01-21 09:10:00,16.890000000000001,37.530000000000001,-3.8333333333333299e+00, 92.500000000000000,763.78333333333296
2016-01-21 09:20:00,16.890000000000001,37.466666666666697,-3.3666666666666698e+00, 92.000000000000000,763.86666666666702
2016-01-21 09:30:00,16.890000000000001,37.326666666666704,-2.8999999999999999e+00, 91.500000000000000,763.95000000000005
2016-01-21 09:40:00,16.789999999999999,37.163333333333298,-2.4333333333333300e+00, 91.000000000000000,764.03333333333296
2016-01-21 09:50:00,16.789999999999999,37.030000000000001,-1.9666666666666699e+00, 90.500000000000000,764.11666666666702
2016-01-21 10:00:00,16.823333333333299,37.000000000000000,-1.5000000000000000e+00, 90.000000000000000,764.20000000000005
2016-01-21 10:10:00,16.823333333333299,36.933333333333302,-1.0833333333333299e+00, 87.666666666666700,764.25000000000000
2016-01-21 10:20:00,16.890000000000001,36.966666666666697,-6.6666666666666696e-01, 85.333333333333300,764.29999999999995
2016-01-21 10:30:00,16.890000000000001,36.899999999999999,-2.5000000000000000e-01, 83.000000000000000,764.35000000000002
2016-01-21 10:40:00,17.000000000000000,36.789999999999999, 1.6666666666666699e-01, 80.666666666666700,764.39999999999998
2016-01-21 10:50:00,17.000000000000000,36.722499999999997, 5.8333333333333304e-01, 78.333333333333300,764.45000000000005
2016-01-21 11:00:00,17.000000000000000,36.700000000000003, 1.0000000000000000e+00, 76.000000000000000,764.50000000000000
2016-01-21 11:10:00,17.100000000000001,36.700000000000003, 1.2000000000000000e+00, 74.333333333333300,764.50000000000000
2016-01-21 11:20:00,17.166666666666700,36.700000000000003, 1.3999999999999999e+00, 72.666666666666700,764.50000000000000
2016-01-21 11:30:00,17.199999999999999,36.700000000000003, 1.6000000000000001e+00, 71.000000000000000,764.50000000000000
2016-01-21 11:40:00,17.199999999999999,36.759999999999998, 1.8000000000000000e+00, 69.333333333333300,764.50000000000000
2016-01-21 11:50:00,17.199999999999999,36.759999999999998, 2.0000000000000000e+00, 67.666666666666700,764.50000000000000
2016-01-21 12:00:00,17.260000000000002,36.700000000000003, 2.2000000000000002e+00, 66.000000000000000,764.50000000000000
2016-01-21 12:10:00,17.289999999999999,36.663333333333298, 2.4333333333333300e+00, 64.333333333333300,764.45000000000005
2016-01-21 12:20:00,17.289999999999999,36.530000000000001, 2.6666666666666701e+00, 62.666666666666700,764.39999999999998
2016-01-21 12:30:00,17.289999999999999,36.500000000000000, 2.8999999999999999e+00, 61.000000000000000,764.35000000000002
2016-01-21 12:40:00,17.289999999999999,36.500000000000000, 3.1333333333333302e+00, 59.333333333333300,764.29999999999995
2016-01-21 12:50:00,17.289999999999999,36.466666666666697, 3.3666666666666698e+00, 57.666666666666700,764.25000000000000
2016-01-21 13:00:00,17.289999999999999,36.399999999999999, 3.6000000000000001e+00, 56.000000000000000,764.20000000000005
2016-01-21 13:10:00,17.289999999999999,36.363333333333301, 3.7333333333333298e+00, 56.000000000000000,764.14999999999998
2016-01-21 13:20:00,17.289999999999999,36.289999999999999, 3.8666666666666698e+00, 56.000000000000000,764.10000000000002
2016-01-21 13:30:00,17.289999999999999,36.259999999999998, 4.0000000000000000e+00, 56.000000000000000,764.04999999999995
2016-01-21 13:40:00,17.289999999999999,36.200000000000003, 4.1333333333333302e+00, 56.000000000000000,764.00000000000000
2016-01-21 13:50:00,17.289999999999999,36.244999999999997, 4.2666666666666702e+00, 56.000000000000000,763.95000000000005
2016-01-21 14:00:00,17.323333333333299,36.229999999999997, 4.4000000000000004e+00, 56.000000000000000,763.89999999999998
2016-01-21 14:10:00,17.390000000000001,36.030000000000001, 4.4500000000000002e+00, 55.166666666666700,763.86666666666702
2016-01-21 14:20:00,17.533333333333299,36.000000000000000, 4.5000000000000000e+00, 54.333333333333300,763.83333333333303
2016-01-21 14:30:00,17.666666666666700,36.060000000000002, 4.5499999999999998e+00, 53.500000000000000,763.79999999999995
2016-01-21 14:40:00,17.823333333333299,36.000000000000000, 4.5999999999999996e+00, 52.666666666666700,763.76666666666699
2016-01-21 14:50:00,17.890000000000001,35.859999999999999, 4.6500000000000004e+00, 51.833333333333300,763.73333333333301
2016-01-21 15:00:00,18.033333333333299,35.700000000000003, 4.7000000000000002e+00, 51.000000000000000,763.70000000000005
2016-01-21 15:10:00,18.166666666666700,35.626666666666701, 4.6666666666666696e+00, 52.500000000000000,763.76666666666699
2016-01-21 15:20:00,18.426666666666701,35.530000000000001, 4.6333333333333302e+00, 54.000000000000000,763.83333333333303
2016-01-21 15:30:00,18.566666666666698,35.590000000000003, 4.5999999999999996e+00, 55.500000000000000,763.89999999999998
2016-01-21 15:40:00,18.823333333333299,35.590000000000003, 4.5666666666666700e+00, 57.000000000000000,763.96666666666704
2016-01-21 15:50:00,18.963333333333299,35.663333333333298, 4.5333333333333297e+00, 58.500000000000000,764.03333333333296
2016-01-21 16:00:00,19.133333333333301,35.899999999999999, 4.5000000000000000e+00, 60.000000000000000,764.10000000000002
2016-01-21 16:10:00,19.199999999999999,35.966666666666697, 4.1333333333333302e+00, 61.666666666666700,764.13333333333298
2016-01-21 16:20:00,19.230000000000000,36.126666666666701, 3.7666666666666702e+00, 63.333333333333300,764.16666666666697
2016-01-21 16:30:00,19.289999999999999,36.259999999999998, 3.3999999999999999e+00, 65.000000000000000,764.20000000000005
2016-01-21 16:40:00,19.260000000000002,36.399999999999999, 3.0333333333333301e+00, 66.666666666666700,764.23333333333301
2016-01-21 16:50:00,19.199999999999999,36.399999999999999, 2.6666666666666701e+00, 68.333333333333300,764.26666666666699
2016-01-21 17:00:00,19.199999999999999,36.500000000000000, 2.2999999999999998e+00, 70.000000000000000,764.29999999999995
2016-01-21 17:10:00,19.100000000000001,36.626666666666701, 1.9666666666666699e+00, 71.166666666666700,764.36666666666702
2016-01-21 17:20:00,19.100000000000001,36.759999999999998, 1.6333333333333300e+00, 72.333333333333300,764.43333333333305
2016-01-21 17:30:00,19.000000000000000,36.729999999999997, 1.3000000000000000e+00, 73.500000000000000,764.50000000000000
2016-01-21 17:40:00,19.000000000000000,36.789999999999999, 9.6666666666666701e-01, 74.666666666666700,764.56666666666695
2016-01-21 17:50:00,18.963333333333299,36.789999999999999, 6.3333333333333297e-01, 75.833333333333300,764.63333333333298
2016-01-21 18:00:00,18.823333333333299,36.596666666666700, 2.9999999999999999e-01, 77.000000000000000,764.70000000000005
2016-01-21 18:10:00,18.789999999999999,36.363333333333301, 1.1666666666666700e-01, 78.166666666666700,764.66666666666697
2016-01-21 18:20:00,18.789999999999999,36.030000000000001,-6.6666666666666693e-02, 79.333333333333300,764.63333333333298
2016-01-21 18:30:00,18.563333333333301,34.799999999999997,-2.5000000000000000e-01, 80.500000000000000,764.60000000000002
2016-01-21 18:40:00,18.289999999999999,33.659999999999997,-4.3333333333333302e-01, 81.666666666666700,764.56666666666695
2016-01-21 18:50:00,18.426666666666701,33.963333333333303,-6.1666666666666703e-01, 82.833333333333300,764.53333333333296
2016-01-21 19:00:00,18.566666666666698,34.090000000000003,-8.0000000000000004e-01, 84.000000000000000,764.50000000000000
2016-01-21 19:10:00,18.699999999999999,34.100000000000001,-7.6666666666666705e-01, 84.000000000000000,764.53333333333296
2016-01-21 19:20:00,18.699999999999999,34.226666666666702,-7.3333333333333295e-01, 84.000000000000000,764.56666666666695
2016-01-21 19:30:00,18.823333333333299,36.093333333333298,-6.9999999999999996e-01, 84.000000000000000,764.60000000000002
2016-01-21 19:40:00,18.963333333333299,36.899999999999999,-6.6666666666666696e-01, 84.000000000000000,764.63333333333298
2016-01-21 19:50:00,19.133333333333301,37.200000000000003,-6.3333333333333297e-01, 84.000000000000000,764.66666666666697
2016-01-21 20:00:00,19.199999999999999,37.259999999999998,-5.9999999999999998e-01, 84.000000000000000,764.70000000000005
2016-01-21 20:10:00,19.289999999999999,37.049999999999997,-3.1666666666666698e-01, 83.666666666666700,764.66666666666697
2016-01-21 20:20:00,19.289999999999999,36.663333333333298,-3.3333333333333298e-02, 83.333333333333300,764.63333333333298
2016-01-21 20:30:00,19.356666666666701,36.590000000000003, 2.5000000000000000e-01, 83.000000000000000,764.60000000000002
2016-01-21 20:40:00,19.390000000000001,36.590000000000003, 5.3333333333333299e-01, 82.666666666666700,764.56666666666695
2016-01-21 20:50:00,19.390000000000001,36.663333333333298, 8.1666666666666698e-01, 82.333333333333300,764.53333333333296
2016-01-21 21:00:00,19.426666666666701,36.826666666666704, 1.1000000000000001e+00, 82.000000000000000,764.50000000000000
2016-01-21 21:10:00,19.566666666666698,36.826666666666704, 9.8333333333333295e-01, 82.500000000000000,764.54999999999995
2016-01-21 21:20:00,19.633333333333301,36.789999999999999, 8.6666666666666703e-01, 83.000000000000000,764.60000000000002
2016-01-21 21:30:00,19.699999999999999,36.789999999999999, 7.5000000000000000e-01, 83.500000000000000,764.64999999999998
2016-01-21 21:40:00,19.730000000000000,36.663333333333298, 6.3333333333333297e-01, 84.000000000000000,764.70000000000005
2016-01-21 21:50:00,19.856666666666701,36.590000000000003, 5.1666666666666705e-01, 84.500000000000000,764.75000000000000
2016-01-21 22:00:00,19.926666666666701,36.590000000000003, 4.0000000000000002e-01, 85.000000000000000,764.79999999999995
2016-01-21 22:10:00,20.000000000000000,36.590000000000003, 2.3333333333333300e-01, 85.833333333333300,764.79999999999995
2016-01-21 22:20:00,20.033333333333299,36.626666666666701, 6.6666666666666693e-02, 86.666666666666700,764.79999999999995
2016-01-21 22:30:00,20.100000000000001,36.566666666666698,-1.0000000000000001e-01, 87.500000000000000,764.79999999999995
2016-01-21 22:40:00,20.066666666666698,36.289999999999999,-2.6666666666666700e-01, 88.333333333333300,764.79999999999995
2016-01-21 22:50:00,20.066666666666698,36.363333333333301,-4.3333333333333302e-01, 89.166666666666700,764.79999999999995
2016-01-21 23:00:00,20.000000000000000,36.399999999999999,-5.9999999999999998e-01, 90.000000000000000,764.79999999999995
2016-01-21 23:10:00,20.000000000000000,36.399999999999999,-5.0000000000000000e-01, 89.666666666666700,764.85000000000002
2016-01-21 23:20:00,19.963333333333299,36.500000000000000,-4.0000000000000002e-01, 89.333333333333300,764.89999999999998
2016-01-21 23:30:00,19.864999999999998,36.475000000000001,-2.9999999999999999e-01, 89.000000000000000,764.95000000000005
2016-01-21 23:40:00,19.789999999999999,36.466666666666697,-2.0000000000000001e-01, 88.666666666666700,765.00000000000000
2016-01-21 23:50:00,19.699999999999999,36.530000000000001,-1.0000000000000001e-01, 88.333333333333300,765.04999999999995
2016-01-22 00:00:00,19.699999999999999,36.590000000000003, 0.0000000000000000e+00, 88.000000000000000,765.10000000000002
2016-01-22 00:10:00,19.600000000000001,36.590000000000003,-5.0000000000000003e-02, 88.166666666666700,765.10000000000002
2016-01-22 00:20:00,19.533333333333299,36.663333333333298,-1.0000000000000001e-01, 88.333333333333300,765.10000000000002
2016-01-22 00:30:00,19.463333333333299,36.700000000000003,-1.4999999999999999e-01, 88.500000000000000,765.10000000000002
2016-01-22 00:40:00,19.390000000000001,36.759999999999998,-2.0000000000000001e-01, 88.666666666666700,765.10000000000002
2016-01-22 00:50:00,19.289999999999999,36.789999999999999,-2.5000000000000000e-01, 88.833333333333300,765.10000000000002
2016-01-22 01:00:00,19.230000000000000,36.789999999999999,-2.9999999999999999e-01, 89.000000000000000,765.10000000000002
2016-01-22 01:10:00,19.166666666666700,36.826666666666704,-2.9999999999999999e-01, 88.833333333333300,765.00000000000000
2016-01-22 01:20:00,19.100000000000001,36.899999999999999,-2.9999999999999999e-01, 88.666666666666700,764.89999999999998
2016-01-22 01:30:00,19.066666666666698,36.863333333333301,-2.9999999999999999e-01, 88.500000000000000,764.79999999999995
2016-01-22 01:40:00,19.000000000000000,36.789999999999999,-2.9999999999999999e-01, 88.333333333333300,764.70000000000005
2016-01-22 01:50:00,18.890000000000001,36.899999999999999,-2.9999999999999999e-01, 88.166666666666700,764.60000000000002
2016-01-22 02:00:00,18.823333333333299,36.899999999999999,-2.9999999999999999e-01, 88.000000000000000,764.50000000000000
2016-01-22 02:10:00,18.789999999999999,36.933333333333302,-3.4999999999999998e-01, 88.000000000000000,764.53333333333296
2016-01-22 02:20:00,18.730000000000000,37.000000000000000,-4.0000000000000002e-01, 88.000000000000000,764.56666666666695
2016-01-22 02:30:00,18.699999999999999,37.090000000000003,-4.5000000000000001e-01, 88.000000000000000,764.60000000000002
2016-01-22 02:40:00,18.625000000000000,37.045000000000002,-5.0000000000000000e-01, 88.000000000000000,764.63333333333298
2016-01-22 02:50:00,18.600000000000001,37.090000000000003,-5.5000000000000004e-01, 88.000000000000000,764.66666666666697
2016-01-22 03:00:00,18.500000000000000,37.200000000000003,-5.9999999999999998e-01, 88.000000000000000,764.70000000000005
2016-01-22 03:10:00,18.500000000000000,37.200000000000003,-6.3333333333333297e-01, 87.833333333333300,764.60000000000002
2016-01-22 03:20:00,18.390000000000001,37.200000000000003,-6.6666666666666696e-01, 87.666666666666700,764.50000000000000
2016-01-22 03:30:00,18.390000000000001,37.259999999999998,-6.9999999999999996e-01, 87.500000000000000,764.39999999999998
2016-01-22 03:40:00,18.289999999999999,37.326666666666704,-7.3333333333333295e-01, 87.333333333333300,764.29999999999995
2016-01-22 03:50:00,18.289999999999999,37.399999999999999,-7.6666666666666705e-01, 87.166666666666700,764.20000000000005
2016-01-22 04:00:00,18.199999999999999,37.289999999999999,-8.0000000000000004e-01, 87.000000000000000,764.10000000000002
2016-01-22 04:10:00,18.199999999999999,37.289999999999999,-8.6666666666666703e-01, 87.000000000000000,764.10000000000002
2016-01-22 04:20:00,18.199999999999999,37.289999999999999,-9.3333333333333302e-01, 87.000000000000000,764.10000000000002
2016-01-22 04:30:00,18.133333333333301,37.363333333333301,-1.0000000000000000e+00, 87.000000000000000,764.10000000000002
2016-01-22 04:40:00,18.100000000000001,37.399999999999999,-1.0666666666666700e+00, 87.000000000000000,764.10000000000002
2016-01-22 04:50:00,18.033333333333299,37.326666666666704,-1.1333333333333300e+00, 87.000000000000000,764.10000000000002
2016-01-22 05:00:00,18.000000000000000,37.399999999999999,-1.2000000000000000e+00, 87.000000000000000,764.10000000000002
2016-01-22 05:10:00,18.000000000000000,37.466666666666697,-1.1666666666666701e+00, 86.666666666666700,764.01666666666699
2016-01-22 05:20:00,17.963333333333299,37.500000000000000,-1.1333333333333300e+00, 86.333333333333300,763.93333333333305
2016-01-22 05:30:00,17.890000000000001,37.500000000000000,-1.1000000000000001e+00, 86.000000000000000,763.85000000000002
2016-01-22 05:40:00,17.890000000000001,37.530000000000001,-1.0666666666666700e+00, 85.666666666666700,763.76666666666699
2016-01-22 05:50:00,17.864999999999998,37.567500000000003,-1.0333333333333301e+00, 85.333333333333300,763.68333333333305
2016-01-22 06:00:00,17.789999999999999,37.500000000000000,-1.0000000000000000e+00, 85.000000000000000,763.60000000000002
2016-01-22 06:10:00,17.789999999999999,37.590000000000003,-1.0500000000000000e+00, 84.833333333333300,763.56666666666695
2016-01-22 06:20:00,17.789999999999999,37.590000000000003,-1.1000000000000001e+00, 84.666666666666700,763.53333333333296
2016-01-22 06:30:00,17.699999999999999,37.700000000000003,-1.1499999999999999e+00, 84.500000000000000,763.50000000000000
2016-01-22 06:40:00,17.699999999999999,37.700000000000003,-1.2000000000000000e+00, 84.333333333333300,763.46666666666704
2016-01-22 06:50:00,17.600000000000001,37.700000000000003,-1.2500000000000000e+00, 84.166666666666700,763.43333333333305
2016-01-22 07:00:00,17.600000000000001,37.700000000000003,-1.3000000000000000e+00, 84.000000000000000,763.39999999999998
2016-01-22 07:10:00,17.600000000000001,37.789999999999999,-1.2166666666666699e+00, 83.500000000000000,763.38333333333298
2016-01-22 07:20:00,17.600000000000001,37.863333333333301,-1.1333333333333300e+00, 83.000000000000000,763.36666666666702
2016-01-22 07:30:00,17.600000000000001,37.933333333333302,-1.0500000000000000e+00, 82.500000000000000,763.35000000000002
2016-01-22 07:40:00,17.533333333333299,38.060000000000002,-9.6666666666666701e-01, 82.000000000000000,763.33333333333303
2016-01-22 07:50:00,17.500000000000000,38.126666666666701,-8.8333333333333297e-01, 81.500000000000000,763.31666666666695
2016-01-22 08:00:00,17.500000000000000,38.333333333333300,-8.0000000000000004e-01, 81.000000000000000,763.29999999999995
2016-01-22 08:10:00,17.500000000000000,38.530000000000001,-6.8333333333333302e-01, 80.500000000000000,763.23333333333301
2016-01-22 08:20:00,17.500000000000000,38.590000000000003,-5.6666666666666698e-01, 80.000000000000000,763.16666666666697
2016-01-22 08:30:00,17.390000000000001,38.590000000000003,-4.5000000000000001e-01, 79.500000000000000,763.10000000000002
2016-01-22 08:40:00,17.390000000000001,38.530000000000001,-3.3333333333333298e-01, 79.000000000000000,763.03333333333296
2016-01-22 08:50:00,17.390000000000001,38.466666666666697,-2.1666666666666701e-01, 78.500000000000000,762.96666666666704
2016-01-22 09:00:00,17.364999999999998,38.372500000000002,-1.0000000000000001e-01, 78.000000000000000,762.89999999999998
2016-01-22 09:10:00,17.356666666666701,38.289999999999999,-6.6666666666666693e-02, 78.166666666666700,762.88333333333298
2016-01-22 09:20:00,17.289999999999999,38.289999999999999,-3.3333333333333298e-02, 78.333333333333300,762.86666666666702
2016-01-22 09:30:00,17.289999999999999,38.289999999999999, 0.0000000000000000e+00, 78.500000000000000,762.85000000000002
2016-01-22 09:40:00,17.289999999999999,38.326666666666704, 3.3333333333333298e-02, 78.666666666666700,762.83333333333303
2016-01-22 09:50:00,17.289999999999999,38.399999999999999, 6.6666666666666693e-02, 78.833333333333300,762.81666666666695
2016-01-22 10:00:00,17.289999999999999,38.399999999999999, 1.0000000000000001e-01, 79.000000000000000,762.79999999999995
2016-01-22 10:10:00,17.289999999999999,38.466666666666697, 2.8333333333333299e-01, 78.500000000000000,762.76666666666699
2016-01-22 10:20:00,17.289999999999999,38.500000000000000, 4.6666666666666701e-01, 78.000000000000000,762.73333333333301
2016-01-22 10:30:00,17.289999999999999,38.500000000000000, 6.5000000000000002e-01, 77.500000000000000,762.70000000000005
2016-01-22 10:40:00,17.289999999999999,38.590000000000003, 8.3333333333333304e-01, 77.000000000000000,762.66666666666697
2016-01-22 10:50:00,17.289999999999999,38.530000000000001, 1.0166666666666699e+00, 76.500000000000000,762.63333333333298
2016-01-22 11:00:00,17.390000000000001,38.500000000000000, 1.2000000000000000e+00, 76.000000000000000,762.60000000000002
2016-01-22 11:10:00,17.390000000000001,38.560000000000002, 1.4500000000000000e+00, 75.166666666666700,762.51666666666699
2016-01-22 11:20:00,17.390000000000001,38.590000000000003, 1.7000000000000000e+00, 74.333333333333300,762.43333333333305
2016-01-22 11:30:00,17.390000000000001,38.663333333333298, 1.9500000000000000e+00, 73.500000000000000,762.35000000000002
2016-01-22 11:40:00,17.426666666666701,38.729999999999997, 2.2000000000000002e+00, 72.666666666666700,762.26666666666699
2016-01-22 11:50:00,17.500000000000000,38.789999999999999, 2.4500000000000002e+00, 71.833333333333300,762.18333333333305
2016-01-22 12:00:00,17.500000000000000,38.789999999999999, 2.7000000000000002e+00, 71.000000000000000,762.10000000000002
2016-01-22 12:10:00,17.426666666666701,38.826666666666704, 2.8333333333333299e+00, 70.833333333333300,762.00000000000000
2016-01-22 12:20:00,17.426666666666701,38.826666666666704, 2.9666666666666699e+00, 70.666666666666700,761.89999999999998
2016-01-22 12:30:00,17.426666666666701,38.789999999999999, 3.1000000000000001e+00, 70.500000000000000,761.79999999999995
2016-01-22 12:40:00,17.500000000000000,38.863333333333301, 3.2333333333333298e+00, 70.333333333333300,761.70000000000005
2016-01-22 12:50:00,17.500000000000000,38.899999999999999, 3.3666666666666698e+00, 70.166666666666700,761.60000000000002
2016-01-22 13:00:00,17.500000000000000,38.899999999999999, 3.5000000000000000e+00, 70.000000000000000,761.50000000000000
2016-01-22 13:10:00,17.426666666666701,38.859999999999999, 3.5333333333333301e+00, 69.833333333333300,761.39999999999998
2016-01-22 13:20:00,17.500000000000000,39.000000000000000, 3.5666666666666700e+00, 69.666666666666700,761.29999999999995
2016-01-22 13:30:00,17.500000000000000,39.000000000000000, 3.6000000000000001e+00, 69.500000000000000,761.20000000000005
2016-01-22 13:40:00,17.500000000000000,39.000000000000000, 3.6333333333333302e+00, 69.333333333333300,761.10000000000002
2016-01-22 13:50:00,17.390000000000001,38.899999999999999, 3.6666666666666701e+00, 69.166666666666700,761.00000000000000
2016-01-22 14:00:00,17.390000000000001,38.899999999999999, 3.7000000000000002e+00, 69.000000000000000,760.89999999999998
2016-01-22 14:10:00,17.390000000000001,39.000000000000000, 3.7000000000000002e+00, 70.166666666666700,760.85000000000002
2016-01-22 14:20:00,17.390000000000001,39.000000000000000, 3.7000000000000002e+00, 71.333333333333300,760.79999999999995
2016-01-22 14:30:00,17.390000000000001,39.000000000000000, 3.7000000000000002e+00, 72.500000000000000,760.75000000000000
2016-01-22 14:40:00,17.390000000000001,39.000000000000000, 3.7000000000000002e+00, 73.666666666666700,760.70000000000005
2016-01-22 14:50:00,17.289999999999999,39.030000000000001, 3.7000000000000002e+00, 74.833333333333300,760.64999999999998
2016-01-22 15:00:00,17.289999999999999,39.090000000000003, 3.7000000000000002e+00, 76.000000000000000,760.60000000000002
2016-01-22 15:10:00,17.289999999999999,39.200000000000003, 3.5833333333333299e+00, 78.000000000000000,760.60000000000002
2016-01-22 15:20:00,17.289999999999999,39.200000000000003, 3.4666666666666699e+00, 80.000000000000000,760.60000000000002
2016-01-22 15:30:00,17.289999999999999,39.259999999999998, 3.3500000000000001e+00, 82.000000000000000,760.60000000000002
2016-01-22 15:40:00,17.260000000000002,39.289999999999999, 3.2333333333333298e+00, 84.000000000000000,760.60000000000002
2016-01-22 15:50:00,17.199999999999999,39.363333333333301, 3.1166666666666698e+00, 86.000000000000000,760.60000000000002
2016-01-22 16:00:00,17.199999999999999,39.433333333333302, 3.0000000000000000e+00, 88.000000000000000,760.60000000000002
2016-01-22 16:10:00,17.133333333333301,39.500000000000000, 3.0000000000000000e+00, 88.833333333333300,760.54999999999995
2016-01-22 16:20:00,17.199999999999999,39.590000000000003, 3.0000000000000000e+00, 89.666666666666700,760.50000000000000
2016-01-22 16:30:00,17.199999999999999,39.663333333333298, 3.0000000000000000e+00, 90.500000000000000,760.45000000000005
2016-01-22 16:40:00,17.100000000000001,39.729999999999997, 3.0000000000000000e+00, 91.333333333333300,760.39999999999998
2016-01-22 16:50:00,17.100000000000001,39.789999999999999, 3.0000000000000000e+00, 92.166666666666700,760.35000000000002
2016-01-22 17:00:00,17.100000000000001,39.826666666666704, 3.0000000000000000e+00, 93.000000000000000,760.29999999999995
2016-01-22 17:10:00,17.100000000000001,39.899999999999999, 3.0333333333333301e+00, 93.500000000000000,760.29999999999995
2016-01-22 17:20:00,17.100000000000001,39.933333333333302, 3.0666666666666700e+00, 94.000000000000000,760.29999999999995
2016-01-22 17:30:00,17.100000000000001,40.000000000000000, 3.1000000000000001e+00, 94.500000000000000,760.29999999999995
2016-01-22 17:40:00,17.000000000000000,40.030000000000001, 3.1333333333333302e+00, 95.000000000000000,760.29999999999995
2016-01-22 17:50:00,17.000000000000000,40.090000000000003, 3.1666666666666701e+00, 95.500000000000000,760.29999999999995
2016-01-22 18:00:00,17.000000000000000,40.229999999999997, 3.2000000000000002e+00, 96.000000000000000,760.29999999999995
2016-01-22 18:10:00,17.000000000000000,40.289999999999999, 3.2666666666666702e+00, 95.833333333333300,760.35000000000002
2016-01-22 18:20:00,17.000000000000000,40.344999999999999, 3.3333333333333299e+00, 95.666666666666700,760.39999999999998
2016-01-22 18:30:00,17.000000000000000,40.433333333333302, 3.3999999999999999e+00, 95.500000000000000,760.45000000000005
2016-01-22 18:40:00,17.000000000000000,40.500000000000000, 3.4666666666666699e+00, 95.333333333333300,760.50000000000000
2016-01-22 18:50:00,16.890000000000001,40.590000000000003, 3.5333333333333301e+00, 95.166666666666700,760.54999999999995
2016-01-22 19:00:00,16.890000000000001,40.590000000000003, 3.6000000000000001e+00, 95.000000000000000,760.60000000000002
2016-01-22 19:10:00,16.890000000000001,40.700000000000003, 3.6166666666666698e+00, 95.333333333333300,760.68333333333305
2016-01-22 19:20:00,16.890000000000001,40.759999999999998, 3.6333333333333302e+00, 95.666666666666700,760.76666666666699
2016-01-22 19:30:00,16.890000000000001,40.789999999999999, 3.6499999999999999e+00, 96.000000000000000,760.85000000000002
2016-01-22 19:40:00,16.890000000000001,40.863333333333301, 3.6666666666666701e+00, 96.333333333333300,760.93333333333305
2016-01-22 19:50:00,16.856666666666701,40.966666666666697, 3.6833333333333300e+00, 96.666666666666700,761.01666666666699
2016-01-22 20:00:00,16.789999999999999,40.899999999999999, 3.7000000000000002e+00, 97.000000000000000,761.10000000000002
2016-01-22 20:10:00,16.823333333333299,40.963333333333303, 3.7000000000000002e+00, 97.000000000000000,761.20000000000005
2016-01-22 20:20:00,16.823333333333299,41.030000000000001, 3.7000000000000002e+00, 97.000000000000000,761.29999999999995
2016-01-22 20:30:00,16.789999999999999,41.030000000000001, 3.7000000000000002e+00, 97.000000000000000,761.39999999999998
2016-01-22 20:40:00,16.789999999999999,41.090000000000003, 3.7000000000000002e+00, 97.000000000000000,761.50000000000000
2016-01-22 20:50:00,16.789999999999999,41.090000000000003, 3.7000000000000002e+00, 97.000000000000000,761.60000000000002
2016-01-22 21:00:00,16.789999999999999,41.090000000000003, 3.7000000000000002e+00, 97.000000000000000,761.70000000000005
2016-01-22 21:10:00,16.760000000000002,41.126666666666701, 3.7000000000000002e+00, 97.166666666666700,761.76666666666699
2016-01-22 21:20:00,16.699999999999999,41.200000000000003, 3.7000000000000002e+00, 97.333333333333300,761.83333333333303
2016-01-22 21:30:00,16.745000000000001,41.200000000000003, 3.7000000000000002e+00, 97.500000000000000,761.89999999999998
2016-01-22 21:40:00,16.699999999999999,41.229999999999997, 3.7000000000000002e+00, 97.666666666666700,761.96666666666704
2016-01-22 21:50:00,16.699999999999999,41.289999999999999, 3.7000000000000002e+00, 97.833333333333300,762.03333333333296
2016-01-22 22:00:00,16.699999999999999,41.399999999999999, 3.7000000000000002e+00, 98.000000000000000,762.10000000000002
2016-01-22 22:10:00,16.699999999999999,41.399999999999999, 3.7666666666666702e+00, 98.333333333333300,762.16666666666697
2016-01-22 22:20:00,16.699999999999999,41.433333333333302, 3.8333333333333299e+00, 98.666666666666700,762.23333333333301
2016-01-22 22:30:00,16.699999999999999,41.500000000000000, 3.8999999999999999e+00, 99.000000000000000,762.29999999999995
2016-01-22 22:40:00,16.699999999999999,41.590000000000003, 3.9666666666666699e+00, 99.333333333333300,762.36666666666702
2016-01-22 22:50:00,16.699999999999999,41.590000000000003, 4.0333333333333297e+00, 99.666666666666700,762.43333333333305
2016-01-22 23:00:00,16.600000000000001,41.500000000000000, 4.0999999999999996e+00,100.000000000000000,762.50000000000000
2016-01-22 23:10:00,16.600000000000001,41.560000000000002, 4.1666666666666696e+00,100.000000000000000,762.58333333333303
2016-01-22 23:20:00,16.600000000000001,41.626666666666701, 4.2333333333333298e+00,100.000000000000000,762.66666666666697
2016-01-22 23:30:00,16.600000000000001,41.700000000000003, 4.2999999999999998e+00,100.000000000000000,762.75000000000000
2016-01-22 23:40:00,16.600000000000001,41.700000000000003, 4.3666666666666698e+00,100.000000000000000,762.83333333333303
2016-01-22 23:50:00,16.600000000000001,41.759999999999998, 4.4333333333333300e+00,100.000000000000000,762.91666666666697
2016-01-23 00:00:00,16.600000000000001,41.789999999999999, 4.5000000000000000e+00,100.000000000000000,763.00000000000000
2016-01-23 00:10:00,16.600000000000001,41.789999999999999, 4.5166666666666702e+00,100.000000000000000,763.10000000000002
2016-01-23 00:20:00,16.600000000000001,41.789999999999999, 4.5333333333333297e+00,100.000000000000000,763.20000000000005
2016-01-23 00:30:00,16.600000000000001,41.872500000000002, 4.5499999999999998e+00,100.000000000000000,763.29999999999995
2016-01-23 00:40:00,16.600000000000001,41.966666666666697, 4.5666666666666700e+00,100.000000000000000,763.39999999999998
2016-01-23 00:50:00,16.600000000000001,42.000000000000000, 4.5833333333333304e+00,100.000000000000000,763.50000000000000
2016-01-23 01:00:00,16.533333333333299,42.060000000000002, 4.5999999999999996e+00,100.000000000000000,763.60000000000002
2016-01-23 01:10:00,16.566666666666698,42.090000000000003, 4.6500000000000004e+00,100.000000000000000,763.68333333333305
2016-01-23 01:20:00,16.500000000000000,42.163333333333298, 4.7000000000000002e+00,100.000000000000000,763.76666666666699
2016-01-23 01:30:00,16.500000000000000,42.200000000000003, 4.7500000000000000e+00,100.000000000000000,763.85000000000002
2016-01-23 01:40:00,16.500000000000000,42.200000000000003, 4.7999999999999998e+00,100.000000000000000,763.93333333333305
2016-01-23 01:50:00,16.500000000000000,42.289999999999999, 4.8499999999999996e+00,100.000000000000000,764.01666666666699
2016-01-23 02:00:00,16.500000000000000,42.363333333333301, 4.9000000000000004e+00,100.000000000000000,764.10000000000002
2016-01-23 02:10:00,16.500000000000000,42.399999999999999, 4.9333333333333300e+00,100.000000000000000,764.26666666666699
2016-01-23 02:20:00,16.500000000000000,42.399999999999999, 4.9666666666666703e+00,100.000000000000000,764.43333333333305
2016-01-23 02:30:00,16.500000000000000,42.500000000000000, 5.0000000000000000e+00,100.000000000000000,764.60000000000002
2016-01-23 02:40:00,16.500000000000000,42.500000000000000, 5.0333333333333297e+00,100.000000000000000,764.76666666666699
2016-01-23 02:50:00,16.500000000000000,42.530000000000001, 5.0666666666666700e+00,100.000000000000000,764.93333333333305
2016-01-23 03:00:00,16.500000000000000,42.590000000000003, 5.0999999999999996e+00,100.000000000000000,765.10000000000002
2016-01-23 03:10:00,16.500000000000000,42.626666666666701, 5.0833333333333304e+00, 99.833333333333300,765.23333333333301
2016-01-23 03:20:00,16.426666666666701,42.626666666666701, 5.0666666666666700e+00, 99.666666666666700,765.36666666666702
2016-01-23 03:30:00,16.463333333333299,42.663333333333298, 5.0499999999999998e+00, 99.500000000000000,765.50000000000000
2016-01-23 03:40:00,16.417500000000000,42.640000000000001, 5.0333333333333297e+00, 99.333333333333300,765.63333333333298
2016-01-23 03:50:00,16.426666666666701,42.729999999999997, 5.0166666666666702e+00, 99.166666666666700,765.76666666666699
2016-01-23 04:00:00,16.500000000000000,42.826666666666704, 5.0000000000000000e+00, 99.000000000000000,765.89999999999998
2016-01-23 04:10:00,16.500000000000000,42.899999999999999, 5.0166666666666702e+00, 99.166666666666700,765.96666666666704
2016-01-23 04:20:00,16.390000000000001,42.789999999999999, 5.0333333333333297e+00, 99.333333333333300,766.03333333333296
2016-01-23 04:30:00,16.390000000000001,42.863333333333301, 5.0499999999999998e+00, 99.500000000000000,766.10000000000002
2016-01-23 04:40:00,16.390000000000001,42.899999999999999, 5.0666666666666700e+00, 99.666666666666700,766.16666666666697
2016-01-23 04:50:00,16.390000000000001,42.966666666666697, 5.0833333333333304e+00, 99.833333333333300,766.23333333333301
2016-01-23 05:00:00,16.390000000000001,42.933333333333302, 5.0999999999999996e+00,100.000000000000000,766.29999999999995
2016-01-23 05:10:00,16.390000000000001,43.000000000000000, 5.2333333333333298e+00,100.000000000000000,766.35000000000002
2016-01-23 05:20:00,16.390000000000001,43.000000000000000, 5.3666666666666698e+00,100.000000000000000,766.39999999999998
2016-01-23 05:30:00,16.390000000000001,43.060000000000002, 5.5000000000000000e+00,100.000000000000000,766.45000000000005
2016-01-23 05:40:00,16.390000000000001,43.126666666666701, 5.6333333333333302e+00,100.000000000000000,766.50000000000000
2016-01-23 05:50:00,16.390000000000001,43.200000000000003, 5.7666666666666702e+00,100.000000000000000,766.54999999999995
2016-01-23 06:00:00,16.356666666666701,43.229999999999997, 5.9000000000000004e+00,100.000000000000000,766.60000000000002
2016-01-23 06:10:00,16.289999999999999,43.289999999999999, 5.9000000000000004e+00, 99.833333333333300,766.73333333333301
2016-01-23 06:20:00,16.356666666666701,43.289999999999999, 5.9000000000000004e+00, 99.666666666666700,766.86666666666702
2016-01-23 06:30:00,16.289999999999999,43.363333333333301, 5.9000000000000004e+00, 99.500000000000000,767.00000000000000
2016-01-23 06:40:00,16.289999999999999,43.399999999999999, 5.9000000000000004e+00, 99.333333333333300,767.13333333333298
2016-01-23 06:50:00,16.289999999999999,43.475000000000001, 5.9000000000000004e+00, 99.166666666666700,767.26666666666699
2016-01-23 07:00:00,16.289999999999999,43.500000000000000, 5.9000000000000004e+00, 99.000000000000000,767.39999999999998
2016-01-23 07:10:00,16.289999999999999,43.500000000000000, 5.8499999999999996e+00, 99.000000000000000,767.46666666666704
2016-01-23 07:20:00,16.289999999999999,43.560000000000002, 5.7999999999999998e+00, 99.000000000000000,767.53333333333296
2016-01-23 07:30:00,16.289999999999999,43.590000000000003, 5.7500000000000000e+00, 99.000000000000000,767.60000000000002
2016-01-23 07:40:00,16.289999999999999,43.590000000000003, 5.7000000000000002e+00, 99.000000000000000,767.66666666666697
2016-01-23 07:50:00,16.289999999999999,43.700000000000003, 5.6500000000000004e+00, 99.000000000000000,767.73333333333301
2016-01-23 08:00:00,16.289999999999999,43.700000000000003, 5.5999999999999996e+00, 99.000000000000000,767.79999999999995
2016-01-23 08:10:00,16.230000000000000,43.656666666666702, 5.5999999999999996e+00, 99.166666666666700,767.89999999999998
2016-01-23 08:20:00,16.289999999999999,43.729999999999997, 5.5999999999999996e+00, 99.333333333333300,768.00000000000000
2016-01-23 08:30:00,16.260000000000002,43.759999999999998, 5.5999999999999996e+00, 99.500000000000000,768.10000000000002
2016-01-23 08:40:00,16.199999999999999,43.700000000000003, 5.5999999999999996e+00, 99.666666666666700,768.20000000000005
2016-01-23 08:50:00,16.199999999999999,43.700000000000003, 5.5999999999999996e+00, 99.833333333333300,768.29999999999995
2016-01-23 09:00:00,16.199999999999999,43.759999999999998, 5.5999999999999996e+00,100.000000000000000,768.39999999999998
2016-01-23 09:10:00,16.199999999999999,43.789999999999999, 5.6666666666666696e+00, 99.833333333333300,768.51666666666699
2016-01-23 09:20:00,16.199999999999999,43.789999999999999, 5.7333333333333298e+00, 99.666666666666700,768.63333333333298
2016-01-23 09:30:00,16.199999999999999,43.789999999999999, 5.7999999999999998e+00, 99.500000000000000,768.75000000000000
2016-01-23 09:40:00,16.199999999999999,43.789999999999999, 5.8666666666666698e+00, 99.333333333333300,768.86666666666702
2016-01-23 09:50:00,16.199999999999999,43.789999999999999, 5.9333333333333300e+00, 99.166666666666700,768.98333333333301
2016-01-23 10:00:00,16.199999999999999,43.826666666666704, 6.0000000000000000e+00, 99.000000000000000,769.10000000000002
2016-01-23 10:10:00,16.199999999999999,43.899999999999999, 6.0499999999999998e+00, 99.166666666666700,769.23333333333301
2016-01-23 10:20:00,16.199999999999999,43.899999999999999, 6.0999999999999996e+00, 99.333333333333300,769.36666666666702
2016-01-23 10:30:00,16.199999999999999,43.899999999999999, 6.1500000000000004e+00, 99.500000000000000,769.50000000000000
2016-01-23 10:40:00,16.199999999999999,43.899999999999999, 6.2000000000000002e+00, 99.666666666666700,769.63333333333298
2016-01-23 10:50:00,16.199999999999999,43.899999999999999, 6.2500000000000000e+00, 99.833333333333300,769.76666666666699
2016-01-23 11:00:00,16.199999999999999,43.899999999999999, 6.2999999999999998e+00,100.000000000000000,769.89999999999998
2016-01-23 11:10:00,16.199999999999999,43.966666666666697, 6.3833333333333302e+00, 99.666666666666700,769.93333333333305
2016-01-23 11:20:00,16.199999999999999,44.000000000000000, 6.4666666666666703e+00, 99.333333333333300,769.96666666666704
2016-01-23 11:30:00,16.199999999999999,44.000000000000000, 6.5499999999999998e+00, 99.000000000000000,770.00000000000000
2016-01-23 11:40:00,16.199999999999999,44.000000000000000, 6.6333333333333302e+00, 98.666666666666700,770.03333333333296
2016-01-23 11:50:00,16.199999999999999,44.000000000000000, 6.7166666666666703e+00, 98.333333333333300,770.06666666666695
2016-01-23 12:00:00,16.199999999999999,44.000000000000000, 6.7999999999999998e+00, 98.000000000000000,770.10000000000002
2016-01-23 12:10:00,16.199999999999999,44.060000000000002, 6.8499999999999996e+00, 97.833333333333300,770.13333333333298
2016-01-23 12:20:00,16.199999999999999,44.090000000000003, 6.9000000000000004e+00, 97.666666666666700,770.16666666666697
2016-01-23 12:30:00,16.199999999999999,44.090000000000003, 6.9500000000000002e+00, 97.500000000000000,770.20000000000005
2016-01-23 12:40:00,16.199999999999999,44.126666666666701, 7.0000000000000000e+00, 97.333333333333300,770.23333333333301
2016-01-23 12:50:00,16.199999999999999,44.200000000000003, 7.0499999999999998e+00, 97.166666666666700,770.26666666666699
2016-01-23 13:00:00,16.199999999999999,44.244999999999997, 7.0999999999999996e+00, 97.000000000000000,770.29999999999995
2016-01-23 13:10:00,16.199999999999999,44.289999999999999, 7.1500000000000004e+00, 96.666666666666700,770.26666666666699
2016-01-23 13:20:00,16.199999999999999,44.289999999999999, 7.2000000000000002e+00, 96.333333333333300,770.23333333333301
2016-01-23 13:30:00,16.199999999999999,44.289999999999999, 7.2500000000000000e+00, 96.000000000000000,770.20000000000005
2016-01-23 13:40:00,16.199999999999999,44.289999999999999, 7.2999999999999998e+00, 95.666666666666700,770.16666666666697
2016-01-23 13:50:00,16.199999999999999,44.399999999999999, 7.3499999999999996e+00, 95.333333333333300,770.13333333333298
2016-01-23 14:00:00,16.199999999999999,44.399999999999999, 7.4000000000000004e+00, 95.000000000000000,770.10000000000002
2016-01-23 14:10:00,16.199999999999999,44.399999999999999, 7.4166666666666696e+00, 95.000000000000000,770.13333333333298
2016-01-23 14:20:00,16.199999999999999,44.466666666666697, 7.4333333333333300e+00, 95.000000000000000,770.16666666666697
2016-01-23 14:30:00,16.199999999999999,44.500000000000000, 7.4500000000000002e+00, 95.000000000000000,770.20000000000005
2016-01-23 14:40:00,16.199999999999999,44.500000000000000, 7.4666666666666703e+00, 95.000000000000000,770.23333333333301
2016-01-23 14:50:00,16.199999999999999,44.590000000000003, 7.4833333333333298e+00, 95.000000000000000,770.26666666666699
2016-01-23 15:00:00,16.199999999999999,44.590000000000003, 7.5000000000000000e+00, 95.000000000000000,770.29999999999995
2016-01-23 15:10:00,16.199999999999999,44.626666666666701, 7.3499999999999996e+00, 95.500000000000000,770.36666666666702
2016-01-23 15:20:00,16.133333333333301,44.759999999999998, 7.2000000000000002e+00, 96.000000000000000,770.43333333333305
2016-01-23 15:30:00,16.100000000000001,44.963333333333303, 7.0499999999999998e+00, 96.500000000000000,770.50000000000000
2016-01-23 15:40:00,16.100000000000001,45.363333333333301, 6.9000000000000004e+00, 97.000000000000000,770.56666666666695
2016-01-23 15:50:00,16.100000000000001,45.590000000000003, 6.7500000000000000e+00, 97.500000000000000,770.63333333333298
2016-01-23 16:00:00,16.100000000000001,45.590000000000003, 6.5999999999999996e+00, 98.000000000000000,770.70000000000005
2016-01-23 16:10:00,16.100000000000001,45.590000000000003, 6.5833333333333304e+00, 98.000000000000000,770.68333333333305
2016-01-23 16:20:00,16.100000000000001,45.560000000000002, 6.5666666666666700e+00, 98.000000000000000,770.66666666666697
2016-01-23 16:30:00,16.100000000000001,45.500000000000000, 6.5499999999999998e+00, 98.000000000000000,770.64999999999998
2016-01-23 16:40:00,16.100000000000001,45.500000000000000, 6.5333333333333297e+00, 98.000000000000000,770.63333333333298
2016-01-23 16:50:00,16.100000000000001,45.500000000000000, 6.5166666666666702e+00, 98.000000000000000,770.61666666666702
2016-01-23 17:00:00,16.100000000000001,45.466666666666697, 6.5000000000000000e+00, 98.000000000000000,770.60000000000002
2016-01-23 17:10:00,16.100000000000001,45.326666666666704, 6.2500000000000000e+00, 97.833333333333300,770.58333333333303
2016-01-23 17:20:00,16.100000000000001,45.363333333333301, 6.0000000000000000e+00, 97.666666666666700,770.56666666666695
2016-01-23 17:30:00,16.100000000000001,45.289999999999999, 5.7500000000000000e+00, 97.500000000000000,770.54999999999995
2016-01-23 17:40:00,16.100000000000001,45.289999999999999, 5.5000000000000000e+00, 97.333333333333300,770.53333333333296
2016-01-23 17:50:00,16.100000000000001,45.289999999999999, 5.2500000000000000e+00, 97.166666666666700,770.51666666666699
2016-01-23 18:00:00,16.100000000000001,45.326666666666704, 5.0000000000000000e+00, 97.000000000000000,770.50000000000000
2016-01-23 18:10:00,16.100000000000001,45.466666666666697, 5.2166666666666703e+00, 96.833333333333300,770.53333333333296
2016-01-23 18:20:00,16.133333333333301,45.590000000000003, 5.4333333333333300e+00, 96.666666666666700,770.56666666666695
2016-01-23 18:30:00,16.199999999999999,45.663333333333298, 5.6500000000000004e+00, 96.500000000000000,770.60000000000002
2016-01-23 18:40:00,16.426666666666701,45.700000000000003, 5.8666666666666698e+00, 96.333333333333300,770.63333333333298
2016-01-23 18:50:00,16.566666666666698,45.566666666666698, 6.0833333333333304e+00, 96.166666666666700,770.66666666666697
2016-01-23 19:00:00,16.823333333333299,45.363333333333301, 6.2999999999999998e+00, 96.000000000000000,770.70000000000005
2016-01-23 19:10:00,16.997499999999999,45.140000000000001, 6.2333333333333298e+00, 95.166666666666700,770.66666666666697
2016-01-23 19:20:00,17.166666666666700,45.090000000000003, 6.1666666666666696e+00, 94.333333333333300,770.63333333333298
2016-01-23 19:30:00,17.323333333333299,44.966666666666697, 6.0999999999999996e+00, 93.500000000000000,770.60000000000002
2016-01-23 19:40:00,17.463333333333299,44.826666666666704, 6.0333333333333297e+00, 92.666666666666700,770.56666666666695
2016-01-23 19:50:00,17.663333333333298,44.560000000000002, 5.9666666666666703e+00, 91.833333333333300,770.53333333333296
2016-01-23 20:00:00,17.856666666666701,44.433333333333302, 5.9000000000000004e+00, 91.000000000000000,770.50000000000000
2016-01-23 20:10:00,18.000000000000000,44.133333333333297, 5.9000000000000004e+00, 90.833333333333300,770.46666666666704
2016-01-23 20:20:00,18.133333333333301,43.933333333333302, 5.9000000000000004e+00, 90.666666666666700,770.43333333333305
2016-01-23 20:30:00,18.230000000000000,43.700000000000003, 5.9000000000000004e+00, 90.500000000000000,770.39999999999998
2016-01-23 20:40:00,18.356666666666701,43.500000000000000, 5.9000000000000004e+00, 90.333333333333300,770.36666666666702
2016-01-23 20:50:00,18.533333333333299,43.259999999999998, 5.9000000000000004e+00, 90.166666666666700,770.33333333333303
2016-01-23 21:00:00,18.600000000000001,43.066666666666698, 5.9000000000000004e+00, 90.000000000000000,770.29999999999995
2016-01-23 21:10:00,18.699999999999999,42.863333333333301, 5.8333333333333304e+00, 90.166666666666700,770.26666666666699
2016-01-23 21:20:00,18.760000000000002,42.656666666666702, 5.7666666666666702e+00, 90.333333333333300,770.23333333333301
2016-01-23 21:30:00,18.823333333333299,42.500000000000000, 5.7000000000000002e+00, 90.500000000000000,770.20000000000005
2016-01-23 21:40:00,18.890000000000001,42.359999999999999, 5.6333333333333302e+00, 90.666666666666700,770.16666666666697
2016-01-23 21:50:00,18.926666666666701,42.133333333333297, 5.5666666666666700e+00, 90.833333333333300,770.13333333333298
2016-01-23 22:00:00,19.000000000000000,41.933333333333302, 5.5000000000000000e+00, 91.000000000000000,770.10000000000002
2016-01-23 22:10:00,19.000000000000000,41.789999999999999, 5.4833333333333298e+00, 91.000000000000000,770.06666666666695
2016-01-23 22:20:00,19.000000000000000,41.592500000000001, 5.4666666666666703e+00, 91.000000000000000,770.03333333333296
2016-01-23 22:30:00,19.000000000000000,41.326666666666704, 5.4500000000000002e+00, 91.000000000000000,770.00000000000000
2016-01-23 22:40:00,19.000000000000000,41.289999999999999, 5.4333333333333300e+00, 91.000000000000000,769.96666666666704
2016-01-23 22:50:00,19.000000000000000,41.229999999999997, 5.4166666666666696e+00, 91.000000000000000,769.93333333333305
2016-01-23 23:00:00,18.963333333333299,41.289999999999999, 5.4000000000000004e+00, 91.000000000000000,769.89999999999998
2016-01-23 23:10:00,18.890000000000001,41.289999999999999, 5.3499999999999996e+00, 91.166666666666700,769.85000000000002
2016-01-23 23:20:00,18.789999999999999,41.289999999999999, 5.2999999999999998e+00, 91.333333333333300,769.79999999999995
2016-01-23 23:30:00,18.789999999999999,41.289999999999999, 5.2500000000000000e+00, 91.500000000000000,769.75000000000000
2016-01-23 23:40:00,18.699999999999999,41.289999999999999, 5.2000000000000002e+00, 91.666666666666700,769.70000000000005
2016-01-23 23:50:00,18.699999999999999,41.289999999999999, 5.1500000000000004e+00, 91.833333333333300,769.64999999999998
2016-01-24 00:00:00,18.600000000000001,41.289999999999999, 5.0999999999999996e+00, 92.000000000000000,769.60000000000002
2016-01-24 00:10:00,18.533333333333299,41.289999999999999, 5.1333333333333302e+00, 92.000000000000000,769.58333333333303
2016-01-24 00:20:00,18.463333333333299,41.363333333333301, 5.1666666666666696e+00, 92.000000000000000,769.56666666666695
2016-01-24 00:30:00,18.390000000000001,41.289999999999999, 5.2000000000000002e+00, 92.000000000000000,769.54999999999995
2016-01-24 00:40:00,18.356666666666701,41.399999999999999, 5.2333333333333298e+00, 92.000000000000000,769.53333333333296
2016-01-24 00:50:00,18.289999999999999,41.399999999999999, 5.2666666666666702e+00, 92.000000000000000,769.51666666666699
2016-01-24 01:00:00,18.199999999999999,41.399999999999999, 5.2999999999999998e+00, 92.000000000000000,769.50000000000000
2016-01-24 01:10:00,18.199999999999999,41.466666666666697, 5.2999999999999998e+00, 92.000000000000000,769.43333333333305
2016-01-24 01:20:00,18.100000000000001,41.530000000000001, 5.2999999999999998e+00, 92.000000000000000,769.36666666666702
2016-01-24 01:30:00,18.100000000000001,41.590000000000003, 5.2999999999999998e+00, 92.000000000000000,769.29999999999995
2016-01-24 01:40:00,18.000000000000000,41.500000000000000, 5.2999999999999998e+00, 92.000000000000000,769.23333333333301
2016-01-24 01:50:00,17.963333333333299,41.590000000000003, 5.2999999999999998e+00, 92.000000000000000,769.16666666666697
2016-01-24 02:00:00,17.890000000000001,41.663333333333298, 5.2999999999999998e+00, 92.000000000000000,769.10000000000002
2016-01-24 02:10:00,17.789999999999999,41.590000000000003, 5.3166666666666700e+00, 92.000000000000000,769.01666666666699
2016-01-24 02:20:00,17.789999999999999,41.663333333333298, 5.3333333333333304e+00, 92.000000000000000,768.93333333333305
2016-01-24 02:30:00,17.760000000000002,41.729999999999997, 5.3499999999999996e+00, 92.000000000000000,768.85000000000002
2016-01-24 02:40:00,17.699999999999999,41.789999999999999, 5.3666666666666698e+00, 92.000000000000000,768.76666666666699
2016-01-24 02:50:00,17.699999999999999,41.789999999999999, 5.3833333333333302e+00, 92.000000000000000,768.68333333333305
2016-01-24 03:00:00,17.633333333333301,41.729999999999997, 5.4000000000000004e+00, 92.000000000000000,768.60000000000002
2016-01-24 03:10:00,17.600000000000001,41.729999999999997, 5.4666666666666703e+00, 91.833333333333300,768.53333333333296
2016-01-24 03:20:00,17.600000000000001,41.789999999999999, 5.5333333333333297e+00, 91.666666666666700,768.46666666666704
2016-01-24 03:30:00,17.500000000000000,41.826666666666704, 5.5999999999999996e+00, 91.500000000000000,768.39999999999998
2016-01-24 03:40:00,17.500000000000000,41.966666666666697, 5.6666666666666696e+00, 91.333333333333300,768.33333333333303
2016-01-24 03:50:00,17.390000000000001,41.899999999999999, 5.7333333333333298e+00, 91.166666666666700,768.26666666666699
2016-01-24 04:00:00,17.390000000000001,41.899999999999999, 5.7999999999999998e+00, 91.000000000000000,768.20000000000005
2016-01-24 04:10:00,17.390000000000001,41.963333333333303, 5.8499999999999996e+00, 91.000000000000000,768.18333333333305
2016-01-24 04:20:00,17.390000000000001,42.090000000000003, 5.9000000000000004e+00, 91.000000000000000,768.16666666666697
2016-01-24 04:30:00,17.289999999999999,42.090000000000003, 5.9500000000000002e+00, 91.000000000000000,768.14999999999998
2016-01-24 04:40:00,17.289999999999999,42.172499999999999, 6.0000000000000000e+00, 91.000000000000000,768.13333333333298
2016-01-24 04:50:00,17.289999999999999,42.259999999999998, 6.0499999999999998e+00, 91.000000000000000,768.11666666666702
2016-01-24 05:00:00,17.199999999999999,42.229999999999997, 6.0999999999999996e+00, 91.000000000000000,768.10000000000002
2016-01-24 05:10:00,17.199999999999999,42.289999999999999, 6.2166666666666703e+00, 90.333333333333300,768.04999999999995
2016-01-24 05:20:00,17.199999999999999,42.289999999999999, 6.3333333333333304e+00, 89.666666666666700,768.00000000000000
2016-01-24 05:30:00,17.199999999999999,42.363333333333301, 6.4500000000000002e+00, 89.000000000000000,767.95000000000005
2016-01-24 05:40:00,17.100000000000001,42.399999999999999, 6.5666666666666700e+00, 88.333333333333300,767.89999999999998
2016-01-24 05:50:00,17.100000000000001,42.399999999999999, 6.6833333333333300e+00, 87.666666666666700,767.85000000000002
2016-01-24 06:00:00,17.100000000000001,42.500000000000000, 6.7999999999999998e+00, 87.000000000000000,767.79999999999995
2016-01-24 06:10:00,17.100000000000001,42.500000000000000, 6.6666666666666696e+00, 88.000000000000000,767.78333333333296
2016-01-24 06:20:00,17.100000000000001,42.530000000000001, 6.5333333333333297e+00, 89.000000000000000,767.76666666666699
2016-01-24 06:30:00,17.033333333333299,42.530000000000001, 6.4000000000000004e+00, 90.000000000000000,767.75000000000000
2016-01-24 06:40:00,17.000000000000000,42.500000000000000, 6.2666666666666702e+00, 91.000000000000000,767.73333333333301
2016-01-24 06:50:00,17.000000000000000,42.560000000000002, 6.1333333333333302e+00, 92.000000000000000,767.71666666666704
2016-01-24 07:00:00,17.000000000000000,42.590000000000003, 6.0000000000000000e+00, 93.000000000000000,767.70000000000005
2016-01-24 07:10:00,16.926666666666701,42.590000000000003, 6.0166666666666702e+00, 93.500000000000000,767.63333333333298
2016-01-24 07:20:00,16.890000000000001,42.700000000000003, 6.0333333333333297e+00, 94.000000000000000,767.56666666666695
2016-01-24 07:30:00,16.890000000000001,42.700000000000003, 6.0499999999999998e+00, 94.500000000000000,767.50000000000000
2016-01-24 07:40:00,16.890000000000001,42.729999999999997, 6.0666666666666700e+00, 95.000000000000000,767.43333333333305
2016-01-24 07:50:00,16.890000000000001,42.817500000000003, 6.0833333333333304e+00, 95.500000000000000,767.36666666666702
2016-01-24 08:00:00,16.890000000000001,42.899999999999999, 6.0999999999999996e+00, 96.000000000000000,767.29999999999995
2016-01-24 08:10:00,16.789999999999999,42.933333333333302, 6.1833333333333300e+00, 95.833333333333300,767.33333333333303
2016-01-24 08:20:00,16.856666666666701,43.133333333333297, 6.2666666666666702e+00, 95.666666666666700,767.36666666666702
2016-01-24 08:30:00,16.926666666666701,43.229999999999997, 6.3499999999999996e+00, 95.500000000000000,767.39999999999998
2016-01-24 08:40:00,17.000000000000000,43.363333333333301, 6.4333333333333300e+00, 95.333333333333300,767.43333333333305
2016-01-24 08:50:00,17.133333333333301,43.566666666666698, 6.5166666666666702e+00, 95.166666666666700,767.46666666666704
2016-01-24 09:00:00,17.199999999999999,43.700000000000003, 6.5999999999999996e+00, 95.000000000000000,767.50000000000000
2016-01-24 09:10:00,17.323333333333299,43.933333333333302, 6.5833333333333304e+00, 94.833333333333300,767.54999999999995
2016-01-24 09:20:00,17.463333333333299,44.060000000000002, 6.5666666666666700e+00, 94.666666666666700,767.60000000000002
2016-01-24 09:30:00,17.533333333333299,44.200000000000003, 6.5499999999999998e+00, 94.500000000000000,767.64999999999998
2016-01-24 09:40:00,17.600000000000001,44.200000000000003, 6.5333333333333297e+00, 94.333333333333300,767.70000000000005
2016-01-24 09:50:00,17.633333333333301,44.229999999999997, 6.5166666666666702e+00, 94.166666666666700,767.75000000000000
2016-01-24 10:00:00,17.699999999999999,44.363333333333301, 6.5000000000000000e+00, 94.000000000000000,767.79999999999995
2016-01-24 10:10:00,17.789999999999999,44.363333333333301, 6.5000000000000000e+00, 94.666666666666700,767.85000000000002
2016-01-24 10:20:00,17.789999999999999,44.229999999999997, 6.5000000000000000e+00, 95.333333333333300,767.89999999999998
2016-01-24 10:30:00,17.926666666666701,44.163333333333298, 6.5000000000000000e+00, 96.000000000000000,767.95000000000005
2016-01-24 10:40:00,18.000000000000000,44.030000000000001, 6.5000000000000000e+00, 96.666666666666700,768.00000000000000
2016-01-24 10:50:00,18.100000000000001,44.163333333333298, 6.5000000000000000e+00, 97.333333333333300,768.04999999999995
2016-01-24 11:00:00,18.197500000000002,43.997500000000002, 6.5000000000000000e+00, 98.000000000000000,768.10000000000002
2016-01-24 11:10:00,18.356666666666701,43.826666666666704, 6.5166666666666702e+00, 98.166666666666700,768.10000000000002
2016-01-24 11:20:00,18.500000000000000,43.759999999999998, 6.5333333333333297e+00, 98.333333333333300,768.10000000000002
2016-01-24 11:30:00,18.500000000000000,43.700000000000003, 6.5499999999999998e+00, 98.500000000000000,768.10000000000002
2016-01-24 11:40:00,18.533333333333299,43.933333333333302, 6.5666666666666700e+00, 98.666666666666700,768.10000000000002
2016-01-24 11:50:00,18.600000000000001,44.000000000000000, 6.5833333333333304e+00, 98.833333333333300,768.10000000000002
2016-01-24 12:00:00,18.730000000000000,44.000000000000000, 6.5999999999999996e+00, 99.000000000000000,768.10000000000002
2016-01-24 12:10:00,18.789999999999999,43.933333333333302, 6.6666666666666696e+00, 99.000000000000000,768.04999999999995
2016-01-24 12:20:00,18.926666666666701,43.833333333333300, 6.7333333333333298e+00, 99.000000000000000,768.00000000000000
2016-01-24 12:30:00,19.066666666666698,43.700000000000003, 6.7999999999999998e+00, 99.000000000000000,767.95000000000005
2016-01-24 12:40:00,19.133333333333301,43.430000000000000, 6.8666666666666698e+00, 99.000000000000000,767.89999999999998
2016-01-24 12:50:00,19.260000000000002,43.363333333333301, 6.9333333333333300e+00, 99.000000000000000,767.85000000000002
2016-01-24 13:00:00,19.323333333333299,43.259999999999998, 7.0000000000000000e+00, 99.000000000000000,767.79999999999995
2016-01-24 13:10:00,19.463333333333299,43.460000000000001, 7.0666666666666700e+00, 99.000000000000000,767.79999999999995
2016-01-24 13:20:00,19.533333333333299,43.933333333333302, 7.1333333333333302e+00, 99.000000000000000,767.79999999999995
2016-01-24 13:30:00,19.600000000000001,44.000000000000000, 7.2000000000000002e+00, 99.000000000000000,767.79999999999995
2016-01-24 13:40:00,19.730000000000000,44.090000000000003, 7.2666666666666702e+00, 99.000000000000000,767.79999999999995
2016-01-24 13:50:00,19.789999999999999,44.090000000000003, 7.3333333333333304e+00, 99.000000000000000,767.79999999999995
2016-01-24 14:00:00,19.926666666666701,44.026666666666699, 7.4000000000000004e+00, 99.000000000000000,767.79999999999995
2016-01-24 14:10:00,20.100000000000001,43.817500000000003, 7.4833333333333298e+00, 98.666666666666700,767.75000000000000
2016-01-24 14:20:00,20.326666666666700,43.930000000000000, 7.5666666666666700e+00, 98.333333333333300,767.70000000000005
2016-01-24 14:30:00,20.460000000000001,43.826666666666704, 7.6500000000000004e+00, 98.000000000000000,767.64999999999998
2016-01-24 14:40:00,20.600000000000001,43.899999999999999, 7.7333333333333298e+00, 97.666666666666700,767.60000000000002
2016-01-24 14:50:00,20.699999999999999,44.090000000000003, 7.8166666666666700e+00, 97.333333333333300,767.54999999999995
2016-01-24 15:00:00,20.699999999999999,44.030000000000001, 7.9000000000000004e+00, 97.000000000000000,767.50000000000000
2016-01-24 15:10:00,20.730000000000000,43.966666666666697, 7.8833333333333302e+00, 97.000000000000000,767.48333333333301
2016-01-24 15:20:00,20.789999999999999,43.826666666666704, 7.8666666666666698e+00, 97.000000000000000,767.46666666666704
2016-01-24 15:30:00,20.789999999999999,43.899999999999999, 7.8499999999999996e+00, 97.000000000000000,767.45000000000005
2016-01-24 15:40:00,20.789999999999999,43.966666666666697, 7.8333333333333304e+00, 97.000000000000000,767.43333333333305
2016-01-24 15:50:00,20.789999999999999,43.863333333333301, 7.8166666666666700e+00, 97.000000000000000,767.41666666666697
2016-01-24 16:00:00,20.789999999999999,43.930000000000000, 7.7999999999999998e+00, 97.000000000000000,767.39999999999998
2016-01-24 16:10:00,20.823333333333299,44.126666666666701, 7.8166666666666700e+00, 96.833333333333300,767.41666666666697
2016-01-24 16:20:00,20.890000000000001,44.333333333333300, 7.8333333333333304e+00, 96.666666666666700,767.43333333333305
2016-01-24 16:30:00,20.890000000000001,44.326666666666704, 7.8499999999999996e+00, 96.500000000000000,767.45000000000005
2016-01-24 16:40:00,20.890000000000001,44.399999999999999, 7.8666666666666698e+00, 96.333333333333300,767.46666666666704
2016-01-24 16:50:00,21.000000000000000,44.463333333333303, 7.8833333333333302e+00, 96.166666666666700,767.48333333333301
2016-01-24 17:00:00,21.000000000000000,44.530000000000001, 7.9000000000000004e+00, 96.000000000000000,767.50000000000000
2016-01-24 17:10:00,21.000000000000000,44.363333333333301, 7.9166666666666696e+00, 96.000000000000000,767.50000000000000
2016-01-24 17:20:00,21.000000000000000,44.156666666666702, 7.9333333333333300e+00, 96.000000000000000,767.50000000000000
2016-01-24 17:30:00,20.890000000000001,43.289999999999999, 7.9500000000000002e+00, 96.000000000000000,767.50000000000000
2016-01-24 17:40:00,20.890000000000001,43.259999999999998, 7.9666666666666703e+00, 96.000000000000000,767.50000000000000
2016-01-24 17:50:00,20.963333333333299,43.200000000000003, 7.9833333333333298e+00, 96.000000000000000,767.50000000000000
2016-01-24 18:00:00,20.926666666666701,42.899999999999999, 8.0000000000000000e+00, 96.000000000000000,767.50000000000000
2016-01-24 18:10:00,21.000000000000000,42.899999999999999, 7.9833333333333298e+00, 96.000000000000000,767.50000000000000
2016-01-24 18:20:00,21.000000000000000,42.899999999999999, 7.9666666666666703e+00, 96.000000000000000,767.50000000000000
2016-01-24 18:30:00,20.926666666666701,42.826666666666704, 7.9500000000000002e+00, 96.000000000000000,767.50000000000000
2016-01-24 18:40:00,21.000000000000000,42.759999999999998, 7.9333333333333300e+00, 96.000000000000000,767.50000000000000
2016-01-24 18:50:00,20.926666666666701,42.700000000000003, 7.9166666666666696e+00, 96.000000000000000,767.50000000000000
2016-01-24 19:00:00,20.890000000000001,42.663333333333298, 7.9000000000000004e+00, 96.000000000000000,767.50000000000000
2016-01-24 19:10:00,20.890000000000001,42.590000000000003, 7.9166666666666696e+00, 95.833333333333300,767.54999999999995
2016-01-24 19:20:00,20.926666666666701,42.500000000000000, 7.9333333333333300e+00, 95.666666666666700,767.60000000000002
2016-01-24 19:30:00,21.000000000000000,42.433333333333302, 7.9500000000000002e+00, 95.500000000000000,767.64999999999998
2016-01-24 19:40:00,21.100000000000001,42.466666666666697, 7.9666666666666703e+00, 95.333333333333300,767.70000000000005
2016-01-24 19:50:00,21.166666666666700,42.326666666666704, 7.9833333333333298e+00, 95.166666666666700,767.75000000000000
2016-01-24 20:00:00,21.230000000000000,42.026666666666699, 8.0000000000000000e+00, 95.000000000000000,767.79999999999995
2016-01-24 20:10:00,21.289999999999999,41.766666666666701, 8.0166666666666693e+00, 95.000000000000000,767.73333333333301
2016-01-24 20:20:00,21.390000000000001,41.560000000000002, 8.0333333333333297e+00, 95.000000000000000,767.66666666666697
2016-01-24 20:30:00,21.390000000000001,41.433333333333302, 8.0500000000000007e+00, 95.000000000000000,767.60000000000002
2016-01-24 20:40:00,21.390000000000001,41.289999999999999, 8.0666666666666700e+00, 95.000000000000000,767.53333333333296
2016-01-24 20:50:00,21.500000000000000,41.399999999999999, 8.0833333333333304e+00, 95.000000000000000,767.46666666666704
2016-01-24 21:00:00,21.500000000000000,41.399999999999999, 8.0999999999999996e+00, 95.000000000000000,767.39999999999998
2016-01-24 21:10:00,21.566666666666698,41.229999999999997, 8.0999999999999996e+00, 95.000000000000000,767.41666666666697
2016-01-24 21:20:00,21.500000000000000,41.289999999999999, 8.0999999999999996e+00, 95.000000000000000,767.43333333333305
2016-01-24 21:30:00,21.500000000000000,41.200000000000003, 8.0999999999999996e+00, 95.000000000000000,767.45000000000005
2016-01-24 21:40:00,21.500000000000000,41.259999999999998, 8.0999999999999996e+00, 95.000000000000000,767.46666666666704
2016-01-24 21:50:00,21.500000000000000,41.200000000000003, 8.0999999999999996e+00, 95.000000000000000,767.48333333333301
2016-01-24 22:00:00,21.426666666666701,41.200000000000003, 8.0999999999999996e+00, 95.000000000000000,767.50000000000000
2016-01-24 22:10:00,21.356666666666701,41.200000000000003, 8.0666666666666700e+00, 95.000000000000000,767.43333333333305
2016-01-24 22:20:00,21.289999999999999,41.066666666666698, 8.0333333333333297e+00, 95.000000000000000,767.36666666666702
2016-01-24 22:30:00,21.199999999999999,40.933333333333302, 8.0000000000000000e+00, 95.000000000000000,767.29999999999995
2016-01-24 22:40:00,21.133333333333301,41.060000000000002, 7.9666666666666703e+00, 95.000000000000000,767.23333333333301
2016-01-24 22:50:00,21.066666666666698,41.200000000000003, 7.9333333333333300e+00, 95.000000000000000,767.16666666666697
2016-01-24 23:00:00,21.000000000000000,41.200000000000003, 7.9000000000000004e+00, 95.000000000000000,767.10000000000002
2016-01-24 23:10:00,20.890000000000001,41.326666666666704, 7.9166666666666696e+00, 95.000000000000000,767.08333333333303
2016-01-24 23:20:00,20.823333333333299,41.326666666666704, 7.9333333333333300e+00, 95.000000000000000,767.06666666666695
2016-01-24 23:30:00,20.856666666666701,41.466666666666697, 7.9500000000000002e+00, 95.000000000000000,767.04999999999995
2016-01-24 23:40:00,20.730000000000000,41.466666666666697, 7.9666666666666703e+00, 95.000000000000000,767.03333333333296
2016-01-24 23:50:00,20.699999999999999,41.590000000000003, 7.9833333333333298e+00, 95.000000000000000,767.01666666666699
2016-01-25 00:00:00,20.625000000000000,41.617500000000000, 8.0000000000000000e+00, 95.000000000000000,767.00000000000000
2016-01-25 00:10:00,20.533333333333299,41.700000000000003, 8.0166666666666693e+00, 94.833333333333300,766.96666666666704
2016-01-25 00:20:00,20.500000000000000,41.700000000000003, 8.0333333333333297e+00, 94.666666666666700,766.93333333333305
2016-01-25 00:30:00,20.500000000000000,41.759999999999998, 8.0500000000000007e+00, 94.500000000000000,766.89999999999998
2016-01-25 00:40:00,20.390000000000001,41.789999999999999, 8.0666666666666700e+00, 94.333333333333300,766.86666666666702
2016-01-25 00:50:00,20.323333333333299,41.863333333333301, 8.0833333333333304e+00, 94.166666666666700,766.83333333333303
2016-01-25 01:00:00,20.289999999999999,42.000000000000000, 8.0999999999999996e+00, 94.000000000000000,766.79999999999995
2016-01-25 01:10:00,20.230000000000000,41.933333333333302, 8.0999999999999996e+00, 94.000000000000000,766.71666666666704
2016-01-25 01:20:00,20.199999999999999,42.030000000000001, 8.0999999999999996e+00, 94.000000000000000,766.63333333333298
2016-01-25 01:30:00,20.199999999999999,42.090000000000003, 8.0999999999999996e+00, 94.000000000000000,766.54999999999995
2016-01-25 01:40:00,20.100000000000001,42.200000000000003, 8.0999999999999996e+00, 94.000000000000000,766.46666666666704
2016-01-25 01:50:00,20.100000000000001,42.259999999999998, 8.0999999999999996e+00, 94.000000000000000,766.38333333333298
2016-01-25 02:00:00,20.066666666666698,42.289999999999999, 8.0999999999999996e+00, 94.000000000000000,766.29999999999995
2016-01-25 02:10:00,20.000000000000000,42.289999999999999, 8.1166666666666707e+00, 94.000000000000000,766.25000000000000
2016-01-25 02:20:00,20.000000000000000,42.399999999999999, 8.1333333333333293e+00, 94.000000000000000,766.20000000000005
2016-01-25 02:30:00,19.926666666666701,42.466666666666697, 8.1500000000000004e+00, 94.000000000000000,766.14999999999998
2016-01-25 02:40:00,19.890000000000001,42.500000000000000, 8.1666666666666696e+00, 94.000000000000000,766.10000000000002
2016-01-25 02:50:00,19.890000000000001,42.560000000000002, 8.1833333333333300e+00, 94.000000000000000,766.04999999999995
2016-01-25 03:00:00,19.789999999999999,42.530000000000001, 8.1999999999999993e+00, 94.000000000000000,766.00000000000000
2016-01-25 03:10:00,19.722500000000000,42.590000000000003, 8.2333333333333307e+00, 94.000000000000000,765.93333333333305
2016-01-25 03:20:00,19.699999999999999,42.663333333333298, 8.2666666666666693e+00, 94.000000000000000,765.86666666666702
2016-01-25 03:30:00,19.699999999999999,42.729999999999997, 8.3000000000000007e+00, 94.000000000000000,765.79999999999995
2016-01-25 03:40:00,19.633333333333301,42.729999999999997, 8.3333333333333304e+00, 94.000000000000000,765.73333333333301
2016-01-25 03:50:00,19.666666666666700,42.759999999999998, 8.3666666666666707e+00, 94.000000000000000,765.66666666666697
2016-01-25 04:00:00,19.600000000000001,42.759999999999998, 8.4000000000000004e+00, 94.000000000000000,765.60000000000002
2016-01-25 04:10:00,19.600000000000001,42.826666666666704, 8.2500000000000000e+00, 94.500000000000000,765.53333333333296
2016-01-25 04:20:00,19.533333333333299,42.899999999999999, 8.0999999999999996e+00, 95.000000000000000,765.46666666666704
2016-01-25 04:30:00,19.500000000000000,42.933333333333302, 7.9500000000000002e+00, 95.500000000000000,765.39999999999998
2016-01-25 04:40:00,19.500000000000000,43.000000000000000, 7.7999999999999998e+00, 96.000000000000000,765.33333333333303
2016-01-25 04:50:00,19.390000000000001,42.933333333333302, 7.6500000000000004e+00, 96.500000000000000,765.26666666666699
2016-01-25 05:00:00,19.463333333333299,43.060000000000002, 7.5000000000000000e+00, 97.000000000000000,765.20000000000005
2016-01-25 05:10:00,19.390000000000001,43.000000000000000, 7.4333333333333300e+00, 96.666666666666700,765.13333333333298
2016-01-25 05:20:00,19.390000000000001,43.060000000000002, 7.3666666666666698e+00, 96.333333333333300,765.06666666666695
2016-01-25 05:30:00,19.323333333333299,43.090000000000003, 7.2999999999999998e+00, 96.000000000000000,765.00000000000000
2016-01-25 05:40:00,19.390000000000001,43.090000000000003, 7.2333333333333298e+00, 95.666666666666700,764.93333333333305
2016-01-25 05:50:00,19.289999999999999,43.090000000000003, 7.1666666666666696e+00, 95.333333333333300,764.86666666666702
2016-01-25 06:00:00,19.289999999999999,43.163333333333298, 7.0999999999999996e+00, 95.000000000000000,764.79999999999995
2016-01-25 06:10:00,19.260000000000002,43.289999999999999, 7.0000000000000000e+00, 95.000000000000000,764.75000000000000
2016-01-25 06:20:00,19.199999999999999,43.397500000000001, 6.9000000000000004e+00, 95.000000000000000,764.70000000000005
2016-01-25 06:30:00,19.199999999999999,43.560000000000002, 6.7999999999999998e+00, 95.000000000000000,764.64999999999998
2016-01-25 06:40:00,19.199999999999999,43.700000000000003, 6.7000000000000002e+00, 95.000000000000000,764.60000000000002
2016-01-25 06:50:00,19.199999999999999,43.759999999999998, 6.5999999999999996e+00, 95.000000000000000,764.54999999999995
2016-01-25 07:00:00,19.166666666666700,43.789999999999999, 6.5000000000000000e+00, 95.000000000000000,764.50000000000000
2016-01-25 07:10:00,19.100000000000001,43.863333333333301, 6.5499999999999998e+00, 95.000000000000000,764.43333333333305
2016-01-25 07:20:00,19.100000000000001,44.000000000000000, 6.5999999999999996e+00, 95.000000000000000,764.36666666666702
2016-01-25 07:30:00,19.100000000000001,44.000000000000000, 6.6500000000000004e+00, 95.000000000000000,764.29999999999995
2016-01-25 07:40:00,19.033333333333299,43.963333333333303, 6.7000000000000002e+00, 95.000000000000000,764.23333333333301
2016-01-25 07:50:00,19.033333333333299,44.030000000000001, 6.7500000000000000e+00, 95.000000000000000,764.16666666666697
2016-01-25 08:00:00,19.000000000000000,44.030000000000001, 6.7999999999999998e+00, 95.000000000000000,764.10000000000002
2016-01-25 08:10:00,19.000000000000000,44.090000000000003, 6.8833333333333302e+00, 94.666666666666700,764.08333333333303
2016-01-25 08:20:00,19.000000000000000,44.090000000000003, 6.9666666666666703e+00, 94.333333333333300,764.06666666666695
2016-01-25 08:30:00,19.000000000000000,44.090000000000003, 7.0499999999999998e+00, 94.000000000000000,764.04999999999995
2016-01-25 08:40:00,18.963333333333299,44.200000000000003, 7.1333333333333302e+00, 93.666666666666700,764.03333333333296
2016-01-25 08:50:00,18.890000000000001,44.200000000000003, 7.2166666666666703e+00, 93.333333333333300,764.01666666666699
2016-01-25 09:00:00,18.890000000000001,44.200000000000003, 7.2999999999999998e+00, 93.000000000000000,764.00000000000000
2016-01-25 09:10:00,18.890000000000001,44.200000000000003, 7.5666666666666700e+00, 91.666666666666700,763.93333333333305
2016-01-25 09:20:00,18.890000000000001,44.289999999999999, 7.8333333333333304e+00, 90.333333333333300,763.86666666666702
2016-01-25 09:30:00,18.890000000000001,44.289999999999999, 8.0999999999999996e+00, 89.000000000000000,763.79999999999995
2016-01-25 09:40:00,18.890000000000001,44.289999999999999, 8.3666666666666707e+00, 87.666666666666700,763.73333333333301
2016-01-25 09:50:00,18.890000000000001,44.289999999999999, 8.6333333333333293e+00, 86.333333333333300,763.66666666666697
2016-01-25 10:00:00,18.890000000000001,44.289999999999999, 8.9000000000000004e+00, 85.000000000000000,763.60000000000002
2016-01-25 10:10:00,18.926666666666701,44.259999999999998, 9.1833333333333300e+00, 82.166666666666700,763.54999999999995
2016-01-25 10:20:00,19.066666666666698,44.200000000000003, 9.4666666666666703e+00, 79.333333333333300,763.50000000000000
2016-01-25 10:30:00,19.100000000000001,44.060000000000002, 9.7500000000000000e+00, 76.500000000000000,763.45000000000005
2016-01-25 10:40:00,19.166666666666700,43.933333333333302, 1.0033333333333299e+01, 73.666666666666700,763.39999999999998
2016-01-25 10:50:00,19.230000000000000,43.899999999999999, 1.0316666666666700e+01, 70.833333333333300,763.35000000000002
2016-01-25 11:00:00,19.289999999999999,43.899999999999999, 1.0600000000000000e+01, 68.000000000000000,763.29999999999995
2016-01-25 11:10:00,19.323333333333299,43.663333333333298, 1.0850000000000000e+01, 66.000000000000000,763.29999999999995
2016-01-25 11:20:00,19.390000000000001,43.530000000000001, 1.1100000000000000e+01, 64.000000000000000,763.29999999999995
2016-01-25 11:30:00,19.390000000000001,43.399999999999999, 1.1350000000000000e+01, 62.000000000000000,763.29999999999995
2016-01-25 11:40:00,19.390000000000001,43.326666666666704, 1.1600000000000000e+01, 60.000000000000000,763.29999999999995
2016-01-25 11:50:00,19.390000000000001,43.289999999999999, 1.1850000000000000e+01, 58.000000000000000,763.29999999999995
2016-01-25 12:00:00,19.463333333333299,43.289999999999999, 1.2100000000000000e+01, 56.000000000000000,763.29999999999995
2016-01-25 12:10:00,19.500000000000000,43.259999999999998, 1.2083333333333300e+01, 56.666666666666700,763.23333333333301
2016-01-25 12:20:00,19.500000000000000,43.200000000000003, 1.2066666666666700e+01, 57.333333333333300,763.16666666666697
2016-01-25 12:30:00,19.500000000000000,43.200000000000003, 1.2050000000000001e+01, 58.000000000000000,763.10000000000002
2016-01-25 12:40:00,19.500000000000000,43.145000000000003, 1.2033333333333299e+01, 58.666666666666700,763.03333333333296
2016-01-25 12:50:00,19.500000000000000,43.126666666666701, 1.2016666666666699e+01, 59.333333333333300,762.96666666666704
2016-01-25 13:00:00,19.500000000000000,43.090000000000003, 1.2000000000000000e+01, 60.000000000000000,762.89999999999998
2016-01-25 13:10:00,19.500000000000000,43.090000000000003, 1.2116666666666699e+01, 59.333333333333300,762.79999999999995
2016-01-25 13:20:00,19.500000000000000,43.090000000000003, 1.2233333333333301e+01, 58.666666666666700,762.70000000000005
2016-01-25 13:30:00,19.500000000000000,43.090000000000003, 1.2350000000000000e+01, 58.000000000000000,762.60000000000002
2016-01-25 13:40:00,19.500000000000000,43.090000000000003, 1.2466666666666701e+01, 57.333333333333300,762.50000000000000
2016-01-25 13:50:00,19.500000000000000,43.090000000000003, 1.2583333333333300e+01, 56.666666666666700,762.39999999999998
2016-01-25 14:00:00,19.500000000000000,43.090000000000003, 1.2699999999999999e+01, 56.000000000000000,762.29999999999995
2016-01-25 14:10:00,19.500000000000000,43.090000000000003, 1.2766666666666699e+01, 55.833333333333300,762.26666666666699
2016-01-25 14:20:00,19.500000000000000,43.090000000000003, 1.2833333333333300e+01, 55.666666666666700,762.23333333333301
2016-01-25 14:30:00,19.500000000000000,43.090000000000003, 1.2900000000000000e+01, 55.500000000000000,762.20000000000005
2016-01-25 14:40:00,19.533333333333299,43.090000000000003, 1.2966666666666701e+01, 55.333333333333300,762.16666666666697
2016-01-25 14:50:00,19.600000000000001,43.090000000000003, 1.3033333333333299e+01, 55.166666666666700,762.13333333333298
2016-01-25 15:00:00,19.699999999999999,43.126666666666701, 1.3100000000000000e+01, 55.000000000000000,762.10000000000002
2016-01-25 15:10:00,19.699999999999999,43.126666666666701, 1.3000000000000000e+01, 56.000000000000000,762.06666666666695
2016-01-25 15:20:00,19.730000000000000,43.200000000000003, 1.2900000000000000e+01, 57.000000000000000,762.03333333333296
2016-01-25 15:30:00,19.789999999999999,43.200000000000003, 1.2800000000000001e+01, 58.000000000000000,762.00000000000000
2016-01-25 15:40:00,19.890000000000001,43.289999999999999, 1.2699999999999999e+01, 59.000000000000000,761.96666666666704
2016-01-25 15:50:00,19.890000000000001,43.289999999999999, 1.2600000000000000e+01, 60.000000000000000,761.93333333333305
2016-01-25 16:00:00,20.000000000000000,43.200000000000003, 1.2500000000000000e+01, 61.000000000000000,761.89999999999998
2016-01-25 16:10:00,20.100000000000001,43.259999999999998, 1.2183333333333300e+01, 62.333333333333300,761.96666666666704
2016-01-25 16:20:00,20.100000000000001,43.200000000000003, 1.1866666666666699e+01, 63.666666666666700,762.03333333333296
2016-01-25 16:30:00,20.000000000000000,43.126666666666701, 1.1550000000000001e+01, 65.000000000000000,762.10000000000002
2016-01-25 16:40:00,20.000000000000000,43.200000000000003, 1.1233333333333301e+01, 66.333333333333300,762.16666666666697
2016-01-25 16:50:00,20.000000000000000,43.200000000000003, 1.0916666666666700e+01, 67.666666666666700,762.23333333333301
2016-01-25 17:00:00,19.926666666666701,43.200000000000003, 1.0600000000000000e+01, 69.000000000000000,762.29999999999995
2016-01-25 17:10:00,19.890000000000001,43.200000000000003, 1.0516666666666699e+01, 69.666666666666700,762.29999999999995
2016-01-25 17:20:00,19.823333333333299,43.126666666666701, 1.0433333333333300e+01, 70.333333333333300,762.29999999999995
2016-01-25 17:30:00,19.789999999999999,43.126666666666701, 1.0350000000000000e+01, 71.000000000000000,762.29999999999995
2016-01-25 17:40:00,19.789999999999999,43.200000000000003, 1.0266666666666699e+01, 71.666666666666700,762.29999999999995
2016-01-25 17:50:00,19.699999999999999,43.229999999999997, 1.0183333333333300e+01, 72.333333333333300,762.29999999999995
2016-01-25 18:00:00,19.699999999999999,43.289999999999999, 1.0100000000000000e+01, 73.000000000000000,762.29999999999995
2016-01-25 18:10:00,19.699999999999999,43.289999999999999, 1.0050000000000001e+01, 73.333333333333300,762.35000000000002
2016-01-25 18:20:00,19.633333333333301,43.229999999999997, 1.0000000000000000e+01, 73.666666666666700,762.39999999999998
2016-01-25 18:30:00,19.600000000000001,43.200000000000003, 9.9499999999999993e+00, 74.000000000000000,762.45000000000005
2016-01-25 18:40:00,19.600000000000001,43.259999999999998, 9.9000000000000004e+00, 74.333333333333300,762.50000000000000
2016-01-25 18:50:00,19.500000000000000,43.289999999999999, 9.8499999999999996e+00, 74.666666666666700,762.54999999999995
2016-01-25 19:00:00,19.500000000000000,43.289999999999999, 9.8000000000000007e+00, 75.000000000000000,762.60000000000002
2016-01-25 19:10:00,19.500000000000000,43.399999999999999, 9.7500000000000000e+00, 75.500000000000000,762.63333333333298
2016-01-25 19:20:00,19.426666666666701,43.326666666666704, 9.6999999999999993e+00, 76.000000000000000,762.66666666666697
2016-01-25 19:30:00,19.426666666666701,43.399999999999999, 9.6500000000000004e+00, 76.500000000000000,762.70000000000005
2016-01-25 19:40:00,19.463333333333299,43.466666666666697, 9.5999999999999996e+00, 77.000000000000000,762.73333333333301
2016-01-25 19:50:00,19.390000000000001,43.399999999999999, 9.5500000000000007e+00, 77.500000000000000,762.76666666666699
2016-01-25 20:00:00,19.390000000000001,43.363333333333301, 9.5000000000000000e+00, 78.000000000000000,762.79999999999995
2016-01-25 20:10:00,19.390000000000001,43.229999999999997, 9.5500000000000007e+00, 78.166666666666700,762.93333333333305
2016-01-25 20:20:00,19.426666666666701,43.229999999999997, 9.5999999999999996e+00, 78.333333333333300,763.06666666666695
2016-01-25 20:30:00,19.566666666666698,43.229999999999997, 9.6500000000000004e+00, 78.500000000000000,763.20000000000005
2016-01-25 20:40:00,19.633333333333301,43.229999999999997, 9.6999999999999993e+00, 78.666666666666700,763.33333333333303
2016-01-25 20:50:00,19.699999999999999,43.229999999999997, 9.7500000000000000e+00, 78.833333333333300,763.46666666666704
2016-01-25 21:00:00,19.789999999999999,43.060000000000002, 9.8000000000000007e+00, 79.000000000000000,763.60000000000002
2016-01-25 21:10:00,19.856666666666701,43.000000000000000, 9.8000000000000007e+00, 79.500000000000000,763.61666666666702
2016-01-25 21:20:00,19.926666666666701,42.863333333333301, 9.8000000000000007e+00, 80.000000000000000,763.63333333333298
2016-01-25 21:30:00,20.066666666666698,42.789999999999999, 9.8000000000000007e+00, 80.500000000000000,763.64999999999998
2016-01-25 21:40:00,20.133333333333301,42.663333333333298, 9.8000000000000007e+00, 81.000000000000000,763.66666666666697
2016-01-25 21:50:00,20.199999999999999,42.590000000000003, 9.8000000000000007e+00, 81.500000000000000,763.68333333333305
2016-01-25 22:00:00,20.323333333333299,42.663333333333298, 9.8000000000000007e+00, 82.000000000000000,763.70000000000005
2016-01-25 22:10:00,20.390000000000001,42.590000000000003, 9.8833333333333293e+00, 82.000000000000000,763.83333333333303
2016-01-25 22:20:00,20.500000000000000,42.545000000000002, 9.9666666666666703e+00, 82.000000000000000,763.96666666666704
2016-01-25 22:30:00,20.500000000000000,42.766666666666701, 1.0050000000000001e+01, 82.000000000000000,764.10000000000002
2016-01-25 22:40:00,20.566666666666698,42.966666666666697, 1.0133333333333301e+01, 82.000000000000000,764.23333333333301
2016-01-25 22:50:00,20.600000000000001,42.966666666666697, 1.0216666666666701e+01, 82.000000000000000,764.36666666666702
2016-01-25 23:00:00,20.600000000000001,42.826666666666704, 1.0300000000000001e+01, 82.000000000000000,764.50000000000000
2016-01-25 23:10:00,20.699999999999999,42.863333333333301, 1.0300000000000001e+01, 82.333333333333300,764.43333333333305
2016-01-25 23:20:00,20.699999999999999,42.729999999999997, 1.0300000000000001e+01, 82.666666666666700,764.36666666666702
2016-01-25 23:30:00,20.699999999999999,42.663333333333298, 1.0300000000000001e+01, 83.000000000000000,764.29999999999995
2016-01-25 23:40:00,20.760000000000002,42.590000000000003, 1.0300000000000001e+01, 83.333333333333300,764.23333333333301
2016-01-25 23:50:00,20.789999999999999,42.500000000000000, 1.0300000000000001e+01, 83.666666666666700,764.16666666666697
2016-01-26 00:00:00,20.789999999999999,42.500000000000000, 1.0300000000000001e+01, 84.000000000000000,764.10000000000002
2016-01-26 00:10:00,20.699999999999999,42.433333333333302, 1.0100000000000000e+01, 85.000000000000000,764.13333333333298
2016-01-26 00:20:00,20.699999999999999,42.500000000000000, 9.9000000000000004e+00, 86.000000000000000,764.16666666666697
2016-01-26 00:30:00,20.699999999999999,42.590000000000003, 9.6999999999999993e+00, 87.000000000000000,764.20000000000005
2016-01-26 00:40:00,20.699999999999999,42.590000000000003, 9.5000000000000000e+00, 88.000000000000000,764.23333333333301
2016-01-26 00:50:00,20.600000000000001,42.626666666666701, 9.3000000000000007e+00, 89.000000000000000,764.26666666666699
2016-01-26 01:00:00,20.600000000000001,42.700000000000003, 9.0999999999999996e+00, 90.000000000000000,764.29999999999995
2016-01-26 01:10:00,20.566666666666698,42.700000000000003, 9.2166666666666703e+00, 89.666666666666700,764.38333333333298
2016-01-26 01:20:00,20.500000000000000,42.759999999999998, 9.3333333333333304e+00, 89.333333333333300,764.46666666666704
2016-01-26 01:30:00,20.500000000000000,42.899999999999999, 9.4499999999999993e+00, 89.000000000000000,764.54999999999995
2016-01-26 01:40:00,20.472500000000000,42.899999999999999, 9.5666666666666700e+00, 88.666666666666700,764.63333333333298
2016-01-26 01:50:00,20.390000000000001,42.899999999999999, 9.6833333333333300e+00, 88.333333333333300,764.71666666666704
2016-01-26 02:00:00,20.289999999999999,42.966666666666697, 9.8000000000000007e+00, 88.000000000000000,764.79999999999995
2016-01-26 02:10:00,20.289999999999999,42.966666666666697, 9.7166666666666703e+00, 88.333333333333300,764.75000000000000
2016-01-26 02:20:00,20.260000000000002,43.060000000000002, 9.6333333333333293e+00, 88.666666666666700,764.70000000000005
2016-01-26 02:30:00,20.199999999999999,43.000000000000000, 9.5500000000000007e+00, 89.000000000000000,764.64999999999998
2016-01-26 02:40:00,20.199999999999999,43.090000000000003, 9.4666666666666703e+00, 89.333333333333300,764.60000000000002
2016-01-26 02:50:00,20.199999999999999,43.090000000000003, 9.3833333333333293e+00, 89.666666666666700,764.54999999999995
2016-01-26 03:00:00,20.100000000000001,43.200000000000003, 9.3000000000000007e+00, 90.000000000000000,764.50000000000000
2016-01-26 03:10:00,20.100000000000001,43.259999999999998, 9.0500000000000007e+00, 90.500000000000000,764.43333333333305
2016-01-26 03:20:00,20.066666666666698,43.259999999999998, 8.8000000000000007e+00, 91.000000000000000,764.36666666666702
2016-01-26 03:30:00,20.000000000000000,43.200000000000003, 8.5500000000000007e+00, 91.500000000000000,764.29999999999995
2016-01-26 03:40:00,20.000000000000000,43.326666666666704, 8.3000000000000007e+00, 92.000000000000000,764.23333333333301
2016-01-26 03:50:00,19.926666666666701,43.399999999999999, 8.0500000000000007e+00, 92.500000000000000,764.16666666666697
2016-01-26 04:00:00,19.890000000000001,43.399999999999999, 7.7999999999999998e+00, 93.000000000000000,764.10000000000002
2016-01-26 04:10:00,19.890000000000001,43.399999999999999, 7.9166666666666696e+00, 93.166666666666700,764.04999999999995
2016-01-26 04:20:00,19.856666666666701,43.466666666666697, 8.0333333333333297e+00, 93.333333333333300,764.00000000000000
2016-01-26 04:30:00,19.789999999999999,43.466666666666697, 8.1500000000000004e+00, 93.500000000000000,763.95000000000005
2016-01-26 04:40:00,19.789999999999999,43.500000000000000, 8.2666666666666693e+00, 93.666666666666700,763.89999999999998
2016-01-26 04:50:00,19.767499999999998,43.522500000000001, 8.3833333333333293e+00, 93.833333333333300,763.85000000000002
2016-01-26 05:00:00,19.699999999999999,43.590000000000003, 8.5000000000000000e+00, 94.000000000000000,763.79999999999995
2016-01-26 05:10:00,19.699999999999999,43.700000000000003, 8.5166666666666693e+00, 94.000000000000000,763.78333333333296
2016-01-26 05:20:00,19.699999999999999,43.700000000000003, 8.5333333333333297e+00, 94.000000000000000,763.76666666666699
2016-01-26 05:30:00,19.633333333333301,43.656666666666702, 8.5500000000000007e+00, 94.000000000000000,763.75000000000000
2016-01-26 05:40:00,19.699999999999999,43.789999999999999, 8.5666666666666700e+00, 94.000000000000000,763.73333333333301
2016-01-26 05:50:00,19.600000000000001,43.729999999999997, 8.5833333333333304e+00, 94.000000000000000,763.71666666666704
2016-01-26 06:00:00,19.600000000000001,43.789999999999999, 8.5999999999999996e+00, 94.000000000000000,763.70000000000005
2016-01-26 06:10:00,19.566666666666698,43.899999999999999, 8.5999999999999996e+00, 94.000000000000000,763.64999999999998
2016-01-26 06:20:00,19.500000000000000,43.899999999999999, 8.5999999999999996e+00, 94.000000000000000,763.60000000000002
2016-01-26 06:30:00,19.500000000000000,43.933333333333302, 8.5999999999999996e+00, 94.000000000000000,763.54999999999995
2016-01-26 06:40:00,19.500000000000000,44.000000000000000, 8.5999999999999996e+00, 94.000000000000000,763.50000000000000
2016-01-26 06:50:00,19.500000000000000,44.090000000000003, 8.5999999999999996e+00, 94.000000000000000,763.45000000000005
2016-01-26 07:00:00,19.426666666666701,44.090000000000003, 8.5999999999999996e+00, 94.000000000000000,763.39999999999998
2016-01-26 07:10:00,19.463333333333299,44.090000000000003, 8.6333333333333293e+00, 94.000000000000000,763.36666666666702
2016-01-26 07:20:00,19.390000000000001,44.090000000000003, 8.6666666666666696e+00, 94.000000000000000,763.33333333333303
2016-01-26 07:30:00,19.390000000000001,44.090000000000003, 8.6999999999999993e+00, 94.000000000000000,763.29999999999995
2016-01-26 07:40:00,19.390000000000001,44.163333333333298, 8.7333333333333307e+00, 94.000000000000000,763.26666666666699
2016-01-26 07:50:00,19.390000000000001,44.229999999999997, 8.7666666666666693e+00, 94.000000000000000,763.23333333333301
2016-01-26 08:00:00,19.390000000000001,44.289999999999999, 8.8000000000000007e+00, 94.000000000000000,763.20000000000005
2016-01-26 08:10:00,19.390000000000001,44.289999999999999, 8.8499999999999996e+00, 94.000000000000000,763.14999999999998
2016-01-26 08:20:00,19.289999999999999,44.399999999999999, 8.9000000000000004e+00, 94.000000000000000,763.10000000000002
2016-01-26 08:30:00,19.289999999999999,44.466666666666697, 8.9499999999999993e+00, 94.000000000000000,763.04999999999995
2016-01-26 08:40:00,19.289999999999999,44.590000000000003, 9.0000000000000000e+00, 94.000000000000000,763.00000000000000
2016-01-26 08:50:00,19.289999999999999,44.590000000000003, 9.0500000000000007e+00, 94.000000000000000,762.95000000000005
2016-01-26 09:00:00,19.289999999999999,44.700000000000003, 9.0999999999999996e+00, 94.000000000000000,762.89999999999998
2016-01-26 09:10:00,19.289999999999999,44.759999999999998, 9.1333333333333293e+00, 94.000000000000000,762.85000000000002
2016-01-26 09:20:00,19.289999999999999,44.789999999999999, 9.1666666666666696e+00, 94.000000000000000,762.79999999999995
2016-01-26 09:30:00,19.289999999999999,44.789999999999999, 9.1999999999999993e+00, 94.000000000000000,762.75000000000000
2016-01-26 09:40:00,19.289999999999999,44.826666666666704, 9.2333333333333307e+00, 94.000000000000000,762.70000000000005
2016-01-26 09:50:00,19.230000000000000,44.826666666666704, 9.2666666666666693e+00, 94.000000000000000,762.64999999999998
2016-01-26 10:00:00,19.199999999999999,44.789999999999999, 9.3000000000000007e+00, 94.000000000000000,762.60000000000002
2016-01-26 10:10:00,19.199999999999999,44.863333333333301, 9.4166666666666696e+00, 93.500000000000000,762.54999999999995
2016-01-26 10:20:00,19.199999999999999,44.899999999999999, 9.5333333333333297e+00, 93.000000000000000,762.50000000000000
2016-01-26 10:30:00,19.199999999999999,44.899999999999999, 9.6500000000000004e+00, 92.500000000000000,762.45000000000005
2016-01-26 10:40:00,19.199999999999999,44.899999999999999, 9.7666666666666693e+00, 92.000000000000000,762.39999999999998
2016-01-26 10:50:00,19.199999999999999,44.899999999999999, 9.8833333333333293e+00, 91.500000000000000,762.35000000000002
2016-01-26 11:00:00,19.199999999999999,44.899999999999999, 1.0000000000000000e+01, 91.000000000000000,762.29999999999995
2016-01-26 11:10:00,19.199999999999999,44.966666666666697, 1.0016666666666699e+01, 90.666666666666700,762.26666666666699
2016-01-26 11:20:00,19.199999999999999,45.000000000000000, 1.0033333333333299e+01, 90.333333333333300,762.23333333333301
2016-01-26 11:30:00,19.199999999999999,45.000000000000000, 1.0050000000000001e+01, 90.000000000000000,762.20000000000005
2016-01-26 11:40:00,19.199999999999999,45.000000000000000, 1.0066666666666700e+01, 89.666666666666700,762.16666666666697
2016-01-26 11:50:00,19.199999999999999,45.030000000000001, 1.0083333333333300e+01, 89.333333333333300,762.13333333333298
2016-01-26 12:00:00,19.199999999999999,45.090000000000003, 1.0100000000000000e+01, 89.000000000000000,762.10000000000002
2016-01-26 12:10:00,19.199999999999999,45.090000000000003, 1.0166666666666700e+01, 87.833333333333300,762.03333333333296
2016-01-26 12:20:00,19.199999999999999,45.090000000000003, 1.0233333333333301e+01, 86.666666666666700,761.96666666666704
2016-01-26 12:30:00,19.199999999999999,45.090000000000003, 1.0300000000000001e+01, 85.500000000000000,761.89999999999998
2016-01-26 12:40:00,19.199999999999999,45.090000000000003, 1.0366666666666699e+01, 84.333333333333300,761.83333333333303
2016-01-26 12:50:00,19.199999999999999,45.090000000000003, 1.0433333333333300e+01, 83.166666666666700,761.76666666666699
2016-01-26 13:00:00,19.199999999999999,45.030000000000001, 1.0500000000000000e+01, 82.000000000000000,761.70000000000005
2016-01-26 13:10:00,19.199999999999999,45.090000000000003, 1.0600000000000000e+01, 81.000000000000000,761.60000000000002
2016-01-26 13:20:00,19.199999999999999,45.030000000000001, 1.0699999999999999e+01, 80.000000000000000,761.50000000000000
2016-01-26 13:30:00,19.199999999999999,45.000000000000000, 1.0800000000000001e+01, 79.000000000000000,761.39999999999998
2016-01-26 13:40:00,19.199999999999999,45.000000000000000, 1.0900000000000000e+01, 78.000000000000000,761.29999999999995
2016-01-26 13:50:00,19.199999999999999,44.966666666666697, 1.1000000000000000e+01, 77.000000000000000,761.20000000000005
2016-01-26 14:00:00,19.260000000000002,44.966666666666697, 1.1100000000000000e+01, 76.000000000000000,761.10000000000002
2016-01-26 14:10:00,19.199999999999999,44.899999999999999, 1.1050000000000001e+01, 75.666666666666700,761.04999999999995
2016-01-26 14:20:00,19.199999999999999,44.826666666666704, 1.1000000000000000e+01, 75.333333333333300,761.00000000000000
2016-01-26 14:30:00,19.289999999999999,44.844999999999999, 1.0949999999999999e+01, 75.000000000000000,760.95000000000005
2016-01-26 14:40:00,19.289999999999999,44.789999999999999, 1.0900000000000000e+01, 74.666666666666700,760.89999999999998
2016-01-26 14:50:00,19.289999999999999,44.789999999999999, 1.0850000000000000e+01, 74.333333333333300,760.85000000000002
2016-01-26 15:00:00,19.289999999999999,44.789999999999999, 1.0800000000000001e+01, 74.000000000000000,760.79999999999995
2016-01-26 15:10:00,19.289999999999999,44.789999999999999, 1.0683333333333300e+01, 74.500000000000000,760.76666666666699
2016-01-26 15:20:00,19.289999999999999,44.759999999999998, 1.0566666666666700e+01, 75.000000000000000,760.73333333333301
2016-01-26 15:30:00,19.289999999999999,44.700000000000003, 1.0449999999999999e+01, 75.500000000000000,760.70000000000005
2016-01-26 15:40:00,19.289999999999999,44.700000000000003, 1.0333333333333300e+01, 76.000000000000000,760.66666666666697
2016-01-26 15:50:00,19.289999999999999,44.700000000000003, 1.0216666666666701e+01, 76.500000000000000,760.63333333333298
2016-01-26 16:00:00,19.289999999999999,44.663333333333298, 1.0100000000000000e+01, 77.000000000000000,760.60000000000002
2016-01-26 16:10:00,19.289999999999999,44.590000000000003, 1.0050000000000001e+01, 76.833333333333300,760.53333333333296
2016-01-26 16:20:00,19.289999999999999,44.663333333333298, 1.0000000000000000e+01, 76.666666666666700,760.46666666666704
2016-01-26 16:30:00,19.230000000000000,44.590000000000003, 9.9499999999999993e+00, 76.500000000000000,760.39999999999998
2016-01-26 16:40:00,19.199999999999999,44.590000000000003, 9.9000000000000004e+00, 76.333333333333300,760.33333333333303
2016-01-26 16:50:00,19.199999999999999,44.590000000000003, 9.8499999999999996e+00, 76.166666666666700,760.26666666666699
2016-01-26 17:00:00,19.199999999999999,44.590000000000003, 9.8000000000000007e+00, 76.000000000000000,760.20000000000005
2016-01-26 17:10:00,19.199999999999999,44.590000000000003, 9.8000000000000007e+00, 75.666666666666700,760.14999999999998
2016-01-26 17:20:00,19.166666666666700,44.590000000000003, 9.8000000000000007e+00, 75.333333333333300,760.10000000000002
2016-01-26 17:30:00,19.100000000000001,44.590000000000003, 9.8000000000000007e+00, 75.000000000000000,760.04999999999995
2016-01-26 17:40:00,19.100000000000001,44.645000000000003, 9.8000000000000007e+00, 74.666666666666700,760.00000000000000
2016-01-26 17:50:00,19.100000000000001,44.590000000000003, 9.8000000000000007e+00, 74.333333333333300,759.95000000000005
2016-01-26 18:00:00,19.100000000000001,44.663333333333298, 9.8000000000000007e+00, 74.000000000000000,759.89999999999998
2016-01-26 18:10:00,19.033333333333299,44.590000000000003, 9.8166666666666700e+00, 74.000000000000000,759.91666666666697
2016-01-26 18:20:00,19.033333333333299,44.530000000000001, 9.8333333333333304e+00, 74.000000000000000,759.93333333333305
2016-01-26 18:30:00,19.000000000000000,44.590000000000003, 9.8499999999999996e+00, 74.000000000000000,759.95000000000005
2016-01-26 18:40:00,19.000000000000000,44.530000000000001, 9.8666666666666707e+00, 74.000000000000000,759.96666666666704
2016-01-26 18:50:00,19.000000000000000,44.590000000000003, 9.8833333333333293e+00, 74.000000000000000,759.98333333333301
2016-01-26 19:00:00,19.000000000000000,44.590000000000003, 9.9000000000000004e+00, 74.000000000000000,760.00000000000000
2016-01-26 19:10:00,18.890000000000001,44.590000000000003, 9.8499999999999996e+00, 74.666666666666700,760.00000000000000
2016-01-26 19:20:00,18.890000000000001,44.590000000000003, 9.8000000000000007e+00, 75.333333333333300,760.00000000000000
2016-01-26 19:30:00,18.890000000000001,44.590000000000003, 9.7500000000000000e+00, 76.000000000000000,760.00000000000000
2016-01-26 19:40:00,18.890000000000001,44.663333333333298, 9.6999999999999993e+00, 76.666666666666700,760.00000000000000
2016-01-26 19:50:00,18.890000000000001,44.626666666666701, 9.6500000000000004e+00, 77.333333333333300,760.00000000000000
2016-01-26 20:00:00,18.890000000000001,44.700000000000003, 9.5999999999999996e+00, 78.000000000000000,760.00000000000000
2016-01-26 20:10:00,18.789999999999999,44.590000000000003, 9.5500000000000007e+00, 79.333333333333300,760.00000000000000
2016-01-26 20:20:00,18.856666666666701,44.723333333333301, 9.5000000000000000e+00, 80.666666666666700,760.00000000000000
2016-01-26 20:30:00,18.789999999999999,44.626666666666701, 9.4499999999999993e+00, 82.000000000000000,760.00000000000000
2016-01-26 20:40:00,18.789999999999999,44.700000000000003, 9.4000000000000004e+00, 83.333333333333300,760.00000000000000
2016-01-26 20:50:00,18.789999999999999,44.895000000000003, 9.3499999999999996e+00, 84.666666666666700,760.00000000000000
2016-01-26 21:00:00,18.823333333333299,47.726666666666702, 9.3000000000000007e+00, 86.000000000000000,760.00000000000000
2016-01-26 21:10:00,18.963333333333299,49.666666666666700, 9.3333333333333304e+00, 86.000000000000000,759.95000000000005
2016-01-26 21:20:00,19.199999999999999,50.259999999999998, 9.3666666666666707e+00, 86.000000000000000,759.89999999999998
2016-01-26 21:30:00,19.260000000000002,50.066666666666698, 9.4000000000000004e+00, 86.000000000000000,759.85000000000002
2016-01-26 21:40:00,19.426666666666701,49.490000000000002, 9.4333333333333300e+00, 86.000000000000000,759.79999999999995
2016-01-26 21:50:00,19.633333333333301,49.096666666666700, 9.4666666666666703e+00, 86.000000000000000,759.75000000000000
2016-01-26 22:00:00,19.823333333333299,48.399999999999999, 9.5000000000000000e+00, 86.000000000000000,759.70000000000005
2016-01-26 22:10:00,19.963333333333299,47.866666666666703, 9.5333333333333297e+00, 85.500000000000000,759.64999999999998
2016-01-26 22:20:00,20.133333333333301,47.266666666666701, 9.5666666666666700e+00, 85.000000000000000,759.60000000000002
2016-01-26 22:30:00,20.199999999999999,46.726666666666702, 9.5999999999999996e+00, 84.500000000000000,759.54999999999995
2016-01-26 22:40:00,20.323333333333299,46.333333333333300, 9.6333333333333293e+00, 84.000000000000000,759.50000000000000
2016-01-26 22:50:00,20.463333333333299,46.000000000000000, 9.6666666666666696e+00, 83.500000000000000,759.45000000000005
2016-01-26 23:00:00,20.533333333333299,45.633333333333297, 9.6999999999999993e+00, 83.000000000000000,759.39999999999998
2016-01-26 23:10:00,20.666666666666700,45.359999999999999, 9.7333333333333307e+00, 82.500000000000000,759.41666666666697
2016-01-26 23:20:00,20.730000000000000,45.026666666666699, 9.7666666666666693e+00, 82.000000000000000,759.43333333333305
2016-01-26 23:30:00,20.789999999999999,44.826666666666704, 9.8000000000000007e+00, 81.500000000000000,759.45000000000005
2016-01-26 23:40:00,20.789999999999999,44.560000000000002, 9.8333333333333304e+00, 81.000000000000000,759.46666666666704
2016-01-26 23:50:00,20.789999999999999,44.359999999999999, 9.8666666666666707e+00, 80.500000000000000,759.48333333333301
2016-01-27 00:00:00,20.789999999999999,44.200000000000003, 9.9000000000000004e+00, 80.000000000000000,759.50000000000000
2016-01-27 00:10:00,20.760000000000002,44.060000000000002, 9.8833333333333293e+00, 80.166666666666700,759.43333333333305
2016-01-27 00:20:00,20.699999999999999,44.000000000000000, 9.8666666666666707e+00, 80.333333333333300,759.36666666666702
2016-01-27 00:30:00,20.699999999999999,44.000000000000000, 9.8499999999999996e+00, 80.500000000000000,759.29999999999995
2016-01-27 00:40:00,20.699999999999999,43.933333333333302, 9.8333333333333304e+00, 80.666666666666700,759.23333333333301
2016-01-27 00:50:00,20.600000000000001,43.700000000000003, 9.8166666666666700e+00, 80.833333333333300,759.16666666666697
2016-01-27 01:00:00,20.600000000000001,43.626666666666701, 9.8000000000000007e+00, 81.000000000000000,759.10000000000002
2016-01-27 01:10:00,20.566666666666698,43.590000000000003, 9.8333333333333304e+00, 81.000000000000000,759.00000000000000
2016-01-27 01:20:00,20.500000000000000,43.590000000000003, 9.8666666666666707e+00, 81.000000000000000,758.89999999999998
2016-01-27 01:30:00,20.426666666666701,43.500000000000000, 9.9000000000000004e+00, 81.000000000000000,758.79999999999995
2016-01-27 01:40:00,20.426666666666701,43.433333333333302, 9.9333333333333300e+00, 81.000000000000000,758.70000000000005
2016-01-27 01:50:00,20.356666666666701,43.399999999999999, 9.9666666666666703e+00, 81.000000000000000,758.60000000000002
2016-01-27 02:00:00,20.289999999999999,43.399999999999999, 1.0000000000000000e+01, 81.000000000000000,758.50000000000000
2016-01-27 02:10:00,20.260000000000002,43.500000000000000, 1.0016666666666699e+01, 80.833333333333300,758.50000000000000
2016-01-27 02:20:00,20.199999999999999,43.500000000000000, 1.0033333333333299e+01, 80.666666666666700,758.50000000000000
2016-01-27 02:30:00,20.199999999999999,43.500000000000000, 1.0050000000000001e+01, 80.500000000000000,758.50000000000000
2016-01-27 02:40:00,20.133333333333301,43.500000000000000, 1.0066666666666700e+01, 80.333333333333300,758.50000000000000
2016-01-27 02:50:00,20.100000000000001,43.590000000000003, 1.0083333333333300e+01, 80.166666666666700,758.50000000000000
2016-01-27 03:00:00,20.033333333333299,43.530000000000001, 1.0100000000000000e+01, 80.000000000000000,758.50000000000000
2016-01-27 03:10:00,20.000000000000000,43.590000000000003, 1.0100000000000000e+01, 80.166666666666700,758.45000000000005
2016-01-27 03:20:00,19.972500000000000,43.590000000000003, 1.0100000000000000e+01, 80.333333333333300,758.39999999999998
2016-01-27 03:30:00,19.890000000000001,43.590000000000003, 1.0100000000000000e+01, 80.500000000000000,758.35000000000002
2016-01-27 03:40:00,19.856666666666701,43.700000000000003, 1.0100000000000000e+01, 80.666666666666700,758.29999999999995
2016-01-27 03:50:00,19.789999999999999,43.700000000000003, 1.0100000000000000e+01, 80.833333333333300,758.25000000000000
2016-01-27 04:00:00,19.789999999999999,43.700000000000003, 1.0100000000000000e+01, 81.000000000000000,758.20000000000005
2016-01-27 04:10:00,19.789999999999999,43.700000000000003, 1.0100000000000000e+01, 81.166666666666700,758.11666666666702
2016-01-27 04:20:00,19.699999999999999,43.789999999999999, 1.0100000000000000e+01, 81.333333333333300,758.03333333333296
2016-01-27 04:30:00,19.699999999999999,43.789999999999999, 1.0100000000000000e+01, 81.500000000000000,757.95000000000005
2016-01-27 04:40:00,19.699999999999999,43.789999999999999, 1.0100000000000000e+01, 81.666666666666700,757.86666666666702
2016-01-27 04:50:00,19.699999999999999,43.789999999999999, 1.0100000000000000e+01, 81.833333333333300,757.78333333333296
2016-01-27 05:00:00,19.633333333333301,43.826666666666704, 1.0100000000000000e+01, 82.000000000000000,757.70000000000005
2016-01-27 05:10:00,19.633333333333301,43.826666666666704, 1.0133333333333301e+01, 81.833333333333300,757.64999999999998
2016-01-27 05:20:00,19.600000000000001,43.826666666666704, 1.0166666666666700e+01, 81.666666666666700,757.60000000000002
2016-01-27 05:30:00,19.600000000000001,43.899999999999999, 1.0199999999999999e+01, 81.500000000000000,757.54999999999995
2016-01-27 05:40:00,19.566666666666698,43.933333333333302, 1.0233333333333301e+01, 81.333333333333300,757.50000000000000
2016-01-27 05:50:00,19.500000000000000,44.060000000000002, 1.0266666666666699e+01, 81.166666666666700,757.45000000000005
2016-01-27 06:00:00,19.500000000000000,44.090000000000003, 1.0300000000000001e+01, 81.000000000000000,757.39999999999998
2016-01-27 06:10:00,19.500000000000000,44.090000000000003, 1.0300000000000001e+01, 80.833333333333300,757.38333333333298
2016-01-27 06:20:00,19.390000000000001,44.090000000000003, 1.0300000000000001e+01, 80.666666666666700,757.36666666666702
2016-01-27 06:30:00,19.390000000000001,44.172499999999999, 1.0300000000000001e+01, 80.500000000000000,757.35000000000002
2016-01-27 06:40:00,19.390000000000001,44.259999999999998, 1.0300000000000001e+01, 80.333333333333300,757.33333333333303
2016-01-27 06:50:00,19.390000000000001,44.326666666666704, 1.0300000000000001e+01, 80.166666666666700,757.31666666666695
2016-01-27 07:00:00,19.323333333333299,44.399999999999999, 1.0300000000000001e+01, 80.000000000000000,757.29999999999995
2016-01-27 07:10:00,19.289999999999999,44.433333333333302, 1.0183333333333300e+01, 81.500000000000000,757.31666666666695
2016-01-27 07:20:00,19.289999999999999,44.560000000000002, 1.0066666666666700e+01, 83.000000000000000,757.33333333333303
2016-01-27 07:30:00,19.289999999999999,44.656666666666702, 9.9499999999999993e+00, 84.500000000000000,757.35000000000002
2016-01-27 07:40:00,19.289999999999999,44.863333333333301, 9.8333333333333304e+00, 86.000000000000000,757.36666666666702
2016-01-27 07:50:00,19.260000000000002,44.863333333333301, 9.7166666666666703e+00, 87.500000000000000,757.38333333333298
2016-01-27 08:00:00,19.199999999999999,44.863333333333301, 9.5999999999999996e+00, 89.000000000000000,757.39999999999998
2016-01-27 08:10:00,19.199999999999999,44.899999999999999, 9.6333333333333293e+00, 88.666666666666700,757.38333333333298
2016-01-27 08:20:00,19.199999999999999,44.899999999999999, 9.6666666666666696e+00, 88.333333333333300,757.36666666666702
2016-01-27 08:30:00,19.199999999999999,45.000000000000000, 9.6999999999999993e+00, 88.000000000000000,757.35000000000002
2016-01-27 08:40:00,19.199999999999999,45.000000000000000, 9.7333333333333307e+00, 87.666666666666700,757.33333333333303
2016-01-27 08:50:00,19.199999999999999,45.030000000000001, 9.7666666666666693e+00, 87.333333333333300,757.31666666666695
2016-01-27 09:00:00,19.199999999999999,45.090000000000003, 9.8000000000000007e+00, 87.000000000000000,757.29999999999995
2016-01-27 09:10:00,19.199999999999999,45.090000000000003, 9.7833333333333297e+00, 87.666666666666700,757.31666666666695
2016-01-27 09:20:00,19.133333333333301,45.090000000000003, 9.7666666666666693e+00, 88.333333333333300,757.33333333333303
2016-01-27 09:30:00,19.100000000000001,45.200000000000003, 9.7500000000000000e+00, 89.000000000000000,757.35000000000002
2016-01-27 09:40:00,19.100000000000001,45.200000000000003, 9.7333333333333307e+00, 89.666666666666700,757.36666666666702
2016-01-27 09:50:00,19.100000000000001,45.259999999999998, 9.7166666666666703e+00, 90.333333333333300,757.38333333333298
2016-01-27 10:00:00,19.100000000000001,45.289999999999999, 9.6999999999999993e+00, 91.000000000000000,757.39999999999998
2016-01-27 10:10:00,19.100000000000001,45.289999999999999, 9.8000000000000007e+00, 90.333333333333300,757.45000000000005
2016-01-27 10:20:00,19.100000000000001,45.399999999999999, 9.9000000000000004e+00, 89.666666666666700,757.50000000000000
2016-01-27 10:30:00,19.100000000000001,45.399999999999999, 1.0000000000000000e+01, 89.000000000000000,757.54999999999995
2016-01-27 10:40:00,19.000000000000000,45.399999999999999, 1.0100000000000000e+01, 88.333333333333300,757.60000000000002
2016-01-27 10:50:00,19.000000000000000,45.399999999999999, 1.0199999999999999e+01, 87.666666666666700,757.64999999999998
2016-01-27 11:00:00,19.000000000000000,45.433333333333302, 1.0300000000000001e+01, 87.000000000000000,757.70000000000005
2016-01-27 11:10:00,19.000000000000000,45.500000000000000, 1.0383333333333301e+01, 86.666666666666700,757.58333333333303
2016-01-27 11:20:00,19.000000000000000,45.500000000000000, 1.0466666666666701e+01, 86.333333333333300,757.46666666666704
2016-01-27 11:30:00,19.000000000000000,45.500000000000000, 1.0550000000000001e+01, 86.000000000000000,757.35000000000002
2016-01-27 11:40:00,19.000000000000000,45.530000000000001, 1.0633333333333301e+01, 85.666666666666700,757.23333333333301
2016-01-27 11:50:00,19.000000000000000,45.590000000000003, 1.0716666666666701e+01, 85.333333333333300,757.11666666666702
2016-01-27 12:00:00,19.000000000000000,45.590000000000003, 1.0800000000000001e+01, 85.000000000000000,757.00000000000000
2016-01-27 12:10:00,19.000000000000000,45.590000000000003, 1.0866666666666699e+01, 84.500000000000000,756.93333333333305
2016-01-27 12:20:00,19.000000000000000,45.590000000000003, 1.0933333333333300e+01, 84.000000000000000,756.86666666666702
2016-01-27 12:30:00,18.926666666666701,45.590000000000003, 1.1000000000000000e+01, 83.500000000000000,756.79999999999995
2016-01-27 12:40:00,18.890000000000001,45.700000000000003, 1.1066666666666700e+01, 83.000000000000000,756.73333333333301
2016-01-27 12:50:00,18.917500000000000,45.700000000000003, 1.1133333333333301e+01, 82.500000000000000,756.66666666666697
2016-01-27 13:00:00,18.926666666666701,45.700000000000003, 1.1199999999999999e+01, 82.000000000000000,756.60000000000002
2016-01-27 13:10:00,18.890000000000001,45.729999999999997, 1.1183333333333300e+01, 82.000000000000000,756.51666666666699
2016-01-27 13:20:00,18.890000000000001,45.789999999999999, 1.1166666666666700e+01, 82.000000000000000,756.43333333333305
2016-01-27 13:30:00,18.890000000000001,45.789999999999999, 1.1150000000000000e+01, 82.000000000000000,756.35000000000002
2016-01-27 13:40:00,18.890000000000001,45.789999999999999, 1.1133333333333301e+01, 82.000000000000000,756.26666666666699
2016-01-27 13:50:00,18.890000000000001,45.789999999999999, 1.1116666666666699e+01, 82.000000000000000,756.18333333333305
2016-01-27 14:00:00,18.890000000000001,45.789999999999999, 1.1100000000000000e+01, 82.000000000000000,756.10000000000002
2016-01-27 14:10:00,18.890000000000001,45.789999999999999, 1.1133333333333301e+01, 81.833333333333300,756.00000000000000
2016-01-27 14:20:00,18.890000000000001,45.789999999999999, 1.1166666666666700e+01, 81.666666666666700,755.89999999999998
2016-01-27 14:30:00,18.890000000000001,45.899999999999999, 1.1199999999999999e+01, 81.500000000000000,755.79999999999995
2016-01-27 14:40:00,18.890000000000001,45.899999999999999, 1.1233333333333301e+01, 81.333333333333300,755.70000000000005
2016-01-27 14:50:00,18.890000000000001,45.899999999999999, 1.1266666666666699e+01, 81.166666666666700,755.60000000000002
2016-01-27 15:00:00,18.890000000000001,45.899999999999999, 1.1300000000000001e+01, 81.000000000000000,755.50000000000000
2016-01-27 15:10:00,18.789999999999999,45.789999999999999, 1.1266666666666699e+01, 81.000000000000000,755.46666666666704
2016-01-27 15:20:00,18.789999999999999,45.863333333333301, 1.1233333333333301e+01, 81.000000000000000,755.43333333333305
2016-01-27 15:30:00,18.789999999999999,45.899999999999999, 1.1199999999999999e+01, 81.000000000000000,755.39999999999998
2016-01-27 15:40:00,18.789999999999999,45.899999999999999, 1.1166666666666700e+01, 81.000000000000000,755.36666666666702
2016-01-27 15:50:00,18.789999999999999,45.899999999999999, 1.1133333333333301e+01, 81.000000000000000,755.33333333333303
2016-01-27 16:00:00,18.789999999999999,45.899999999999999, 1.1100000000000000e+01, 81.000000000000000,755.29999999999995
2016-01-27 16:10:00,18.789999999999999,45.899999999999999, 1.1050000000000001e+01, 81.166666666666700,755.26666666666699
2016-01-27 16:20:00,18.789999999999999,45.899999999999999, 1.1000000000000000e+01, 81.333333333333300,755.23333333333301
2016-01-27 16:30:00,18.789999999999999,45.899999999999999, 1.0949999999999999e+01, 81.500000000000000,755.20000000000005
2016-01-27 16:40:00,18.760000000000002,46.000000000000000, 1.0900000000000000e+01, 81.666666666666700,755.16666666666697
2016-01-27 16:50:00,18.699999999999999,46.000000000000000, 1.0850000000000000e+01, 81.833333333333300,755.13333333333298
2016-01-27 17:00:00,18.699999999999999,46.000000000000000, 1.0800000000000001e+01, 82.000000000000000,755.10000000000002
2016-01-27 17:10:00,18.699999999999999,46.000000000000000, 1.0699999999999999e+01, 83.000000000000000,755.06666666666695
2016-01-27 17:20:00,18.699999999999999,46.030000000000001, 1.0600000000000000e+01, 84.000000000000000,755.03333333333296
2016-01-27 17:30:00,18.699999999999999,46.030000000000001, 1.0500000000000000e+01, 85.000000000000000,755.00000000000000
2016-01-27 17:40:00,18.699999999999999,46.090000000000003, 1.0400000000000000e+01, 86.000000000000000,754.96666666666704
2016-01-27 17:50:00,18.699999999999999,46.090000000000003, 1.0300000000000001e+01, 87.000000000000000,754.93333333333305
2016-01-27 18:00:00,18.699999999999999,46.090000000000003, 1.0199999999999999e+01, 88.000000000000000,754.89999999999998
2016-01-27 18:10:00,18.699999999999999,46.163333333333298, 1.0166666666666700e+01, 88.500000000000000,754.91666666666697
2016-01-27 18:20:00,18.699999999999999,46.126666666666701, 1.0133333333333301e+01, 89.000000000000000,754.93333333333305
2016-01-27 18:30:00,18.699999999999999,46.200000000000003, 1.0100000000000000e+01, 89.500000000000000,754.95000000000005
2016-01-27 18:40:00,18.666666666666700,46.200000000000003, 1.0066666666666700e+01, 90.000000000000000,754.96666666666704
2016-01-27 18:50:00,18.666666666666700,46.259999999999998, 1.0033333333333299e+01, 90.500000000000000,754.98333333333301
2016-01-27 19:00:00,18.633333333333301,46.229999999999997, 1.0000000000000000e+01, 91.000000000000000,755.00000000000000
2016-01-27 19:10:00,18.699999999999999,46.289999999999999, 9.9333333333333300e+00, 91.333333333333300,755.00000000000000
2016-01-27 19:20:00,18.649999999999999,46.299999999999997, 9.8666666666666707e+00, 91.666666666666700,755.00000000000000
2016-01-27 19:30:00,18.600000000000001,46.289999999999999, 9.8000000000000007e+00, 92.000000000000000,755.00000000000000
2016-01-27 19:40:00,18.600000000000001,46.289999999999999, 9.7333333333333307e+00, 92.333333333333300,755.00000000000000
2016-01-27 19:50:00,18.600000000000001,46.289999999999999, 9.6666666666666696e+00, 92.666666666666700,755.00000000000000
2016-01-27 20:00:00,18.600000000000001,46.289999999999999, 9.5999999999999996e+00, 93.000000000000000,755.00000000000000
2016-01-27 20:10:00,18.600000000000001,46.399999999999999, 9.5999999999999996e+00, 93.166666666666700,755.00000000000000
2016-01-27 20:20:00,18.533333333333299,46.399999999999999, 9.5999999999999996e+00, 93.333333333333300,755.00000000000000
2016-01-27 20:30:00,18.600000000000001,46.500000000000000, 9.5999999999999996e+00, 93.500000000000000,755.00000000000000
2016-01-27 20:40:00,18.600000000000001,46.500000000000000, 9.5999999999999996e+00, 93.666666666666700,755.00000000000000
2016-01-27 20:50:00,18.600000000000001,46.500000000000000, 9.5999999999999996e+00, 93.833333333333300,755.00000000000000
2016-01-27 21:00:00,18.533333333333299,46.500000000000000, 9.5999999999999996e+00, 94.000000000000000,755.00000000000000
2016-01-27 21:10:00,18.500000000000000,46.530000000000001, 9.6333333333333293e+00, 94.000000000000000,755.03333333333296
2016-01-27 21:20:00,18.500000000000000,46.590000000000003, 9.6666666666666696e+00, 94.000000000000000,755.06666666666695
2016-01-27 21:30:00,18.500000000000000,46.626666666666701, 9.6999999999999993e+00, 94.000000000000000,755.10000000000002
2016-01-27 21:40:00,18.500000000000000,46.700000000000003, 9.7333333333333307e+00, 94.000000000000000,755.13333333333298
2016-01-27 21:50:00,18.500000000000000,46.700000000000003, 9.7666666666666693e+00, 94.000000000000000,755.16666666666697
2016-01-27 22:00:00,18.500000000000000,46.700000000000003, 9.8000000000000007e+00, 94.000000000000000,755.20000000000005
2016-01-27 22:10:00,18.500000000000000,46.729999999999997, 9.8000000000000007e+00, 94.166666666666700,755.25000000000000
2016-01-27 22:20:00,18.500000000000000,46.789999999999999, 9.8000000000000007e+00, 94.333333333333300,755.29999999999995
2016-01-27 22:30:00,18.500000000000000,46.744999999999997, 9.8000000000000007e+00, 94.500000000000000,755.35000000000002
2016-01-27 22:40:00,18.500000000000000,46.789999999999999, 9.8000000000000007e+00, 94.666666666666700,755.39999999999998
2016-01-27 22:50:00,18.500000000000000,46.789999999999999, 9.8000000000000007e+00, 94.833333333333300,755.45000000000005
2016-01-27 23:00:00,18.500000000000000,46.789999999999999, 9.8000000000000007e+00, 95.000000000000000,755.50000000000000
2016-01-27 23:10:00,18.500000000000000,46.863333333333301, 9.8000000000000007e+00, 95.166666666666700,755.54999999999995
2016-01-27 23:20:00,18.500000000000000,46.933333333333302, 9.8000000000000007e+00, 95.333333333333300,755.60000000000002
2016-01-27 23:30:00,18.500000000000000,46.933333333333302, 9.8000000000000007e+00, 95.500000000000000,755.64999999999998
2016-01-27 23:40:00,18.500000000000000,47.000000000000000, 9.8000000000000007e+00, 95.666666666666700,755.70000000000005
2016-01-27 23:50:00,18.500000000000000,47.000000000000000, 9.8000000000000007e+00, 95.833333333333300,755.75000000000000
2016-01-28 00:00:00,18.390000000000001,46.899999999999999, 9.8000000000000007e+00, 96.000000000000000,755.79999999999995
2016-01-28 00:10:00,18.390000000000001,46.899999999999999, 9.8333333333333304e+00, 95.833333333333300,755.93333333333305
2016-01-28 00:20:00,18.463333333333299,47.060000000000002, 9.8666666666666707e+00, 95.666666666666700,756.06666666666695
2016-01-28 00:30:00,18.463333333333299,47.060000000000002, 9.9000000000000004e+00, 95.500000000000000,756.20000000000005
2016-01-28 00:40:00,18.390000000000001,47.090000000000003, 9.9333333333333300e+00, 95.333333333333300,756.33333333333303
2016-01-28 00:50:00,18.390000000000001,47.090000000000003, 9.9666666666666703e+00, 95.166666666666700,756.46666666666704
2016-01-28 01:00:00,18.390000000000001,47.090000000000003, 1.0000000000000000e+01, 95.000000000000000,756.60000000000002
2016-01-28 01:10:00,18.390000000000001,47.163333333333298, 9.9666666666666703e+00, 94.166666666666700,756.71666666666704
2016-01-28 01:20:00,18.390000000000001,47.229999999999997, 9.9333333333333300e+00, 93.333333333333300,756.83333333333303
2016-01-28 01:30:00,18.390000000000001,47.289999999999999, 9.9000000000000004e+00, 92.500000000000000,756.95000000000005
2016-01-28 01:40:00,18.390000000000001,47.244999999999997, 9.8666666666666707e+00, 91.666666666666700,757.06666666666695
2016-01-28 01:50:00,18.390000000000001,47.200000000000003, 9.8333333333333304e+00, 90.833333333333300,757.18333333333305
2016-01-28 02:00:00,18.390000000000001,47.200000000000003, 9.8000000000000007e+00, 90.000000000000000,757.29999999999995
2016-01-28 02:10:00,18.390000000000001,47.200000000000003, 9.6666666666666696e+00, 89.500000000000000,757.54999999999995
2016-01-28 02:20:00,18.390000000000001,47.200000000000003, 9.5333333333333297e+00, 89.000000000000000,757.79999999999995
2016-01-28 02:30:00,18.356666666666701,47.163333333333298, 9.4000000000000004e+00, 88.500000000000000,758.04999999999995
2016-01-28 02:40:00,18.356666666666701,47.090000000000003, 9.2666666666666693e+00, 88.000000000000000,758.29999999999995
2016-01-28 02:50:00,18.323333333333299,47.090000000000003, 9.1333333333333293e+00, 87.500000000000000,758.54999999999995
2016-01-28 03:00:00,18.390000000000001,47.090000000000003, 9.0000000000000000e+00, 87.000000000000000,758.79999999999995
2016-01-28 03:10:00,18.390000000000001,47.090000000000003, 8.8833333333333293e+00, 87.333333333333300,758.86666666666702
2016-01-28 03:20:00,18.390000000000001,47.030000000000001, 8.7666666666666693e+00, 87.666666666666700,758.93333333333305
2016-01-28 03:30:00,18.356666666666701,46.966666666666697, 8.6500000000000004e+00, 88.000000000000000,759.00000000000000
2016-01-28 03:40:00,18.289999999999999,46.899999999999999, 8.5333333333333297e+00, 88.333333333333300,759.06666666666695
2016-01-28 03:50:00,18.356666666666701,46.899999999999999, 8.4166666666666696e+00, 88.666666666666700,759.13333333333298
2016-01-28 04:00:00,18.289999999999999,46.899999999999999, 8.3000000000000007e+00, 89.000000000000000,759.20000000000005
2016-01-28 04:10:00,18.289999999999999,46.899999999999999, 8.1833333333333300e+00, 88.666666666666700,759.36666666666702
2016-01-28 04:20:00,18.289999999999999,46.899999999999999, 8.0666666666666700e+00, 88.333333333333300,759.53333333333296
2016-01-28 04:30:00,18.260000000000002,46.863333333333301, 7.9500000000000002e+00, 88.000000000000000,759.70000000000005
2016-01-28 04:40:00,18.199999999999999,46.729999999999997, 7.8333333333333304e+00, 87.666666666666700,759.86666666666702
2016-01-28 04:50:00,18.245000000000001,46.744999999999997, 7.7166666666666703e+00, 87.333333333333300,760.03333333333296
2016-01-28 05:00:00,18.199999999999999,46.700000000000003, 7.5999999999999996e+00, 87.000000000000000,760.20000000000005
2016-01-28 05:10:00,18.199999999999999,46.700000000000003, 7.3833333333333302e+00, 87.666666666666700,760.36666666666702
2016-01-28 05:20:00,18.166666666666700,46.700000000000003, 7.1666666666666696e+00, 88.333333333333300,760.53333333333296
2016-01-28 05:30:00,18.166666666666700,46.700000000000003, 6.9500000000000002e+00, 89.000000000000000,760.70000000000005
2016-01-28 05:40:00,18.100000000000001,46.663333333333298, 6.7333333333333298e+00, 89.666666666666700,760.86666666666702
2016-01-28 05:50:00,18.100000000000001,46.590000000000003, 6.5166666666666702e+00, 90.333333333333300,761.03333333333296
2016-01-28 06:00:00,18.166666666666700,46.590000000000003, 6.2999999999999998e+00, 91.000000000000000,761.20000000000005
2016-01-28 06:10:00,18.100000000000001,46.590000000000003, 6.2833333333333297e+00, 90.833333333333300,761.35000000000002
2016-01-28 06:20:00,18.100000000000001,46.590000000000003, 6.2666666666666702e+00, 90.666666666666700,761.50000000000000
2016-01-28 06:30:00,18.100000000000001,46.590000000000003, 6.2500000000000000e+00, 90.500000000000000,761.64999999999998
2016-01-28 06:40:00,18.100000000000001,46.590000000000003, 6.2333333333333298e+00, 90.333333333333300,761.79999999999995
2016-01-28 06:50:00,18.100000000000001,46.590000000000003, 6.2166666666666703e+00, 90.166666666666700,761.95000000000005
2016-01-28 07:00:00,18.100000000000001,46.590000000000003, 6.2000000000000002e+00, 90.000000000000000,762.10000000000002
2016-01-28 07:10:00,18.100000000000001,46.590000000000003, 6.0333333333333297e+00, 89.833333333333300,762.23333333333301
2016-01-28 07:20:00,18.066666666666698,46.560000000000002, 5.8666666666666698e+00, 89.666666666666700,762.36666666666702
2016-01-28 07:30:00,18.000000000000000,46.500000000000000, 5.7000000000000002e+00, 89.500000000000000,762.50000000000000
2016-01-28 07:40:00,18.000000000000000,46.500000000000000, 5.5333333333333297e+00, 89.333333333333300,762.63333333333298
2016-01-28 07:50:00,18.000000000000000,46.500000000000000, 5.3666666666666698e+00, 89.166666666666700,762.76666666666699
2016-01-28 08:00:00,18.000000000000000,46.500000000000000, 5.2000000000000002e+00, 89.000000000000000,762.89999999999998
2016-01-28 08:10:00,18.000000000000000,46.466666666666697, 4.9500000000000002e+00, 89.833333333333300,763.01666666666699
2016-01-28 08:20:00,18.000000000000000,46.399999999999999, 4.7000000000000002e+00, 90.666666666666700,763.13333333333298
2016-01-28 08:30:00,17.890000000000001,46.399999999999999, 4.4500000000000002e+00, 91.500000000000000,763.25000000000000
2016-01-28 08:40:00,17.890000000000001,46.399999999999999, 4.2000000000000002e+00, 92.333333333333300,763.36666666666702
2016-01-28 08:50:00,17.890000000000001,46.326666666666704, 3.9500000000000002e+00, 93.166666666666700,763.48333333333301
2016-01-28 09:00:00,17.890000000000001,46.326666666666704, 3.7000000000000002e+00, 94.000000000000000,763.60000000000002
2016-01-28 09:10:00,17.890000000000001,46.289999999999999, 3.8500000000000001e+00, 93.833333333333300,763.75000000000000
2016-01-28 09:20:00,17.890000000000001,46.229999999999997, 4.0000000000000000e+00, 93.666666666666700,763.89999999999998
2016-01-28 09:30:00,17.890000000000001,46.200000000000003, 4.1500000000000004e+00, 93.500000000000000,764.04999999999995
2016-01-28 09:40:00,17.890000000000001,46.200000000000003, 4.2999999999999998e+00, 93.333333333333300,764.20000000000005
2016-01-28 09:50:00,17.890000000000001,46.433333333333302, 4.4500000000000002e+00, 93.166666666666700,764.35000000000002
2016-01-28 10:00:00,17.890000000000001,46.560000000000002, 4.5999999999999996e+00, 93.000000000000000,764.50000000000000
2016-01-28 10:10:00,17.926666666666701,46.560000000000002, 4.8499999999999996e+00, 91.833333333333300,764.60000000000002
2016-01-28 10:20:00,18.000000000000000,46.500000000000000, 5.0999999999999996e+00, 90.666666666666700,764.70000000000005
2016-01-28 10:30:00,18.033333333333299,46.530000000000001, 5.3499999999999996e+00, 89.500000000000000,764.79999999999995
2016-01-28 10:40:00,18.100000000000001,46.463333333333303, 5.5999999999999996e+00, 88.333333333333300,764.89999999999998
2016-01-28 10:50:00,18.199999999999999,46.259999999999998, 5.8499999999999996e+00, 87.166666666666700,765.00000000000000
2016-01-28 11:00:00,18.199999999999999,46.126666666666701, 6.0999999999999996e+00, 86.000000000000000,765.10000000000002
2016-01-28 11:10:00,18.245000000000001,46.090000000000003, 6.2000000000000002e+00, 84.333333333333300,765.13333333333298
2016-01-28 11:20:00,18.289999999999999,46.000000000000000, 6.2999999999999998e+00, 82.666666666666700,765.16666666666697
2016-01-28 11:30:00,18.289999999999999,45.933333333333302, 6.4000000000000004e+00, 81.000000000000000,765.20000000000005
2016-01-28 11:40:00,18.289999999999999,45.863333333333301, 6.5000000000000000e+00, 79.333333333333300,765.23333333333301
2016-01-28 11:50:00,18.289999999999999,45.729999999999997, 6.5999999999999996e+00, 77.666666666666700,765.26666666666699
2016-01-28 12:00:00,18.390000000000001,45.700000000000003, 6.7000000000000002e+00, 76.000000000000000,765.29999999999995
2016-01-28 12:10:00,18.390000000000001,45.626666666666701, 6.7999999999999998e+00, 75.666666666666700,765.28333333333296
2016-01-28 12:20:00,18.390000000000001,45.560000000000002, 6.9000000000000004e+00, 75.333333333333300,765.26666666666699
2016-01-28 12:30:00,18.390000000000001,45.433333333333302, 7.0000000000000000e+00, 75.000000000000000,765.25000000000000
2016-01-28 12:40:00,18.390000000000001,45.399999999999999, 7.0999999999999996e+00, 74.666666666666700,765.23333333333301
2016-01-28 12:50:00,18.390000000000001,45.326666666666704, 7.2000000000000002e+00, 74.333333333333300,765.21666666666704
2016-01-28 13:00:00,18.390000000000001,45.259999999999998, 7.2999999999999998e+00, 74.000000000000000,765.20000000000005
2016-01-28 13:10:00,18.463333333333299,45.259999999999998, 7.2999999999999998e+00, 73.500000000000000,765.21666666666704
2016-01-28 13:20:00,18.500000000000000,45.259999999999998, 7.2999999999999998e+00, 73.000000000000000,765.23333333333301
2016-01-28 13:30:00,18.500000000000000,45.200000000000003, 7.2999999999999998e+00, 72.500000000000000,765.25000000000000
2016-01-28 13:40:00,18.500000000000000,45.259999999999998, 7.2999999999999998e+00, 72.000000000000000,765.26666666666699
2016-01-28 13:50:00,18.500000000000000,45.200000000000003, 7.2999999999999998e+00, 71.500000000000000,765.28333333333296
2016-01-28 14:00:00,18.500000000000000,45.163333333333298, 7.2999999999999998e+00, 71.000000000000000,765.29999999999995
2016-01-28 14:10:00,18.500000000000000,45.090000000000003, 7.2833333333333297e+00, 70.833333333333300,765.26666666666699
2016-01-28 14:20:00,18.500000000000000,45.090000000000003, 7.2666666666666702e+00, 70.666666666666700,765.23333333333301
2016-01-28 14:30:00,18.500000000000000,45.060000000000002, 7.2500000000000000e+00, 70.500000000000000,765.20000000000005
2016-01-28 14:40:00,18.500000000000000,45.000000000000000, 7.2333333333333298e+00, 70.333333333333300,765.16666666666697
2016-01-28 14:50:00,18.500000000000000,45.000000000000000, 7.2166666666666703e+00, 70.166666666666700,765.13333333333298
2016-01-28 15:00:00,18.500000000000000,44.933333333333302, 7.2000000000000002e+00, 70.000000000000000,765.10000000000002
2016-01-28 15:10:00,18.600000000000001,44.899999999999999, 7.1666666666666696e+00, 69.833333333333300,765.10000000000002
2016-01-28 15:20:00,18.600000000000001,44.826666666666704, 7.1333333333333302e+00, 69.666666666666700,765.10000000000002
2016-01-28 15:30:00,18.699999999999999,44.899999999999999, 7.0999999999999996e+00, 69.500000000000000,765.10000000000002
2016-01-28 15:40:00,18.699999999999999,44.826666666666704, 7.0666666666666700e+00, 69.333333333333300,765.10000000000002
2016-01-28 15:50:00,18.730000000000000,44.759999999999998, 7.0333333333333297e+00, 69.166666666666700,765.10000000000002
2016-01-28 16:00:00,18.789999999999999,44.700000000000003, 7.0000000000000000e+00, 69.000000000000000,765.10000000000002
2016-01-28 16:10:00,18.823333333333299,44.590000000000003, 6.7500000000000000e+00, 70.333333333333300,765.10000000000002
2016-01-28 16:20:00,18.823333333333299,44.530000000000001, 6.5000000000000000e+00, 71.666666666666700,765.10000000000002
2016-01-28 16:30:00,18.890000000000001,44.500000000000000, 6.2500000000000000e+00, 73.000000000000000,765.10000000000002
2016-01-28 16:40:00,18.890000000000001,44.433333333333302, 6.0000000000000000e+00, 74.333333333333300,765.10000000000002
2016-01-28 16:50:00,18.856666666666701,44.333333333333300, 5.7500000000000000e+00, 75.666666666666700,765.10000000000002
2016-01-28 17:00:00,18.789999999999999,44.200000000000003, 5.5000000000000000e+00, 77.000000000000000,765.10000000000002
2016-01-28 17:10:00,18.789999999999999,44.200000000000003, 5.0333333333333297e+00, 78.666666666666700,765.13333333333298
2016-01-28 17:20:00,18.789999999999999,44.200000000000003, 4.5666666666666700e+00, 80.333333333333300,765.16666666666697
2016-01-28 17:30:00,18.699999999999999,44.244999999999997, 4.0999999999999996e+00, 82.000000000000000,765.20000000000005
2016-01-28 17:40:00,18.699999999999999,44.289999999999999, 3.6333333333333302e+00, 83.666666666666700,765.23333333333301
2016-01-28 17:50:00,18.699999999999999,44.289999999999999, 3.1666666666666701e+00, 85.333333333333300,765.26666666666699
2016-01-28 18:00:00,18.600000000000001,44.289999999999999, 2.7000000000000002e+00, 87.000000000000000,765.29999999999995
2016-01-28 18:10:00,18.600000000000001,44.289999999999999, 2.5499999999999998e+00, 87.666666666666700,765.36666666666702
2016-01-28 18:20:00,18.533333333333299,44.289999999999999, 2.3999999999999999e+00, 88.333333333333300,765.43333333333305
2016-01-28 18:30:00,18.533333333333299,44.229999999999997, 2.2500000000000000e+00, 89.000000000000000,765.50000000000000
2016-01-28 18:40:00,18.500000000000000,44.289999999999999, 2.1000000000000001e+00, 89.666666666666700,765.56666666666695
2016-01-28 18:50:00,18.500000000000000,44.289999999999999, 1.9500000000000000e+00, 90.333333333333300,765.63333333333298
2016-01-28 19:00:00,18.463333333333299,44.259999999999998, 1.8000000000000000e+00, 91.000000000000000,765.70000000000005
2016-01-28 19:10:00,18.390000000000001,44.126666666666701, 2.0666666666666700e+00, 90.500000000000000,765.71666666666704
2016-01-28 19:20:00,18.390000000000001,44.200000000000003, 2.3333333333333299e+00, 90.000000000000000,765.73333333333301
2016-01-28 19:30:00,18.390000000000001,44.200000000000003, 2.6000000000000001e+00, 89.500000000000000,765.75000000000000
2016-01-28 19:40:00,18.356666666666701,44.200000000000003, 2.8666666666666698e+00, 89.000000000000000,765.76666666666699
2016-01-28 19:50:00,18.289999999999999,44.200000000000003, 3.1333333333333302e+00, 88.500000000000000,765.78333333333296
2016-01-28 20:00:00,18.289999999999999,44.200000000000003, 3.3999999999999999e+00, 88.000000000000000,765.79999999999995
2016-01-28 20:10:00,18.289999999999999,44.200000000000003, 3.2333333333333298e+00, 88.500000000000000,765.83333333333303
2016-01-28 20:20:00,18.199999999999999,44.090000000000003, 3.0666666666666700e+00, 89.000000000000000,765.86666666666702
2016-01-28 20:30:00,18.199999999999999,44.090000000000003, 2.8999999999999999e+00, 89.500000000000000,765.89999999999998
2016-01-28 20:40:00,18.199999999999999,44.090000000000003, 2.7333333333333298e+00, 90.000000000000000,765.93333333333305
2016-01-28 20:50:00,18.166666666666700,44.090000000000003, 2.5666666666666700e+00, 90.500000000000000,765.96666666666704
2016-01-28 21:00:00,18.100000000000001,44.090000000000003, 2.3999999999999999e+00, 91.000000000000000,766.00000000000000
2016-01-28 21:10:00,18.100000000000001,44.126666666666701, 2.4500000000000002e+00, 90.833333333333300,765.95000000000005
2016-01-28 21:20:00,18.100000000000001,44.200000000000003, 2.5000000000000000e+00, 90.666666666666700,765.89999999999998
2016-01-28 21:30:00,18.100000000000001,44.163333333333298, 2.5499999999999998e+00, 90.500000000000000,765.85000000000002
2016-01-28 21:40:00,18.100000000000001,44.163333333333298, 2.6000000000000001e+00, 90.333333333333300,765.79999999999995
2016-01-28 21:50:00,18.000000000000000,44.163333333333298, 2.6499999999999999e+00, 90.166666666666700,765.75000000000000
2016-01-28 22:00:00,18.000000000000000,44.090000000000003, 2.7000000000000002e+00, 90.000000000000000,765.70000000000005
2016-01-28 22:10:00,18.000000000000000,44.126666666666701, 2.7666666666666702e+00, 89.333333333333300,765.70000000000005
2016-01-28 22:20:00,18.000000000000000,44.126666666666701, 2.8333333333333299e+00, 88.666666666666700,765.70000000000005
2016-01-28 22:30:00,18.000000000000000,44.090000000000003, 2.8999999999999999e+00, 88.000000000000000,765.70000000000005
2016-01-28 22:40:00,18.000000000000000,44.090000000000003, 2.9666666666666699e+00, 87.333333333333300,765.70000000000005
2016-01-28 22:50:00,17.890000000000001,44.163333333333298, 3.0333333333333301e+00, 86.666666666666700,765.70000000000005
2016-01-28 23:00:00,17.890000000000001,44.090000000000003, 3.1000000000000001e+00, 86.000000000000000,765.70000000000005
2016-01-28 23:10:00,17.890000000000001,44.090000000000003, 3.0833333333333299e+00, 86.000000000000000,765.61666666666702
2016-01-28 23:20:00,17.890000000000001,44.090000000000003, 3.0666666666666700e+00, 86.000000000000000,765.53333333333296
2016-01-28 23:30:00,17.890000000000001,44.090000000000003, 3.0499999999999998e+00, 86.000000000000000,765.45000000000005
2016-01-28 23:40:00,17.890000000000001,44.163333333333298, 3.0333333333333301e+00, 86.000000000000000,765.36666666666702
2016-01-28 23:50:00,17.789999999999999,44.090000000000003, 3.0166666666666702e+00, 86.000000000000000,765.28333333333296
2016-01-29 00:00:00,17.789999999999999,44.090000000000003, 3.0000000000000000e+00, 86.000000000000000,765.20000000000005
2016-01-29 00:10:00,17.789999999999999,44.090000000000003, 3.0666666666666700e+00, 85.500000000000000,765.18333333333305
2016-01-29 00:20:00,17.789999999999999,44.090000000000003, 3.1333333333333302e+00, 85.000000000000000,765.16666666666697
2016-01-29 00:30:00,17.789999999999999,44.090000000000003, 3.2000000000000002e+00, 84.500000000000000,765.14999999999998
2016-01-29 00:40:00,17.789999999999999,44.090000000000003, 3.2666666666666702e+00, 84.000000000000000,765.13333333333298
2016-01-29 00:50:00,17.789999999999999,44.090000000000003, 3.3333333333333299e+00, 83.500000000000000,765.11666666666702
2016-01-29 01:00:00,17.760000000000002,44.090000000000003, 3.3999999999999999e+00, 83.000000000000000,765.10000000000002
2016-01-29 01:10:00,17.699999999999999,44.090000000000003, 3.3666666666666698e+00, 83.166666666666700,765.10000000000002
2016-01-29 01:20:00,17.699999999999999,44.126666666666701, 3.3333333333333299e+00, 83.333333333333300,765.10000000000002
2016-01-29 01:30:00,17.699999999999999,44.126666666666701, 3.2999999999999998e+00, 83.500000000000000,765.10000000000002
2016-01-29 01:40:00,17.699999999999999,44.090000000000003, 3.2666666666666702e+00, 83.666666666666700,765.10000000000002
2016-01-29 01:50:00,17.699999999999999,44.090000000000003, 3.2333333333333298e+00, 83.833333333333300,765.10000000000002
2016-01-29 02:00:00,17.699999999999999,44.090000000000003, 3.2000000000000002e+00, 84.000000000000000,765.10000000000002
2016-01-29 02:10:00,17.633333333333301,44.030000000000001, 3.3166666666666700e+00, 83.333333333333300,765.00000000000000
2016-01-29 02:20:00,17.600000000000001,44.030000000000001, 3.4333333333333300e+00, 82.666666666666700,764.89999999999998
2016-01-29 02:30:00,17.600000000000001,44.030000000000001, 3.5499999999999998e+00, 82.000000000000000,764.79999999999995
2016-01-29 02:40:00,17.600000000000001,44.000000000000000, 3.6666666666666701e+00, 81.333333333333300,764.70000000000005
2016-01-29 02:50:00,17.600000000000001,44.000000000000000, 3.7833333333333301e+00, 80.666666666666700,764.60000000000002
2016-01-29 03:00:00,17.600000000000001,43.950000000000003, 3.8999999999999999e+00, 80.000000000000000,764.50000000000000
2016-01-29 03:10:00,17.600000000000001,44.000000000000000, 3.9500000000000002e+00, 80.333333333333300,764.54999999999995
2016-01-29 03:20:00,17.533333333333299,43.933333333333302, 4.0000000000000000e+00, 80.666666666666700,764.60000000000002
2016-01-29 03:30:00,17.500000000000000,44.000000000000000, 4.0499999999999998e+00, 81.000000000000000,764.64999999999998
2016-01-29 03:40:00,17.500000000000000,44.000000000000000, 4.0999999999999996e+00, 81.333333333333300,764.70000000000005
2016-01-29 03:50:00,17.500000000000000,43.899999999999999, 4.1500000000000004e+00, 81.666666666666700,764.75000000000000
2016-01-29 04:00:00,17.500000000000000,43.899999999999999, 4.2000000000000002e+00, 82.000000000000000,764.79999999999995
2016-01-29 04:10:00,17.500000000000000,43.899999999999999, 4.2500000000000000e+00, 81.833333333333300,764.75000000000000
2016-01-29 04:20:00,17.426666666666701,43.826666666666704, 4.2999999999999998e+00, 81.666666666666700,764.70000000000005
2016-01-29 04:30:00,17.390000000000001,43.789999999999999, 4.3499999999999996e+00, 81.500000000000000,764.64999999999998
2016-01-29 04:40:00,17.390000000000001,43.789999999999999, 4.4000000000000004e+00, 81.333333333333300,764.60000000000002
2016-01-29 04:50:00,17.390000000000001,43.789999999999999, 4.4500000000000002e+00, 81.166666666666700,764.54999999999995
2016-01-29 05:00:00,17.390000000000001,43.789999999999999, 4.5000000000000000e+00, 81.000000000000000,764.50000000000000
2016-01-29 05:10:00,17.390000000000001,43.789999999999999, 4.4666666666666703e+00, 81.166666666666700,764.43333333333305
2016-01-29 05:20:00,17.323333333333299,43.789999999999999, 4.4333333333333300e+00, 81.333333333333300,764.36666666666702
2016-01-29 05:30:00,17.289999999999999,43.759999999999998, 4.4000000000000004e+00, 81.500000000000000,764.29999999999995
2016-01-29 05:40:00,17.289999999999999,43.759999999999998, 4.3666666666666698e+00, 81.666666666666700,764.23333333333301
2016-01-29 05:50:00,17.289999999999999,43.789999999999999, 4.3333333333333304e+00, 81.833333333333300,764.16666666666697
2016-01-29 06:00:00,17.289999999999999,43.789999999999999, 4.2999999999999998e+00, 82.000000000000000,764.10000000000002
2016-01-29 06:10:00,17.289999999999999,43.789999999999999, 4.3499999999999996e+00, 82.000000000000000,764.11666666666702
2016-01-29 06:20:00,17.289999999999999,43.899999999999999, 4.4000000000000004e+00, 82.000000000000000,764.13333333333298
2016-01-29 06:30:00,17.289999999999999,43.966666666666697, 4.4500000000000002e+00, 82.000000000000000,764.14999999999998
2016-01-29 06:40:00,17.230000000000000,43.933333333333302, 4.5000000000000000e+00, 82.000000000000000,764.16666666666697
2016-01-29 06:50:00,17.289999999999999,44.000000000000000, 4.5499999999999998e+00, 82.000000000000000,764.18333333333305
2016-01-29 07:00:00,17.260000000000002,44.000000000000000, 4.5999999999999996e+00, 82.000000000000000,764.20000000000005
2016-01-29 07:10:00,17.260000000000002,44.060000000000002, 4.6500000000000004e+00, 81.833333333333300,764.13333333333298
2016-01-29 07:20:00,17.199999999999999,44.090000000000003, 4.7000000000000002e+00, 81.666666666666700,764.06666666666695
2016-01-29 07:30:00,17.199999999999999,44.090000000000003, 4.7500000000000000e+00, 81.500000000000000,764.00000000000000
2016-01-29 07:40:00,17.199999999999999,44.090000000000003, 4.7999999999999998e+00, 81.333333333333300,763.93333333333305
2016-01-29 07:50:00,17.199999999999999,44.090000000000003, 4.8499999999999996e+00, 81.166666666666700,763.86666666666702
2016-01-29 08:00:00,17.199999999999999,44.090000000000003, 4.9000000000000004e+00, 81.000000000000000,763.79999999999995
2016-01-29 08:10:00,17.199999999999999,44.090000000000003, 4.9666666666666703e+00, 81.000000000000000,763.81666666666695
2016-01-29 08:20:00,17.199999999999999,44.163333333333298, 5.0333333333333297e+00, 81.000000000000000,763.83333333333303
2016-01-29 08:30:00,17.199999999999999,44.090000000000003, 5.0999999999999996e+00, 81.000000000000000,763.85000000000002
2016-01-29 08:40:00,17.199999999999999,44.200000000000003, 5.1666666666666696e+00, 81.000000000000000,763.86666666666702
2016-01-29 08:50:00,17.133333333333301,44.200000000000003, 5.2333333333333298e+00, 81.000000000000000,763.88333333333298
2016-01-29 09:00:00,17.100000000000001,44.200000000000003, 5.2999999999999998e+00, 81.000000000000000,763.89999999999998
2016-01-29 09:10:00,17.100000000000001,44.200000000000003, 5.4000000000000004e+00, 81.166666666666700,763.91666666666697
2016-01-29 09:20:00,17.100000000000001,44.200000000000003, 5.5000000000000000e+00, 81.333333333333300,763.93333333333305
2016-01-29 09:30:00,17.100000000000001,44.200000000000003, 5.5999999999999996e+00, 81.500000000000000,763.95000000000005
2016-01-29 09:40:00,17.100000000000001,44.200000000000003, 5.7000000000000002e+00, 81.666666666666700,763.96666666666704
2016-01-29 09:50:00,17.100000000000001,44.200000000000003, 5.7999999999999998e+00, 81.833333333333300,763.98333333333301
2016-01-29 10:00:00,17.100000000000001,44.200000000000003, 5.9000000000000004e+00, 82.000000000000000,764.00000000000000
2016-01-29 10:10:00,17.100000000000001,44.200000000000003, 6.0499999999999998e+00, 81.666666666666700,763.95000000000005
2016-01-29 10:20:00,17.166666666666700,44.200000000000003, 6.2000000000000002e+00, 81.333333333333300,763.89999999999998
2016-01-29 10:30:00,17.100000000000001,44.200000000000003, 6.3499999999999996e+00, 81.000000000000000,763.85000000000002
2016-01-29 10:40:00,17.166666666666700,44.200000000000003, 6.5000000000000000e+00, 80.666666666666700,763.79999999999995
2016-01-29 10:50:00,17.133333333333301,44.200000000000003, 6.6500000000000004e+00, 80.333333333333300,763.75000000000000
2016-01-29 11:00:00,17.133333333333301,44.200000000000003, 6.7999999999999998e+00, 80.000000000000000,763.70000000000005
2016-01-29 11:10:00,17.133333333333301,44.200000000000003, 6.9000000000000004e+00, 80.500000000000000,763.73333333333301
2016-01-29 11:20:00,17.199999999999999,44.200000000000003, 7.0000000000000000e+00, 81.000000000000000,763.76666666666699
2016-01-29 11:30:00,17.166666666666700,44.289999999999999, 7.0999999999999996e+00, 81.500000000000000,763.79999999999995
2016-01-29 11:40:00,17.166666666666700,44.289999999999999, 7.2000000000000002e+00, 82.000000000000000,763.83333333333303
2016-01-29 11:50:00,17.199999999999999,44.289999999999999, 7.2999999999999998e+00, 82.500000000000000,763.86666666666702
2016-01-29 12:00:00,17.133333333333301,44.289999999999999, 7.4000000000000004e+00, 83.000000000000000,763.89999999999998
2016-01-29 12:10:00,17.133333333333301,44.326666666666704, 7.5000000000000000e+00, 82.666666666666700,763.85000000000002
2016-01-29 12:20:00,17.133333333333301,44.399999999999999, 7.5999999999999996e+00, 82.333333333333300,763.79999999999995
2016-01-29 12:30:00,17.100000000000001,44.399999999999999, 7.7000000000000002e+00, 82.000000000000000,763.75000000000000
2016-01-29 12:40:00,17.166666666666700,44.500000000000000, 7.7999999999999998e+00, 81.666666666666700,763.70000000000005
2016-01-29 12:50:00,17.166666666666700,44.500000000000000, 7.9000000000000004e+00, 81.333333333333300,763.64999999999998
2016-01-29 13:00:00,17.166666666666700,44.500000000000000, 8.0000000000000000e+00, 81.000000000000000,763.60000000000002
2016-01-29 13:10:00,17.100000000000001,44.560000000000002, 8.0500000000000007e+00, 81.333333333333300,763.50000000000000
2016-01-29 13:20:00,17.133333333333301,44.590000000000003, 8.0999999999999996e+00, 81.666666666666700,763.39999999999998
2016-01-29 13:30:00,17.133333333333301,44.590000000000003, 8.1500000000000004e+00, 82.000000000000000,763.29999999999995
2016-01-29 13:40:00,17.133333333333301,44.700000000000003, 8.1999999999999993e+00, 82.333333333333300,763.20000000000005
2016-01-29 13:50:00,17.133333333333301,44.700000000000003, 8.2500000000000000e+00, 82.666666666666700,763.10000000000002
2016-01-29 14:00:00,17.166666666666700,44.700000000000003, 8.3000000000000007e+00, 83.000000000000000,763.00000000000000
2016-01-29 14:10:00,17.100000000000001,44.700000000000003, 8.3000000000000007e+00, 83.333333333333300,762.95000000000005
2016-01-29 14:20:00,17.100000000000001,44.729999999999997, 8.3000000000000007e+00, 83.666666666666700,762.89999999999998
2016-01-29 14:30:00,17.100000000000001,44.789999999999999, 8.3000000000000007e+00, 84.000000000000000,762.85000000000002
2016-01-29 14:40:00,17.100000000000001,44.826666666666704, 8.3000000000000007e+00, 84.333333333333300,762.79999999999995
2016-01-29 14:50:00,17.100000000000001,44.899999999999999, 8.3000000000000007e+00, 84.666666666666700,762.75000000000000
2016-01-29 15:00:00,17.100000000000001,44.933333333333302, 8.3000000000000007e+00, 85.000000000000000,762.70000000000005
2016-01-29 15:10:00,17.100000000000001,45.000000000000000, 8.3333333333333304e+00, 84.833333333333300,762.66666666666697
2016-01-29 15:20:00,17.100000000000001,45.000000000000000, 8.3666666666666707e+00, 84.666666666666700,762.63333333333298
2016-01-29 15:30:00,17.100000000000001,45.000000000000000, 8.4000000000000004e+00, 84.500000000000000,762.60000000000002
2016-01-29 15:40:00,17.100000000000001,45.090000000000003, 8.4333333333333300e+00, 84.333333333333300,762.56666666666695
2016-01-29 15:50:00,17.100000000000001,45.266666666666701, 8.4666666666666703e+00, 84.166666666666700,762.53333333333296
2016-01-29 16:00:00,17.100000000000001,45.659999999999997, 8.5000000000000000e+00, 84.000000000000000,762.50000000000000
2016-01-29 16:10:00,17.133333333333301,46.266666666666701, 8.5166666666666693e+00, 83.833333333333300,762.45000000000005
2016-01-29 16:20:00,17.260000000000002,46.466666666666697, 8.5333333333333297e+00, 83.666666666666700,762.39999999999998
2016-01-29 16:30:00,17.390000000000001,46.363333333333301, 8.5500000000000007e+00, 83.500000000000000,762.35000000000002
2016-01-29 16:40:00,17.463333333333299,46.289999999999999, 8.5666666666666700e+00, 83.333333333333300,762.29999999999995
2016-01-29 16:50:00,17.633333333333301,46.060000000000002, 8.5833333333333304e+00, 83.166666666666700,762.25000000000000
2016-01-29 17:00:00,17.760000000000002,45.859999999999999, 8.5999999999999996e+00, 83.000000000000000,762.20000000000005
2016-01-29 17:10:00,17.926666666666701,45.723333333333301, 8.6333333333333293e+00, 83.166666666666700,762.20000000000005
2016-01-29 17:20:00,18.066666666666698,45.590000000000003, 8.6666666666666696e+00, 83.333333333333300,762.20000000000005
2016-01-29 17:30:00,18.133333333333301,45.399999999999999, 8.6999999999999993e+00, 83.500000000000000,762.20000000000005
2016-01-29 17:40:00,18.260000000000002,45.326666666666704, 8.7333333333333307e+00, 83.666666666666700,762.20000000000005
2016-01-29 17:50:00,18.323333333333299,45.163333333333298, 8.7666666666666693e+00, 83.833333333333300,762.20000000000005
2016-01-29 18:00:00,18.463333333333299,45.030000000000001, 8.8000000000000007e+00, 84.000000000000000,762.20000000000005
2016-01-29 18:10:00,18.633333333333301,44.863333333333301, 8.8333333333333304e+00, 83.666666666666700,762.21666666666704
2016-01-29 18:20:00,18.760000000000002,44.729999999999997, 8.8666666666666707e+00, 83.333333333333300,762.23333333333301
2016-01-29 18:30:00,18.926666666666701,44.663333333333298, 8.9000000000000004e+00, 83.000000000000000,762.25000000000000
2016-01-29 18:40:00,19.024999999999999,44.472499999999997, 8.9333333333333300e+00, 82.666666666666700,762.26666666666699
2016-01-29 18:50:00,19.166666666666700,44.359999999999999, 8.9666666666666703e+00, 82.333333333333300,762.28333333333296
2016-01-29 19:00:00,19.230000000000000,44.259999999999998, 9.0000000000000000e+00, 82.000000000000000,762.29999999999995
2016-01-29 19:10:00,19.289999999999999,44.126666666666701, 9.0000000000000000e+00, 82.000000000000000,762.28333333333296
2016-01-29 19:20:00,19.289999999999999,44.026666666666699, 9.0000000000000000e+00, 82.000000000000000,762.26666666666699
2016-01-29 19:30:00,19.356666666666701,43.899999999999999, 9.0000000000000000e+00, 82.000000000000000,762.25000000000000
2016-01-29 19:40:00,19.426666666666701,43.826666666666704, 9.0000000000000000e+00, 82.000000000000000,762.23333333333301
2016-01-29 19:50:00,19.500000000000000,43.826666666666704, 9.0000000000000000e+00, 82.000000000000000,762.21666666666704
2016-01-29 20:00:00,19.600000000000001,43.700000000000003, 9.0000000000000000e+00, 82.000000000000000,762.20000000000005
2016-01-29 20:10:00,19.666666666666700,43.700000000000003, 9.0166666666666693e+00, 82.166666666666700,762.14999999999998
2016-01-29 20:20:00,19.730000000000000,43.590000000000003, 9.0333333333333297e+00, 82.333333333333300,762.10000000000002
2016-01-29 20:30:00,19.789999999999999,43.530000000000001, 9.0500000000000007e+00, 82.500000000000000,762.04999999999995
2016-01-29 20:40:00,19.823333333333299,43.500000000000000, 9.0666666666666700e+00, 82.666666666666700,762.00000000000000
2016-01-29 20:50:00,19.890000000000001,43.500000000000000, 9.0833333333333304e+00, 82.833333333333300,761.95000000000005
2016-01-29 21:00:00,19.890000000000001,43.399999999999999, 9.0999999999999996e+00, 83.000000000000000,761.89999999999998
2016-01-29 21:10:00,19.890000000000001,43.326666666666704, 9.0999999999999996e+00, 83.000000000000000,761.83333333333303
2016-01-29 21:20:00,19.926666666666701,43.289999999999999, 9.0999999999999996e+00, 83.000000000000000,761.76666666666699
2016-01-29 21:30:00,20.000000000000000,43.289999999999999, 9.0999999999999996e+00, 83.000000000000000,761.70000000000005
2016-01-29 21:40:00,20.000000000000000,43.200000000000003, 9.0999999999999996e+00, 83.000000000000000,761.63333333333298
2016-01-29 21:50:00,20.000000000000000,43.200000000000003, 9.0999999999999996e+00, 83.000000000000000,761.56666666666695
2016-01-29 22:00:00,20.000000000000000,43.145000000000003, 9.0999999999999996e+00, 83.000000000000000,761.50000000000000
2016-01-29 22:10:00,20.000000000000000,43.000000000000000, 9.0833333333333304e+00, 83.000000000000000,761.36666666666702
2016-01-29 22:20:00,20.000000000000000,43.060000000000002, 9.0666666666666700e+00, 83.000000000000000,761.23333333333301
2016-01-29 22:30:00,19.890000000000001,43.090000000000003, 9.0500000000000007e+00, 83.000000000000000,761.10000000000002
2016-01-29 22:40:00,19.890000000000001,43.090000000000003, 9.0333333333333297e+00, 83.000000000000000,760.96666666666704
2016-01-29 22:50:00,19.789999999999999,43.000000000000000, 9.0166666666666693e+00, 83.000000000000000,760.83333333333303
2016-01-29 23:00:00,19.789999999999999,43.060000000000002, 9.0000000000000000e+00, 83.000000000000000,760.70000000000005
2016-01-29 23:10:00,19.699999999999999,43.090000000000003, 9.0166666666666693e+00, 82.833333333333300,760.61666666666702
2016-01-29 23:20:00,19.699999999999999,43.090000000000003, 9.0333333333333297e+00, 82.666666666666700,760.53333333333296
2016-01-29 23:30:00,19.666666666666700,43.163333333333298, 9.0500000000000007e+00, 82.500000000000000,760.45000000000005
2016-01-29 23:40:00,19.600000000000001,43.090000000000003, 9.0666666666666700e+00, 82.333333333333300,760.36666666666702
2016-01-29 23:50:00,19.566666666666698,43.200000000000003, 9.0833333333333304e+00, 82.166666666666700,760.28333333333296
2016-01-30 00:00:00,19.500000000000000,43.200000000000003, 9.0999999999999996e+00, 82.000000000000000,760.20000000000005
2016-01-30 00:10:00,19.463333333333299,43.259999999999998, 9.0999999999999996e+00, 82.000000000000000,760.10000000000002
2016-01-30 00:20:00,19.390000000000001,43.200000000000003, 9.0999999999999996e+00, 82.000000000000000,760.00000000000000
2016-01-30 00:30:00,19.356666666666701,43.229999999999997, 9.0999999999999996e+00, 82.000000000000000,759.89999999999998
2016-01-30 00:40:00,19.289999999999999,43.363333333333301, 9.0999999999999996e+00, 82.000000000000000,759.79999999999995
2016-01-30 00:50:00,19.260000000000002,43.289999999999999, 9.0999999999999996e+00, 82.000000000000000,759.70000000000005
2016-01-30 01:00:00,19.199999999999999,43.289999999999999, 9.0999999999999996e+00, 82.000000000000000,759.60000000000002
2016-01-30 01:10:00,19.149999999999999,43.344999999999999, 9.0500000000000007e+00, 82.666666666666700,759.46666666666704
2016-01-30 01:20:00,19.100000000000001,43.399999999999999, 9.0000000000000000e+00, 83.333333333333300,759.33333333333303
2016-01-30 01:30:00,19.100000000000001,43.466666666666697, 8.9499999999999993e+00, 84.000000000000000,759.20000000000005
2016-01-30 01:40:00,19.000000000000000,43.399999999999999, 8.9000000000000004e+00, 84.666666666666700,759.06666666666695
2016-01-30 01:50:00,19.000000000000000,43.399999999999999, 8.8499999999999996e+00, 85.333333333333300,758.93333333333305
2016-01-30 02:00:00,18.963333333333299,43.500000000000000, 8.8000000000000007e+00, 86.000000000000000,758.79999999999995
2016-01-30 02:10:00,18.890000000000001,43.500000000000000, 8.8333333333333304e+00, 85.500000000000000,758.64999999999998
2016-01-30 02:20:00,18.890000000000001,43.590000000000003, 8.8666666666666707e+00, 85.000000000000000,758.50000000000000
2016-01-30 02:30:00,18.890000000000001,43.590000000000003, 8.9000000000000004e+00, 84.500000000000000,758.35000000000002
2016-01-30 02:40:00,18.789999999999999,43.590000000000003, 8.9333333333333300e+00, 84.000000000000000,758.20000000000005
2016-01-30 02:50:00,18.789999999999999,43.590000000000003, 8.9666666666666703e+00, 83.500000000000000,758.04999999999995
2016-01-30 03:00:00,18.760000000000002,43.700000000000003, 9.0000000000000000e+00, 83.000000000000000,757.89999999999998
2016-01-30 03:10:00,18.699999999999999,43.700000000000003, 9.0166666666666693e+00, 82.833333333333300,757.70000000000005
2016-01-30 03:20:00,18.699999999999999,43.700000000000003, 9.0333333333333297e+00, 82.666666666666700,757.50000000000000
2016-01-30 03:30:00,18.699999999999999,43.759999999999998, 9.0500000000000007e+00, 82.500000000000000,757.29999999999995
2016-01-30 03:40:00,18.666666666666700,43.759999999999998, 9.0666666666666700e+00, 82.333333333333300,757.10000000000002
2016-01-30 03:50:00,18.600000000000001,43.700000000000003, 9.0833333333333304e+00, 82.166666666666700,756.89999999999998
2016-01-30 04:00:00,18.600000000000001,43.759999999999998, 9.0999999999999996e+00, 82.000000000000000,756.70000000000005
2016-01-30 04:10:00,18.600000000000001,43.759999999999998, 9.0333333333333297e+00, 83.000000000000000,756.60000000000002
2016-01-30 04:20:00,18.550000000000001,43.789999999999999, 8.9666666666666703e+00, 84.000000000000000,756.50000000000000
2016-01-30 04:30:00,18.500000000000000,43.899999999999999, 8.9000000000000004e+00, 85.000000000000000,756.39999999999998
2016-01-30 04:40:00,18.500000000000000,43.899999999999999, 8.8333333333333304e+00, 86.000000000000000,756.29999999999995
2016-01-30 04:50:00,18.500000000000000,44.030000000000001, 8.7666666666666693e+00, 87.000000000000000,756.20000000000005
2016-01-30 05:00:00,18.426666666666701,44.030000000000001, 8.6999999999999993e+00, 88.000000000000000,756.10000000000002
2016-01-30 05:10:00,18.390000000000001,44.030000000000001, 8.6666666666666696e+00, 89.000000000000000,756.00000000000000
2016-01-30 05:20:00,18.390000000000001,44.090000000000003, 8.6333333333333293e+00, 90.000000000000000,755.89999999999998
2016-01-30 05:30:00,18.390000000000001,44.126666666666701, 8.5999999999999996e+00, 91.000000000000000,755.79999999999995
2016-01-30 05:40:00,18.390000000000001,44.200000000000003, 8.5666666666666700e+00, 92.000000000000000,755.70000000000005
2016-01-30 05:50:00,18.356666666666701,44.229999999999997, 8.5333333333333297e+00, 93.000000000000000,755.60000000000002
2016-01-30 06:00:00,18.289999999999999,44.289999999999999, 8.5000000000000000e+00, 94.000000000000000,755.50000000000000
2016-01-30 06:10:00,18.289999999999999,44.326666666666704, 8.4666666666666703e+00, 94.000000000000000,755.36666666666702
2016-01-30 06:20:00,18.289999999999999,44.399999999999999, 8.4333333333333300e+00, 94.000000000000000,755.23333333333301
2016-01-30 06:30:00,18.289999999999999,44.500000000000000, 8.4000000000000004e+00, 94.000000000000000,755.10000000000002
2016-01-30 06:40:00,18.289999999999999,44.560000000000002, 8.3666666666666707e+00, 94.000000000000000,754.96666666666704
2016-01-30 06:50:00,18.199999999999999,44.530000000000001, 8.3333333333333304e+00, 94.000000000000000,754.83333333333303
2016-01-30 07:00:00,18.199999999999999,44.590000000000003, 8.3000000000000007e+00, 94.000000000000000,754.70000000000005
2016-01-30 07:10:00,18.199999999999999,44.626666666666701, 8.3333333333333304e+00, 93.500000000000000,754.63333333333298
2016-01-30 07:20:00,18.199999999999999,44.700000000000003, 8.3666666666666707e+00, 93.000000000000000,754.56666666666695
2016-01-30 07:30:00,18.199999999999999,44.744999999999997, 8.4000000000000004e+00, 92.500000000000000,754.50000000000000
2016-01-30 07:40:00,18.100000000000001,44.826666666666704, 8.4333333333333300e+00, 92.000000000000000,754.43333333333305
2016-01-30 07:50:00,18.100000000000001,44.899999999999999, 8.4666666666666703e+00, 91.500000000000000,754.36666666666702
2016-01-30 08:00:00,18.100000000000001,44.899999999999999, 8.5000000000000000e+00, 91.000000000000000,754.29999999999995
2016-01-30 08:10:00,18.100000000000001,44.966666666666697, 8.5166666666666693e+00, 90.666666666666700,754.14999999999998
2016-01-30 08:20:00,18.100000000000001,45.000000000000000, 8.5333333333333297e+00, 90.333333333333300,754.00000000000000
2016-01-30 08:30:00,18.033333333333299,45.000000000000000, 8.5500000000000007e+00, 90.000000000000000,753.85000000000002
2016-01-30 08:40:00,18.100000000000001,45.126666666666701, 8.5666666666666700e+00, 89.666666666666700,753.70000000000005
2016-01-30 08:50:00,18.100000000000001,45.259999999999998, 8.5833333333333304e+00, 89.333333333333300,753.54999999999995
2016-01-30 09:00:00,18.066666666666698,45.289999999999999, 8.5999999999999996e+00, 89.000000000000000,753.39999999999998
2016-01-30 09:10:00,18.066666666666698,45.363333333333301, 8.5833333333333304e+00, 89.500000000000000,753.29999999999995
2016-01-30 09:20:00,18.133333333333301,45.590000000000003, 8.5666666666666700e+00, 90.000000000000000,753.20000000000005
2016-01-30 09:30:00,18.199999999999999,45.530000000000001, 8.5500000000000007e+00, 90.500000000000000,753.10000000000002
2016-01-30 09:40:00,18.323333333333299,45.466666666666697, 8.5333333333333297e+00, 91.000000000000000,753.00000000000000
2016-01-30 09:50:00,18.390000000000001,45.399999999999999, 8.5166666666666693e+00, 91.500000000000000,752.89999999999998
2016-01-30 10:00:00,18.533333333333299,45.363333333333301, 8.5000000000000000e+00, 92.000000000000000,752.79999999999995
2016-01-30 10:10:00,18.666666666666700,45.363333333333301, 8.5000000000000000e+00, 92.000000000000000,752.70000000000005
2016-01-30 10:20:00,18.730000000000000,45.259999999999998, 8.5000000000000000e+00, 92.000000000000000,752.60000000000002
2016-01-30 10:30:00,18.856666666666701,45.200000000000003, 8.5000000000000000e+00, 92.000000000000000,752.50000000000000
2016-01-30 10:40:00,19.000000000000000,45.045000000000002, 8.5000000000000000e+00, 92.000000000000000,752.39999999999998
2016-01-30 10:50:00,19.199999999999999,45.156666666666702, 8.5000000000000000e+00, 92.000000000000000,752.29999999999995
2016-01-30 11:00:00,19.260000000000002,45.363333333333301, 8.5000000000000000e+00, 92.000000000000000,752.20000000000005
2016-01-30 11:10:00,19.323333333333299,45.399999999999999, 8.5166666666666693e+00, 92.000000000000000,752.13333333333298
2016-01-30 11:20:00,19.390000000000001,45.466666666666697, 8.5333333333333297e+00, 92.000000000000000,752.06666666666695
2016-01-30 11:30:00,19.500000000000000,45.560000000000002, 8.5500000000000007e+00, 92.000000000000000,752.00000000000000
2016-01-30 11:40:00,19.500000000000000,45.420000000000002, 8.5666666666666700e+00, 92.000000000000000,751.93333333333305
2016-01-30 11:50:00,19.500000000000000,45.289999999999999, 8.5833333333333304e+00, 92.000000000000000,751.86666666666702
2016-01-30 12:00:00,19.500000000000000,45.363333333333301, 8.5999999999999996e+00, 92.000000000000000,751.79999999999995
2016-01-30 12:10:00,19.500000000000000,45.399999999999999, 8.3000000000000007e+00, 91.333333333333300,751.96666666666704
2016-01-30 12:20:00,19.500000000000000,45.326666666666704, 8.0000000000000000e+00, 90.666666666666700,752.13333333333298
2016-01-30 12:30:00,19.600000000000001,45.289999999999999, 7.7000000000000002e+00, 90.000000000000000,752.29999999999995
2016-01-30 12:40:00,19.600000000000001,45.289999999999999, 7.4000000000000004e+00, 89.333333333333300,752.46666666666704
2016-01-30 12:50:00,19.600000000000001,45.363333333333301, 7.0999999999999996e+00, 88.666666666666700,752.63333333333298
2016-01-30 13:00:00,19.600000000000001,45.289999999999999, 6.7999999999999998e+00, 88.000000000000000,752.79999999999995
2016-01-30 13:10:00,19.500000000000000,45.163333333333298, 6.7333333333333298e+00, 88.333333333333300,752.66666666666697
2016-01-30 13:20:00,19.500000000000000,45.090000000000003, 6.6666666666666696e+00, 88.666666666666700,752.53333333333296
2016-01-30 13:30:00,19.500000000000000,44.723333333333301, 6.5999999999999996e+00, 89.000000000000000,752.39999999999998
2016-01-30 13:40:00,19.500000000000000,44.530000000000001, 6.5333333333333297e+00, 89.333333333333300,752.26666666666699
2016-01-30 13:50:00,19.500000000000000,44.363333333333301, 6.4666666666666703e+00, 89.666666666666700,752.13333333333298
2016-01-30 14:00:00,19.500000000000000,44.240000000000002, 6.4000000000000004e+00, 90.000000000000000,752.00000000000000
2016-01-30 14:10:00,19.566666666666698,44.030000000000001, 6.4166666666666696e+00, 90.833333333333300,751.95000000000005
2016-01-30 14:20:00,19.633333333333301,43.933333333333302, 6.4333333333333300e+00, 91.666666666666700,751.89999999999998
2016-01-30 14:30:00,19.760000000000002,43.933333333333302, 6.4500000000000002e+00, 92.500000000000000,751.85000000000002
2016-01-30 14:40:00,19.890000000000001,43.899999999999999, 6.4666666666666703e+00, 93.333333333333300,751.79999999999995
2016-01-30 14:50:00,19.963333333333299,43.766666666666701, 6.4833333333333298e+00, 94.166666666666700,751.75000000000000
2016-01-30 15:00:00,20.100000000000001,43.759999999999998, 6.5000000000000000e+00, 95.000000000000000,751.70000000000005
2016-01-30 15:10:00,20.166666666666700,43.626666666666701, 6.4666666666666703e+00, 92.833333333333300,751.81666666666695
2016-01-30 15:20:00,20.289999999999999,43.700000000000003, 6.4333333333333300e+00, 90.666666666666700,751.93333333333305
2016-01-30 15:30:00,20.356666666666701,43.626666666666701, 6.4000000000000004e+00, 88.500000000000000,752.04999999999995
2016-01-30 15:40:00,20.390000000000001,43.363333333333301, 6.3666666666666698e+00, 86.333333333333300,752.16666666666697
2016-01-30 15:50:00,20.463333333333299,43.289999999999999, 6.3333333333333304e+00, 84.166666666666700,752.28333333333296
2016-01-30 16:00:00,20.500000000000000,43.060000000000002, 6.2999999999999998e+00, 82.000000000000000,752.39999999999998
2016-01-30 16:10:00,20.500000000000000,42.933333333333302, 6.2500000000000000e+00, 81.666666666666700,752.41666666666697
2016-01-30 16:20:00,20.600000000000001,42.759999999999998, 6.2000000000000002e+00, 81.333333333333300,752.43333333333305
2016-01-30 16:30:00,20.600000000000001,42.566666666666698, 6.1500000000000004e+00, 81.000000000000000,752.45000000000005
2016-01-30 16:40:00,20.600000000000001,42.363333333333301, 6.0999999999999996e+00, 80.666666666666700,752.46666666666704
2016-01-30 16:50:00,20.600000000000001,42.156666666666702, 6.0499999999999998e+00, 80.333333333333300,752.48333333333301
2016-01-30 17:00:00,20.600000000000001,42.060000000000002, 6.0000000000000000e+00, 80.000000000000000,752.50000000000000
2016-01-30 17:10:00,20.600000000000001,41.897500000000001, 5.9000000000000004e+00, 80.000000000000000,752.61666666666702
2016-01-30 17:20:00,20.600000000000001,41.789999999999999, 5.7999999999999998e+00, 80.000000000000000,752.73333333333301
2016-01-30 17:30:00,20.600000000000001,41.700000000000003, 5.7000000000000002e+00, 80.000000000000000,752.85000000000002
2016-01-30 17:40:00,20.600000000000001,41.700000000000003, 5.5999999999999996e+00, 80.000000000000000,752.96666666666704
2016-01-30 17:50:00,20.566666666666698,41.663333333333298, 5.5000000000000000e+00, 80.000000000000000,753.08333333333303
2016-01-30 18:00:00,20.500000000000000,41.590000000000003, 5.4000000000000004e+00, 80.000000000000000,753.20000000000005
2016-01-30 18:10:00,20.500000000000000,41.560000000000002, 5.2500000000000000e+00, 80.500000000000000,753.33333333333303
2016-01-30 18:20:00,20.500000000000000,41.500000000000000, 5.0999999999999996e+00, 81.000000000000000,753.46666666666704
2016-01-30 18:30:00,20.633333333333301,41.500000000000000, 4.9500000000000002e+00, 81.500000000000000,753.60000000000002
2016-01-30 18:40:00,20.760000000000002,41.433333333333302, 4.7999999999999998e+00, 82.000000000000000,753.73333333333301
2016-01-30 18:50:00,20.823333333333299,41.289999999999999, 4.6500000000000004e+00, 82.500000000000000,753.86666666666702
2016-01-30 19:00:00,20.963333333333299,41.289999999999999, 4.5000000000000000e+00, 83.000000000000000,754.00000000000000
2016-01-30 19:10:00,21.000000000000000,41.326666666666704, 4.2000000000000002e+00, 84.166666666666700,754.10000000000002
2016-01-30 19:20:00,21.066666666666698,41.799999999999997, 3.8999999999999999e+00, 85.333333333333300,754.20000000000005
2016-01-30 19:30:00,21.230000000000000,43.233333333333299, 3.6000000000000001e+00, 86.500000000000000,754.29999999999995
2016-01-30 19:40:00,21.289999999999999,44.633333333333297, 3.2999999999999998e+00, 87.666666666666700,754.39999999999998
2016-01-30 19:50:00,21.289999999999999,45.500000000000000, 3.0000000000000000e+00, 88.833333333333300,754.50000000000000
2016-01-30 20:00:00,21.289999999999999,45.359999999999999, 2.7000000000000002e+00, 90.000000000000000,754.60000000000002
2016-01-30 20:10:00,21.289999999999999,45.060000000000002, 2.7333333333333298e+00, 89.500000000000000,754.54999999999995
2016-01-30 20:20:00,21.289999999999999,44.799999999999997, 2.7666666666666702e+00, 89.000000000000000,754.50000000000000
2016-01-30 20:30:00,21.390000000000001,44.244999999999997, 2.7999999999999998e+00, 88.500000000000000,754.45000000000005
2016-01-30 20:40:00,21.426666666666701,43.723333333333301, 2.8333333333333299e+00, 88.000000000000000,754.39999999999998
2016-01-30 20:50:00,21.500000000000000,43.463333333333303, 2.8666666666666698e+00, 87.500000000000000,754.35000000000002
2016-01-30 21:00:00,21.600000000000001,43.060000000000002, 2.8999999999999999e+00, 87.000000000000000,754.29999999999995
2016-01-30 21:10:00,21.600000000000001,42.799999999999997, 2.9500000000000002e+00, 86.500000000000000,754.35000000000002
2016-01-30 21:20:00,21.600000000000001,42.466666666666697, 3.0000000000000000e+00, 86.000000000000000,754.39999999999998
2016-01-30 21:30:00,21.600000000000001,42.193333333333300, 3.0499999999999998e+00, 85.500000000000000,754.45000000000005
2016-01-30 21:40:00,21.633333333333301,42.000000000000000, 3.1000000000000001e+00, 85.000000000000000,754.50000000000000
2016-01-30 21:50:00,21.633333333333301,41.859999999999999, 3.1499999999999999e+00, 84.500000000000000,754.54999999999995
2016-01-30 22:00:00,21.633333333333301,41.700000000000003, 3.2000000000000002e+00, 84.000000000000000,754.60000000000002
2016-01-30 22:10:00,21.633333333333301,41.566666666666698, 3.3333333333333299e+00, 84.666666666666700,754.61666666666702
2016-01-30 22:20:00,21.566666666666698,41.363333333333301, 3.4666666666666699e+00, 85.333333333333300,754.63333333333298
2016-01-30 22:30:00,21.500000000000000,41.030000000000001, 3.6000000000000001e+00, 86.000000000000000,754.64999999999998
2016-01-30 22:40:00,21.390000000000001,40.590000000000003, 3.7333333333333298e+00, 86.666666666666700,754.66666666666697
2016-01-30 22:50:00,21.323333333333299,40.663333333333298, 3.8666666666666698e+00, 87.333333333333300,754.68333333333305
2016-01-30 23:00:00,21.260000000000002,40.759999999999998, 4.0000000000000000e+00, 88.000000000000000,754.70000000000005
2016-01-30 23:10:00,21.199999999999999,40.759999999999998, 4.0833333333333304e+00, 87.833333333333300,754.70000000000005
2016-01-30 23:20:00,21.166666666666700,40.933333333333302, 4.1666666666666696e+00, 87.666666666666700,754.70000000000005
2016-01-30 23:30:00,21.100000000000001,41.060000000000002, 4.2500000000000000e+00, 87.500000000000000,754.70000000000005
2016-01-30 23:40:00,21.000000000000000,41.126666666666701, 4.3333333333333304e+00, 87.333333333333300,754.70000000000005
2016-01-30 23:50:00,20.917500000000000,41.222499999999997, 4.4166666666666696e+00, 87.166666666666700,754.70000000000005
2016-01-31 00:00:00,20.823333333333299,41.229999999999997, 4.5000000000000000e+00, 87.000000000000000,754.70000000000005
2016-01-31 00:10:00,20.789999999999999,41.229999999999997, 4.4666666666666703e+00, 86.833333333333300,754.73333333333301
2016-01-31 00:20:00,20.730000000000000,41.363333333333301, 4.4333333333333300e+00, 86.666666666666700,754.76666666666699
2016-01-31 00:30:00,20.666666666666700,41.363333333333301, 4.4000000000000004e+00, 86.500000000000000,754.79999999999995
2016-01-31 00:40:00,20.600000000000001,41.289999999999999, 4.3666666666666698e+00, 86.333333333333300,754.83333333333303
2016-01-31 00:50:00,20.566666666666698,41.326666666666704, 4.3333333333333304e+00, 86.166666666666700,754.86666666666702
2016-01-31 01:00:00,20.500000000000000,41.399999999999999, 4.2999999999999998e+00, 86.000000000000000,754.89999999999998
2016-01-31 01:10:00,20.463333333333299,41.399999999999999, 4.1833333333333300e+00, 86.833333333333300,754.85000000000002
2016-01-31 01:20:00,20.390000000000001,41.399999999999999, 4.0666666666666700e+00, 87.666666666666700,754.79999999999995
2016-01-31 01:30:00,20.289999999999999,41.500000000000000, 3.9500000000000002e+00, 88.500000000000000,754.75000000000000
2016-01-31 01:40:00,20.289999999999999,41.500000000000000, 3.8333333333333299e+00, 89.333333333333300,754.70000000000005
2016-01-31 01:50:00,20.199999999999999,41.433333333333302, 3.7166666666666699e+00, 90.166666666666700,754.64999999999998
2016-01-31 02:00:00,20.199999999999999,41.500000000000000, 3.6000000000000001e+00, 91.000000000000000,754.60000000000002
2016-01-31 02:10:00,20.166666666666700,41.530000000000001, 3.6666666666666701e+00, 91.000000000000000,754.63333333333298
2016-01-31 02:20:00,20.100000000000001,41.590000000000003, 3.7333333333333298e+00, 91.000000000000000,754.66666666666697
2016-01-31 02:30:00,20.000000000000000,41.590000000000003, 3.7999999999999998e+00, 91.000000000000000,754.70000000000005
2016-01-31 02:40:00,20.000000000000000,41.590000000000003, 3.8666666666666698e+00, 91.000000000000000,754.73333333333301
2016-01-31 02:50:00,20.000000000000000,41.700000000000003, 3.9333333333333300e+00, 91.000000000000000,754.76666666666699
2016-01-31 03:00:00,19.917500000000000,41.700000000000003, 4.0000000000000000e+00, 91.000000000000000,754.79999999999995
2016-01-31 03:10:00,19.890000000000001,41.700000000000003, 4.0666666666666700e+00, 90.833333333333300,754.81666666666695
2016-01-31 03:20:00,19.789999999999999,41.626666666666701, 4.1333333333333302e+00, 90.666666666666700,754.83333333333303
2016-01-31 03:30:00,19.789999999999999,41.759999999999998, 4.2000000000000002e+00, 90.500000000000000,754.85000000000002
2016-01-31 03:40:00,19.760000000000002,41.789999999999999, 4.2666666666666702e+00, 90.333333333333300,754.86666666666702
2016-01-31 03:50:00,19.699999999999999,41.789999999999999, 4.3333333333333304e+00, 90.166666666666700,754.88333333333298
2016-01-31 04:00:00,19.699999999999999,41.789999999999999, 4.4000000000000004e+00, 90.000000000000000,754.89999999999998
2016-01-31 04:10:00,19.633333333333301,41.789999999999999, 4.4000000000000004e+00, 90.166666666666700,754.89999999999998
2016-01-31 04:20:00,19.600000000000001,41.789999999999999, 4.4000000000000004e+00, 90.333333333333300,754.89999999999998
2016-01-31 04:30:00,19.600000000000001,41.789999999999999, 4.4000000000000004e+00, 90.500000000000000,754.89999999999998
2016-01-31 04:40:00,19.500000000000000,41.826666666666704, 4.4000000000000004e+00, 90.666666666666700,754.89999999999998
2016-01-31 04:50:00,19.500000000000000,41.966666666666697, 4.4000000000000004e+00, 90.833333333333300,754.89999999999998
2016-01-31 05:00:00,19.500000000000000,41.933333333333302, 4.4000000000000004e+00, 91.000000000000000,754.89999999999998
2016-01-31 05:10:00,19.500000000000000,42.000000000000000, 4.3499999999999996e+00, 91.500000000000000,754.79999999999995
2016-01-31 05:20:00,19.390000000000001,42.000000000000000, 4.2999999999999998e+00, 92.000000000000000,754.70000000000005
2016-01-31 05:30:00,19.390000000000001,42.000000000000000, 4.2500000000000000e+00, 92.500000000000000,754.60000000000002
2016-01-31 05:40:00,19.390000000000001,42.000000000000000, 4.2000000000000002e+00, 93.000000000000000,754.50000000000000
2016-01-31 05:50:00,19.323333333333299,42.000000000000000, 4.1500000000000004e+00, 93.500000000000000,754.39999999999998
2016-01-31 06:00:00,19.289999999999999,42.090000000000003, 4.0999999999999996e+00, 94.000000000000000,754.29999999999995
2016-01-31 06:10:00,19.289999999999999,42.117500000000000, 4.1333333333333302e+00, 94.166666666666700,754.29999999999995
2016-01-31 06:20:00,19.230000000000000,42.126666666666701, 4.1666666666666696e+00, 94.333333333333300,754.29999999999995
2016-01-31 06:30:00,19.199999999999999,42.126666666666701, 4.2000000000000002e+00, 94.500000000000000,754.29999999999995
2016-01-31 06:40:00,19.199999999999999,42.200000000000003, 4.2333333333333298e+00, 94.666666666666700,754.29999999999995
2016-01-31 06:50:00,19.199999999999999,42.229999999999997, 4.2666666666666702e+00, 94.833333333333300,754.29999999999995
2016-01-31 07:00:00,19.199999999999999,42.289999999999999, 4.2999999999999998e+00, 95.000000000000000,754.29999999999995
2016-01-31 07:10:00,19.199999999999999,42.289999999999999, 4.3833333333333302e+00, 94.833333333333300,754.28333333333296
2016-01-31 07:20:00,19.133333333333301,42.289999999999999, 4.4666666666666703e+00, 94.666666666666700,754.26666666666699
2016-01-31 07:30:00,19.100000000000001,42.399999999999999, 4.5499999999999998e+00, 94.500000000000000,754.25000000000000
2016-01-31 07:40:00,19.100000000000001,42.466666666666697, 4.6333333333333302e+00, 94.333333333333300,754.23333333333301
2016-01-31 07:50:00,19.100000000000001,42.500000000000000, 4.7166666666666703e+00, 94.166666666666700,754.21666666666704
2016-01-31 08:00:00,19.100000000000001,42.500000000000000, 4.7999999999999998e+00, 94.000000000000000,754.20000000000005
2016-01-31 08:10:00,19.000000000000000,42.466666666666697, 4.8333333333333304e+00, 93.666666666666700,754.21666666666704
2016-01-31 08:20:00,19.000000000000000,42.399999999999999, 4.8666666666666698e+00, 93.333333333333300,754.23333333333301
2016-01-31 08:30:00,19.000000000000000,42.289999999999999, 4.9000000000000004e+00, 93.000000000000000,754.25000000000000
2016-01-31 08:40:00,19.066666666666698,42.363333333333301, 4.9333333333333300e+00, 92.666666666666700,754.26666666666699
2016-01-31 08:50:00,19.133333333333301,42.399999999999999, 4.9666666666666703e+00, 92.333333333333300,754.28333333333296
2016-01-31 09:00:00,19.199999999999999,42.326666666666704, 5.0000000000000000e+00, 92.000000000000000,754.29999999999995
2016-01-31 09:10:00,19.323333333333299,42.363333333333301, 5.0833333333333304e+00, 92.166666666666700,754.25000000000000
2016-01-31 09:20:00,19.472500000000000,42.195000000000000, 5.1666666666666696e+00, 92.333333333333300,754.20000000000005
2016-01-31 09:30:00,19.566666666666698,41.963333333333303, 5.2500000000000000e+00, 92.500000000000000,754.14999999999998
2016-01-31 09:40:00,19.730000000000000,41.863333333333301, 5.3333333333333304e+00, 92.666666666666700,754.10000000000002
2016-01-31 09:50:00,19.789999999999999,41.656666666666702, 5.4166666666666696e+00, 92.833333333333300,754.04999999999995
2016-01-31 10:00:00,19.890000000000001,41.633333333333297, 5.5000000000000000e+00, 93.000000000000000,754.00000000000000
2016-01-31 10:10:00,19.963333333333299,41.500000000000000, 5.5833333333333304e+00, 93.000000000000000,753.95000000000005
2016-01-31 10:20:00,20.033333333333299,41.399999999999999, 5.6666666666666696e+00, 93.000000000000000,753.89999999999998
2016-01-31 10:30:00,20.033333333333299,41.326666666666704, 5.7500000000000000e+00, 93.000000000000000,753.85000000000002
2016-01-31 10:40:00,20.133333333333301,41.363333333333301, 5.8333333333333304e+00, 93.000000000000000,753.79999999999995
2016-01-31 10:50:00,20.199999999999999,41.289999999999999, 5.9166666666666696e+00, 93.000000000000000,753.75000000000000
2016-01-31 11:00:00,20.230000000000000,41.200000000000003, 6.0000000000000000e+00, 93.000000000000000,753.70000000000005
2016-01-31 11:10:00,20.356666666666701,41.126666666666701, 6.0999999999999996e+00, 92.833333333333300,753.66666666666697
2016-01-31 11:20:00,20.500000000000000,40.990000000000002, 6.2000000000000002e+00, 92.666666666666700,753.63333333333298
2016-01-31 11:30:00,20.500000000000000,40.656666666666702, 6.2999999999999998e+00, 92.500000000000000,753.60000000000002
2016-01-31 11:40:00,20.600000000000001,40.466666666666697, 6.4000000000000004e+00, 92.333333333333300,753.56666666666695
2016-01-31 11:50:00,20.666666666666700,40.466666666666697, 6.5000000000000000e+00, 92.166666666666700,753.53333333333296
2016-01-31 12:00:00,20.633333333333301,39.896666666666697, 6.5999999999999996e+00, 92.000000000000000,753.50000000000000
2016-01-31 12:10:00,20.359999999999999,39.363333333333301, 6.6666666666666696e+00, 92.500000000000000,753.36666666666702
2016-01-31 12:20:00,20.426666666666701,39.566666666666698, 6.7333333333333298e+00, 93.000000000000000,753.23333333333301
2016-01-31 12:30:00,20.566666666666698,39.626666666666701, 6.7999999999999998e+00, 93.500000000000000,753.10000000000002
2016-01-31 12:40:00,20.649999999999999,39.744999999999997, 6.8666666666666698e+00, 94.000000000000000,752.96666666666704
2016-01-31 12:50:00,20.730000000000000,39.899999999999999, 6.9333333333333300e+00, 94.500000000000000,752.83333333333303
2016-01-31 13:00:00,20.856666666666701,40.026666666666699, 7.0000000000000000e+00, 95.000000000000000,752.70000000000005
2016-01-31 13:10:00,20.890000000000001,39.789999999999999, 7.0666666666666700e+00, 95.000000000000000,752.58333333333303
2016-01-31 13:20:00,20.963333333333299,39.789999999999999, 7.1333333333333302e+00, 95.000000000000000,752.46666666666704
2016-01-31 13:30:00,21.066666666666698,39.826666666666704, 7.2000000000000002e+00, 95.000000000000000,752.35000000000002
2016-01-31 13:40:00,21.199999999999999,39.899999999999999, 7.2666666666666702e+00, 95.000000000000000,752.23333333333301
2016-01-31 13:50:00,21.323333333333299,39.966666666666697, 7.3333333333333304e+00, 95.000000000000000,752.11666666666702
2016-01-31 14:00:00,21.390000000000001,39.899999999999999, 7.4000000000000004e+00, 95.000000000000000,752.00000000000000
2016-01-31 14:10:00,21.500000000000000,39.789999999999999, 7.4333333333333300e+00, 95.333333333333300,751.88333333333298
2016-01-31 14:20:00,21.566666666666698,39.789999999999999, 7.4666666666666703e+00, 95.666666666666700,751.76666666666699
2016-01-31 14:30:00,21.530000000000001,39.463333333333303, 7.5000000000000000e+00, 96.000000000000000,751.64999999999998
2016-01-31 14:40:00,21.129999999999999,38.863333333333301, 7.5333333333333297e+00, 96.333333333333300,751.53333333333296
2016-01-31 14:50:00,21.033333333333299,39.633333333333297, 7.5666666666666700e+00, 96.666666666666700,751.41666666666697
2016-01-31 15:00:00,21.226666666666699,40.159999999999997, 7.5999999999999996e+00, 97.000000000000000,751.29999999999995
2016-01-31 15:10:00,21.390000000000001,40.566666666666698, 7.6833333333333300e+00, 97.000000000000000,751.21666666666704
2016-01-31 15:20:00,21.463333333333299,40.833333333333300, 7.7666666666666702e+00, 97.000000000000000,751.13333333333298
2016-01-31 15:30:00,21.600000000000001,40.899999999999999, 7.8499999999999996e+00, 97.000000000000000,751.04999999999995
2016-01-31 15:40:00,21.600000000000001,40.826666666666704, 7.9333333333333300e+00, 97.000000000000000,750.96666666666704
2016-01-31 15:50:00,21.600000000000001,40.844999999999999, 8.0166666666666693e+00, 97.000000000000000,750.88333333333298
2016-01-31 16:00:00,21.699999999999999,41.030000000000001, 8.0999999999999996e+00, 97.000000000000000,750.79999999999995
2016-01-31 16:10:00,21.699999999999999,41.696666666666701, 8.2666666666666693e+00, 97.000000000000000,750.88333333333298
2016-01-31 16:20:00,21.666666666666700,42.156666666666702, 8.4333333333333300e+00, 97.000000000000000,750.96666666666704
2016-01-31 16:30:00,21.600000000000001,42.430000000000000, 8.5999999999999996e+00, 97.000000000000000,751.04999999999995
2016-01-31 16:40:00,21.600000000000001,42.590000000000003, 8.7666666666666693e+00, 97.000000000000000,751.13333333333298
2016-01-31 16:50:00,21.600000000000001,42.590000000000003, 8.9333333333333300e+00, 97.000000000000000,751.21666666666704
2016-01-31 17:00:00,21.533333333333299,42.590000000000003, 9.0999999999999996e+00, 97.000000000000000,751.29999999999995
2016-01-31 17:10:00,21.533333333333299,42.590000000000003, 9.3499999999999996e+00, 96.500000000000000,751.38333333333298
2016-01-31 17:20:00,21.500000000000000,42.590000000000003, 9.5999999999999996e+00, 96.000000000000000,751.46666666666704
2016-01-31 17:30:00,21.566666666666698,42.590000000000003, 9.8499999999999996e+00, 95.500000000000000,751.54999999999995
2016-01-31 17:40:00,21.633333333333301,42.859999999999999, 1.0100000000000000e+01, 95.000000000000000,751.63333333333298
2016-01-31 17:50:00,21.699999999999999,43.000000000000000, 1.0350000000000000e+01, 94.500000000000000,751.71666666666704
2016-01-31 18:00:00,21.789999999999999,43.000000000000000, 1.0600000000000000e+01, 94.000000000000000,751.79999999999995
2016-01-31 18:10:00,21.856666666666701,43.060000000000002, 1.0766666666666699e+01, 93.500000000000000,751.96666666666704
2016-01-31 18:20:00,21.890000000000001,43.090000000000003, 1.0933333333333300e+01, 93.000000000000000,752.13333333333298
2016-01-31 18:30:00,21.890000000000001,43.090000000000003, 1.1100000000000000e+01, 92.500000000000000,752.29999999999995
2016-01-31 18:40:00,22.000000000000000,43.090000000000003, 1.1266666666666699e+01, 92.000000000000000,752.46666666666704
2016-01-31 18:50:00,22.000000000000000,43.090000000000003, 1.1433333333333300e+01, 91.500000000000000,752.63333333333298
2016-01-31 19:00:00,22.033333333333299,43.456666666666699, 1.1600000000000000e+01, 91.000000000000000,752.79999999999995
2016-01-31 19:10:00,22.125000000000000,43.997500000000002, 1.1633333333333301e+01, 91.166666666666700,752.85000000000002
2016-01-31 19:20:00,22.199999999999999,44.259999999999998, 1.1666666666666700e+01, 91.333333333333300,752.89999999999998
2016-01-31 19:30:00,22.199999999999999,44.363333333333301, 1.1699999999999999e+01, 91.500000000000000,752.95000000000005
2016-01-31 19:40:00,22.199999999999999,44.289999999999999, 1.1733333333333301e+01, 91.666666666666700,753.00000000000000
2016-01-31 19:50:00,22.199999999999999,44.223333333333301, 1.1766666666666699e+01, 91.833333333333300,753.04999999999995
2016-01-31 20:00:00,22.199999999999999,44.030000000000001, 1.1800000000000001e+01, 92.000000000000000,753.10000000000002
2016-01-31 20:10:00,22.199999999999999,44.000000000000000, 1.1750000000000000e+01, 92.500000000000000,753.23333333333301
2016-01-31 20:20:00,22.199999999999999,43.859999999999999, 1.1699999999999999e+01, 93.000000000000000,753.36666666666702
2016-01-31 20:30:00,22.199999999999999,43.789999999999999, 1.1650000000000000e+01, 93.500000000000000,753.50000000000000
2016-01-31 20:40:00,22.199999999999999,43.930000000000000, 1.1600000000000000e+01, 94.000000000000000,753.63333333333298
2016-01-31 20:50:00,22.166666666666700,44.156666666666702, 1.1550000000000001e+01, 94.500000000000000,753.76666666666699
2016-01-31 21:00:00,22.100000000000001,44.363333333333301, 1.1500000000000000e+01, 95.000000000000000,753.89999999999998
2016-01-31 21:10:00,22.100000000000001,44.566666666666698, 1.1533333333333299e+01, 94.666666666666700,753.96666666666704
2016-01-31 21:20:00,22.100000000000001,44.833333333333300, 1.1566666666666700e+01, 94.333333333333300,754.03333333333296
2016-01-31 21:30:00,22.000000000000000,44.933333333333302, 1.1600000000000000e+01, 94.000000000000000,754.10000000000002
2016-01-31 21:40:00,22.000000000000000,45.133333333333297, 1.1633333333333301e+01, 93.666666666666700,754.16666666666697
2016-01-31 21:50:00,21.963333333333299,45.326666666666704, 1.1666666666666700e+01, 93.333333333333300,754.23333333333301
2016-01-31 22:00:00,21.890000000000001,45.466666666666697, 1.1699999999999999e+01, 93.000000000000000,754.29999999999995
2016-01-31 22:10:00,21.890000000000001,45.590000000000003, 1.1633333333333301e+01, 93.500000000000000,754.41666666666697
2016-01-31 22:20:00,21.823333333333299,45.590000000000003, 1.1566666666666700e+01, 94.000000000000000,754.53333333333296
2016-01-31 22:30:00,21.789999999999999,45.700000000000003, 1.1500000000000000e+01, 94.500000000000000,754.64999999999998
2016-01-31 22:40:00,21.699999999999999,45.590000000000003, 1.1433333333333300e+01, 95.000000000000000,754.76666666666699
2016-01-31 22:50:00,21.699999999999999,45.663333333333298, 1.1366666666666699e+01, 95.500000000000000,754.88333333333298
2016-01-31 23:00:00,21.600000000000001,45.729999999999997, 1.1300000000000001e+01, 96.000000000000000,755.00000000000000
2016-01-31 23:10:00,21.533333333333299,45.789999999999999, 1.1333333333333300e+01, 95.666666666666700,755.08333333333303
2016-01-31 23:20:00,21.500000000000000,45.933333333333302, 1.1366666666666699e+01, 95.333333333333300,755.16666666666697
2016-01-31 23:30:00,21.426666666666701,45.933333333333302, 1.1400000000000000e+01, 95.000000000000000,755.25000000000000
2016-01-31 23:40:00,21.390000000000001,46.000000000000000, 1.1433333333333300e+01, 94.666666666666700,755.33333333333303
2016-01-31 23:50:00,21.390000000000001,46.000000000000000, 1.1466666666666701e+01, 94.333333333333300,755.41666666666697
2016-02-01 00:00:00,21.289999999999999,46.126666666666701, 1.1500000000000000e+01, 94.000000000000000,755.50000000000000
2016-02-01 00:10:00,21.289999999999999,46.200000000000003, 1.1500000000000000e+01, 93.500000000000000,755.63333333333298
2016-02-01 00:20:00,21.260000000000002,46.259999999999998, 1.1500000000000000e+01, 93.000000000000000,755.76666666666699
2016-02-01 00:30:00,21.199999999999999,46.259999999999998, 1.1500000000000000e+01, 92.500000000000000,755.89999999999998
2016-02-01 00:40:00,21.166666666666700,46.399999999999999, 1.1500000000000000e+01, 92.000000000000000,756.03333333333296
2016-02-01 00:50:00,21.100000000000001,46.466666666666697, 1.1500000000000000e+01, 91.500000000000000,756.16666666666697
2016-02-01 01:00:00,21.100000000000001,46.530000000000001, 1.1500000000000000e+01, 91.000000000000000,756.29999999999995
2016-02-01 01:10:00,21.100000000000001,46.590000000000003, 1.1449999999999999e+01, 91.166666666666700,756.36666666666702
2016-02-01 01:20:00,21.066666666666698,46.560000000000002, 1.1400000000000000e+01, 91.333333333333300,756.43333333333305
2016-02-01 01:30:00,21.000000000000000,46.500000000000000, 1.1350000000000000e+01, 91.500000000000000,756.50000000000000
2016-02-01 01:40:00,21.000000000000000,46.545000000000002, 1.1300000000000001e+01, 91.666666666666700,756.56666666666695
2016-02-01 01:50:00,20.890000000000001,46.626666666666701, 1.1250000000000000e+01, 91.833333333333300,756.63333333333298
2016-02-01 02:00:00,20.890000000000001,46.700000000000003, 1.1199999999999999e+01, 92.000000000000000,756.70000000000005
2016-02-01 02:10:00,20.789999999999999,46.590000000000003, 1.1199999999999999e+01, 91.833333333333300,756.79999999999995
2016-02-01 02:20:00,20.789999999999999,46.663333333333298, 1.1199999999999999e+01, 91.666666666666700,756.89999999999998
2016-02-01 02:30:00,20.789999999999999,46.700000000000003, 1.1199999999999999e+01, 91.500000000000000,757.00000000000000
2016-02-01 02:40:00,20.789999999999999,46.700000000000003, 1.1199999999999999e+01, 91.333333333333300,757.10000000000002
2016-02-01 02:50:00,20.699999999999999,46.789999999999999, 1.1199999999999999e+01, 91.166666666666700,757.20000000000005
2016-02-01 03:00:00,20.699999999999999,46.789999999999999, 1.1199999999999999e+01, 91.000000000000000,757.29999999999995
2016-02-01 03:10:00,20.699999999999999,46.826666666666704, 1.1116666666666699e+01, 91.666666666666700,757.43333333333305
2016-02-01 03:20:00,20.699999999999999,46.899999999999999, 1.1033333333333299e+01, 92.333333333333300,757.56666666666695
2016-02-01 03:30:00,20.666666666666700,46.899999999999999, 1.0949999999999999e+01, 93.000000000000000,757.70000000000005
2016-02-01 03:40:00,20.600000000000001,46.966666666666697, 1.0866666666666699e+01, 93.666666666666700,757.83333333333303
2016-02-01 03:50:00,20.600000000000001,47.000000000000000, 1.0783333333333299e+01, 94.333333333333300,757.96666666666704
2016-02-01 04:00:00,20.600000000000001,47.000000000000000, 1.0699999999999999e+01, 95.000000000000000,758.10000000000002
2016-02-01 04:10:00,20.566666666666698,47.090000000000003, 1.0766666666666699e+01, 94.166666666666700,758.14999999999998
2016-02-01 04:20:00,20.500000000000000,47.163333333333298, 1.0833333333333300e+01, 93.333333333333300,758.20000000000005
2016-02-01 04:30:00,20.500000000000000,47.200000000000003, 1.0900000000000000e+01, 92.500000000000000,758.25000000000000
2016-02-01 04:40:00,20.500000000000000,47.200000000000003, 1.0966666666666701e+01, 91.666666666666700,758.29999999999995
2016-02-01 04:50:00,20.500000000000000,47.229999999999997, 1.1033333333333299e+01, 90.833333333333300,758.35000000000002
2016-02-01 05:00:00,20.472500000000000,47.267499999999998, 1.1100000000000000e+01, 90.000000000000000,758.39999999999998
2016-02-01 05:10:00,20.390000000000001,47.200000000000003, 1.1016666666666699e+01, 90.666666666666700,758.46666666666704
2016-02-01 05:20:00,20.390000000000001,47.289999999999999, 1.0933333333333300e+01, 91.333333333333300,758.53333333333296
2016-02-01 05:30:00,20.390000000000001,47.289999999999999, 1.0850000000000000e+01, 92.000000000000000,758.60000000000002
2016-02-01 05:40:00,20.289999999999999,47.289999999999999, 1.0766666666666699e+01, 92.666666666666700,758.66666666666697
2016-02-01 05:50:00,20.289999999999999,47.289999999999999, 1.0683333333333300e+01, 93.333333333333300,758.73333333333301
2016-02-01 06:00:00,20.289999999999999,47.399999999999999, 1.0600000000000000e+01, 94.000000000000000,758.79999999999995
2016-02-01 06:10:00,20.289999999999999,47.399999999999999, 1.0550000000000001e+01, 94.000000000000000,758.85000000000002
2016-02-01 06:20:00,20.289999999999999,47.399999999999999, 1.0500000000000000e+01, 94.000000000000000,758.89999999999998
2016-02-01 06:30:00,20.230000000000000,47.326666666666704, 1.0449999999999999e+01, 94.000000000000000,758.95000000000005
2016-02-01 06:40:00,20.199999999999999,47.326666666666704, 1.0400000000000000e+01, 94.000000000000000,759.00000000000000
2016-02-01 06:50:00,20.199999999999999,47.399999999999999, 1.0350000000000000e+01, 94.000000000000000,759.04999999999995
2016-02-01 07:00:00,20.199999999999999,47.399999999999999, 1.0300000000000001e+01, 94.000000000000000,759.10000000000002
2016-02-01 07:10:00,20.199999999999999,47.399999999999999, 1.0350000000000000e+01, 93.166666666666700,759.14999999999998
2016-02-01 07:20:00,20.199999999999999,47.500000000000000, 1.0400000000000000e+01, 92.333333333333300,759.20000000000005
2016-02-01 07:30:00,20.199999999999999,47.500000000000000, 1.0449999999999999e+01, 91.500000000000000,759.25000000000000
2016-02-01 07:40:00,20.166666666666700,47.500000000000000, 1.0500000000000000e+01, 90.666666666666700,759.29999999999995
2016-02-01 07:50:00,20.100000000000001,47.560000000000002, 1.0550000000000001e+01, 89.833333333333300,759.35000000000002
2016-02-01 08:00:00,20.100000000000001,47.626666666666701, 1.0600000000000000e+01, 89.000000000000000,759.39999999999998
2016-02-01 08:10:00,20.100000000000001,47.700000000000003, 1.0666666666666700e+01, 87.666666666666700,759.45000000000005
2016-02-01 08:20:00,20.100000000000001,47.700000000000003, 1.0733333333333301e+01, 86.333333333333300,759.50000000000000
2016-02-01 08:30:00,20.100000000000001,47.590000000000003, 1.0800000000000001e+01, 85.000000000000000,759.54999999999995
2016-02-01 08:40:00,20.100000000000001,47.530000000000001, 1.0866666666666699e+01, 83.666666666666700,759.60000000000002
2016-02-01 08:50:00,20.199999999999999,47.399999999999999, 1.0933333333333300e+01, 82.333333333333300,759.64999999999998
2016-02-01 09:00:00,20.199999999999999,47.326666666666704, 1.1000000000000000e+01, 81.000000000000000,759.70000000000005
2016-02-01 09:10:00,20.289999999999999,47.163333333333298, 1.1016666666666699e+01, 80.333333333333300,759.75000000000000
2016-02-01 09:20:00,20.356666666666701,46.963333333333303, 1.1033333333333299e+01, 79.666666666666700,759.79999999999995
2016-02-01 09:30:00,20.390000000000001,46.633333333333297, 1.1050000000000001e+01, 79.000000000000000,759.85000000000002
2016-02-01 09:40:00,20.463333333333299,46.500000000000000, 1.1066666666666700e+01, 78.333333333333300,759.89999999999998
2016-02-01 09:50:00,20.600000000000001,46.333333333333300, 1.1083333333333300e+01, 77.666666666666700,759.95000000000005
2016-02-01 10:00:00,20.460000000000001,44.933333333333302, 1.1100000000000000e+01, 77.000000000000000,760.00000000000000
2016-02-01 10:10:00,20.230000000000000,44.193333333333300, 1.1116666666666699e+01, 76.833333333333300,760.03333333333296
2016-02-01 10:20:00,20.356666666666701,44.526666666666699, 1.1133333333333301e+01, 76.666666666666700,760.06666666666695
2016-02-01 10:30:00,20.426666666666701,44.729999999999997, 1.1150000000000000e+01, 76.500000000000000,760.10000000000002
2016-02-01 10:40:00,20.566666666666698,44.863333333333301, 1.1166666666666700e+01, 76.333333333333300,760.13333333333298
2016-02-01 10:50:00,20.763333333333300,45.030000000000001, 1.1183333333333300e+01, 76.166666666666700,760.16666666666697
2016-02-01 11:00:00,20.963333333333299,45.030000000000001, 1.1199999999999999e+01, 76.000000000000000,760.20000000000005
2016-02-01 11:10:00,21.100000000000001,44.293333333333301, 1.1216666666666701e+01, 76.166666666666700,760.21666666666704
2016-02-01 11:20:00,21.166666666666700,43.700000000000003, 1.1233333333333301e+01, 76.333333333333300,760.23333333333301
2016-02-01 11:30:00,21.340000000000000,43.789999999999999, 1.1250000000000000e+01, 76.500000000000000,760.25000000000000
2016-02-01 11:40:00,21.600000000000001,43.789999999999999, 1.1266666666666699e+01, 76.666666666666700,760.26666666666699
2016-02-01 11:50:00,21.666666666666700,43.789999999999999, 1.1283333333333299e+01, 76.833333333333300,760.28333333333296
2016-02-01 12:00:00,21.823333333333299,43.663333333333298, 1.1300000000000001e+01, 77.000000000000000,760.29999999999995
2016-02-01 12:10:00,21.890000000000001,43.590000000000003, 1.1300000000000001e+01, 76.833333333333300,760.25000000000000
2016-02-01 12:20:00,21.926666666666701,43.466666666666697, 1.1300000000000001e+01, 76.666666666666700,760.20000000000005
2016-02-01 12:30:00,22.000000000000000,43.399999999999999, 1.1300000000000001e+01, 76.500000000000000,760.14999999999998
2016-02-01 12:40:00,22.033333333333299,43.289999999999999, 1.1300000000000001e+01, 76.333333333333300,760.10000000000002
2016-02-01 12:50:00,22.100000000000001,43.289999999999999, 1.1300000000000001e+01, 76.166666666666700,760.04999999999995
2016-02-01 13:00:00,22.133333333333301,43.259999999999998, 1.1300000000000001e+01, 76.000000000000000,760.00000000000000
2016-02-01 13:10:00,22.199999999999999,43.126666666666701, 1.1316666666666700e+01, 76.166666666666700,759.98333333333301
2016-02-01 13:20:00,22.323333333333299,43.090000000000003, 1.1333333333333300e+01, 76.333333333333300,759.96666666666704
2016-02-01 13:30:00,22.390000000000001,42.963333333333303, 1.1350000000000000e+01, 76.500000000000000,759.95000000000005
2016-02-01 13:40:00,22.500000000000000,42.966666666666697, 1.1366666666666699e+01, 76.666666666666700,759.93333333333305
2016-02-01 13:50:00,22.566666666666698,42.826666666666704, 1.1383333333333301e+01, 76.833333333333300,759.91666666666697
2016-02-01 14:00:00,22.633333333333301,42.966666666666697, 1.1400000000000000e+01, 77.000000000000000,759.89999999999998
2016-02-01 14:10:00,22.699999999999999,43.633333333333297, 1.1433333333333300e+01, 77.166666666666700,759.85000000000002
2016-02-01 14:20:00,22.730000000000000,43.100000000000001, 1.1466666666666701e+01, 77.333333333333300,759.79999999999995
2016-02-01 14:30:00,22.730000000000000,42.766666666666701, 1.1500000000000000e+01, 77.500000000000000,759.75000000000000
2016-02-01 14:40:00,22.789999999999999,42.545000000000002, 1.1533333333333299e+01, 77.666666666666700,759.70000000000005
2016-02-01 14:50:00,22.789999999999999,42.466666666666697, 1.1566666666666700e+01, 77.833333333333300,759.64999999999998
2016-02-01 15:00:00,22.789999999999999,42.399999999999999, 1.1600000000000000e+01, 78.000000000000000,759.60000000000002
2016-02-01 15:10:00,22.789999999999999,42.289999999999999, 1.1516666666666699e+01, 79.000000000000000,759.66666666666697
2016-02-01 15:20:00,22.789999999999999,42.229999999999997, 1.1433333333333300e+01, 80.000000000000000,759.73333333333301
2016-02-01 15:30:00,22.789999999999999,42.090000000000003, 1.1350000000000000e+01, 81.000000000000000,759.79999999999995
2016-02-01 15:40:00,22.856666666666701,42.163333333333298, 1.1266666666666699e+01, 82.000000000000000,759.86666666666702
2016-02-01 15:50:00,22.890000000000001,42.229999999999997, 1.1183333333333300e+01, 83.000000000000000,759.93333333333305
2016-02-01 16:00:00,22.890000000000001,42.289999999999999, 1.1100000000000000e+01, 84.000000000000000,760.00000000000000
2016-02-01 16:10:00,22.890000000000001,42.399999999999999, 1.1133333333333301e+01, 83.500000000000000,759.98333333333301
2016-02-01 16:20:00,22.890000000000001,42.399999999999999, 1.1166666666666700e+01, 83.000000000000000,759.96666666666704
2016-02-01 16:30:00,22.890000000000001,42.363333333333301, 1.1199999999999999e+01, 82.500000000000000,759.95000000000005
2016-02-01 16:40:00,22.890000000000001,42.289999999999999, 1.1233333333333301e+01, 82.000000000000000,759.93333333333305
2016-02-01 16:50:00,22.926666666666701,42.326666666666704, 1.1266666666666699e+01, 81.500000000000000,759.91666666666697
2016-02-01 17:00:00,23.000000000000000,42.399999999999999, 1.1300000000000001e+01, 81.000000000000000,759.89999999999998
2016-02-01 17:10:00,23.000000000000000,42.399999999999999, 1.1316666666666700e+01, 80.500000000000000,759.91666666666697
2016-02-01 17:20:00,23.066666666666698,42.526666666666699, 1.1333333333333300e+01, 80.000000000000000,759.93333333333305
2016-02-01 17:30:00,23.100000000000001,43.030000000000001, 1.1350000000000000e+01, 79.500000000000000,759.95000000000005
2016-02-01 17:40:00,23.166666666666700,43.696666666666701, 1.1366666666666699e+01, 79.000000000000000,759.96666666666704
2016-02-01 17:50:00,23.199999999999999,44.289999999999999, 1.1383333333333301e+01, 78.500000000000000,759.98333333333301
2016-02-01 18:00:00,23.199999999999999,44.195000000000000, 1.1400000000000000e+01, 78.000000000000000,760.00000000000000
2016-02-01 18:10:00,23.199999999999999,43.963333333333303, 1.1300000000000001e+01, 79.000000000000000,760.00000000000000
2016-02-01 18:20:00,23.199999999999999,43.759999999999998, 1.1199999999999999e+01, 80.000000000000000,760.00000000000000
2016-02-01 18:30:00,23.199999999999999,43.566666666666698, 1.1100000000000000e+01, 81.000000000000000,760.00000000000000
2016-02-01 18:40:00,23.199999999999999,43.223333333333301, 1.1000000000000000e+01, 82.000000000000000,760.00000000000000
2016-02-01 18:50:00,23.199999999999999,43.030000000000001, 1.0900000000000000e+01, 83.000000000000000,760.00000000000000
2016-02-01 19:00:00,23.166666666666700,42.966666666666697, 1.0800000000000001e+01, 84.000000000000000,760.00000000000000
2016-02-01 19:10:00,23.100000000000001,42.966666666666697, 1.0766666666666699e+01, 84.333333333333300,759.96666666666704
2016-02-01 19:20:00,23.199999999999999,43.733333333333299, 1.0733333333333301e+01, 84.666666666666700,759.93333333333305
2016-02-01 19:30:00,23.199999999999999,44.533333333333303, 1.0699999999999999e+01, 85.000000000000000,759.89999999999998
2016-02-01 19:40:00,23.199999999999999,44.899999999999999, 1.0666666666666700e+01, 85.333333333333300,759.86666666666702
2016-02-01 19:50:00,23.133333333333301,44.826666666666704, 1.0633333333333301e+01, 85.666666666666700,759.83333333333303
2016-02-01 20:00:00,23.100000000000001,44.560000000000002, 1.0600000000000000e+01, 86.000000000000000,759.79999999999995
2016-02-01 20:10:00,23.100000000000001,44.359999999999999, 1.0550000000000001e+01, 86.833333333333300,759.79999999999995
2016-02-01 20:20:00,23.000000000000000,44.060000000000002, 1.0500000000000000e+01, 87.666666666666700,759.79999999999995
2016-02-01 20:30:00,23.000000000000000,43.933333333333302, 1.0449999999999999e+01, 88.500000000000000,759.79999999999995
2016-02-01 20:40:00,22.890000000000001,43.899999999999999, 1.0400000000000000e+01, 89.333333333333300,759.79999999999995
2016-02-01 20:50:00,22.890000000000001,43.826666666666704, 1.0350000000000000e+01, 90.166666666666700,759.79999999999995
2016-02-01 21:00:00,22.823333333333299,43.826666666666704, 1.0300000000000001e+01, 91.000000000000000,759.79999999999995
2016-02-01 21:10:00,22.823333333333299,43.826666666666704, 1.0300000000000001e+01, 91.166666666666700,759.79999999999995
2016-02-01 21:20:00,22.745000000000001,43.789999999999999, 1.0300000000000001e+01, 91.333333333333300,759.79999999999995
2016-02-01 21:30:00,22.699999999999999,43.826666666666704, 1.0300000000000001e+01, 91.500000000000000,759.79999999999995
2016-02-01 21:40:00,22.633333333333301,43.826666666666704, 1.0300000000000001e+01, 91.666666666666700,759.79999999999995
2016-02-01 21:50:00,22.600000000000001,43.789999999999999, 1.0300000000000001e+01, 91.833333333333300,759.79999999999995
2016-02-01 22:00:00,22.600000000000001,43.789999999999999, 1.0300000000000001e+01, 92.000000000000000,759.79999999999995
2016-02-01 22:10:00,22.500000000000000,43.826666666666704, 1.0266666666666699e+01, 92.333333333333300,759.79999999999995
2016-02-01 22:20:00,22.500000000000000,43.899999999999999, 1.0233333333333301e+01, 92.666666666666700,759.79999999999995
2016-02-01 22:30:00,22.463333333333299,43.863333333333301, 1.0199999999999999e+01, 93.000000000000000,759.79999999999995
2016-02-01 22:40:00,22.390000000000001,43.863333333333301, 1.0166666666666700e+01, 93.333333333333300,759.79999999999995
2016-02-01 22:50:00,22.390000000000001,43.899999999999999, 1.0133333333333301e+01, 93.666666666666700,759.79999999999995
2016-02-01 23:00:00,22.323333333333299,43.966666666666697, 1.0100000000000000e+01, 94.000000000000000,759.79999999999995
2016-02-01 23:10:00,22.289999999999999,44.030000000000001, 1.0116666666666699e+01, 94.166666666666700,759.76666666666699
2016-02-01 23:20:00,22.230000000000000,44.090000000000003, 1.0133333333333301e+01, 94.333333333333300,759.73333333333301
2016-02-01 23:30:00,22.199999999999999,44.200000000000003, 1.0150000000000000e+01, 94.500000000000000,759.70000000000005
2016-02-01 23:40:00,22.133333333333301,44.259999999999998, 1.0166666666666700e+01, 94.666666666666700,759.66666666666697
2016-02-01 23:50:00,22.100000000000001,44.289999999999999, 1.0183333333333300e+01, 94.833333333333300,759.63333333333298
2016-02-02 00:00:00,22.033333333333299,44.289999999999999, 1.0199999999999999e+01, 95.000000000000000,759.60000000000002
2016-02-02 00:10:00,22.000000000000000,44.399999999999999, 1.0216666666666701e+01, 95.000000000000000,759.60000000000002
2016-02-02 00:20:00,22.000000000000000,44.466666666666697, 1.0233333333333301e+01, 95.000000000000000,759.60000000000002
2016-02-02 00:30:00,21.890000000000001,44.590000000000003, 1.0250000000000000e+01, 95.000000000000000,759.60000000000002
2016-02-02 00:40:00,21.890000000000001,44.617500000000000, 1.0266666666666699e+01, 95.000000000000000,759.60000000000002
2016-02-02 00:50:00,21.890000000000001,44.700000000000003, 1.0283333333333299e+01, 95.000000000000000,759.60000000000002
2016-02-02 01:00:00,21.789999999999999,44.700000000000003, 1.0300000000000001e+01, 95.000000000000000,759.60000000000002
2016-02-02 01:10:00,21.789999999999999,44.759999999999998, 1.0266666666666699e+01, 95.166666666666700,759.58333333333303
2016-02-02 01:20:00,21.760000000000002,44.826666666666704, 1.0233333333333301e+01, 95.333333333333300,759.56666666666695
2016-02-02 01:30:00,21.699999999999999,44.966666666666697, 1.0199999999999999e+01, 95.500000000000000,759.54999999999995
2016-02-02 01:40:00,21.699999999999999,45.126666666666701, 1.0166666666666700e+01, 95.666666666666700,759.53333333333296
2016-02-02 01:50:00,21.633333333333301,45.126666666666701, 1.0133333333333301e+01, 95.833333333333300,759.51666666666699
2016-02-02 02:00:00,21.666666666666700,45.200000000000003, 1.0100000000000000e+01, 96.000000000000000,759.50000000000000
2016-02-02 02:10:00,21.600000000000001,45.200000000000003, 1.0166666666666700e+01, 95.333333333333300,759.48333333333301
2016-02-02 02:20:00,21.600000000000001,45.289999999999999, 1.0233333333333301e+01, 94.666666666666700,759.46666666666704
2016-02-02 02:30:00,21.600000000000001,45.289999999999999, 1.0300000000000001e+01, 94.000000000000000,759.45000000000005
2016-02-02 02:40:00,21.566666666666698,45.399999999999999, 1.0366666666666699e+01, 93.333333333333300,759.43333333333305
2016-02-02 02:50:00,21.500000000000000,45.399999999999999, 1.0433333333333300e+01, 92.666666666666700,759.41666666666697
2016-02-02 03:00:00,21.500000000000000,45.500000000000000, 1.0500000000000000e+01, 92.000000000000000,759.39999999999998
2016-02-02 03:10:00,21.426666666666701,45.433333333333302, 1.0416666666666700e+01, 93.166666666666700,759.35000000000002
2016-02-02 03:20:00,21.463333333333299,45.560000000000002, 1.0333333333333300e+01, 94.333333333333300,759.29999999999995
2016-02-02 03:30:00,21.390000000000001,45.500000000000000, 1.0250000000000000e+01, 95.500000000000000,759.25000000000000
2016-02-02 03:40:00,21.390000000000001,45.500000000000000, 1.0166666666666700e+01, 96.666666666666700,759.20000000000005
2016-02-02 03:50:00,21.390000000000001,45.500000000000000, 1.0083333333333300e+01, 97.833333333333300,759.14999999999998
2016-02-02 04:00:00,21.289999999999999,45.590000000000003, 1.0000000000000000e+01, 99.000000000000000,759.10000000000002
2016-02-02 04:10:00,21.356666666666701,45.700000000000003, 9.9166666666666696e+00, 98.333333333333300,759.06666666666695
2016-02-02 04:20:00,21.289999999999999,45.700000000000003, 9.8333333333333304e+00, 97.666666666666700,759.03333333333296
2016-02-02 04:30:00,21.289999999999999,45.789999999999999, 9.7500000000000000e+00, 97.000000000000000,759.00000000000000
2016-02-02 04:40:00,21.230000000000000,45.729999999999997, 9.6666666666666696e+00, 96.333333333333300,758.96666666666704
2016-02-02 04:50:00,21.199999999999999,45.700000000000003, 9.5833333333333304e+00, 95.666666666666700,758.93333333333305
2016-02-02 05:00:00,21.260000000000002,45.759999999999998, 9.5000000000000000e+00, 95.000000000000000,758.89999999999998
2016-02-02 05:10:00,21.199999999999999,45.789999999999999, 9.4666666666666703e+00, 94.833333333333300,758.83333333333303
2016-02-02 05:20:00,21.199999999999999,45.789999999999999, 9.4333333333333300e+00, 94.666666666666700,758.76666666666699
2016-02-02 05:30:00,21.199999999999999,45.789999999999999, 9.4000000000000004e+00, 94.500000000000000,758.70000000000005
2016-02-02 05:40:00,21.133333333333301,45.789999999999999, 9.3666666666666707e+00, 94.333333333333300,758.63333333333298
2016-02-02 05:50:00,21.100000000000001,45.789999999999999, 9.3333333333333304e+00, 94.166666666666700,758.56666666666695
2016-02-02 06:00:00,21.100000000000001,45.863333333333301, 9.3000000000000007e+00, 94.000000000000000,758.50000000000000
2016-02-02 06:10:00,21.100000000000001,45.899999999999999, 9.3333333333333304e+00, 93.166666666666700,758.45000000000005
2016-02-02 06:20:00,21.033333333333299,45.826666666666704, 9.3666666666666707e+00, 92.333333333333300,758.39999999999998
2016-02-02 06:30:00,21.000000000000000,45.789999999999999, 9.4000000000000004e+00, 91.500000000000000,758.35000000000002
2016-02-02 06:40:00,21.000000000000000,45.789999999999999, 9.4333333333333300e+00, 90.666666666666700,758.29999999999995
2016-02-02 06:50:00,21.000000000000000,45.789999999999999, 9.4666666666666703e+00, 89.833333333333300,758.25000000000000
2016-02-02 07:00:00,21.000000000000000,45.789999999999999, 9.5000000000000000e+00, 89.000000000000000,758.20000000000005
2016-02-02 07:10:00,20.890000000000001,45.933333333333302, 9.4333333333333300e+00, 89.000000000000000,758.16666666666697
2016-02-02 07:20:00,20.890000000000001,46.000000000000000, 9.3666666666666707e+00, 89.000000000000000,758.13333333333298
2016-02-02 07:30:00,20.890000000000001,46.000000000000000, 9.3000000000000007e+00, 89.000000000000000,758.10000000000002
2016-02-02 07:40:00,20.890000000000001,46.030000000000001, 9.2333333333333307e+00, 89.000000000000000,758.06666666666695
2016-02-02 07:50:00,20.890000000000001,46.090000000000003, 9.1666666666666696e+00, 89.000000000000000,758.03333333333296
2016-02-02 08:00:00,20.856666666666701,46.090000000000003, 9.0999999999999996e+00, 89.000000000000000,758.00000000000000
2016-02-02 08:10:00,20.856666666666701,46.163333333333298, 9.0166666666666693e+00, 90.000000000000000,757.95000000000005
2016-02-02 08:20:00,20.856666666666701,46.163333333333298, 8.9333333333333300e+00, 91.000000000000000,757.89999999999998
2016-02-02 08:30:00,20.789999999999999,46.030000000000001, 8.8499999999999996e+00, 92.000000000000000,757.85000000000002
2016-02-02 08:40:00,20.760000000000002,46.090000000000003, 8.7666666666666693e+00, 93.000000000000000,757.79999999999995
2016-02-02 08:50:00,20.699999999999999,45.963333333333303, 8.6833333333333300e+00, 94.000000000000000,757.75000000000000
2016-02-02 09:00:00,20.699999999999999,45.899999999999999, 8.5999999999999996e+00, 95.000000000000000,757.70000000000005
2016-02-02 09:10:00,20.699999999999999,45.899999999999999, 8.6166666666666707e+00, 95.333333333333300,757.63333333333298
2016-02-02 09:20:00,20.699999999999999,45.899999999999999, 8.6333333333333293e+00, 95.666666666666700,757.56666666666695
2016-02-02 09:30:00,20.699999999999999,45.966666666666697, 8.6500000000000004e+00, 96.000000000000000,757.50000000000000
2016-02-02 09:40:00,20.760000000000002,46.229999999999997, 8.6666666666666696e+00, 96.333333333333300,757.43333333333305
2016-02-02 09:50:00,20.699999999999999,46.289999999999999, 8.6833333333333300e+00, 96.666666666666700,757.36666666666702
2016-02-02 10:00:00,20.730000000000000,46.259999999999998, 8.6999999999999993e+00, 97.000000000000000,757.29999999999995
2016-02-02 10:10:00,20.789999999999999,46.126666666666701, 8.7500000000000000e+00, 97.000000000000000,757.28333333333296
2016-02-02 10:20:00,20.823333333333299,46.163333333333298, 8.8000000000000007e+00, 97.000000000000000,757.26666666666699
2016-02-02 10:30:00,20.942499999999999,46.117500000000000, 8.8499999999999996e+00, 97.000000000000000,757.25000000000000
2016-02-02 10:40:00,21.166666666666700,45.866666666666703, 8.9000000000000004e+00, 97.000000000000000,757.23333333333301
2016-02-02 10:50:00,21.166666666666700,45.700000000000003, 8.9499999999999993e+00, 97.000000000000000,757.21666666666704
2016-02-02 11:00:00,21.100000000000001,45.700000000000003, 9.0000000000000000e+00, 97.000000000000000,757.20000000000005
2016-02-02 11:10:00,21.100000000000001,45.663333333333298, 8.9333333333333300e+00, 96.666666666666700,757.16666666666697
2016-02-02 11:20:00,21.166666666666700,45.590000000000003, 8.8666666666666707e+00, 96.333333333333300,757.13333333333298
2016-02-02 11:30:00,21.230000000000000,45.590000000000003, 8.8000000000000007e+00, 96.000000000000000,757.10000000000002
2016-02-02 11:40:00,21.289999999999999,45.590000000000003, 8.7333333333333307e+00, 95.666666666666700,757.06666666666695
2016-02-02 11:50:00,21.390000000000001,45.500000000000000, 8.6666666666666696e+00, 95.333333333333300,757.03333333333296
2016-02-02 12:00:00,21.390000000000001,45.500000000000000, 8.5999999999999996e+00, 95.000000000000000,757.00000000000000
2016-02-02 12:10:00,21.390000000000001,45.399999999999999, 8.5500000000000007e+00, 95.000000000000000,756.93333333333305
2016-02-02 12:20:00,21.390000000000001,45.399999999999999, 8.5000000000000000e+00, 95.000000000000000,756.86666666666702
2016-02-02 12:30:00,21.390000000000001,45.289999999999999, 8.4499999999999993e+00, 95.000000000000000,756.79999999999995
2016-02-02 12:40:00,21.390000000000001,45.289999999999999, 8.4000000000000004e+00, 95.000000000000000,756.73333333333301
2016-02-02 12:50:00,21.356666666666701,45.259999999999998, 8.3499999999999996e+00, 95.000000000000000,756.66666666666697
2016-02-02 13:00:00,21.289999999999999,45.200000000000003, 8.3000000000000007e+00, 95.000000000000000,756.60000000000002
2016-02-02 13:10:00,21.289999999999999,45.229999999999997, 8.2833333333333297e+00, 95.000000000000000,756.51666666666699
2016-02-02 13:20:00,21.289999999999999,45.289999999999999, 8.2666666666666693e+00, 95.000000000000000,756.43333333333305
2016-02-02 13:30:00,21.289999999999999,45.359999999999999, 8.2500000000000000e+00, 95.000000000000000,756.35000000000002
2016-02-02 13:40:00,21.289999999999999,45.693333333333300, 8.2333333333333307e+00, 95.000000000000000,756.26666666666699
2016-02-02 13:50:00,21.199999999999999,46.045000000000002, 8.2166666666666703e+00, 95.000000000000000,756.18333333333305
2016-02-02 14:00:00,21.199999999999999,46.163333333333298, 8.1999999999999993e+00, 95.000000000000000,756.10000000000002
2016-02-02 14:10:00,21.199999999999999,46.090000000000003, 8.0833333333333304e+00, 94.333333333333300,756.11666666666702
2016-02-02 14:20:00,21.199999999999999,46.666666666666700, 7.9666666666666703e+00, 93.666666666666700,756.13333333333298
2016-02-02 14:30:00,21.199999999999999,47.526666666666699, 7.8499999999999996e+00, 93.000000000000000,756.14999999999998
2016-02-02 14:40:00,21.199999999999999,46.833333333333300, 7.7333333333333298e+00, 92.333333333333300,756.16666666666697
2016-02-02 14:50:00,21.199999999999999,46.566666666666698, 7.6166666666666698e+00, 91.666666666666700,756.18333333333305
2016-02-02 15:00:00,21.199999999999999,46.163333333333298, 7.5000000000000000e+00, 91.000000000000000,756.20000000000005
2016-02-02 15:10:00,21.199999999999999,46.030000000000001, 7.5000000000000000e+00, 90.666666666666700,756.20000000000005
2016-02-02 15:20:00,21.100000000000001,46.500000000000000, 7.5000000000000000e+00, 90.333333333333300,756.20000000000005
2016-02-02 15:30:00,21.100000000000001,46.833333333333300, 7.5000000000000000e+00, 90.000000000000000,756.20000000000005
2016-02-02 15:40:00,21.100000000000001,47.126666666666701, 7.5000000000000000e+00, 89.666666666666700,756.20000000000005
2016-02-02 15:50:00,21.100000000000001,47.200000000000003, 7.5000000000000000e+00, 89.333333333333300,756.20000000000005
2016-02-02 16:00:00,21.100000000000001,47.026666666666699, 7.5000000000000000e+00, 89.000000000000000,756.20000000000005
2016-02-02 16:10:00,21.100000000000001,46.826666666666704, 7.4666666666666703e+00, 89.500000000000000,756.23333333333301
2016-02-02 16:20:00,21.000000000000000,46.430000000000000, 7.4333333333333300e+00, 90.000000000000000,756.26666666666699
2016-02-02 16:30:00,21.000000000000000,46.229999999999997, 7.4000000000000004e+00, 90.500000000000000,756.29999999999995
2016-02-02 16:40:00,21.000000000000000,45.930000000000000, 7.3666666666666698e+00, 91.000000000000000,756.33333333333303
2016-02-02 16:50:00,21.000000000000000,45.656666666666702, 7.3333333333333304e+00, 91.500000000000000,756.36666666666702
2016-02-02 17:00:00,21.000000000000000,45.545000000000002, 7.2999999999999998e+00, 92.000000000000000,756.39999999999998
2016-02-02 17:10:00,21.000000000000000,45.223333333333301, 7.2999999999999998e+00, 91.666666666666700,756.48333333333301
2016-02-02 17:20:00,21.000000000000000,45.030000000000001, 7.2999999999999998e+00, 91.333333333333300,756.56666666666695
2016-02-02 17:30:00,21.033333333333299,44.899999999999999, 7.2999999999999998e+00, 91.000000000000000,756.64999999999998
2016-02-02 17:40:00,21.100000000000001,44.826666666666704, 7.2999999999999998e+00, 90.666666666666700,756.73333333333301
2016-02-02 17:50:00,21.100000000000001,44.633333333333297, 7.2999999999999998e+00, 90.333333333333300,756.81666666666695
2016-02-02 18:00:00,21.166666666666700,44.433333333333302, 7.2999999999999998e+00, 90.000000000000000,756.89999999999998
2016-02-02 18:10:00,21.199999999999999,44.259999999999998, 7.2666666666666702e+00, 88.833333333333300,757.01666666666699
2016-02-02 18:20:00,21.260000000000002,44.200000000000003, 7.2333333333333298e+00, 87.666666666666700,757.13333333333298
2016-02-02 18:30:00,21.289999999999999,44.060000000000002, 7.2000000000000002e+00, 86.500000000000000,757.25000000000000
2016-02-02 18:40:00,21.356666666666701,43.933333333333302, 7.1666666666666696e+00, 85.333333333333300,757.36666666666702
2016-02-02 18:50:00,21.390000000000001,43.826666666666704, 7.1333333333333302e+00, 84.166666666666700,757.48333333333301
2016-02-02 19:00:00,21.390000000000001,44.233333333333299, 7.0999999999999996e+00, 83.000000000000000,757.60000000000002
2016-02-02 19:10:00,21.500000000000000,45.633333333333297, 7.0333333333333297e+00, 82.666666666666700,757.63333333333298
2016-02-02 19:20:00,21.566666666666698,45.966666666666697, 6.9666666666666703e+00, 82.333333333333300,757.66666666666697
2016-02-02 19:30:00,21.633333333333301,45.833333333333300, 6.9000000000000004e+00, 82.000000000000000,757.70000000000005
2016-02-02 19:40:00,21.699999999999999,45.566666666666698, 6.8333333333333304e+00, 81.666666666666700,757.73333333333301
2016-02-02 19:50:00,21.823333333333299,45.229999999999997, 6.7666666666666702e+00, 81.333333333333300,757.76666666666699
2016-02-02 20:00:00,21.890000000000001,45.363333333333301, 6.7000000000000002e+00, 81.000000000000000,757.79999999999995
2016-02-02 20:10:00,21.926666666666701,45.193333333333300, 6.6500000000000004e+00, 81.166666666666700,757.85000000000002
2016-02-02 20:20:00,22.024999999999999,44.792499999999997, 6.5999999999999996e+00, 81.333333333333300,757.89999999999998
2016-02-02 20:30:00,22.100000000000001,44.530000000000001, 6.5499999999999998e+00, 81.500000000000000,757.95000000000005
2016-02-02 20:40:00,22.100000000000001,44.399999999999999, 6.5000000000000000e+00, 81.666666666666700,758.00000000000000
2016-02-02 20:50:00,22.100000000000001,44.399999999999999, 6.4500000000000002e+00, 81.833333333333300,758.04999999999995
2016-02-02 21:00:00,22.100000000000001,44.259999999999998, 6.4000000000000004e+00, 82.000000000000000,758.10000000000002
2016-02-02 21:10:00,22.033333333333299,44.066666666666698, 6.2666666666666702e+00, 82.833333333333300,758.14999999999998
2016-02-02 21:20:00,22.000000000000000,43.863333333333301, 6.1333333333333302e+00, 83.666666666666700,758.20000000000005
2016-02-02 21:30:00,21.926666666666701,43.656666666666702, 6.0000000000000000e+00, 84.500000000000000,758.25000000000000
2016-02-02 21:40:00,21.890000000000001,43.526666666666699, 5.8666666666666698e+00, 85.333333333333300,758.29999999999995
2016-02-02 21:50:00,21.890000000000001,43.399999999999999, 5.7333333333333298e+00, 86.166666666666700,758.35000000000002
2016-02-02 22:00:00,21.789999999999999,43.200000000000003, 5.5999999999999996e+00, 87.000000000000000,758.39999999999998
2016-02-02 22:10:00,21.789999999999999,43.126666666666701, 5.6500000000000004e+00, 86.833333333333300,758.41666666666697
2016-02-02 22:20:00,21.699999999999999,43.090000000000003, 5.7000000000000002e+00, 86.666666666666700,758.43333333333305
2016-02-02 22:30:00,21.699999999999999,43.030000000000001, 5.7500000000000000e+00, 86.500000000000000,758.45000000000005
2016-02-02 22:40:00,21.666666666666700,42.789999999999999, 5.7999999999999998e+00, 86.333333333333300,758.46666666666704
2016-02-02 22:50:00,21.600000000000001,42.789999999999999, 5.8499999999999996e+00, 86.166666666666700,758.48333333333301
2016-02-02 23:00:00,21.566666666666698,42.789999999999999, 5.9000000000000004e+00, 86.000000000000000,758.50000000000000
2016-02-02 23:10:00,21.500000000000000,42.789999999999999, 5.8166666666666700e+00, 85.833333333333300,758.50000000000000
2016-02-02 23:20:00,21.500000000000000,42.826666666666704, 5.7333333333333298e+00, 85.666666666666700,758.50000000000000
2016-02-02 23:30:00,21.426666666666701,42.826666666666704, 5.6500000000000004e+00, 85.500000000000000,758.50000000000000
2016-02-02 23:40:00,21.390000000000001,42.789999999999999, 5.5666666666666700e+00, 85.333333333333300,758.50000000000000
2016-02-02 23:50:00,21.356666666666701,42.789999999999999, 5.4833333333333298e+00, 85.166666666666700,758.50000000000000
2016-02-03 00:00:00,21.289999999999999,42.789999999999999, 5.4000000000000004e+00, 85.000000000000000,758.50000000000000
2016-02-03 00:10:00,21.230000000000000,42.729999999999997, 5.3333333333333304e+00, 84.500000000000000,758.50000000000000
2016-02-03 00:20:00,21.230000000000000,42.729999999999997, 5.2666666666666702e+00, 84.000000000000000,758.50000000000000
2016-02-03 00:30:00,21.166666666666700,42.700000000000003, 5.2000000000000002e+00, 83.500000000000000,758.50000000000000
2016-02-03 00:40:00,21.100000000000001,42.700000000000003, 5.1333333333333302e+00, 83.000000000000000,758.50000000000000
2016-02-03 00:50:00,21.100000000000001,42.590000000000003, 5.0666666666666700e+00, 82.500000000000000,758.50000000000000
2016-02-03 01:00:00,21.100000000000001,42.590000000000003, 5.0000000000000000e+00, 82.000000000000000,758.50000000000000
2016-02-03 01:10:00,21.000000000000000,42.500000000000000, 4.8833333333333302e+00, 82.500000000000000,758.50000000000000
2016-02-03 01:20:00,21.000000000000000,42.500000000000000, 4.7666666666666702e+00, 83.000000000000000,758.50000000000000
2016-02-03 01:30:00,21.000000000000000,42.560000000000002, 4.6500000000000004e+00, 83.500000000000000,758.50000000000000
2016-02-03 01:40:00,20.926666666666701,42.500000000000000, 4.5333333333333297e+00, 84.000000000000000,758.50000000000000
2016-02-03 01:50:00,20.890000000000001,42.500000000000000, 4.4166666666666696e+00, 84.500000000000000,758.50000000000000
2016-02-03 02:00:00,20.890000000000001,42.433333333333302, 4.2999999999999998e+00, 85.000000000000000,758.50000000000000
2016-02-03 02:10:00,20.890000000000001,42.399999999999999, 4.3333333333333304e+00, 85.666666666666700,758.45000000000005
2016-02-03 02:20:00,20.823333333333299,42.326666666666704, 4.3666666666666698e+00, 86.333333333333300,758.39999999999998
2016-02-03 02:30:00,20.789999999999999,42.289999999999999, 4.4000000000000004e+00, 87.000000000000000,758.35000000000002
2016-02-03 02:40:00,20.789999999999999,42.289999999999999, 4.4333333333333300e+00, 87.666666666666700,758.29999999999995
2016-02-03 02:50:00,20.699999999999999,42.289999999999999, 4.4666666666666703e+00, 88.333333333333300,758.25000000000000
2016-02-03 03:00:00,20.699999999999999,42.399999999999999, 4.5000000000000000e+00, 89.000000000000000,758.20000000000005
2016-02-03 03:10:00,20.699999999999999,42.326666666666704, 4.5000000000000000e+00, 89.000000000000000,758.14999999999998
2016-02-03 03:20:00,20.699999999999999,42.326666666666704, 4.5000000000000000e+00, 89.000000000000000,758.10000000000002
2016-02-03 03:30:00,20.699999999999999,42.399999999999999, 4.5000000000000000e+00, 89.000000000000000,758.04999999999995
2016-02-03 03:40:00,20.600000000000001,42.289999999999999, 4.5000000000000000e+00, 89.000000000000000,758.00000000000000
2016-02-03 03:50:00,20.600000000000001,42.289999999999999, 4.5000000000000000e+00, 89.000000000000000,757.95000000000005
2016-02-03 04:00:00,20.600000000000001,42.289999999999999, 4.5000000000000000e+00, 89.000000000000000,757.89999999999998
2016-02-03 04:10:00,20.600000000000001,42.289999999999999, 4.5499999999999998e+00, 89.166666666666700,757.86666666666702
2016-02-03 04:20:00,20.500000000000000,42.399999999999999, 4.5999999999999996e+00, 89.333333333333300,757.83333333333303
2016-02-03 04:30:00,20.500000000000000,42.399999999999999, 4.6500000000000004e+00, 89.500000000000000,757.79999999999995
2016-02-03 04:40:00,20.500000000000000,42.399999999999999, 4.7000000000000002e+00, 89.666666666666700,757.76666666666699
2016-02-03 04:50:00,20.500000000000000,42.399999999999999, 4.7500000000000000e+00, 89.833333333333300,757.73333333333301
2016-02-03 05:00:00,20.500000000000000,42.399999999999999, 4.7999999999999998e+00, 90.000000000000000,757.70000000000005
2016-02-03 05:10:00,20.426666666666701,42.399999999999999, 4.7500000000000000e+00, 89.833333333333300,757.68333333333305
2016-02-03 05:20:00,20.390000000000001,42.399999999999999, 4.7000000000000002e+00, 89.666666666666700,757.66666666666697
2016-02-03 05:30:00,20.390000000000001,42.399999999999999, 4.6500000000000004e+00, 89.500000000000000,757.64999999999998
2016-02-03 05:40:00,20.356666666666701,42.399999999999999, 4.5999999999999996e+00, 89.333333333333300,757.63333333333298
2016-02-03 05:50:00,20.289999999999999,42.399999999999999, 4.5499999999999998e+00, 89.166666666666700,757.61666666666702
2016-02-03 06:00:00,20.323333333333299,42.399999999999999, 4.5000000000000000e+00, 89.000000000000000,757.60000000000002
2016-02-03 06:10:00,20.315000000000001,42.399999999999999, 4.5000000000000000e+00, 89.333333333333300,757.63333333333298
2016-02-03 06:20:00,20.289999999999999,42.399999999999999, 4.5000000000000000e+00, 89.666666666666700,757.66666666666697
2016-02-03 06:30:00,20.260000000000002,42.363333333333301, 4.5000000000000000e+00, 90.000000000000000,757.70000000000005
2016-02-03 06:40:00,20.199999999999999,42.289999999999999, 4.5000000000000000e+00, 90.333333333333300,757.73333333333301
2016-02-03 06:50:00,20.199999999999999,42.289999999999999, 4.5000000000000000e+00, 90.666666666666700,757.76666666666699
2016-02-03 07:00:00,20.199999999999999,42.289999999999999, 4.5000000000000000e+00, 91.000000000000000,757.79999999999995
2016-02-03 07:10:00,20.199999999999999,42.433333333333302, 4.4166666666666696e+00, 91.166666666666700,757.86666666666702
2016-02-03 07:20:00,20.199999999999999,42.500000000000000, 4.3333333333333304e+00, 91.333333333333300,757.93333333333305
2016-02-03 07:30:00,20.199999999999999,42.500000000000000, 4.2500000000000000e+00, 91.500000000000000,758.00000000000000
2016-02-03 07:40:00,20.199999999999999,42.560000000000002, 4.1666666666666696e+00, 91.666666666666700,758.06666666666695
2016-02-03 07:50:00,20.100000000000001,42.626666666666701, 4.0833333333333304e+00, 91.833333333333300,758.13333333333298
2016-02-03 08:00:00,20.100000000000001,42.759999999999998, 4.0000000000000000e+00, 92.000000000000000,758.20000000000005
2016-02-03 08:10:00,20.100000000000001,42.789999999999999, 3.9833333333333298e+00, 91.333333333333300,758.29999999999995
2016-02-03 08:20:00,20.100000000000001,42.729999999999997, 3.9666666666666699e+00, 90.666666666666700,758.39999999999998
2016-02-03 08:30:00,20.100000000000001,42.590000000000003, 3.9500000000000002e+00, 90.000000000000000,758.50000000000000
2016-02-03 08:40:00,20.100000000000001,42.530000000000001, 3.9333333333333300e+00, 89.333333333333300,758.60000000000002
2016-02-03 08:50:00,20.199999999999999,42.363333333333301, 3.9166666666666701e+00, 88.666666666666700,758.70000000000005
2016-02-03 09:00:00,20.199999999999999,42.156666666666702, 3.8999999999999999e+00, 88.000000000000000,758.79999999999995
2016-02-03 09:10:00,20.323333333333299,41.899999999999999, 3.9666666666666699e+00, 87.166666666666700,758.89999999999998
2016-02-03 09:20:00,20.522500000000001,41.570000000000000, 4.0333333333333297e+00, 86.333333333333300,759.00000000000000
2016-02-03 09:30:00,20.760000000000002,41.326666666666704, 4.0999999999999996e+00, 85.500000000000000,759.10000000000002
2016-02-03 09:40:00,20.859999999999999,41.163333333333298, 4.1666666666666696e+00, 84.666666666666700,759.20000000000005
2016-02-03 09:50:00,21.066666666666698,41.030000000000001, 4.2333333333333298e+00, 83.833333333333300,759.29999999999995
2016-02-03 10:00:00,21.263333333333300,40.833333333333300, 4.2999999999999998e+00, 83.000000000000000,759.39999999999998
2016-02-03 10:10:00,21.390000000000001,40.833333333333300, 4.4666666666666703e+00, 81.500000000000000,759.46666666666704
2016-02-03 10:20:00,21.426666666666701,40.859999999999999, 4.6333333333333302e+00, 80.000000000000000,759.53333333333296
2016-02-03 10:30:00,21.500000000000000,41.000000000000000, 4.7999999999999998e+00, 78.500000000000000,759.60000000000002
2016-02-03 10:40:00,21.633333333333301,40.963333333333303, 4.9666666666666703e+00, 77.000000000000000,759.66666666666697
2016-02-03 10:50:00,21.760000000000002,41.163333333333298, 5.1333333333333302e+00, 75.500000000000000,759.73333333333301
2016-02-03 11:00:00,21.789999999999999,41.326666666666704, 5.2999999999999998e+00, 74.000000000000000,759.79999999999995
2016-02-03 11:10:00,21.789999999999999,41.600000000000001, 5.4000000000000004e+00, 72.833333333333300,759.83333333333303
2016-02-03 11:20:00,21.789999999999999,41.766666666666701, 5.5000000000000000e+00, 71.666666666666700,759.86666666666702
2016-02-03 11:30:00,21.730000000000000,41.966666666666697, 5.5999999999999996e+00, 70.500000000000000,759.89999999999998
2016-02-03 11:40:00,21.699999999999999,42.663333333333298, 5.7000000000000002e+00, 69.333333333333300,759.93333333333305
2016-02-03 11:50:00,21.699999999999999,42.463333333333303, 5.7999999999999998e+00, 68.166666666666700,759.96666666666704
2016-02-03 12:00:00,21.699999999999999,42.530000000000001, 5.9000000000000004e+00, 67.000000000000000,760.00000000000000
2016-02-03 12:10:00,21.633333333333301,42.590000000000003, 6.0166666666666702e+00, 66.500000000000000,760.03333333333296
2016-02-03 12:20:00,21.666666666666700,42.723333333333301, 6.1333333333333302e+00, 66.000000000000000,760.06666666666695
2016-02-03 12:30:00,21.600000000000001,42.663333333333298, 6.2500000000000000e+00, 65.500000000000000,760.10000000000002
2016-02-03 12:40:00,21.649999999999999,42.789999999999999, 6.3666666666666698e+00, 65.000000000000000,760.13333333333298
2016-02-03 12:50:00,21.600000000000001,42.723333333333301, 6.4833333333333298e+00, 64.500000000000000,760.16666666666697
2016-02-03 13:00:00,21.533333333333299,42.590000000000003, 6.5999999999999996e+00, 64.000000000000000,760.20000000000005
2016-02-03 13:10:00,21.566666666666698,42.466666666666697, 6.5166666666666702e+00, 64.166666666666700,760.16666666666697
2016-02-03 13:20:00,21.500000000000000,42.266666666666701, 6.4333333333333300e+00, 64.333333333333300,760.13333333333298
2016-02-03 13:30:00,21.500000000000000,42.060000000000002, 6.3499999999999996e+00, 64.500000000000000,760.10000000000002
2016-02-03 13:40:00,21.500000000000000,42.000000000000000, 6.2666666666666702e+00, 64.666666666666700,760.06666666666695
2016-02-03 13:50:00,21.390000000000001,41.700000000000003, 6.1833333333333300e+00, 64.833333333333300,760.03333333333296
2016-02-03 14:00:00,21.323333333333299,41.759999999999998, 6.0999999999999996e+00, 65.000000000000000,760.00000000000000
2016-02-03 14:10:00,21.199999999999999,41.789999999999999, 5.9000000000000004e+00, 68.666666666666700,760.13333333333298
2016-02-03 14:20:00,21.199999999999999,41.863333333333301, 5.7000000000000002e+00, 72.333333333333300,760.26666666666699
2016-02-03 14:30:00,21.199999999999999,42.030000000000001, 5.5000000000000000e+00, 76.000000000000000,760.39999999999998
2016-02-03 14:40:00,21.133333333333301,42.090000000000003, 5.2999999999999998e+00, 79.666666666666700,760.53333333333296
2016-02-03 14:50:00,21.100000000000001,42.090000000000003, 5.0999999999999996e+00, 83.333333333333300,760.66666666666697
2016-02-03 15:00:00,21.100000000000001,42.090000000000003, 4.9000000000000004e+00, 87.000000000000000,760.79999999999995
2016-02-03 15:10:00,21.100000000000001,42.200000000000003, 4.9333333333333300e+00, 85.833333333333300,760.86666666666702
2016-02-03 15:20:00,21.033333333333299,42.200000000000003, 4.9666666666666703e+00, 84.666666666666700,760.93333333333305
2016-02-03 15:30:00,21.000000000000000,42.200000000000003, 5.0000000000000000e+00, 83.500000000000000,761.00000000000000
2016-02-03 15:40:00,21.000000000000000,42.200000000000003, 5.0333333333333297e+00, 82.333333333333300,761.06666666666695
2016-02-03 15:50:00,21.000000000000000,42.259999999999998, 5.0666666666666700e+00, 81.166666666666700,761.13333333333298
2016-02-03 16:00:00,20.972500000000000,42.200000000000003, 5.0999999999999996e+00, 80.000000000000000,761.20000000000005
2016-02-03 16:10:00,20.963333333333299,42.460000000000001, 5.1333333333333302e+00, 80.000000000000000,761.29999999999995
2016-02-03 16:20:00,20.890000000000001,42.363333333333301, 5.1666666666666696e+00, 80.000000000000000,761.39999999999998
2016-02-03 16:30:00,20.823333333333299,42.229999999999997, 5.2000000000000002e+00, 80.000000000000000,761.50000000000000
2016-02-03 16:40:00,20.789999999999999,42.566666666666698, 5.2333333333333298e+00, 80.000000000000000,761.60000000000002
2016-02-03 16:50:00,20.789999999999999,42.833333333333300, 5.2666666666666702e+00, 80.000000000000000,761.70000000000005
2016-02-03 17:00:00,20.699999999999999,43.066666666666698, 5.2999999999999998e+00, 80.000000000000000,761.79999999999995
2016-02-03 17:10:00,20.699999999999999,43.259999999999998, 5.3166666666666700e+00, 80.000000000000000,761.93333333333305
2016-02-03 17:20:00,20.699999999999999,43.326666666666704, 5.3333333333333304e+00, 80.000000000000000,762.06666666666695
2016-02-03 17:30:00,20.699999999999999,43.466666666666697, 5.3499999999999996e+00, 80.000000000000000,762.20000000000005
2016-02-03 17:40:00,20.699999999999999,43.530000000000001, 5.3666666666666698e+00, 80.000000000000000,762.33333333333303
2016-02-03 17:50:00,20.699999999999999,43.663333333333298, 5.3833333333333302e+00, 80.000000000000000,762.46666666666704
2016-02-03 18:00:00,20.789999999999999,43.500000000000000, 5.4000000000000004e+00, 80.000000000000000,762.60000000000002
2016-02-03 18:10:00,20.856666666666701,43.500000000000000, 5.3833333333333302e+00, 80.000000000000000,762.71666666666704
2016-02-03 18:20:00,20.926666666666701,43.333333333333300, 5.3666666666666698e+00, 80.000000000000000,762.83333333333303
2016-02-03 18:30:00,21.000000000000000,43.066666666666698, 5.3499999999999996e+00, 80.000000000000000,762.95000000000005
2016-02-03 18:40:00,21.133333333333301,42.863333333333301, 5.3333333333333304e+00, 80.000000000000000,763.06666666666695
2016-02-03 18:50:00,21.199999999999999,43.063333333333297, 5.3166666666666700e+00, 80.000000000000000,763.18333333333305
2016-02-03 19:00:00,21.323333333333299,44.193333333333300, 5.2999999999999998e+00, 80.000000000000000,763.29999999999995
2016-02-03 19:10:00,21.417500000000000,44.450000000000003, 5.2666666666666702e+00, 80.166666666666700,763.38333333333298
2016-02-03 19:20:00,21.500000000000000,44.266666666666701, 5.2333333333333298e+00, 80.333333333333300,763.46666666666704
2016-02-03 19:30:00,21.600000000000001,43.796666666666702, 5.2000000000000002e+00, 80.500000000000000,763.54999999999995
2016-02-03 19:40:00,21.600000000000001,43.463333333333303, 5.1666666666666696e+00, 80.666666666666700,763.63333333333298
2016-02-03 19:50:00,21.633333333333301,43.090000000000003, 5.1333333333333302e+00, 80.833333333333300,763.71666666666704
2016-02-03 20:00:00,21.699999999999999,43.030000000000001, 5.0999999999999996e+00, 81.000000000000000,763.79999999999995
2016-02-03 20:10:00,21.730000000000000,42.863333333333301, 5.0666666666666700e+00, 81.333333333333300,763.91666666666697
2016-02-03 20:20:00,21.789999999999999,42.656666666666702, 5.0333333333333297e+00, 81.666666666666700,764.03333333333296
2016-02-03 20:30:00,21.890000000000001,42.466666666666697, 5.0000000000000000e+00, 82.000000000000000,764.14999999999998
2016-02-03 20:40:00,21.890000000000001,42.326666666666704, 4.9666666666666703e+00, 82.333333333333300,764.26666666666699
2016-02-03 20:50:00,21.890000000000001,42.133333333333297, 4.9333333333333300e+00, 82.666666666666700,764.38333333333298
2016-02-03 21:00:00,21.890000000000001,41.859999999999999, 4.9000000000000004e+00, 83.000000000000000,764.50000000000000
2016-02-03 21:10:00,21.890000000000001,41.700000000000003, 4.8499999999999996e+00, 83.500000000000000,764.60000000000002
2016-02-03 21:20:00,21.890000000000001,41.700000000000003, 4.7999999999999998e+00, 84.000000000000000,764.70000000000005
2016-02-03 21:30:00,21.890000000000001,41.789999999999999, 4.7500000000000000e+00, 84.500000000000000,764.79999999999995
2016-02-03 21:40:00,21.890000000000001,41.789999999999999, 4.7000000000000002e+00, 85.000000000000000,764.89999999999998
2016-02-03 21:50:00,21.890000000000001,41.789999999999999, 4.6500000000000004e+00, 85.500000000000000,765.00000000000000
2016-02-03 22:00:00,21.890000000000001,41.789999999999999, 4.5999999999999996e+00, 86.000000000000000,765.10000000000002
2016-02-03 22:10:00,21.856666666666701,41.863333333333301, 4.5000000000000000e+00, 86.000000000000000,765.14999999999998
2016-02-03 22:20:00,21.789999999999999,41.729999999999997, 4.4000000000000004e+00, 86.000000000000000,765.20000000000005
2016-02-03 22:30:00,21.745000000000001,41.844999999999999, 4.2999999999999998e+00, 86.000000000000000,765.25000000000000
2016-02-03 22:40:00,21.699999999999999,41.933333333333302, 4.2000000000000002e+00, 86.000000000000000,765.29999999999995
2016-02-03 22:50:00,21.699999999999999,42.060000000000002, 4.0999999999999996e+00, 86.000000000000000,765.35000000000002
2016-02-03 23:00:00,21.600000000000001,42.090000000000003, 4.0000000000000000e+00, 86.000000000000000,765.39999999999998
2016-02-03 23:10:00,21.600000000000001,42.090000000000003, 3.8666666666666698e+00, 86.333333333333300,765.38333333333298
2016-02-03 23:20:00,21.566666666666698,42.200000000000003, 3.7333333333333298e+00, 86.666666666666700,765.36666666666702
2016-02-03 23:30:00,21.500000000000000,42.126666666666701, 3.6000000000000001e+00, 87.000000000000000,765.35000000000002
2016-02-03 23:40:00,21.463333333333299,42.090000000000003, 3.4666666666666699e+00, 87.333333333333300,765.33333333333303
2016-02-03 23:50:00,21.390000000000001,42.030000000000001, 3.3333333333333299e+00, 87.666666666666700,765.31666666666695
2016-02-04 00:00:00,21.390000000000001,42.090000000000003, 3.2000000000000002e+00, 88.000000000000000,765.29999999999995
2016-02-04 00:10:00,21.323333333333299,42.030000000000001, 2.9500000000000002e+00, 88.666666666666700,765.35000000000002
2016-02-04 00:20:00,21.289999999999999,42.000000000000000, 2.7000000000000002e+00, 89.333333333333300,765.39999999999998
2016-02-04 00:30:00,21.230000000000000,41.933333333333302, 2.4500000000000002e+00, 90.000000000000000,765.45000000000005
2016-02-04 00:40:00,21.199999999999999,41.899999999999999, 2.2000000000000002e+00, 90.666666666666700,765.50000000000000
2016-02-04 00:50:00,21.199999999999999,41.899999999999999, 1.9500000000000000e+00, 91.333333333333300,765.54999999999995
2016-02-04 01:00:00,21.100000000000001,41.933333333333302, 1.7000000000000000e+00, 92.000000000000000,765.60000000000002
2016-02-04 01:10:00,21.100000000000001,42.000000000000000, 1.7833333333333301e+00, 91.833333333333300,765.64999999999998
2016-02-04 01:20:00,21.100000000000001,42.030000000000001, 1.8666666666666700e+00, 91.666666666666700,765.70000000000005
2016-02-04 01:30:00,21.033333333333299,41.963333333333303, 1.9500000000000000e+00, 91.500000000000000,765.75000000000000
2016-02-04 01:40:00,21.000000000000000,42.000000000000000, 2.0333333333333301e+00, 91.333333333333300,765.79999999999995
2016-02-04 01:50:00,20.917500000000000,42.000000000000000, 2.1166666666666698e+00, 91.166666666666700,765.85000000000002
2016-02-04 02:00:00,20.890000000000001,42.000000000000000, 2.2000000000000002e+00, 91.000000000000000,765.89999999999998
2016-02-04 02:10:00,20.823333333333299,41.859999999999999, 2.1666666666666701e+00, 90.666666666666700,765.89999999999998
2016-02-04 02:20:00,20.823333333333299,41.933333333333302, 2.1333333333333302e+00, 90.333333333333300,765.89999999999998
2016-02-04 02:30:00,20.789999999999999,41.826666666666704, 2.1000000000000001e+00, 90.000000000000000,765.89999999999998
2016-02-04 02:40:00,20.789999999999999,41.899999999999999, 2.0666666666666700e+00, 89.666666666666700,765.89999999999998
2016-02-04 02:50:00,20.760000000000002,41.899999999999999, 2.0333333333333301e+00, 89.333333333333300,765.89999999999998
2016-02-04 03:00:00,20.699999999999999,41.899999999999999, 2.0000000000000000e+00, 89.000000000000000,765.89999999999998
2016-02-04 03:10:00,20.699999999999999,41.899999999999999, 1.9500000000000000e+00, 89.000000000000000,765.86666666666702
2016-02-04 03:20:00,20.699999999999999,41.826666666666704, 1.8999999999999999e+00, 89.000000000000000,765.83333333333303
2016-02-04 03:30:00,20.600000000000001,41.700000000000003, 1.8500000000000001e+00, 89.000000000000000,765.79999999999995
2016-02-04 03:40:00,20.600000000000001,41.759999999999998, 1.8000000000000000e+00, 89.000000000000000,765.76666666666699
2016-02-04 03:50:00,20.600000000000001,41.759999999999998, 1.7500000000000000e+00, 89.000000000000000,765.73333333333301
2016-02-04 04:00:00,20.533333333333299,41.700000000000003, 1.7000000000000000e+00, 89.000000000000000,765.70000000000005
2016-02-04 04:10:00,20.500000000000000,41.700000000000003, 1.7833333333333301e+00, 89.333333333333300,765.61666666666702
2016-02-04 04:20:00,20.500000000000000,41.700000000000003, 1.8666666666666700e+00, 89.666666666666700,765.53333333333296
2016-02-04 04:30:00,20.500000000000000,41.700000000000003, 1.9500000000000000e+00, 90.000000000000000,765.45000000000005
2016-02-04 04:40:00,20.500000000000000,41.700000000000003, 2.0333333333333301e+00, 90.333333333333300,765.36666666666702
2016-02-04 04:50:00,20.463333333333299,41.759999999999998, 2.1166666666666698e+00, 90.666666666666700,765.28333333333296
2016-02-04 05:00:00,20.390000000000001,41.672499999999999, 2.2000000000000002e+00, 91.000000000000000,765.20000000000005
2016-02-04 05:10:00,20.390000000000001,41.663333333333298, 2.2833333333333301e+00, 91.000000000000000,765.13333333333298
2016-02-04 05:20:00,20.289999999999999,41.700000000000003, 2.3666666666666698e+00, 91.000000000000000,765.06666666666695
2016-02-04 05:30:00,20.289999999999999,41.700000000000003, 2.4500000000000002e+00, 91.000000000000000,765.00000000000000
2016-02-04 05:40:00,20.289999999999999,41.663333333333298, 2.5333333333333301e+00, 91.000000000000000,764.93333333333305
2016-02-04 05:50:00,20.289999999999999,41.663333333333298, 2.6166666666666698e+00, 91.000000000000000,764.86666666666702
2016-02-04 06:00:00,20.199999999999999,41.500000000000000, 2.7000000000000002e+00, 91.000000000000000,764.79999999999995
2016-02-04 06:10:00,20.199999999999999,41.500000000000000, 2.8166666666666700e+00, 91.166666666666700,764.66666666666697
2016-02-04 06:20:00,20.199999999999999,41.500000000000000, 2.9333333333333300e+00, 91.333333333333300,764.53333333333296
2016-02-04 06:30:00,20.199999999999999,41.500000000000000, 3.0499999999999998e+00, 91.500000000000000,764.39999999999998
2016-02-04 06:40:00,20.166666666666700,41.500000000000000, 3.1666666666666701e+00, 91.666666666666700,764.26666666666699
2016-02-04 06:50:00,20.100000000000001,41.560000000000002, 3.2833333333333301e+00, 91.833333333333300,764.13333333333298
2016-02-04 07:00:00,20.100000000000001,41.500000000000000, 3.3999999999999999e+00, 92.000000000000000,764.00000000000000
2016-02-04 07:10:00,20.100000000000001,41.560000000000002, 3.5000000000000000e+00, 92.000000000000000,763.89999999999998
2016-02-04 07:20:00,20.100000000000001,41.729999999999997, 3.6000000000000001e+00, 92.000000000000000,763.79999999999995
2016-02-04 07:30:00,20.033333333333299,41.789999999999999, 3.7000000000000002e+00, 92.000000000000000,763.70000000000005
2016-02-04 07:40:00,20.100000000000001,42.030000000000001, 3.7999999999999998e+00, 92.000000000000000,763.60000000000002
2016-02-04 07:50:00,20.033333333333299,42.030000000000001, 3.8999999999999999e+00, 92.000000000000000,763.50000000000000
2016-02-04 08:00:00,20.000000000000000,42.126666666666701, 4.0000000000000000e+00, 92.000000000000000,763.39999999999998
2016-02-04 08:10:00,20.000000000000000,42.259999999999998, 4.0000000000000000e+00, 92.500000000000000,763.26666666666699
2016-02-04 08:20:00,20.000000000000000,42.344999999999999, 4.0000000000000000e+00, 93.000000000000000,763.13333333333298
2016-02-04 08:30:00,20.000000000000000,42.500000000000000, 4.0000000000000000e+00, 93.500000000000000,763.00000000000000
2016-02-04 08:40:00,20.000000000000000,42.633333333333297, 4.0000000000000000e+00, 94.000000000000000,762.86666666666702
2016-02-04 08:50:00,19.890000000000001,42.700000000000003, 4.0000000000000000e+00, 94.500000000000000,762.73333333333301
2016-02-04 09:00:00,19.963333333333299,42.566666666666698, 4.0000000000000000e+00, 95.000000000000000,762.60000000000002
2016-02-04 09:10:00,19.963333333333299,42.466666666666697, 4.0833333333333304e+00, 95.166666666666700,762.45000000000005
2016-02-04 09:20:00,19.890000000000001,42.326666666666704, 4.1666666666666696e+00, 95.333333333333300,762.29999999999995
2016-02-04 09:30:00,19.890000000000001,42.200000000000003, 4.2500000000000000e+00, 95.500000000000000,762.14999999999998
2016-02-04 09:40:00,19.890000000000001,42.333333333333300, 4.3333333333333304e+00, 95.666666666666700,762.00000000000000
2016-02-04 09:50:00,19.856666666666701,42.500000000000000, 4.4166666666666696e+00, 95.833333333333300,761.85000000000002
2016-02-04 10:00:00,19.856666666666701,42.633333333333297, 4.5000000000000000e+00, 96.000000000000000,761.70000000000005
2016-02-04 10:10:00,19.856666666666701,42.633333333333297, 4.5999999999999996e+00, 96.000000000000000,761.66666666666697
2016-02-04 10:20:00,19.789999999999999,42.560000000000002, 4.7000000000000002e+00, 96.000000000000000,761.63333333333298
2016-02-04 10:30:00,19.789999999999999,42.500000000000000, 4.7999999999999998e+00, 96.000000000000000,761.60000000000002
2016-02-04 10:40:00,19.789999999999999,42.560000000000002, 4.9000000000000004e+00, 96.000000000000000,761.56666666666695
2016-02-04 10:50:00,19.789999999999999,42.500000000000000, 5.0000000000000000e+00, 96.000000000000000,761.53333333333296
2016-02-04 11:00:00,19.789999999999999,42.500000000000000, 5.0999999999999996e+00, 96.000000000000000,761.50000000000000
2016-02-04 11:10:00,19.789999999999999,42.399999999999999, 5.2999999999999998e+00, 96.000000000000000,761.48333333333301
2016-02-04 11:20:00,19.789999999999999,42.399999999999999, 5.5000000000000000e+00, 96.000000000000000,761.46666666666704
2016-02-04 11:30:00,19.840000000000000,42.344999999999999, 5.7000000000000002e+00, 96.000000000000000,761.45000000000005
2016-02-04 11:40:00,19.789999999999999,42.259999999999998, 5.9000000000000004e+00, 96.000000000000000,761.43333333333305
2016-02-04 11:50:00,19.856666666666701,42.259999999999998, 6.0999999999999996e+00, 96.000000000000000,761.41666666666697
2016-02-04 12:00:00,19.856666666666701,42.259999999999998, 6.2999999999999998e+00, 96.000000000000000,761.39999999999998
2016-02-04 12:10:00,19.856666666666701,42.259999999999998, 6.5333333333333297e+00, 95.833333333333300,761.38333333333298
2016-02-04 12:20:00,19.856666666666701,42.359999999999999, 6.7666666666666702e+00, 95.666666666666700,761.36666666666702
2016-02-04 12:30:00,19.856666666666701,42.693333333333300, 7.0000000000000000e+00, 95.500000000000000,761.35000000000002
2016-02-04 12:40:00,19.926666666666701,42.933333333333302, 7.2333333333333298e+00, 95.333333333333300,761.33333333333303
2016-02-04 12:50:00,20.066666666666698,43.133333333333297, 7.4666666666666703e+00, 95.166666666666700,761.31666666666695
2016-02-04 13:00:00,20.230000000000000,43.229999999999997, 7.7000000000000002e+00, 95.000000000000000,761.29999999999995
2016-02-04 13:10:00,20.356666666666701,43.229999999999997, 8.0000000000000000e+00, 94.166666666666700,761.33333333333303
2016-02-04 13:20:00,20.426666666666701,43.259999999999998, 8.3000000000000007e+00, 93.333333333333300,761.36666666666702
2016-02-04 13:30:00,20.500000000000000,43.000000000000000, 8.5999999999999996e+00, 92.500000000000000,761.39999999999998
2016-02-04 13:40:00,20.500000000000000,42.863333333333301, 8.9000000000000004e+00, 91.666666666666700,761.43333333333305
2016-02-04 13:50:00,20.500000000000000,42.729999999999997, 9.1999999999999993e+00, 90.833333333333300,761.46666666666704
2016-02-04 14:00:00,20.600000000000001,42.590000000000003, 9.5000000000000000e+00, 90.000000000000000,761.50000000000000
2016-02-04 14:10:00,20.600000000000001,42.663333333333298, 9.5000000000000000e+00, 90.166666666666700,761.53333333333296
2016-02-04 14:20:00,20.600000000000001,42.729999999999997, 9.5000000000000000e+00, 90.333333333333300,761.56666666666695
2016-02-04 14:30:00,20.600000000000001,42.863333333333301, 9.5000000000000000e+00, 90.500000000000000,761.60000000000002
2016-02-04 14:40:00,20.699999999999999,43.266666666666701, 9.5000000000000000e+00, 90.666666666666700,761.63333333333298
2016-02-04 14:50:00,20.870000000000001,43.570000000000000, 9.5000000000000000e+00, 90.833333333333300,761.66666666666697
2016-02-04 15:00:00,21.066666666666698,43.833333333333300, 9.5000000000000000e+00, 91.000000000000000,761.70000000000005
2016-02-04 15:10:00,21.323333333333299,43.966666666666697, 9.5999999999999996e+00, 90.166666666666700,761.76666666666699
2016-02-04 15:20:00,21.463333333333299,43.966666666666697, 9.6999999999999993e+00, 89.333333333333300,761.83333333333303
2016-02-04 15:30:00,21.600000000000001,43.563333333333297, 9.8000000000000007e+00, 88.500000000000000,761.89999999999998
2016-02-04 15:40:00,21.666666666666700,43.363333333333301, 9.9000000000000004e+00, 87.666666666666700,761.96666666666704
2016-02-04 15:50:00,21.823333333333299,43.463333333333303, 1.0000000000000000e+01, 86.833333333333300,762.03333333333296
2016-02-04 16:00:00,21.890000000000001,43.590000000000003, 1.0100000000000000e+01, 86.000000000000000,762.10000000000002
2016-02-04 16:10:00,22.000000000000000,43.466666666666697, 1.0050000000000001e+01, 86.166666666666700,762.16666666666697
2016-02-04 16:20:00,22.066666666666698,43.466666666666697, 1.0000000000000000e+01, 86.333333333333300,762.23333333333301
2016-02-04 16:30:00,22.100000000000001,43.399999999999999, 9.9499999999999993e+00, 86.500000000000000,762.29999999999995
2016-02-04 16:40:00,22.100000000000001,43.133333333333297, 9.9000000000000004e+00, 86.666666666666700,762.36666666666702
2016-02-04 16:50:00,22.133333333333301,42.966666666666697, 9.8499999999999996e+00, 86.833333333333300,762.43333333333305
2016-02-04 17:00:00,22.199999999999999,42.899999999999999, 9.8000000000000007e+00, 87.000000000000000,762.50000000000000
2016-02-04 17:10:00,22.199999999999999,42.863333333333301, 9.7500000000000000e+00, 87.166666666666700,762.58333333333303
2016-02-04 17:20:00,22.199999999999999,42.789999999999999, 9.6999999999999993e+00, 87.333333333333300,762.66666666666697
2016-02-04 17:30:00,22.199999999999999,42.700000000000003, 9.6500000000000004e+00, 87.500000000000000,762.75000000000000
2016-02-04 17:40:00,22.199999999999999,42.700000000000003, 9.5999999999999996e+00, 87.666666666666700,762.83333333333303
2016-02-04 17:50:00,22.199999999999999,42.663333333333298, 9.5500000000000007e+00, 87.833333333333300,762.91666666666697
2016-02-04 18:00:00,22.222500000000000,42.590000000000003, 9.5000000000000000e+00, 88.000000000000000,763.00000000000000
2016-02-04 18:10:00,22.289999999999999,42.590000000000003, 9.3499999999999996e+00, 88.000000000000000,763.11666666666702
2016-02-04 18:20:00,22.323333333333299,42.500000000000000, 9.1999999999999993e+00, 88.000000000000000,763.23333333333301
2016-02-04 18:30:00,22.390000000000001,42.433333333333302, 9.0500000000000007e+00, 88.000000000000000,763.35000000000002
2016-02-04 18:40:00,22.390000000000001,42.399999999999999, 8.9000000000000004e+00, 88.000000000000000,763.46666666666704
2016-02-04 18:50:00,22.390000000000001,42.466666666666697, 8.7500000000000000e+00, 88.000000000000000,763.58333333333303
2016-02-04 19:00:00,22.533333333333299,43.130000000000003, 8.5999999999999996e+00, 88.000000000000000,763.70000000000005
2016-02-04 19:10:00,22.600000000000001,43.863333333333301, 8.5166666666666693e+00, 88.166666666666700,763.81666666666695
2016-02-04 19:20:00,22.699999999999999,44.163333333333298, 8.4333333333333300e+00, 88.333333333333300,763.93333333333305
2016-02-04 19:30:00,22.699999999999999,44.030000000000001, 8.3499999999999996e+00, 88.500000000000000,764.04999999999995
2016-02-04 19:40:00,22.789999999999999,43.723333333333301, 8.2666666666666693e+00, 88.666666666666700,764.16666666666697
2016-02-04 19:50:00,22.789999999999999,43.590000000000003, 8.1833333333333300e+00, 88.833333333333300,764.28333333333296
2016-02-04 20:00:00,22.730000000000000,43.663333333333298, 8.0999999999999996e+00, 89.000000000000000,764.39999999999998
2016-02-04 20:10:00,22.730000000000000,43.530000000000001, 7.8499999999999996e+00, 89.333333333333300,764.46666666666704
2016-02-04 20:20:00,22.699999999999999,43.333333333333300, 7.5999999999999996e+00, 89.666666666666700,764.53333333333296
2016-02-04 20:30:00,22.633333333333301,43.126666666666701, 7.3499999999999996e+00, 90.000000000000000,764.60000000000002
2016-02-04 20:40:00,22.600000000000001,42.966666666666697, 7.0999999999999996e+00, 90.333333333333300,764.66666666666697
2016-02-04 20:50:00,22.533333333333299,42.899999999999999, 6.8499999999999996e+00, 90.666666666666700,764.73333333333301
2016-02-04 21:00:00,22.463333333333299,42.723333333333301, 6.5999999999999996e+00, 91.000000000000000,764.79999999999995
2016-02-04 21:10:00,22.390000000000001,42.590000000000003, 6.4833333333333298e+00, 92.000000000000000,764.81666666666695
2016-02-04 21:20:00,22.340000000000000,42.545000000000002, 6.3666666666666698e+00, 93.000000000000000,764.83333333333303
2016-02-04 21:30:00,22.260000000000002,42.526666666666699, 6.2500000000000000e+00, 94.000000000000000,764.85000000000002
2016-02-04 21:40:00,22.133333333333301,42.266666666666701, 6.1333333333333302e+00, 95.000000000000000,764.86666666666702
2016-02-04 21:50:00,22.100000000000001,42.326666666666704, 6.0166666666666702e+00, 96.000000000000000,764.88333333333298
2016-02-04 22:00:00,22.100000000000001,42.399999999999999, 5.9000000000000004e+00, 97.000000000000000,764.89999999999998
2016-02-04 22:10:00,22.100000000000001,42.500000000000000, 6.0499999999999998e+00, 96.500000000000000,764.95000000000005
2016-02-04 22:20:00,22.033333333333299,42.433333333333302, 6.2000000000000002e+00, 96.000000000000000,765.00000000000000
2016-02-04 22:30:00,22.000000000000000,42.433333333333302, 6.3499999999999996e+00, 95.500000000000000,765.04999999999995
2016-02-04 22:40:00,22.000000000000000,42.500000000000000, 6.5000000000000000e+00, 95.000000000000000,765.10000000000002
2016-02-04 22:50:00,21.890000000000001,42.590000000000003, 6.6500000000000004e+00, 94.500000000000000,765.14999999999998
2016-02-04 23:00:00,21.890000000000001,42.663333333333298, 6.7999999999999998e+00, 94.000000000000000,765.20000000000005
2016-02-04 23:10:00,21.789999999999999,42.626666666666701, 6.8833333333333302e+00, 93.833333333333300,765.20000000000005
2016-02-04 23:20:00,21.789999999999999,42.700000000000003, 6.9666666666666703e+00, 93.666666666666700,765.20000000000005
2016-02-04 23:30:00,21.699999999999999,42.789999999999999, 7.0499999999999998e+00, 93.500000000000000,765.20000000000005
2016-02-04 23:40:00,21.699999999999999,42.863333333333301, 7.1333333333333302e+00, 93.333333333333300,765.20000000000005
2016-02-04 23:50:00,21.600000000000001,42.933333333333302, 7.2166666666666703e+00, 93.166666666666700,765.20000000000005
2016-02-05 00:00:00,21.600000000000001,43.000000000000000, 7.2999999999999998e+00, 93.000000000000000,765.20000000000005
2016-02-05 00:10:00,21.600000000000001,43.000000000000000, 7.2500000000000000e+00, 93.666666666666700,765.20000000000005
2016-02-05 00:20:00,21.533333333333299,43.060000000000002, 7.2000000000000002e+00, 94.333333333333300,765.20000000000005
2016-02-05 00:30:00,21.500000000000000,43.229999999999997, 7.1500000000000004e+00, 95.000000000000000,765.20000000000005
2016-02-05 00:40:00,21.417500000000000,43.244999999999997, 7.0999999999999996e+00, 95.666666666666700,765.20000000000005
2016-02-05 00:50:00,21.390000000000001,43.363333333333301, 7.0499999999999998e+00, 96.333333333333300,765.20000000000005
2016-02-05 01:00:00,21.390000000000001,43.399999999999999, 7.0000000000000000e+00, 97.000000000000000,765.20000000000005
2016-02-05 01:10:00,21.323333333333299,43.466666666666697, 7.0499999999999998e+00, 97.333333333333300,765.13333333333298
2016-02-05 01:20:00,21.289999999999999,43.530000000000001, 7.0999999999999996e+00, 97.666666666666700,765.06666666666695
2016-02-05 01:30:00,21.230000000000000,43.530000000000001, 7.1500000000000004e+00, 98.000000000000000,765.00000000000000
2016-02-05 01:40:00,21.199999999999999,43.530000000000001, 7.2000000000000002e+00, 98.333333333333300,764.93333333333305
2016-02-05 01:50:00,21.199999999999999,43.590000000000003, 7.2500000000000000e+00, 98.666666666666700,764.86666666666702
2016-02-05 02:00:00,21.199999999999999,43.700000000000003, 7.2999999999999998e+00, 99.000000000000000,764.79999999999995
2016-02-05 02:10:00,21.133333333333301,43.700000000000003, 7.4333333333333300e+00, 99.000000000000000,764.79999999999995
2016-02-05 02:20:00,21.100000000000001,43.789999999999999, 7.5666666666666700e+00, 99.000000000000000,764.79999999999995
2016-02-05 02:30:00,21.100000000000001,43.789999999999999, 7.7000000000000002e+00, 99.000000000000000,764.79999999999995
2016-02-05 02:40:00,21.066666666666698,43.899999999999999, 7.8333333333333304e+00, 99.000000000000000,764.79999999999995
2016-02-05 02:50:00,21.000000000000000,43.899999999999999, 7.9666666666666703e+00, 99.000000000000000,764.79999999999995
2016-02-05 03:00:00,21.000000000000000,43.933333333333302, 8.0999999999999996e+00, 99.000000000000000,764.79999999999995
2016-02-05 03:10:00,21.000000000000000,44.000000000000000, 8.1666666666666696e+00, 98.833333333333300,764.75000000000000
2016-02-05 03:20:00,20.945000000000000,44.090000000000003, 8.2333333333333307e+00, 98.666666666666700,764.70000000000005
2016-02-05 03:30:00,20.890000000000001,44.090000000000003, 8.3000000000000007e+00, 98.500000000000000,764.64999999999998
2016-02-05 03:40:00,20.890000000000001,44.163333333333298, 8.3666666666666707e+00, 98.333333333333300,764.60000000000002
2016-02-05 03:50:00,20.890000000000001,44.289999999999999, 8.4333333333333300e+00, 98.166666666666700,764.54999999999995
2016-02-05 04:00:00,20.840000000000000,44.272500000000001, 8.5000000000000000e+00, 98.000000000000000,764.50000000000000
2016-02-05 04:10:00,20.823333333333299,44.326666666666704, 8.5500000000000007e+00, 97.833333333333300,764.48333333333301
2016-02-05 04:20:00,20.789999999999999,44.326666666666704, 8.5999999999999996e+00, 97.666666666666700,764.46666666666704
2016-02-05 04:30:00,20.789999999999999,44.399999999999999, 8.6500000000000004e+00, 97.500000000000000,764.45000000000005
2016-02-05 04:40:00,20.789999999999999,44.433333333333302, 8.6999999999999993e+00, 97.333333333333300,764.43333333333305
2016-02-05 04:50:00,20.730000000000000,44.500000000000000, 8.7500000000000000e+00, 97.166666666666700,764.41666666666697
2016-02-05 05:00:00,20.699999999999999,44.500000000000000, 8.8000000000000007e+00, 97.000000000000000,764.39999999999998
2016-02-05 05:10:00,20.699999999999999,44.560000000000002, 8.8000000000000007e+00, 97.000000000000000,764.31666666666695
2016-02-05 05:20:00,20.699999999999999,44.626666666666701, 8.8000000000000007e+00, 97.000000000000000,764.23333333333301
2016-02-05 05:30:00,20.699999999999999,44.700000000000003, 8.8000000000000007e+00, 97.000000000000000,764.14999999999998
2016-02-05 05:40:00,20.699999999999999,44.700000000000003, 8.8000000000000007e+00, 97.000000000000000,764.06666666666695
2016-02-05 05:50:00,20.633333333333301,44.626666666666701, 8.8000000000000007e+00, 97.000000000000000,763.98333333333301
2016-02-05 06:00:00,20.600000000000001,44.700000000000003, 8.8000000000000007e+00, 97.000000000000000,763.89999999999998
2016-02-05 06:10:00,20.600000000000001,44.700000000000003, 8.7833333333333297e+00, 97.333333333333300,763.85000000000002
2016-02-05 06:20:00,20.600000000000001,44.789999999999999, 8.7666666666666693e+00, 97.666666666666700,763.79999999999995
2016-02-05 06:30:00,20.600000000000001,44.789999999999999, 8.7500000000000000e+00, 98.000000000000000,763.75000000000000
2016-02-05 06:40:00,20.600000000000001,44.789999999999999, 8.7333333333333307e+00, 98.333333333333300,763.70000000000005
2016-02-05 06:50:00,20.533333333333299,44.789999999999999, 8.7166666666666703e+00, 98.666666666666700,763.64999999999998
2016-02-05 07:00:00,20.533333333333299,44.899999999999999, 8.6999999999999993e+00, 99.000000000000000,763.60000000000002
2016-02-05 07:10:00,20.524999999999999,44.924999999999997, 8.7166666666666703e+00, 99.000000000000000,763.60000000000002
2016-02-05 07:20:00,20.500000000000000,45.060000000000002, 8.7333333333333307e+00, 99.000000000000000,763.60000000000002
2016-02-05 07:30:00,20.500000000000000,45.126666666666701, 8.7500000000000000e+00, 99.000000000000000,763.60000000000002
2016-02-05 07:40:00,20.426666666666701,45.126666666666701, 8.7666666666666693e+00, 99.000000000000000,763.60000000000002
2016-02-05 07:50:00,20.463333333333299,45.200000000000003, 8.7833333333333297e+00, 99.000000000000000,763.60000000000002
2016-02-05 08:00:00,20.390000000000001,45.200000000000003, 8.8000000000000007e+00, 99.000000000000000,763.60000000000002
2016-02-05 08:10:00,20.390000000000001,45.289999999999999, 8.8000000000000007e+00, 98.833333333333300,763.61666666666702
2016-02-05 08:20:00,20.390000000000001,45.289999999999999, 8.8000000000000007e+00, 98.666666666666700,763.63333333333298
2016-02-05 08:30:00,20.390000000000001,45.399999999999999, 8.8000000000000007e+00, 98.500000000000000,763.64999999999998
2016-02-05 08:40:00,20.390000000000001,45.399999999999999, 8.8000000000000007e+00, 98.333333333333300,763.66666666666697
2016-02-05 08:50:00,20.390000000000001,45.399999999999999, 8.8000000000000007e+00, 98.166666666666700,763.68333333333305
2016-02-05 09:00:00,20.390000000000001,45.399999999999999, 8.8000000000000007e+00, 98.000000000000000,763.70000000000005
2016-02-05 09:10:00,20.390000000000001,45.399999999999999, 8.8333333333333304e+00, 98.000000000000000,763.70000000000005
2016-02-05 09:20:00,20.323333333333299,45.399999999999999, 8.8666666666666707e+00, 98.000000000000000,763.70000000000005
2016-02-05 09:30:00,20.390000000000001,45.399999999999999, 8.9000000000000004e+00, 98.000000000000000,763.70000000000005
2016-02-05 09:40:00,20.390000000000001,45.466666666666697, 8.9333333333333300e+00, 98.000000000000000,763.70000000000005
2016-02-05 09:50:00,20.390000000000001,45.399999999999999, 8.9666666666666703e+00, 98.000000000000000,763.70000000000005
2016-02-05 10:00:00,20.463333333333299,45.466666666666697, 9.0000000000000000e+00, 98.000000000000000,763.70000000000005
2016-02-05 10:10:00,20.500000000000000,45.399999999999999, 9.0833333333333304e+00, 97.333333333333300,763.68333333333305
2016-02-05 10:20:00,20.500000000000000,45.326666666666704, 9.1666666666666696e+00, 96.666666666666700,763.66666666666697
2016-02-05 10:30:00,20.500000000000000,45.289999999999999, 9.2500000000000000e+00, 96.000000000000000,763.64999999999998
2016-02-05 10:40:00,20.533333333333299,45.200000000000003, 9.3333333333333304e+00, 95.333333333333300,763.63333333333298
2016-02-05 10:50:00,20.600000000000001,45.126666666666701, 9.4166666666666696e+00, 94.666666666666700,763.61666666666702
2016-02-05 11:00:00,20.633333333333301,45.090000000000003, 9.5000000000000000e+00, 94.000000000000000,763.60000000000002
2016-02-05 11:10:00,20.699999999999999,45.090000000000003, 9.5500000000000007e+00, 93.666666666666700,763.54999999999995
2016-02-05 11:20:00,20.730000000000000,45.000000000000000, 9.5999999999999996e+00, 93.333333333333300,763.50000000000000
2016-02-05 11:30:00,20.789999999999999,45.000000000000000, 9.6500000000000004e+00, 93.000000000000000,763.45000000000005
2016-02-05 11:40:00,20.890000000000001,45.000000000000000, 9.6999999999999993e+00, 92.666666666666700,763.39999999999998
2016-02-05 11:50:00,20.890000000000001,44.933333333333302, 9.7500000000000000e+00, 92.333333333333300,763.35000000000002
2016-02-05 12:00:00,21.000000000000000,44.863333333333301, 9.8000000000000007e+00, 92.000000000000000,763.29999999999995
2016-02-05 12:10:00,21.000000000000000,44.789999999999999, 9.8000000000000007e+00, 91.666666666666700,763.20000000000005
2016-02-05 12:20:00,21.100000000000001,44.863333333333301, 9.8000000000000007e+00, 91.333333333333300,763.10000000000002
2016-02-05 12:30:00,21.166666666666700,44.729999999999997, 9.8000000000000007e+00, 91.000000000000000,763.00000000000000
2016-02-05 12:40:00,21.199999999999999,44.663333333333298, 9.8000000000000007e+00, 90.666666666666700,762.89999999999998
2016-02-05 12:50:00,21.199999999999999,44.590000000000003, 9.8000000000000007e+00, 90.333333333333300,762.79999999999995
2016-02-05 13:00:00,21.289999999999999,44.560000000000002, 9.8000000000000007e+00, 90.000000000000000,762.70000000000005
2016-02-05 13:10:00,21.289999999999999,44.500000000000000, 9.8000000000000007e+00, 90.000000000000000,762.60000000000002
2016-02-05 13:20:00,21.390000000000001,44.363333333333301, 9.8000000000000007e+00, 90.000000000000000,762.50000000000000
2016-02-05 13:30:00,21.463333333333299,44.289999999999999, 9.8000000000000007e+00, 90.000000000000000,762.39999999999998
2016-02-05 13:40:00,21.533333333333299,44.259999999999998, 9.8000000000000007e+00, 90.000000000000000,762.29999999999995
2016-02-05 13:50:00,21.600000000000001,44.094999999999999, 9.8000000000000007e+00, 90.000000000000000,762.20000000000005
2016-02-05 14:00:00,21.600000000000001,44.000000000000000, 9.8000000000000007e+00, 90.000000000000000,762.10000000000002
2016-02-05 14:10:00,21.699999999999999,44.000000000000000, 9.8000000000000007e+00, 89.833333333333300,762.00000000000000
2016-02-05 14:20:00,21.699999999999999,43.933333333333302, 9.8000000000000007e+00, 89.666666666666700,761.89999999999998
2016-02-05 14:30:00,21.699999999999999,43.789999999999999, 9.8000000000000007e+00, 89.500000000000000,761.79999999999995
2016-02-05 14:40:00,21.699999999999999,43.729999999999997, 9.8000000000000007e+00, 89.333333333333300,761.70000000000005
2016-02-05 14:50:00,21.730000000000000,43.700000000000003, 9.8000000000000007e+00, 89.166666666666700,761.60000000000002
2016-02-05 15:00:00,21.789999999999999,43.626666666666701, 9.8000000000000007e+00, 89.000000000000000,761.50000000000000
2016-02-05 15:10:00,21.789999999999999,43.590000000000003, 9.8000000000000007e+00, 89.000000000000000,761.41666666666697
2016-02-05 15:20:00,21.789999999999999,43.530000000000001, 9.8000000000000007e+00, 89.000000000000000,761.33333333333303
2016-02-05 15:30:00,21.699999999999999,43.500000000000000, 9.8000000000000007e+00, 89.000000000000000,761.25000000000000
2016-02-05 15:40:00,21.699999999999999,43.500000000000000, 9.8000000000000007e+00, 89.000000000000000,761.16666666666697
2016-02-05 15:50:00,21.699999999999999,43.399999999999999, 9.8000000000000007e+00, 89.000000000000000,761.08333333333303
2016-02-05 16:00:00,21.699999999999999,43.326666666666704, 9.8000000000000007e+00, 89.000000000000000,761.00000000000000
2016-02-05 16:10:00,21.789999999999999,43.289999999999999, 9.8333333333333304e+00, 89.166666666666700,760.95000000000005
2016-02-05 16:20:00,21.789999999999999,43.289999999999999, 9.8666666666666707e+00, 89.333333333333300,760.89999999999998
2016-02-05 16:30:00,21.789999999999999,43.200000000000003, 9.9000000000000004e+00, 89.500000000000000,760.85000000000002
2016-02-05 16:40:00,21.789999999999999,43.200000000000003, 9.9333333333333300e+00, 89.666666666666700,760.79999999999995
2016-02-05 16:50:00,21.789999999999999,43.200000000000003, 9.9666666666666703e+00, 89.833333333333300,760.75000000000000
2016-02-05 17:00:00,21.789999999999999,43.200000000000003, 1.0000000000000000e+01, 90.000000000000000,760.70000000000005
2016-02-05 17:10:00,21.789999999999999,43.126666666666701, 9.9666666666666703e+00, 89.833333333333300,760.63333333333298
2016-02-05 17:20:00,21.823333333333299,43.090000000000003, 9.9333333333333300e+00, 89.666666666666700,760.56666666666695
2016-02-05 17:30:00,21.890000000000001,43.090000000000003, 9.9000000000000004e+00, 89.500000000000000,760.50000000000000
2016-02-05 17:40:00,21.890000000000001,43.000000000000000, 9.8666666666666707e+00, 89.333333333333300,760.43333333333305
2016-02-05 17:50:00,21.963333333333299,43.000000000000000, 9.8333333333333304e+00, 89.166666666666700,760.36666666666702
2016-02-05 18:00:00,22.000000000000000,42.899999999999999, 9.8000000000000007e+00, 89.000000000000000,760.29999999999995
2016-02-05 18:10:00,22.066666666666698,42.899999999999999, 9.7666666666666693e+00, 89.333333333333300,760.25000000000000
2016-02-05 18:20:00,22.100000000000001,42.899999999999999, 9.7333333333333307e+00, 89.666666666666700,760.20000000000005
2016-02-05 18:30:00,22.166666666666700,42.899999999999999, 9.6999999999999993e+00, 90.000000000000000,760.14999999999998
2016-02-05 18:40:00,22.289999999999999,42.899999999999999, 9.6666666666666696e+00, 90.333333333333300,760.10000000000002
2016-02-05 18:50:00,22.356666666666701,43.159999999999997, 9.6333333333333293e+00, 90.666666666666700,760.04999999999995
2016-02-05 19:00:00,22.426666666666701,43.726666666666702, 9.5999999999999996e+00, 91.000000000000000,760.00000000000000
2016-02-05 19:10:00,22.500000000000000,44.133333333333297, 9.5166666666666693e+00, 91.166666666666700,759.95000000000005
2016-02-05 19:20:00,22.500000000000000,44.200000000000003, 9.4333333333333300e+00, 91.333333333333300,759.89999999999998
2016-02-05 19:30:00,22.566666666666698,44.259999999999998, 9.3499999999999996e+00, 91.500000000000000,759.85000000000002
2016-02-05 19:40:00,22.600000000000001,44.200000000000003, 9.2666666666666693e+00, 91.666666666666700,759.79999999999995
2016-02-05 19:50:00,22.600000000000001,44.126666666666701, 9.1833333333333300e+00, 91.833333333333300,759.75000000000000
2016-02-05 20:00:00,22.566666666666698,43.766666666666701, 9.0999999999999996e+00, 92.000000000000000,759.70000000000005
2016-02-05 20:10:00,22.426666666666701,43.500000000000000, 9.0500000000000007e+00, 91.666666666666700,759.61666666666702
2016-02-05 20:20:00,22.390000000000001,43.399999999999999, 9.0000000000000000e+00, 91.333333333333300,759.53333333333296
2016-02-05 20:30:00,22.356666666666701,43.466666666666697, 8.9499999999999993e+00, 91.000000000000000,759.45000000000005
2016-02-05 20:40:00,22.289999999999999,43.466666666666697, 8.9000000000000004e+00, 90.666666666666700,759.36666666666702
2016-02-05 20:50:00,22.289999999999999,43.530000000000001, 8.8499999999999996e+00, 90.333333333333300,759.28333333333296
2016-02-05 21:00:00,22.289999999999999,43.590000000000003, 8.8000000000000007e+00, 90.000000000000000,759.20000000000005
2016-02-05 21:10:00,22.289999999999999,43.626666666666701, 8.7666666666666693e+00, 90.166666666666700,759.08333333333303
2016-02-05 21:20:00,22.289999999999999,43.700000000000003, 8.7333333333333307e+00, 90.333333333333300,758.96666666666704
2016-02-05 21:30:00,22.260000000000002,43.633333333333297, 8.6999999999999993e+00, 90.500000000000000,758.85000000000002
2016-02-05 21:40:00,22.199999999999999,43.500000000000000, 8.6666666666666696e+00, 90.666666666666700,758.73333333333301
2016-02-05 21:50:00,22.199999999999999,43.560000000000002, 8.6333333333333293e+00, 90.833333333333300,758.61666666666702
2016-02-05 22:00:00,22.133333333333301,43.500000000000000, 8.5999999999999996e+00, 91.000000000000000,758.50000000000000
2016-02-05 22:10:00,22.100000000000001,43.500000000000000, 8.6666666666666696e+00, 90.333333333333300,758.43333333333305
2016-02-05 22:20:00,22.100000000000001,43.433333333333302, 8.7333333333333307e+00, 89.666666666666700,758.36666666666702
2016-02-05 22:30:00,22.066666666666698,43.296666666666702, 8.8000000000000007e+00, 89.000000000000000,758.29999999999995
2016-02-05 22:40:00,21.926666666666701,43.090000000000003, 8.8666666666666707e+00, 88.333333333333300,758.23333333333301
2016-02-05 22:50:00,21.890000000000001,43.126666666666701, 8.9333333333333300e+00, 87.666666666666700,758.16666666666697
2016-02-05 23:00:00,21.890000000000001,43.200000000000003, 9.0000000000000000e+00, 87.000000000000000,758.10000000000002
2016-02-05 23:10:00,21.856666666666701,43.259999999999998, 9.0500000000000007e+00, 86.666666666666700,757.96666666666704
2016-02-05 23:20:00,21.789999999999999,43.259999999999998, 9.0999999999999996e+00, 86.333333333333300,757.83333333333303
2016-02-05 23:30:00,21.760000000000002,43.326666666666704, 9.1500000000000004e+00, 86.000000000000000,757.70000000000005
2016-02-05 23:40:00,21.699999999999999,43.424999999999997, 9.1999999999999993e+00, 85.666666666666700,757.56666666666695
2016-02-05 23:50:00,21.699999999999999,43.500000000000000, 9.2500000000000000e+00, 85.333333333333300,757.43333333333305
2016-02-06 00:00:00,21.666666666666700,43.500000000000000, 9.3000000000000007e+00, 85.000000000000000,757.29999999999995
2016-02-06 00:10:00,21.600000000000001,43.560000000000002, 9.3499999999999996e+00, 84.833333333333300,757.25000000000000
2016-02-06 00:20:00,21.600000000000001,43.626666666666701, 9.4000000000000004e+00, 84.666666666666700,757.20000000000005
2016-02-06 00:30:00,21.533333333333299,43.700000000000003, 9.4499999999999993e+00, 84.500000000000000,757.14999999999998
2016-02-06 00:40:00,21.500000000000000,43.700000000000003, 9.5000000000000000e+00, 84.333333333333300,757.10000000000002
2016-02-06 00:50:00,21.500000000000000,43.759999999999998, 9.5500000000000007e+00, 84.166666666666700,757.04999999999995
2016-02-06 01:00:00,21.500000000000000,43.789999999999999, 9.5999999999999996e+00, 84.000000000000000,757.00000000000000
2016-02-06 01:10:00,21.426666666666701,43.729999999999997, 9.4666666666666703e+00, 84.500000000000000,756.81666666666695
2016-02-06 01:20:00,21.390000000000001,43.789999999999999, 9.3333333333333304e+00, 85.000000000000000,756.63333333333298
2016-02-06 01:30:00,21.390000000000001,43.789999999999999, 9.1999999999999993e+00, 85.500000000000000,756.45000000000005
2016-02-06 01:40:00,21.323333333333299,43.826666666666704, 9.0666666666666700e+00, 86.000000000000000,756.26666666666699
2016-02-06 01:50:00,21.323333333333299,43.899999999999999, 8.9333333333333300e+00, 86.500000000000000,756.08333333333303
2016-02-06 02:00:00,21.289999999999999,43.899999999999999, 8.8000000000000007e+00, 87.000000000000000,755.89999999999998
2016-02-06 02:10:00,21.230000000000000,43.826666666666704, 8.8499999999999996e+00, 86.666666666666700,755.88333333333298
2016-02-06 02:20:00,21.199999999999999,43.826666666666704, 8.9000000000000004e+00, 86.333333333333300,755.86666666666702
2016-02-06 02:30:00,21.199999999999999,43.899999999999999, 8.9499999999999993e+00, 86.000000000000000,755.85000000000002
2016-02-06 02:40:00,21.199999999999999,43.899999999999999, 9.0000000000000000e+00, 85.666666666666700,755.83333333333303
2016-02-06 02:50:00,21.133333333333301,43.899999999999999, 9.0500000000000007e+00, 85.333333333333300,755.81666666666695
2016-02-06 03:00:00,21.100000000000001,43.899999999999999, 9.0999999999999996e+00, 85.000000000000000,755.79999999999995
2016-02-06 03:10:00,21.100000000000001,44.000000000000000, 9.1333333333333293e+00, 84.666666666666700,755.68333333333305
2016-02-06 03:20:00,21.100000000000001,44.000000000000000, 9.1666666666666696e+00, 84.333333333333300,755.56666666666695
2016-02-06 03:30:00,21.100000000000001,44.000000000000000, 9.1999999999999993e+00, 84.000000000000000,755.45000000000005
2016-02-06 03:40:00,21.100000000000001,44.000000000000000, 9.2333333333333307e+00, 83.666666666666700,755.33333333333303
2016-02-06 03:50:00,21.000000000000000,43.899999999999999, 9.2666666666666693e+00, 83.333333333333300,755.21666666666704
2016-02-06 04:00:00,21.000000000000000,43.899999999999999, 9.3000000000000007e+00, 83.000000000000000,755.10000000000002
2016-02-06 04:10:00,20.963333333333299,43.899999999999999, 9.2166666666666703e+00, 83.166666666666700,755.01666666666699
2016-02-06 04:20:00,20.963333333333299,43.899999999999999, 9.1333333333333293e+00, 83.333333333333300,754.93333333333305
2016-02-06 04:30:00,20.890000000000001,43.933333333333302, 9.0500000000000007e+00, 83.500000000000000,754.85000000000002
2016-02-06 04:40:00,20.890000000000001,44.000000000000000, 8.9666666666666703e+00, 83.666666666666700,754.76666666666699
2016-02-06 04:50:00,20.890000000000001,44.000000000000000, 8.8833333333333293e+00, 83.833333333333300,754.68333333333305
2016-02-06 05:00:00,20.890000000000001,44.000000000000000, 8.8000000000000007e+00, 84.000000000000000,754.60000000000002
2016-02-06 05:10:00,20.789999999999999,43.899999999999999, 8.7666666666666693e+00, 84.000000000000000,754.54999999999995
2016-02-06 05:20:00,20.789999999999999,43.899999999999999, 8.7333333333333307e+00, 84.000000000000000,754.50000000000000
2016-02-06 05:30:00,20.789999999999999,43.899999999999999, 8.6999999999999993e+00, 84.000000000000000,754.45000000000005
2016-02-06 05:40:00,20.789999999999999,43.899999999999999, 8.6666666666666696e+00, 84.000000000000000,754.39999999999998
2016-02-06 05:50:00,20.789999999999999,43.933333333333302, 8.6333333333333293e+00, 84.000000000000000,754.35000000000002
2016-02-06 06:00:00,20.789999999999999,44.000000000000000, 8.5999999999999996e+00, 84.000000000000000,754.29999999999995
2016-02-06 06:10:00,20.745000000000001,44.000000000000000, 8.5833333333333304e+00, 84.333333333333300,754.20000000000005
2016-02-06 06:20:00,20.699999999999999,44.000000000000000, 8.5666666666666700e+00, 84.666666666666700,754.10000000000002
2016-02-06 06:30:00,20.699999999999999,44.000000000000000, 8.5500000000000007e+00, 85.000000000000000,754.00000000000000
2016-02-06 06:40:00,20.699999999999999,44.000000000000000, 8.5333333333333297e+00, 85.333333333333300,753.89999999999998
2016-02-06 06:50:00,20.699999999999999,44.000000000000000, 8.5166666666666693e+00, 85.666666666666700,753.79999999999995
2016-02-06 07:00:00,20.699999999999999,44.000000000000000, 8.5000000000000000e+00, 86.000000000000000,753.70000000000005
2016-02-06 07:10:00,20.633333333333301,43.933333333333302, 8.3333333333333304e+00, 86.500000000000000,753.66666666666697
2016-02-06 07:20:00,20.600000000000001,43.899999999999999, 8.1666666666666696e+00, 87.000000000000000,753.63333333333298
2016-02-06 07:30:00,20.600000000000001,43.899999999999999, 8.0000000000000000e+00, 87.500000000000000,753.60000000000002
2016-02-06 07:40:00,20.600000000000001,43.899999999999999, 7.8333333333333304e+00, 88.000000000000000,753.56666666666695
2016-02-06 07:50:00,20.600000000000001,43.899999999999999, 7.6666666666666696e+00, 88.500000000000000,753.53333333333296
2016-02-06 08:00:00,20.566666666666698,43.899999999999999, 7.5000000000000000e+00, 89.000000000000000,753.50000000000000
2016-02-06 08:10:00,20.500000000000000,43.899999999999999, 7.6166666666666698e+00, 88.500000000000000,753.50000000000000
2016-02-06 08:20:00,20.500000000000000,43.899999999999999, 7.7333333333333298e+00, 88.000000000000000,753.50000000000000
2016-02-06 08:30:00,20.500000000000000,43.899999999999999, 7.8499999999999996e+00, 87.500000000000000,753.50000000000000
2016-02-06 08:40:00,20.500000000000000,43.899999999999999, 7.9666666666666703e+00, 87.000000000000000,753.50000000000000
2016-02-06 08:50:00,20.500000000000000,43.899999999999999, 8.0833333333333304e+00, 86.500000000000000,753.50000000000000
2016-02-06 09:00:00,20.500000000000000,44.000000000000000, 8.1999999999999993e+00, 86.000000000000000,753.50000000000000
2016-02-06 09:10:00,20.426666666666701,43.933333333333302, 8.2500000000000000e+00, 85.666666666666700,753.51666666666699
2016-02-06 09:20:00,20.426666666666701,43.899999999999999, 8.3000000000000007e+00, 85.333333333333300,753.53333333333296
2016-02-06 09:30:00,20.417500000000000,43.817500000000003, 8.3499999999999996e+00, 85.000000000000000,753.54999999999995
2016-02-06 09:40:00,20.390000000000001,43.863333333333301, 8.4000000000000004e+00, 84.666666666666700,753.56666666666695
2016-02-06 09:50:00,20.390000000000001,43.789999999999999, 8.4499999999999993e+00, 84.333333333333300,753.58333333333303
2016-02-06 10:00:00,20.390000000000001,43.789999999999999, 8.5000000000000000e+00, 84.000000000000000,753.60000000000002
2016-02-06 10:10:00,20.390000000000001,43.789999999999999, 8.5500000000000007e+00, 83.833333333333300,753.46666666666704
2016-02-06 10:20:00,20.390000000000001,43.729999999999997, 8.5999999999999996e+00, 83.666666666666700,753.33333333333303
2016-02-06 10:30:00,20.390000000000001,43.700000000000003, 8.6500000000000004e+00, 83.500000000000000,753.20000000000005
2016-02-06 10:40:00,20.390000000000001,43.759999999999998, 8.6999999999999993e+00, 83.333333333333300,753.06666666666695
2016-02-06 10:50:00,20.289999999999999,43.700000000000003, 8.7500000000000000e+00, 83.166666666666700,752.93333333333305
2016-02-06 11:00:00,20.289999999999999,43.700000000000003, 8.8000000000000007e+00, 83.000000000000000,752.79999999999995
2016-02-06 11:10:00,20.289999999999999,43.663333333333298, 8.9833333333333307e+00, 82.166666666666700,752.68333333333305
2016-02-06 11:20:00,20.289999999999999,43.590000000000003, 9.1666666666666696e+00, 81.333333333333300,752.56666666666695
2016-02-06 11:30:00,20.323333333333299,43.590000000000003, 9.3499999999999996e+00, 80.500000000000000,752.45000000000005
2016-02-06 11:40:00,20.323333333333299,43.663333333333298, 9.5333333333333297e+00, 79.666666666666700,752.33333333333303
2016-02-06 11:50:00,20.323333333333299,43.700000000000003, 9.7166666666666703e+00, 78.833333333333300,752.21666666666704
2016-02-06 12:00:00,20.390000000000001,43.700000000000003, 9.9000000000000004e+00, 78.000000000000000,752.10000000000002
2016-02-06 12:10:00,20.390000000000001,43.700000000000003, 9.9666666666666703e+00, 77.666666666666700,751.95000000000005
2016-02-06 12:20:00,20.390000000000001,43.700000000000003, 1.0033333333333299e+01, 77.333333333333300,751.79999999999995
2016-02-06 12:30:00,20.390000000000001,43.590000000000003, 1.0100000000000000e+01, 77.000000000000000,751.64999999999998
2016-02-06 12:40:00,20.390000000000001,43.590000000000003, 1.0166666666666700e+01, 76.666666666666700,751.50000000000000
2016-02-06 12:50:00,20.390000000000001,43.663333333333298, 1.0233333333333301e+01, 76.333333333333300,751.35000000000002
2016-02-06 13:00:00,20.390000000000001,43.700000000000003, 1.0300000000000001e+01, 76.000000000000000,751.20000000000005
2016-02-06 13:10:00,20.390000000000001,43.700000000000003, 1.0383333333333301e+01, 75.500000000000000,751.01666666666699
2016-02-06 13:20:00,20.390000000000001,43.700000000000003, 1.0466666666666701e+01, 75.000000000000000,750.83333333333303
2016-02-06 13:30:00,20.390000000000001,43.700000000000003, 1.0550000000000001e+01, 74.500000000000000,750.64999999999998
2016-02-06 13:40:00,20.390000000000001,43.759999999999998, 1.0633333333333301e+01, 74.000000000000000,750.46666666666704
2016-02-06 13:50:00,20.390000000000001,43.700000000000003, 1.0716666666666701e+01, 73.500000000000000,750.28333333333296
2016-02-06 14:00:00,20.356666666666701,43.560000000000002, 1.0800000000000001e+01, 73.000000000000000,750.10000000000002
2016-02-06 14:10:00,20.289999999999999,43.500000000000000, 1.0766666666666699e+01, 73.000000000000000,749.95000000000005
2016-02-06 14:20:00,20.323333333333299,43.399999999999999, 1.0733333333333301e+01, 73.000000000000000,749.79999999999995
2016-02-06 14:30:00,20.323333333333299,43.399999999999999, 1.0699999999999999e+01, 73.000000000000000,749.64999999999998
2016-02-06 14:40:00,20.289999999999999,43.363333333333301, 1.0666666666666700e+01, 73.000000000000000,749.50000000000000
2016-02-06 14:50:00,20.356666666666701,43.289999999999999, 1.0633333333333301e+01, 73.000000000000000,749.35000000000002
2016-02-06 15:00:00,20.323333333333299,43.289999999999999, 1.0600000000000000e+01, 73.000000000000000,749.20000000000005
2016-02-06 15:10:00,20.390000000000001,43.289999999999999, 1.0666666666666700e+01, 72.833333333333300,749.03333333333296
2016-02-06 15:20:00,20.323333333333299,43.259999999999998, 1.0733333333333301e+01, 72.666666666666700,748.86666666666702
2016-02-06 15:30:00,20.390000000000001,43.200000000000003, 1.0800000000000001e+01, 72.500000000000000,748.70000000000005
2016-02-06 15:40:00,20.390000000000001,43.200000000000003, 1.0866666666666699e+01, 72.333333333333300,748.53333333333296
2016-02-06 15:50:00,20.390000000000001,43.200000000000003, 1.0933333333333300e+01, 72.166666666666700,748.36666666666702
2016-02-06 16:00:00,20.445000000000000,43.850000000000001, 1.1000000000000000e+01, 72.000000000000000,748.20000000000005
2016-02-06 16:10:00,20.500000000000000,45.756666666666703, 1.0933333333333300e+01, 72.500000000000000,748.08333333333303
2016-02-06 16:20:00,20.500000000000000,46.090000000000003, 1.0866666666666699e+01, 73.000000000000000,747.96666666666704
2016-02-06 16:30:00,20.463333333333299,45.659999999999997, 1.0800000000000001e+01, 73.500000000000000,747.85000000000002
2016-02-06 16:40:00,20.390000000000001,45.326666666666704, 1.0733333333333301e+01, 74.000000000000000,747.73333333333301
2016-02-06 16:50:00,20.356666666666701,44.990000000000002, 1.0666666666666700e+01, 74.500000000000000,747.61666666666702
2016-02-06 17:00:00,20.289999999999999,44.729999999999997, 1.0600000000000000e+01, 75.000000000000000,747.50000000000000
2016-02-06 17:10:00,20.289999999999999,44.729999999999997, 1.0583333333333300e+01, 74.833333333333300,747.38333333333298
2016-02-06 17:20:00,20.289999999999999,44.789999999999999, 1.0566666666666700e+01, 74.666666666666700,747.26666666666699
2016-02-06 17:30:00,20.390000000000001,44.789999999999999, 1.0550000000000001e+01, 74.500000000000000,747.14999999999998
2016-02-06 17:40:00,20.390000000000001,44.789999999999999, 1.0533333333333299e+01, 74.333333333333300,747.03333333333296
2016-02-06 17:50:00,20.426666666666701,44.729999999999997, 1.0516666666666699e+01, 74.166666666666700,746.91666666666697
2016-02-06 18:00:00,20.500000000000000,44.729999999999997, 1.0500000000000000e+01, 74.000000000000000,746.79999999999995
2016-02-06 18:10:00,20.533333333333299,44.700000000000003, 1.0433333333333300e+01, 73.666666666666700,746.70000000000005
2016-02-06 18:20:00,20.600000000000001,44.566666666666698, 1.0366666666666699e+01, 73.333333333333300,746.60000000000002
2016-02-06 18:30:00,20.730000000000000,44.466666666666697, 1.0300000000000001e+01, 73.000000000000000,746.50000000000000
2016-02-06 18:40:00,20.789999999999999,44.133333333333297, 1.0233333333333301e+01, 72.666666666666700,746.39999999999998
2016-02-06 18:50:00,20.823333333333299,43.663333333333298, 1.0166666666666700e+01, 72.333333333333300,746.29999999999995
2016-02-06 19:00:00,20.963333333333299,43.530000000000001, 1.0100000000000000e+01, 72.000000000000000,746.20000000000005
2016-02-06 19:10:00,21.100000000000001,43.645000000000003, 1.0250000000000000e+01, 71.000000000000000,745.98333333333301
2016-02-06 19:20:00,21.230000000000000,43.626666666666701, 1.0400000000000000e+01, 70.000000000000000,745.76666666666699
2016-02-06 19:30:00,21.356666666666701,43.700000000000003, 1.0550000000000001e+01, 69.000000000000000,745.54999999999995
2016-02-06 19:40:00,21.533333333333299,43.789999999999999, 1.0699999999999999e+01, 68.000000000000000,745.33333333333303
2016-02-06 19:50:00,21.666666666666700,43.789999999999999, 1.0850000000000000e+01, 67.000000000000000,745.11666666666702
2016-02-06 20:00:00,21.730000000000000,43.789999999999999, 1.1000000000000000e+01, 66.000000000000000,744.89999999999998
2016-02-06 20:10:00,21.856666666666701,43.729999999999997, 1.1150000000000000e+01, 65.333333333333300,744.71666666666704
2016-02-06 20:20:00,22.033333333333299,43.590000000000003, 1.1300000000000001e+01, 64.666666666666700,744.53333333333296
2016-02-06 20:30:00,22.226666666666699,43.663333333333298, 1.1449999999999999e+01, 64.000000000000000,744.35000000000002
2016-02-06 20:40:00,22.323333333333299,43.526666666666699, 1.1600000000000000e+01, 63.333333333333300,744.16666666666697
2016-02-06 20:50:00,22.463333333333299,43.326666666666704, 1.1750000000000000e+01, 62.666666666666700,743.98333333333301
2016-02-06 21:00:00,22.600000000000001,43.259999999999998, 1.1900000000000000e+01, 62.000000000000000,743.79999999999995
2016-02-06 21:10:00,22.666666666666700,43.126666666666701, 1.1766666666666699e+01, 62.500000000000000,743.73333333333301
2016-02-06 21:20:00,22.699999999999999,43.126666666666701, 1.1633333333333301e+01, 63.000000000000000,743.66666666666697
2016-02-06 21:30:00,22.699999999999999,43.126666666666701, 1.1500000000000000e+01, 63.500000000000000,743.60000000000002
2016-02-06 21:40:00,22.699999999999999,42.863333333333301, 1.1366666666666699e+01, 64.000000000000000,743.53333333333296
2016-02-06 21:50:00,22.699999999999999,42.656666666666702, 1.1233333333333301e+01, 64.500000000000000,743.46666666666704
2016-02-06 22:00:00,22.699999999999999,42.430000000000000, 1.1100000000000000e+01, 65.000000000000000,743.39999999999998
2016-02-06 22:10:00,22.633333333333301,42.096666666666700, 1.1033333333333299e+01, 65.166666666666700,743.31666666666695
2016-02-06 22:20:00,22.600000000000001,41.863333333333301, 1.0966666666666701e+01, 65.333333333333300,743.23333333333301
2016-02-06 22:30:00,22.574999999999999,41.744999999999997, 1.0900000000000000e+01, 65.500000000000000,743.14999999999998
2016-02-06 22:40:00,22.500000000000000,41.789999999999999, 1.0833333333333300e+01, 65.666666666666700,743.06666666666695
2016-02-06 22:50:00,22.500000000000000,41.963333333333303, 1.0766666666666699e+01, 65.833333333333300,742.98333333333301
2016-02-06 23:00:00,22.426666666666701,42.090000000000003, 1.0699999999999999e+01, 66.000000000000000,742.89999999999998
2016-02-06 23:10:00,22.390000000000001,42.229999999999997, 1.0683333333333300e+01, 66.000000000000000,742.85000000000002
2016-02-06 23:20:00,22.323333333333299,42.363333333333301, 1.0666666666666700e+01, 66.000000000000000,742.79999999999995
2016-02-06 23:30:00,22.289999999999999,42.530000000000001, 1.0650000000000000e+01, 66.000000000000000,742.75000000000000
2016-02-06 23:40:00,22.230000000000000,42.590000000000003, 1.0633333333333301e+01, 66.000000000000000,742.70000000000005
2016-02-06 23:50:00,22.199999999999999,42.626666666666701, 1.0616666666666699e+01, 66.000000000000000,742.64999999999998
2016-02-07 00:00:00,22.133333333333301,42.759999999999998, 1.0600000000000000e+01, 66.000000000000000,742.60000000000002
2016-02-07 00:10:00,22.066666666666698,42.789999999999999, 1.0650000000000000e+01, 65.666666666666700,742.51666666666699
2016-02-07 00:20:00,22.000000000000000,42.789999999999999, 1.0699999999999999e+01, 65.333333333333300,742.43333333333305
2016-02-07 00:30:00,22.000000000000000,42.817500000000003, 1.0750000000000000e+01, 65.000000000000000,742.35000000000002
2016-02-07 00:40:00,21.926666666666701,42.899999999999999, 1.0800000000000001e+01, 64.666666666666700,742.26666666666699
2016-02-07 00:50:00,21.890000000000001,42.933333333333302, 1.0850000000000000e+01, 64.333333333333300,742.18333333333305
2016-02-07 01:00:00,21.823333333333299,42.933333333333302, 1.0900000000000000e+01, 64.000000000000000,742.10000000000002
2016-02-07 01:10:00,21.789999999999999,42.933333333333302, 1.1083333333333300e+01, 63.000000000000000,742.04999999999995
2016-02-07 01:20:00,21.730000000000000,43.000000000000000, 1.1266666666666699e+01, 62.000000000000000,742.00000000000000
2016-02-07 01:30:00,21.699999999999999,43.000000000000000, 1.1449999999999999e+01, 61.000000000000000,741.95000000000005
2016-02-07 01:40:00,21.633333333333301,43.000000000000000, 1.1633333333333301e+01, 60.000000000000000,741.89999999999998
2016-02-07 01:50:00,21.600000000000001,43.000000000000000, 1.1816666666666700e+01, 59.000000000000000,741.85000000000002
2016-02-07 02:00:00,21.566666666666698,43.090000000000003, 1.2000000000000000e+01, 58.000000000000000,741.79999999999995
2016-02-07 02:10:00,21.500000000000000,43.090000000000003, 1.1766666666666699e+01, 60.000000000000000,741.68333333333305
2016-02-07 02:20:00,21.500000000000000,43.200000000000003, 1.1533333333333299e+01, 62.000000000000000,741.56666666666695
2016-02-07 02:30:00,21.426666666666701,43.200000000000003, 1.1300000000000001e+01, 64.000000000000000,741.45000000000005
2016-02-07 02:40:00,21.390000000000001,43.229999999999997, 1.1066666666666700e+01, 66.000000000000000,741.33333333333303
2016-02-07 02:50:00,21.390000000000001,43.363333333333301, 1.0833333333333300e+01, 68.000000000000000,741.21666666666704
2016-02-07 03:00:00,21.289999999999999,43.399999999999999, 1.0600000000000000e+01, 70.000000000000000,741.10000000000002
2016-02-07 03:10:00,21.289999999999999,43.466666666666697, 1.0416666666666700e+01, 71.833333333333300,741.04999999999995
2016-02-07 03:20:00,21.289999999999999,43.590000000000003, 1.0233333333333301e+01, 73.666666666666700,741.00000000000000
2016-02-07 03:30:00,21.230000000000000,43.530000000000001, 1.0050000000000001e+01, 75.500000000000000,740.95000000000005
2016-02-07 03:40:00,21.199999999999999,43.626666666666701, 9.8666666666666707e+00, 77.333333333333300,740.89999999999998
2016-02-07 03:50:00,21.199999999999999,43.700000000000003, 9.6833333333333300e+00, 79.166666666666700,740.85000000000002
2016-02-07 04:00:00,21.133333333333301,43.789999999999999, 9.5000000000000000e+00, 81.000000000000000,740.79999999999995
2016-02-07 04:10:00,21.133333333333301,43.789999999999999, 9.3166666666666700e+00, 83.166666666666700,740.88333333333298
2016-02-07 04:20:00,21.100000000000001,43.933333333333302, 9.1333333333333293e+00, 85.333333333333300,740.96666666666704
2016-02-07 04:30:00,21.100000000000001,44.000000000000000, 8.9499999999999993e+00, 87.500000000000000,741.04999999999995
2016-02-07 04:40:00,21.100000000000001,44.090000000000003, 8.7666666666666693e+00, 89.666666666666700,741.13333333333298
2016-02-07 04:50:00,21.033333333333299,44.090000000000003, 8.5833333333333304e+00, 91.833333333333300,741.21666666666704
2016-02-07 05:00:00,21.000000000000000,44.090000000000003, 8.4000000000000004e+00, 94.000000000000000,741.29999999999995
2016-02-07 05:10:00,21.000000000000000,44.090000000000003, 8.3333333333333304e+00, 92.833333333333300,741.43333333333305
2016-02-07 05:20:00,21.000000000000000,44.163333333333298, 8.2666666666666693e+00, 91.666666666666700,741.56666666666695
2016-02-07 05:30:00,20.890000000000001,44.229999999999997, 8.1999999999999993e+00, 90.500000000000000,741.70000000000005
2016-02-07 05:40:00,20.890000000000001,44.289999999999999, 8.1333333333333293e+00, 89.333333333333300,741.83333333333303
2016-02-07 05:50:00,20.890000000000001,44.326666666666704, 8.0666666666666700e+00, 88.166666666666700,741.96666666666704
2016-02-07 06:00:00,20.890000000000001,44.399999999999999, 8.0000000000000000e+00, 87.000000000000000,742.10000000000002
2016-02-07 06:10:00,20.856666666666701,44.363333333333301, 7.8333333333333304e+00, 87.333333333333300,742.23333333333301
2016-02-07 06:20:00,20.789999999999999,44.289999999999999, 7.6666666666666696e+00, 87.666666666666700,742.36666666666702
2016-02-07 06:30:00,20.789999999999999,44.259999999999998, 7.5000000000000000e+00, 88.000000000000000,742.50000000000000
2016-02-07 06:40:00,20.789999999999999,44.200000000000003, 7.3333333333333304e+00, 88.333333333333300,742.63333333333298
2016-02-07 06:50:00,20.730000000000000,44.200000000000003, 7.1666666666666696e+00, 88.666666666666700,742.76666666666699
2016-02-07 07:00:00,20.730000000000000,44.200000000000003, 7.0000000000000000e+00, 89.000000000000000,742.89999999999998
2016-02-07 07:10:00,20.699999999999999,44.200000000000003, 7.0000000000000000e+00, 89.166666666666700,743.00000000000000
2016-02-07 07:20:00,20.699999999999999,44.259999999999998, 7.0000000000000000e+00, 89.333333333333300,743.10000000000002
2016-02-07 07:30:00,20.699999999999999,44.289999999999999, 7.0000000000000000e+00, 89.500000000000000,743.20000000000005
2016-02-07 07:40:00,20.699999999999999,44.289999999999999, 7.0000000000000000e+00, 89.666666666666700,743.29999999999995
2016-02-07 07:50:00,20.600000000000001,44.200000000000003, 7.0000000000000000e+00, 89.833333333333300,743.39999999999998
2016-02-07 08:00:00,20.600000000000001,44.200000000000003, 7.0000000000000000e+00, 90.000000000000000,743.50000000000000
2016-02-07 08:10:00,20.600000000000001,44.200000000000003, 6.9666666666666703e+00, 89.000000000000000,743.61666666666702
2016-02-07 08:20:00,20.600000000000001,44.200000000000003, 6.9333333333333300e+00, 88.000000000000000,743.73333333333301
2016-02-07 08:30:00,20.533333333333299,44.000000000000000, 6.9000000000000004e+00, 87.000000000000000,743.85000000000002
2016-02-07 08:40:00,20.500000000000000,43.863333333333301, 6.8666666666666698e+00, 86.000000000000000,743.96666666666704
2016-02-07 08:50:00,20.500000000000000,43.863333333333301, 6.8333333333333304e+00, 85.000000000000000,744.08333333333303
2016-02-07 09:00:00,20.500000000000000,43.700000000000003, 6.7999999999999998e+00, 84.000000000000000,744.20000000000005
2016-02-07 09:10:00,20.500000000000000,43.700000000000003, 6.8333333333333304e+00, 84.166666666666700,744.28333333333296
2016-02-07 09:20:00,20.500000000000000,43.663333333333298, 6.8666666666666698e+00, 84.333333333333300,744.36666666666702
2016-02-07 09:30:00,20.500000000000000,43.590000000000003, 6.9000000000000004e+00, 84.500000000000000,744.45000000000005
2016-02-07 09:40:00,20.500000000000000,43.590000000000003, 6.9333333333333300e+00, 84.666666666666700,744.53333333333296
2016-02-07 09:50:00,20.500000000000000,43.663333333333298, 6.9666666666666703e+00, 84.833333333333300,744.61666666666702
2016-02-07 10:00:00,20.500000000000000,44.060000000000002, 7.0000000000000000e+00, 85.000000000000000,744.70000000000005
2016-02-07 10:10:00,20.500000000000000,44.000000000000000, 7.0999999999999996e+00, 84.166666666666700,744.75000000000000
2016-02-07 10:20:00,20.463333333333299,43.899999999999999, 7.2000000000000002e+00, 83.333333333333300,744.79999999999995
2016-02-07 10:30:00,20.463333333333299,43.566666666666698, 7.2999999999999998e+00, 82.500000000000000,744.85000000000002
2016-02-07 10:40:00,20.500000000000000,43.333333333333300, 7.4000000000000004e+00, 81.666666666666700,744.89999999999998
2016-02-07 10:50:00,20.500000000000000,43.200000000000003, 7.5000000000000000e+00, 80.833333333333300,744.95000000000005
2016-02-07 11:00:00,20.500000000000000,43.060000000000002, 7.5999999999999996e+00, 80.000000000000000,745.00000000000000
2016-02-07 11:10:00,20.500000000000000,42.933333333333302, 7.5999999999999996e+00, 79.000000000000000,745.11666666666702
2016-02-07 11:20:00,20.463333333333299,42.789999999999999, 7.5999999999999996e+00, 78.000000000000000,745.23333333333301
2016-02-07 11:30:00,20.463333333333299,42.863333333333301, 7.5999999999999996e+00, 77.000000000000000,745.35000000000002
2016-02-07 11:40:00,20.390000000000001,42.844999999999999, 7.5999999999999996e+00, 76.000000000000000,745.46666666666704
2016-02-07 11:50:00,20.390000000000001,42.700000000000003, 7.5999999999999996e+00, 75.000000000000000,745.58333333333303
2016-02-07 12:00:00,20.390000000000001,42.566666666666698, 7.5999999999999996e+00, 74.000000000000000,745.70000000000005
2016-02-07 12:10:00,20.500000000000000,42.663333333333298, 7.7333333333333298e+00, 73.833333333333300,745.76666666666699
2016-02-07 12:20:00,20.500000000000000,42.530000000000001, 7.8666666666666698e+00, 73.666666666666700,745.83333333333303
2016-02-07 12:30:00,20.500000000000000,42.363333333333301, 8.0000000000000000e+00, 73.500000000000000,745.89999999999998
2016-02-07 12:40:00,20.500000000000000,42.156666666666702, 8.1333333333333293e+00, 73.333333333333300,745.96666666666704
2016-02-07 12:50:00,20.500000000000000,42.060000000000002, 8.2666666666666693e+00, 73.166666666666700,746.03333333333296
2016-02-07 13:00:00,20.500000000000000,42.000000000000000, 8.4000000000000004e+00, 73.000000000000000,746.10000000000002
2016-02-07 13:10:00,20.500000000000000,42.026666666666699, 8.4000000000000004e+00, 72.000000000000000,746.16666666666697
2016-02-07 13:20:00,20.566666666666698,41.826666666666704, 8.4000000000000004e+00, 71.000000000000000,746.23333333333301
2016-02-07 13:30:00,20.500000000000000,41.789999999999999, 8.4000000000000004e+00, 70.000000000000000,746.29999999999995
2016-02-07 13:40:00,20.500000000000000,41.789999999999999, 8.4000000000000004e+00, 69.000000000000000,746.36666666666702
2016-02-07 13:50:00,20.500000000000000,41.789999999999999, 8.4000000000000004e+00, 68.000000000000000,746.43333333333305
2016-02-07 14:00:00,20.500000000000000,41.863333333333301, 8.4000000000000004e+00, 67.000000000000000,746.50000000000000
2016-02-07 14:10:00,20.500000000000000,42.000000000000000, 8.3499999999999996e+00, 67.500000000000000,746.53333333333296
2016-02-07 14:20:00,20.566666666666698,42.000000000000000, 8.3000000000000007e+00, 68.000000000000000,746.56666666666695
2016-02-07 14:30:00,20.600000000000001,42.266666666666701, 8.2500000000000000e+00, 68.500000000000000,746.60000000000002
2016-02-07 14:40:00,20.600000000000001,42.466666666666697, 8.1999999999999993e+00, 69.000000000000000,746.63333333333298
2016-02-07 14:50:00,20.600000000000001,42.600000000000001, 8.1500000000000004e+00, 69.500000000000000,746.66666666666697
2016-02-07 15:00:00,20.600000000000001,42.933333333333302, 8.0999999999999996e+00, 70.000000000000000,746.70000000000005
2016-02-07 15:10:00,20.666666666666700,43.133333333333297, 8.1833333333333300e+00, 69.166666666666700,746.71666666666704
2016-02-07 15:20:00,20.699999999999999,43.433333333333302, 8.2666666666666693e+00, 68.333333333333300,746.73333333333301
2016-02-07 15:30:00,20.760000000000002,43.500000000000000, 8.3499999999999996e+00, 67.500000000000000,746.75000000000000
2016-02-07 15:40:00,20.789999999999999,43.223333333333301, 8.4333333333333300e+00, 66.666666666666700,746.76666666666699
2016-02-07 15:50:00,20.856666666666701,43.090000000000003, 8.5166666666666693e+00, 65.833333333333300,746.78333333333296
2016-02-07 16:00:00,20.890000000000001,43.126666666666701, 8.5999999999999996e+00, 65.000000000000000,746.79999999999995
2016-02-07 16:10:00,20.890000000000001,43.126666666666701, 8.5333333333333297e+00, 65.166666666666700,746.88333333333298
2016-02-07 16:20:00,20.890000000000001,42.623333333333299, 8.4666666666666703e+00, 65.333333333333300,746.96666666666704
2016-02-07 16:30:00,20.823333333333299,41.956666666666699, 8.4000000000000004e+00, 65.500000000000000,747.04999999999995
2016-02-07 16:40:00,20.789999999999999,41.466666666666697, 8.3333333333333304e+00, 65.666666666666700,747.13333333333298
2016-02-07 16:50:00,20.730000000000000,41.326666666666704, 8.2666666666666693e+00, 65.833333333333300,747.21666666666704
2016-02-07 17:00:00,20.699999999999999,41.200000000000003, 8.1999999999999993e+00, 66.000000000000000,747.29999999999995
2016-02-07 17:10:00,20.699999999999999,41.200000000000003, 8.0999999999999996e+00, 66.000000000000000,747.25000000000000
2016-02-07 17:20:00,20.699999999999999,41.200000000000003, 8.0000000000000000e+00, 66.000000000000000,747.20000000000005
2016-02-07 17:30:00,20.699999999999999,41.259999999999998, 7.9000000000000004e+00, 66.000000000000000,747.14999999999998
2016-02-07 17:40:00,20.600000000000001,41.090000000000003, 7.7999999999999998e+00, 66.000000000000000,747.10000000000002
2016-02-07 17:50:00,20.600000000000001,41.223333333333301, 7.7000000000000002e+00, 66.000000000000000,747.04999999999995
2016-02-07 18:00:00,20.600000000000001,41.566666666666698, 7.5999999999999996e+00, 66.000000000000000,747.00000000000000
2016-02-07 18:10:00,20.625000000000000,41.722499999999997, 7.5833333333333304e+00, 66.000000000000000,747.03333333333296
2016-02-07 18:20:00,20.699999999999999,41.789999999999999, 7.5666666666666700e+00, 66.000000000000000,747.06666666666695
2016-02-07 18:30:00,20.823333333333299,41.723333333333301, 7.5499999999999998e+00, 66.000000000000000,747.10000000000002
2016-02-07 18:40:00,20.963333333333299,41.530000000000001, 7.5333333333333297e+00, 66.000000000000000,747.13333333333298
2016-02-07 18:50:00,21.100000000000001,41.560000000000002, 7.5166666666666702e+00, 66.000000000000000,747.16666666666697
2016-02-07 19:00:00,21.166666666666700,41.500000000000000, 7.5000000000000000e+00, 66.000000000000000,747.20000000000005
2016-02-07 19:10:00,21.230000000000000,41.500000000000000, 7.4333333333333300e+00, 66.166666666666700,747.11666666666702
2016-02-07 19:20:00,21.289999999999999,41.500000000000000, 7.3666666666666698e+00, 66.333333333333300,747.03333333333296
2016-02-07 19:30:00,21.426666666666701,41.500000000000000, 7.2999999999999998e+00, 66.500000000000000,746.95000000000005
2016-02-07 19:40:00,21.500000000000000,41.560000000000002, 7.2333333333333298e+00, 66.666666666666700,746.86666666666702
2016-02-07 19:50:00,21.600000000000001,41.466666666666697, 7.1666666666666696e+00, 66.833333333333300,746.78333333333296
2016-02-07 20:00:00,21.600000000000001,41.326666666666704, 7.0999999999999996e+00, 67.000000000000000,746.70000000000005
2016-02-07 20:10:00,21.600000000000001,41.200000000000003, 7.1166666666666698e+00, 67.333333333333300,746.61666666666702
2016-02-07 20:20:00,21.666666666666700,41.066666666666698, 7.1333333333333302e+00, 67.666666666666700,746.53333333333296
2016-02-07 20:30:00,21.699999999999999,41.060000000000002, 7.1500000000000004e+00, 68.000000000000000,746.45000000000005
2016-02-07 20:40:00,21.699999999999999,41.000000000000000, 7.1666666666666696e+00, 68.333333333333300,746.36666666666702
2016-02-07 20:50:00,21.699999999999999,41.060000000000002, 7.1833333333333300e+00, 68.666666666666700,746.28333333333296
2016-02-07 21:00:00,21.699999999999999,41.000000000000000, 7.2000000000000002e+00, 69.000000000000000,746.20000000000005
2016-02-07 21:10:00,21.699999999999999,41.090000000000003, 7.2666666666666702e+00, 69.166666666666700,746.11666666666702
2016-02-07 21:20:00,21.699999999999999,41.090000000000003, 7.3333333333333304e+00, 69.333333333333300,746.03333333333296
2016-02-07 21:30:00,21.649999999999999,41.090000000000003, 7.4000000000000004e+00, 69.500000000000000,745.95000000000005
2016-02-07 21:40:00,21.666666666666700,41.163333333333298, 7.4666666666666703e+00, 69.666666666666700,745.86666666666702
2016-02-07 21:50:00,21.600000000000001,41.090000000000003, 7.5333333333333297e+00, 69.833333333333300,745.78333333333296
2016-02-07 22:00:00,21.566666666666698,41.090000000000003, 7.5999999999999996e+00, 70.000000000000000,745.70000000000005
2016-02-07 22:10:00,21.500000000000000,41.090000000000003, 7.6666666666666696e+00, 69.833333333333300,745.53333333333296
2016-02-07 22:20:00,21.500000000000000,41.060000000000002, 7.7333333333333298e+00, 69.666666666666700,745.36666666666702
2016-02-07 22:30:00,21.500000000000000,40.933333333333302, 7.7999999999999998e+00, 69.500000000000000,745.20000000000005
2016-02-07 22:40:00,21.390000000000001,41.000000000000000, 7.8666666666666698e+00, 69.333333333333300,745.03333333333296
2016-02-07 22:50:00,21.390000000000001,41.133333333333297, 7.9333333333333300e+00, 69.166666666666700,744.86666666666702
2016-02-07 23:00:00,21.356666666666701,41.326666666666704, 8.0000000000000000e+00, 69.000000000000000,744.70000000000005
2016-02-07 23:10:00,21.289999999999999,41.466666666666697, 7.8833333333333302e+00, 70.666666666666700,744.50000000000000
2016-02-07 23:20:00,21.260000000000002,41.500000000000000, 7.7666666666666702e+00, 72.333333333333300,744.29999999999995
2016-02-07 23:30:00,21.199999999999999,41.500000000000000, 7.6500000000000004e+00, 74.000000000000000,744.10000000000002
2016-02-07 23:40:00,21.199999999999999,41.466666666666697, 7.5333333333333297e+00, 75.666666666666700,743.89999999999998
2016-02-07 23:50:00,21.133333333333301,41.399999999999999, 7.4166666666666696e+00, 77.333333333333300,743.70000000000005
2016-02-08 00:00:00,21.100000000000001,41.433333333333302, 7.2999999999999998e+00, 79.000000000000000,743.50000000000000
2016-02-08 00:10:00,21.100000000000001,41.500000000000000, 7.4166666666666696e+00, 78.333333333333300,743.38333333333298
2016-02-08 00:20:00,21.066666666666698,41.560000000000002, 7.5333333333333297e+00, 77.666666666666700,743.26666666666699
2016-02-08 00:30:00,21.000000000000000,41.500000000000000, 7.6500000000000004e+00, 77.000000000000000,743.14999999999998
2016-02-08 00:40:00,21.000000000000000,41.729999999999997, 7.7666666666666702e+00, 76.333333333333300,743.03333333333296
2016-02-08 00:50:00,20.917500000000000,41.897500000000001, 7.8833333333333302e+00, 75.666666666666700,742.91666666666697
2016-02-08 01:00:00,20.890000000000001,42.022500000000001, 8.0000000000000000e+00, 75.000000000000000,742.79999999999995
2016-02-08 01:10:00,20.890000000000001,42.163333333333298, 7.9500000000000002e+00, 76.333333333333300,742.56666666666695
2016-02-08 01:20:00,20.856666666666701,42.200000000000003, 7.9000000000000004e+00, 77.666666666666700,742.33333333333303
2016-02-08 01:30:00,20.789999999999999,42.259999999999998, 7.8499999999999996e+00, 79.000000000000000,742.10000000000002
2016-02-08 01:40:00,20.789999999999999,42.289999999999999, 7.7999999999999998e+00, 80.333333333333300,741.86666666666702
2016-02-08 01:50:00,20.730000000000000,42.363333333333301, 7.7500000000000000e+00, 81.666666666666700,741.63333333333298
2016-02-08 02:00:00,20.699999999999999,42.433333333333302, 7.7000000000000002e+00, 83.000000000000000,741.39999999999998
2016-02-08 02:10:00,20.699999999999999,42.500000000000000, 7.7666666666666702e+00, 83.166666666666700,741.23333333333301
2016-02-08 02:20:00,20.699999999999999,42.590000000000003, 7.8333333333333304e+00, 83.333333333333300,741.06666666666695
2016-02-08 02:30:00,20.699999999999999,42.663333333333298, 7.9000000000000004e+00, 83.500000000000000,740.89999999999998
2016-02-08 02:40:00,20.666666666666700,42.700000000000003, 7.9666666666666703e+00, 83.666666666666700,740.73333333333301
2016-02-08 02:50:00,20.600000000000001,42.700000000000003, 8.0333333333333297e+00, 83.833333333333300,740.56666666666695
2016-02-08 03:00:00,20.600000000000001,42.789999999999999, 8.0999999999999996e+00, 84.000000000000000,740.39999999999998
2016-02-08 03:10:00,20.600000000000001,42.789999999999999, 8.0999999999999996e+00, 85.500000000000000,740.16666666666697
2016-02-08 03:20:00,20.566666666666698,42.899999999999999, 8.0999999999999996e+00, 87.000000000000000,739.93333333333305
2016-02-08 03:30:00,20.566666666666698,42.899999999999999, 8.0999999999999996e+00, 88.500000000000000,739.70000000000005
2016-02-08 03:40:00,20.500000000000000,42.899999999999999, 8.0999999999999996e+00, 90.000000000000000,739.46666666666704
2016-02-08 03:50:00,20.500000000000000,42.966666666666697, 8.0999999999999996e+00, 91.500000000000000,739.23333333333301
2016-02-08 04:00:00,20.500000000000000,43.090000000000003, 8.0999999999999996e+00, 93.000000000000000,739.00000000000000
2016-02-08 04:10:00,20.390000000000001,43.090000000000003, 8.0000000000000000e+00, 92.666666666666700,739.03333333333296
2016-02-08 04:20:00,20.390000000000001,43.163333333333298, 7.9000000000000004e+00, 92.333333333333300,739.06666666666695
2016-02-08 04:30:00,20.390000000000001,43.289999999999999, 7.7999999999999998e+00, 92.000000000000000,739.10000000000002
2016-02-08 04:40:00,20.390000000000001,43.363333333333301, 7.7000000000000002e+00, 91.666666666666700,739.13333333333298
2016-02-08 04:50:00,20.390000000000001,43.289999999999999, 7.5999999999999996e+00, 91.333333333333300,739.16666666666697
2016-02-08 05:00:00,20.323333333333299,43.363333333333301, 7.5000000000000000e+00, 91.000000000000000,739.20000000000005
2016-02-08 05:10:00,20.289999999999999,43.399999999999999, 7.5666666666666700e+00, 91.000000000000000,739.11666666666702
2016-02-08 05:20:00,20.289999999999999,43.466666666666697, 7.6333333333333302e+00, 91.000000000000000,739.03333333333296
2016-02-08 05:30:00,20.289999999999999,43.530000000000001, 7.7000000000000002e+00, 91.000000000000000,738.95000000000005
2016-02-08 05:40:00,20.289999999999999,43.590000000000003, 7.7666666666666702e+00, 91.000000000000000,738.86666666666702
2016-02-08 05:50:00,20.260000000000002,43.590000000000003, 7.8333333333333304e+00, 91.000000000000000,738.78333333333296
2016-02-08 06:00:00,20.260000000000002,43.663333333333298, 7.9000000000000004e+00, 91.000000000000000,738.70000000000005
2016-02-08 06:10:00,20.260000000000002,43.700000000000003, 8.1333333333333293e+00, 88.833333333333300,738.68333333333305
2016-02-08 06:20:00,20.199999999999999,43.700000000000003, 8.3666666666666707e+00, 86.666666666666700,738.66666666666697
2016-02-08 06:30:00,20.199999999999999,43.700000000000003, 8.5999999999999996e+00, 84.500000000000000,738.64999999999998
2016-02-08 06:40:00,20.199999999999999,43.700000000000003, 8.8333333333333304e+00, 82.333333333333300,738.63333333333298
2016-02-08 06:50:00,20.199999999999999,43.700000000000003, 9.0666666666666700e+00, 80.166666666666700,738.61666666666702
2016-02-08 07:00:00,20.199999999999999,43.759999999999998, 9.3000000000000007e+00, 78.000000000000000,738.60000000000002
2016-02-08 07:10:00,20.166666666666700,43.826666666666704, 9.1833333333333300e+00, 78.500000000000000,738.56666666666695
2016-02-08 07:20:00,20.100000000000001,43.844999999999999, 9.0666666666666700e+00, 79.000000000000000,738.53333333333296
2016-02-08 07:30:00,20.100000000000001,43.966666666666697, 8.9499999999999993e+00, 79.500000000000000,738.50000000000000
2016-02-08 07:40:00,20.100000000000001,44.000000000000000, 8.8333333333333304e+00, 80.000000000000000,738.46666666666704
2016-02-08 07:50:00,20.100000000000001,44.000000000000000, 8.7166666666666703e+00, 80.500000000000000,738.43333333333305
2016-02-08 08:00:00,20.100000000000001,44.000000000000000, 8.5999999999999996e+00, 81.000000000000000,738.39999999999998
2016-02-08 08:10:00,20.100000000000001,43.859999999999999, 8.6166666666666707e+00, 79.666666666666700,738.50000000000000
2016-02-08 08:20:00,20.100000000000001,43.700000000000003, 8.6333333333333293e+00, 78.333333333333300,738.60000000000002
2016-02-08 08:30:00,20.100000000000001,43.700000000000003, 8.6500000000000004e+00, 77.000000000000000,738.70000000000005
2016-02-08 08:40:00,20.100000000000001,43.826666666666704, 8.6666666666666696e+00, 75.666666666666700,738.79999999999995
2016-02-08 08:50:00,20.100000000000001,43.899999999999999, 8.6833333333333300e+00, 74.333333333333300,738.89999999999998
2016-02-08 09:00:00,20.100000000000001,43.759999999999998, 8.6999999999999993e+00, 73.000000000000000,739.00000000000000
2016-02-08 09:10:00,20.100000000000001,43.626666666666701, 8.6833333333333300e+00, 73.500000000000000,738.95000000000005
2016-02-08 09:20:00,20.100000000000001,43.466666666666697, 8.6666666666666696e+00, 74.000000000000000,738.89999999999998
2016-02-08 09:30:00,20.100000000000001,43.326666666666704, 8.6500000000000004e+00, 74.500000000000000,738.85000000000002
2016-02-08 09:40:00,20.100000000000001,43.359999999999999, 8.6333333333333293e+00, 75.000000000000000,738.79999999999995
2016-02-08 09:50:00,20.100000000000001,43.500000000000000, 8.6166666666666707e+00, 75.500000000000000,738.75000000000000
2016-02-08 10:00:00,20.100000000000001,43.399999999999999, 8.5999999999999996e+00, 76.000000000000000,738.70000000000005
2016-02-08 10:10:00,20.100000000000001,43.399999999999999, 8.5000000000000000e+00, 76.666666666666700,738.79999999999995
2016-02-08 10:20:00,20.100000000000001,43.289999999999999, 8.4000000000000004e+00, 77.333333333333300,738.89999999999998
2016-02-08 10:30:00,20.100000000000001,43.195000000000000, 8.3000000000000007e+00, 78.000000000000000,739.00000000000000
2016-02-08 10:40:00,20.100000000000001,43.030000000000001, 8.1999999999999993e+00, 78.666666666666700,739.10000000000002
2016-02-08 10:50:00,20.100000000000001,42.863333333333301, 8.0999999999999996e+00, 79.333333333333300,739.20000000000005
2016-02-08 11:00:00,20.033333333333299,42.656666666666702, 8.0000000000000000e+00, 80.000000000000000,739.29999999999995
2016-02-08 11:10:00,20.000000000000000,42.626666666666701, 7.8833333333333302e+00, 80.333333333333300,739.31666666666695
2016-02-08 11:20:00,20.000000000000000,42.626666666666701, 7.7666666666666702e+00, 80.666666666666700,739.33333333333303
2016-02-08 11:30:00,20.100000000000001,42.729999999999997, 7.6500000000000004e+00, 81.000000000000000,739.35000000000002
2016-02-08 11:40:00,20.166666666666700,42.729999999999997, 7.5333333333333297e+00, 81.333333333333300,739.36666666666702
2016-02-08 11:50:00,20.199999999999999,42.789999999999999, 7.4166666666666696e+00, 81.666666666666700,739.38333333333298
2016-02-08 12:00:00,20.199999999999999,42.863333333333301, 7.2999999999999998e+00, 82.000000000000000,739.39999999999998
2016-02-08 12:10:00,20.199999999999999,42.933333333333302, 7.6333333333333302e+00, 79.666666666666700,739.38333333333298
2016-02-08 12:20:00,20.199999999999999,43.000000000000000, 7.9666666666666703e+00, 77.333333333333300,739.36666666666702
2016-02-08 12:30:00,20.230000000000000,43.030000000000001, 8.3000000000000007e+00, 75.000000000000000,739.35000000000002
2016-02-08 12:40:00,20.289999999999999,43.163333333333298, 8.6333333333333293e+00, 72.666666666666700,739.33333333333303
2016-02-08 12:50:00,20.289999999999999,43.200000000000003, 8.9666666666666703e+00, 70.333333333333300,739.31666666666695
2016-02-08 13:00:00,20.356666666666701,43.066666666666698, 9.3000000000000007e+00, 68.000000000000000,739.29999999999995
2016-02-08 13:10:00,20.289999999999999,42.863333333333301, 9.0166666666666693e+00, 68.500000000000000,739.35000000000002
2016-02-08 13:20:00,20.289999999999999,42.729999999999997, 8.7333333333333307e+00, 69.000000000000000,739.39999999999998
2016-02-08 13:30:00,20.289999999999999,42.590000000000003, 8.4499999999999993e+00, 69.500000000000000,739.45000000000005
2016-02-08 13:40:00,20.289999999999999,42.663333333333298, 8.1666666666666696e+00, 70.000000000000000,739.50000000000000
2016-02-08 13:50:00,20.289999999999999,42.844999999999999, 7.8833333333333302e+00, 70.500000000000000,739.54999999999995
2016-02-08 14:00:00,20.289999999999999,43.030000000000001, 7.5999999999999996e+00, 71.000000000000000,739.60000000000002
2016-02-08 14:10:00,20.289999999999999,43.090000000000003, 7.6833333333333300e+00, 70.666666666666700,739.63333333333298
2016-02-08 14:20:00,20.289999999999999,43.163333333333298, 7.7666666666666702e+00, 70.333333333333300,739.66666666666697
2016-02-08 14:30:00,20.289999999999999,43.090000000000003, 7.8499999999999996e+00, 70.000000000000000,739.70000000000005
2016-02-08 14:40:00,20.390000000000001,42.899999999999999, 7.9333333333333300e+00, 69.666666666666700,739.73333333333301
2016-02-08 14:50:00,20.390000000000001,42.766666666666701, 8.0166666666666693e+00, 69.333333333333300,739.76666666666699
2016-02-08 15:00:00,20.289999999999999,42.399999999999999, 8.0999999999999996e+00, 69.000000000000000,739.79999999999995
2016-02-08 15:10:00,20.289999999999999,42.466666666666697, 8.0833333333333304e+00, 68.833333333333300,739.85000000000002
2016-02-08 15:20:00,20.289999999999999,42.466666666666697, 8.0666666666666700e+00, 68.666666666666700,739.89999999999998
2016-02-08 15:30:00,20.356666666666701,42.326666666666704, 8.0500000000000007e+00, 68.500000000000000,739.95000000000005
2016-02-08 15:40:00,20.500000000000000,42.163333333333298, 8.0333333333333297e+00, 68.333333333333300,740.00000000000000
2016-02-08 15:50:00,20.566666666666698,42.030000000000001, 8.0166666666666693e+00, 68.166666666666700,740.04999999999995
2016-02-08 16:00:00,20.600000000000001,41.789999999999999, 8.0000000000000000e+00, 68.000000000000000,740.10000000000002
2016-02-08 16:10:00,20.600000000000001,41.729999999999997, 7.9833333333333298e+00, 69.166666666666700,740.25000000000000
2016-02-08 16:20:00,20.730000000000000,41.663333333333298, 7.9666666666666703e+00, 70.333333333333300,740.39999999999998
2016-02-08 16:30:00,20.789999999999999,41.463333333333303, 7.9500000000000002e+00, 71.500000000000000,740.54999999999995
2016-02-08 16:40:00,20.926666666666701,41.363333333333301, 7.9333333333333300e+00, 72.666666666666700,740.70000000000005
2016-02-08 16:50:00,21.066666666666698,41.289999999999999, 7.9166666666666696e+00, 73.833333333333300,740.85000000000002
2016-02-08 17:00:00,21.149999999999999,41.100000000000001, 7.9000000000000004e+00, 75.000000000000000,741.00000000000000
2016-02-08 17:10:00,21.323333333333299,40.863333333333301, 7.9166666666666696e+00, 74.000000000000000,741.01666666666699
2016-02-08 17:20:00,21.463333333333299,40.729999999999997, 7.9333333333333300e+00, 73.000000000000000,741.03333333333296
2016-02-08 17:30:00,21.633333333333301,40.466666666666697, 7.9500000000000002e+00, 72.000000000000000,741.04999999999995
2016-02-08 17:40:00,21.760000000000002,40.399999999999999, 7.9666666666666703e+00, 71.000000000000000,741.06666666666695
2016-02-08 17:50:00,21.890000000000001,40.259999999999998, 7.9833333333333298e+00, 70.000000000000000,741.08333333333303
2016-02-08 18:00:00,22.030000000000001,40.200000000000003, 8.0000000000000000e+00, 69.000000000000000,741.10000000000002
2016-02-08 18:10:00,22.230000000000000,40.000000000000000, 7.9666666666666703e+00, 69.333333333333300,741.23333333333301
2016-02-08 18:20:00,22.430000000000000,39.933333333333302, 7.9333333333333300e+00, 69.666666666666700,741.36666666666702
2016-02-08 18:30:00,22.633333333333301,39.663333333333298, 7.9000000000000004e+00, 70.000000000000000,741.50000000000000
2016-02-08 18:40:00,22.826666666666700,39.590000000000003, 7.8666666666666698e+00, 70.333333333333300,741.63333333333298
2016-02-08 18:50:00,23.033333333333299,39.859999999999999, 7.8333333333333304e+00, 70.666666666666700,741.76666666666699
2016-02-08 19:00:00,23.166666666666700,40.000000000000000, 7.7999999999999998e+00, 71.000000000000000,741.89999999999998
2016-02-08 19:10:00,23.230000000000000,40.299999999999997, 7.7833333333333297e+00, 70.833333333333300,742.01666666666699
2016-02-08 19:20:00,23.356666666666701,40.633333333333297, 7.7666666666666702e+00, 70.666666666666700,742.13333333333298
2016-02-08 19:30:00,23.390000000000001,40.700000000000003, 7.7500000000000000e+00, 70.500000000000000,742.25000000000000
2016-02-08 19:40:00,23.463333333333299,40.700000000000003, 7.7333333333333298e+00, 70.333333333333300,742.36666666666702
2016-02-08 19:50:00,23.533333333333299,40.633333333333297, 7.7166666666666703e+00, 70.166666666666700,742.48333333333301
2016-02-08 20:00:00,23.600000000000001,40.433333333333302, 7.7000000000000002e+00, 70.000000000000000,742.60000000000002
2016-02-08 20:10:00,23.566666666666698,40.133333333333297, 7.7166666666666703e+00, 69.833333333333300,742.71666666666704
2016-02-08 20:20:00,23.500000000000000,39.820000000000000, 7.7333333333333298e+00, 69.666666666666700,742.83333333333303
2016-02-08 20:30:00,23.500000000000000,39.626666666666701, 7.7500000000000000e+00, 69.500000000000000,742.95000000000005
2016-02-08 20:40:00,23.500000000000000,39.656666666666702, 7.7666666666666702e+00, 69.333333333333300,743.06666666666695
2016-02-08 20:50:00,23.500000000000000,39.930000000000000, 7.7833333333333297e+00, 69.166666666666700,743.18333333333305
2016-02-08 21:00:00,23.390000000000001,40.000000000000000, 7.7999999999999998e+00, 69.000000000000000,743.29999999999995
2016-02-08 21:10:00,23.390000000000001,40.000000000000000, 7.7666666666666702e+00, 69.000000000000000,743.41666666666697
2016-02-08 21:20:00,23.426666666666701,40.030000000000001, 7.7333333333333298e+00, 69.000000000000000,743.53333333333296
2016-02-08 21:30:00,23.426666666666701,40.030000000000001, 7.7000000000000002e+00, 69.000000000000000,743.64999999999998
2016-02-08 21:40:00,23.289999999999999,39.863333333333301, 7.6666666666666696e+00, 69.000000000000000,743.76666666666699
2016-02-08 21:50:00,23.289999999999999,39.789999999999999, 7.6333333333333302e+00, 69.000000000000000,743.88333333333298
2016-02-08 22:00:00,23.199999999999999,39.700000000000003, 7.5999999999999996e+00, 69.000000000000000,744.00000000000000
2016-02-08 22:10:00,23.199999999999999,39.626666666666701, 7.5000000000000000e+00, 69.833333333333300,744.06666666666695
2016-02-08 22:20:00,23.100000000000001,39.829999999999998, 7.4000000000000004e+00, 70.666666666666700,744.13333333333298
2016-02-08 22:30:00,23.100000000000001,40.363333333333301, 7.2999999999999998e+00, 71.500000000000000,744.20000000000005
2016-02-08 22:40:00,22.963333333333299,40.890000000000001, 7.2000000000000002e+00, 72.333333333333300,744.26666666666699
2016-02-08 22:50:00,22.890000000000001,41.163333333333298, 7.0999999999999996e+00, 73.166666666666700,744.33333333333303
2016-02-08 23:00:00,22.789999999999999,41.090000000000003, 7.0000000000000000e+00, 74.000000000000000,744.39999999999998
2016-02-08 23:10:00,22.730000000000000,41.163333333333298, 6.9000000000000004e+00, 75.000000000000000,744.45000000000005
2016-02-08 23:20:00,22.666666666666700,41.200000000000003, 6.7999999999999998e+00, 76.000000000000000,744.50000000000000
2016-02-08 23:30:00,22.600000000000001,41.200000000000003, 6.7000000000000002e+00, 77.000000000000000,744.54999999999995
2016-02-08 23:40:00,22.500000000000000,41.244999999999997, 6.5999999999999996e+00, 78.000000000000000,744.60000000000002
2016-02-08 23:50:00,22.390000000000001,41.200000000000003, 6.5000000000000000e+00, 79.000000000000000,744.64999999999998
2016-02-09 00:00:00,22.390000000000001,41.259999999999998, 6.4000000000000004e+00, 80.000000000000000,744.70000000000005
2016-02-09 00:10:00,22.289999999999999,41.289999999999999, 6.3666666666666698e+00, 79.833333333333300,744.71666666666704
2016-02-09 00:20:00,22.230000000000000,41.229999999999997, 6.3333333333333304e+00, 79.666666666666700,744.73333333333301
2016-02-09 00:30:00,22.199999999999999,41.200000000000003, 6.2999999999999998e+00, 79.500000000000000,744.75000000000000
2016-02-09 00:40:00,22.133333333333301,41.200000000000003, 6.2666666666666702e+00, 79.333333333333300,744.76666666666699
2016-02-09 00:50:00,22.066666666666698,41.259999999999998, 6.2333333333333298e+00, 79.166666666666700,744.78333333333296
2016-02-09 01:00:00,22.000000000000000,41.200000000000003, 6.2000000000000002e+00, 79.000000000000000,744.79999999999995
2016-02-09 01:10:00,21.963333333333299,41.200000000000003, 6.2166666666666703e+00, 79.000000000000000,744.79999999999995
2016-02-09 01:20:00,21.890000000000001,41.200000000000003, 6.2333333333333298e+00, 79.000000000000000,744.79999999999995
2016-02-09 01:30:00,21.856666666666701,41.163333333333298, 6.2500000000000000e+00, 79.000000000000000,744.79999999999995
2016-02-09 01:40:00,21.789999999999999,41.090000000000003, 6.2666666666666702e+00, 79.000000000000000,744.79999999999995
2016-02-09 01:50:00,21.789999999999999,41.090000000000003, 6.2833333333333297e+00, 79.000000000000000,744.79999999999995
2016-02-09 02:00:00,21.730000000000000,41.090000000000003, 6.2999999999999998e+00, 79.000000000000000,744.79999999999995
2016-02-09 02:10:00,21.699999999999999,41.126666666666701, 6.2999999999999998e+00, 79.833333333333300,744.76666666666699
2016-02-09 02:20:00,21.633333333333301,41.126666666666701, 6.2999999999999998e+00, 80.666666666666700,744.73333333333301
2016-02-09 02:30:00,21.600000000000001,41.090000000000003, 6.2999999999999998e+00, 81.500000000000000,744.70000000000005
2016-02-09 02:40:00,21.600000000000001,41.090000000000003, 6.2999999999999998e+00, 82.333333333333300,744.66666666666697
2016-02-09 02:50:00,21.566666666666698,41.090000000000003, 6.2999999999999998e+00, 83.166666666666700,744.63333333333298
2016-02-09 03:00:00,21.500000000000000,41.090000000000003, 6.2999999999999998e+00, 84.000000000000000,744.60000000000002
2016-02-09 03:10:00,21.500000000000000,41.163333333333298, 6.2999999999999998e+00, 83.500000000000000,744.48333333333301
2016-02-09 03:20:00,21.390000000000001,41.090000000000003, 6.2999999999999998e+00, 83.000000000000000,744.36666666666702
2016-02-09 03:30:00,21.390000000000001,41.090000000000003, 6.2999999999999998e+00, 82.500000000000000,744.25000000000000
2016-02-09 03:40:00,21.390000000000001,41.200000000000003, 6.2999999999999998e+00, 82.000000000000000,744.13333333333298
2016-02-09 03:50:00,21.323333333333299,41.200000000000003, 6.2999999999999998e+00, 81.500000000000000,744.01666666666699
2016-02-09 04:00:00,21.289999999999999,41.229999999999997, 6.2999999999999998e+00, 81.000000000000000,743.89999999999998
2016-02-09 04:10:00,21.289999999999999,41.289999999999999, 6.2833333333333297e+00, 80.666666666666700,743.78333333333296
2016-02-09 04:20:00,21.260000000000002,41.259999999999998, 6.2666666666666702e+00, 80.333333333333300,743.66666666666697
2016-02-09 04:30:00,21.199999999999999,41.200000000000003, 6.2500000000000000e+00, 80.000000000000000,743.54999999999995
2016-02-09 04:40:00,21.199999999999999,41.326666666666704, 6.2333333333333298e+00, 79.666666666666700,743.43333333333305
2016-02-09 04:50:00,21.199999999999999,41.326666666666704, 6.2166666666666703e+00, 79.333333333333300,743.31666666666695
2016-02-09 05:00:00,21.166666666666700,41.399999999999999, 6.2000000000000002e+00, 79.000000000000000,743.20000000000005
2016-02-09 05:10:00,21.100000000000001,41.399999999999999, 6.1666666666666696e+00, 79.166666666666700,743.10000000000002
2016-02-09 05:20:00,21.100000000000001,41.399999999999999, 6.1333333333333302e+00, 79.333333333333300,743.00000000000000
2016-02-09 05:30:00,21.033333333333299,41.326666666666704, 6.0999999999999996e+00, 79.500000000000000,742.89999999999998
2016-02-09 05:40:00,21.033333333333299,41.433333333333302, 6.0666666666666700e+00, 79.666666666666700,742.79999999999995
2016-02-09 05:50:00,21.033333333333299,41.433333333333302, 6.0333333333333297e+00, 79.833333333333300,742.70000000000005
2016-02-09 06:00:00,21.000000000000000,41.399999999999999, 6.0000000000000000e+00, 80.000000000000000,742.60000000000002
2016-02-09 06:10:00,21.000000000000000,41.466666666666697, 6.0666666666666700e+00, 80.000000000000000,742.41666666666697
2016-02-09 06:20:00,20.890000000000001,41.500000000000000, 6.1333333333333302e+00, 80.000000000000000,742.23333333333301
2016-02-09 06:30:00,20.890000000000001,41.500000000000000, 6.2000000000000002e+00, 80.000000000000000,742.04999999999995
2016-02-09 06:40:00,20.890000000000001,41.560000000000002, 6.2666666666666702e+00, 80.000000000000000,741.86666666666702
2016-02-09 06:50:00,20.890000000000001,41.590000000000003, 6.3333333333333304e+00, 80.000000000000000,741.68333333333305
2016-02-09 07:00:00,20.890000000000001,41.663333333333298, 6.4000000000000004e+00, 80.000000000000000,741.50000000000000
2016-02-09 07:10:00,20.789999999999999,41.590000000000003, 6.4000000000000004e+00, 80.666666666666700,741.23333333333301
2016-02-09 07:20:00,20.789999999999999,41.590000000000003, 6.4000000000000004e+00, 81.333333333333300,740.96666666666704
2016-02-09 07:30:00,20.789999999999999,41.656666666666702, 6.4000000000000004e+00, 82.000000000000000,740.70000000000005
2016-02-09 07:40:00,20.789999999999999,41.789999999999999, 6.4000000000000004e+00, 82.666666666666700,740.43333333333305
2016-02-09 07:50:00,20.699999999999999,41.729999999999997, 6.4000000000000004e+00, 83.333333333333300,740.16666666666697
2016-02-09 08:00:00,20.699999999999999,41.729999999999997, 6.4000000000000004e+00, 84.000000000000000,739.89999999999998
2016-02-09 08:10:00,20.699999999999999,41.826666666666704, 6.3333333333333304e+00, 85.500000000000000,739.61666666666702
2016-02-09 08:20:00,20.699999999999999,41.966666666666697, 6.2666666666666702e+00, 87.000000000000000,739.33333333333303
2016-02-09 08:30:00,20.699999999999999,42.126666666666701, 6.2000000000000002e+00, 88.500000000000000,739.04999999999995
2016-02-09 08:40:00,20.699999999999999,42.259999999999998, 6.1333333333333302e+00, 90.000000000000000,738.76666666666699
2016-02-09 08:50:00,20.633333333333301,42.359999999999999, 6.0666666666666700e+00, 91.500000000000000,738.48333333333301
2016-02-09 09:00:00,20.699999999999999,42.560000000000002, 6.0000000000000000e+00, 93.000000000000000,738.20000000000005
2016-02-09 09:10:00,20.699999999999999,42.560000000000002, 5.9166666666666696e+00, 93.000000000000000,737.83333333333303
2016-02-09 09:20:00,20.633333333333301,42.433333333333302, 5.8333333333333304e+00, 93.000000000000000,737.46666666666704
2016-02-09 09:30:00,20.600000000000001,42.289999999999999, 5.7500000000000000e+00, 93.000000000000000,737.10000000000002
2016-02-09 09:40:00,20.600000000000001,42.200000000000003, 5.6666666666666696e+00, 93.000000000000000,736.73333333333301
2016-02-09 09:50:00,20.600000000000001,42.200000000000003, 5.5833333333333304e+00, 93.000000000000000,736.36666666666702
2016-02-09 10:00:00,20.600000000000001,42.126666666666701, 5.5000000000000000e+00, 93.000000000000000,736.00000000000000
2016-02-09 10:10:00,20.600000000000001,42.126666666666701, 5.4166666666666696e+00, 93.666666666666700,735.56666666666695
2016-02-09 10:20:00,20.600000000000001,42.000000000000000, 5.3333333333333304e+00, 94.333333333333300,735.13333333333298
2016-02-09 10:30:00,20.600000000000001,42.000000000000000, 5.2500000000000000e+00, 95.000000000000000,734.70000000000005
2016-02-09 10:40:00,20.500000000000000,41.899999999999999, 5.1666666666666696e+00, 95.666666666666700,734.26666666666699
2016-02-09 10:50:00,20.500000000000000,41.966666666666697, 5.0833333333333304e+00, 96.333333333333300,733.83333333333303
2016-02-09 11:00:00,20.500000000000000,42.000000000000000, 5.0000000000000000e+00, 97.000000000000000,733.39999999999998
2016-02-09 11:10:00,20.500000000000000,42.000000000000000, 5.0000000000000000e+00, 97.333333333333300,733.00000000000000
2016-02-09 11:20:00,20.500000000000000,42.000000000000000, 5.0000000000000000e+00, 97.666666666666700,732.60000000000002
2016-02-09 11:30:00,20.500000000000000,42.000000000000000, 5.0000000000000000e+00, 98.000000000000000,732.20000000000005
2016-02-09 11:40:00,20.421428571428599,41.850000000000001, 5.0000000000000000e+00, 98.333333333333300,731.79999999999995
2016-02-09 11:50:00,20.390000000000001,41.789999999999999, 5.0000000000000000e+00, 98.666666666666700,731.39999999999998
2016-02-09 12:00:00,20.390000000000001,41.729999999999997, 5.0000000000000000e+00, 99.000000000000000,731.00000000000000
2016-02-09 12:10:00,20.390000000000001,41.863333333333301, 5.0000000000000000e+00, 98.833333333333300,730.71666666666704
2016-02-09 12:20:00,20.390000000000001,42.096666666666700, 5.0000000000000000e+00, 98.666666666666700,730.43333333333305
2016-02-09 12:30:00,20.390000000000001,42.430000000000000, 5.0000000000000000e+00, 98.500000000000000,730.14999999999998
2016-02-09 12:40:00,20.390000000000001,42.656666666666702, 5.0000000000000000e+00, 98.333333333333300,729.86666666666702
2016-02-09 12:50:00,20.472500000000000,42.897500000000001, 5.0000000000000000e+00, 98.166666666666700,729.58333333333303
2016-02-09 13:00:00,20.500000000000000,43.000000000000000, 5.0000000000000000e+00, 98.000000000000000,729.29999999999995
2016-02-09 13:10:00,20.500000000000000,43.126666666666701, 4.9333333333333300e+00, 98.166666666666700,729.33333333333303
2016-02-09 13:20:00,20.500000000000000,43.200000000000003, 4.8666666666666698e+00, 98.333333333333300,729.36666666666702
2016-02-09 13:30:00,20.500000000000000,43.326666666666704, 4.7999999999999998e+00, 98.500000000000000,729.39999999999998
2016-02-09 13:40:00,20.500000000000000,43.466666666666697, 4.7333333333333298e+00, 98.666666666666700,729.43333333333305
2016-02-09 13:50:00,20.500000000000000,43.363333333333301, 4.6666666666666696e+00, 98.833333333333300,729.46666666666704
2016-02-09 14:00:00,20.500000000000000,43.229999999999997, 4.5999999999999996e+00, 99.000000000000000,729.50000000000000
2016-02-09 14:10:00,20.600000000000001,43.090000000000003, 4.5499999999999998e+00, 98.500000000000000,729.70000000000005
2016-02-09 14:20:00,20.600000000000001,43.030000000000001, 4.5000000000000000e+00, 98.000000000000000,729.89999999999998
2016-02-09 14:30:00,20.600000000000001,42.863333333333301, 4.4500000000000002e+00, 97.500000000000000,730.10000000000002
2016-02-09 14:40:00,20.600000000000001,42.729999999999997, 4.4000000000000004e+00, 97.000000000000000,730.29999999999995
2016-02-09 14:50:00,20.730000000000000,42.789999999999999, 4.3499999999999996e+00, 96.500000000000000,730.50000000000000
2016-02-09 15:00:00,20.856666666666701,42.729999999999997, 4.2999999999999998e+00, 96.000000000000000,730.70000000000005
2016-02-09 15:10:00,21.033333333333299,42.466666666666697, 4.1166666666666698e+00, 95.833333333333300,730.98333333333301
2016-02-09 15:20:00,21.166666666666700,42.266666666666701, 3.9333333333333300e+00, 95.666666666666700,731.26666666666699
2016-02-09 15:30:00,21.323333333333299,41.990000000000002, 3.7500000000000000e+00, 95.500000000000000,731.54999999999995
2016-02-09 15:40:00,21.530000000000001,41.656666666666702, 3.5666666666666700e+00, 95.333333333333300,731.83333333333303
2016-02-09 15:50:00,21.730000000000000,41.333333333333300, 3.3833333333333302e+00, 95.166666666666700,732.11666666666702
2016-02-09 16:00:00,21.856666666666701,41.259999999999998, 3.2000000000000002e+00, 95.000000000000000,732.39999999999998
2016-02-09 16:10:00,21.890000000000001,41.200000000000003, 3.3500000000000001e+00, 94.333333333333300,732.71666666666704
2016-02-09 16:20:00,22.000000000000000,41.060000000000002, 3.5000000000000000e+00, 93.666666666666700,733.03333333333296
2016-02-09 16:30:00,22.000000000000000,40.859999999999999, 3.6499999999999999e+00, 93.000000000000000,733.35000000000002
2016-02-09 16:40:00,21.890000000000001,40.759999999999998, 3.7999999999999998e+00, 92.333333333333300,733.66666666666697
2016-02-09 16:50:00,21.890000000000001,40.700000000000003, 3.9500000000000002e+00, 91.666666666666700,733.98333333333301
2016-02-09 17:00:00,21.890000000000001,40.663333333333298, 4.0999999999999996e+00, 91.000000000000000,734.29999999999995
2016-02-09 17:10:00,21.890000000000001,40.530000000000001, 4.1333333333333302e+00, 91.333333333333300,734.43333333333305
2016-02-09 17:20:00,21.890000000000001,40.466666666666697, 4.1666666666666696e+00, 91.666666666666700,734.56666666666695
2016-02-09 17:30:00,21.890000000000001,40.326666666666704, 4.2000000000000002e+00, 92.000000000000000,734.70000000000005
2016-02-09 17:40:00,21.890000000000001,40.090000000000003, 4.2333333333333298e+00, 92.333333333333300,734.83333333333303
2016-02-09 17:50:00,21.890000000000001,40.030000000000001, 4.2666666666666702e+00, 92.666666666666700,734.96666666666704
2016-02-09 18:00:00,22.000000000000000,39.933333333333302, 4.2999999999999998e+00, 93.000000000000000,735.10000000000002
2016-02-09 18:10:00,22.000000000000000,39.933333333333302, 4.2333333333333298e+00, 93.000000000000000,735.26666666666699
2016-02-09 18:20:00,21.963333333333299,40.000000000000000, 4.1666666666666696e+00, 93.000000000000000,735.43333333333305
2016-02-09 18:30:00,21.890000000000001,40.000000000000000, 4.0999999999999996e+00, 93.000000000000000,735.60000000000002
2016-02-09 18:40:00,21.963333333333299,40.000000000000000, 4.0333333333333297e+00, 93.000000000000000,735.76666666666699
2016-02-09 18:50:00,21.890000000000001,39.933333333333302, 3.9666666666666699e+00, 93.000000000000000,735.93333333333305
2016-02-09 19:00:00,22.000000000000000,39.789999999999999, 3.8999999999999999e+00, 93.000000000000000,736.10000000000002
2016-02-09 19:10:00,22.066666666666698,39.789999999999999, 3.8333333333333299e+00, 93.000000000000000,736.21666666666704
2016-02-09 19:20:00,22.100000000000001,40.366666666666703, 3.7666666666666702e+00, 93.000000000000000,736.33333333333303
2016-02-09 19:30:00,22.197500000000002,41.717500000000001, 3.7000000000000002e+00, 93.000000000000000,736.45000000000005
2016-02-09 19:40:00,22.289999999999999,42.863333333333301, 3.6333333333333302e+00, 93.000000000000000,736.56666666666695
2016-02-09 19:50:00,22.390000000000001,42.966666666666697, 3.5666666666666700e+00, 93.000000000000000,736.68333333333305
2016-02-09 20:00:00,22.390000000000001,42.826666666666704, 3.5000000000000000e+00, 93.000000000000000,736.79999999999995
2016-02-09 20:10:00,22.390000000000001,42.193333333333300, 3.4500000000000002e+00, 93.000000000000000,736.91666666666697
2016-02-09 20:20:00,22.390000000000001,41.799999999999997, 3.3999999999999999e+00, 93.000000000000000,737.03333333333296
2016-02-09 20:30:00,22.500000000000000,41.663333333333298, 3.3500000000000001e+00, 93.000000000000000,737.14999999999998
2016-02-09 20:40:00,22.426666666666701,41.390000000000001, 3.2999999999999998e+00, 93.000000000000000,737.26666666666699
2016-02-09 20:50:00,22.426666666666701,41.200000000000003, 3.2500000000000000e+00, 93.000000000000000,737.38333333333298
2016-02-09 21:00:00,22.426666666666701,41.066666666666698, 3.2000000000000002e+00, 93.000000000000000,737.50000000000000
2016-02-09 21:10:00,22.390000000000001,41.000000000000000, 3.2833333333333301e+00, 92.666666666666700,737.54999999999995
2016-02-09 21:20:00,22.390000000000001,40.933333333333302, 3.3666666666666698e+00, 92.333333333333300,737.60000000000002
2016-02-09 21:30:00,22.390000000000001,40.863333333333301, 3.4500000000000002e+00, 92.000000000000000,737.64999999999998
2016-02-09 21:40:00,22.323333333333299,40.789999999999999, 3.5333333333333301e+00, 91.666666666666700,737.70000000000005
2016-02-09 21:50:00,22.289999999999999,40.729999999999997, 3.6166666666666698e+00, 91.333333333333300,737.75000000000000
2016-02-09 22:00:00,22.289999999999999,40.789999999999999, 3.7000000000000002e+00, 91.000000000000000,737.79999999999995
2016-02-09 22:10:00,22.289999999999999,40.700000000000003, 3.6499999999999999e+00, 90.500000000000000,737.89999999999998
2016-02-09 22:20:00,22.230000000000000,40.626666666666701, 3.6000000000000001e+00, 90.000000000000000,738.00000000000000
2016-02-09 22:30:00,22.166666666666700,40.399999999999999, 3.5499999999999998e+00, 89.500000000000000,738.10000000000002
2016-02-09 22:40:00,22.100000000000001,40.299999999999997, 3.5000000000000000e+00, 89.000000000000000,738.20000000000005
2016-02-09 22:50:00,22.100000000000001,40.399999999999999, 3.4500000000000002e+00, 88.500000000000000,738.29999999999995
2016-02-09 23:00:00,22.066666666666698,40.500000000000000, 3.3999999999999999e+00, 88.000000000000000,738.39999999999998
2016-02-09 23:10:00,22.000000000000000,40.500000000000000, 3.3333333333333299e+00, 88.000000000000000,738.45000000000005
2016-02-09 23:20:00,21.963333333333299,40.590000000000003, 3.2666666666666702e+00, 88.000000000000000,738.50000000000000
2016-02-09 23:30:00,21.890000000000001,40.590000000000003, 3.2000000000000002e+00, 88.000000000000000,738.54999999999995
2016-02-09 23:40:00,21.856666666666701,40.560000000000002, 3.1333333333333302e+00, 88.000000000000000,738.60000000000002
2016-02-09 23:50:00,21.789999999999999,40.500000000000000, 3.0666666666666700e+00, 88.000000000000000,738.64999999999998
2016-02-10 00:00:00,21.760000000000002,40.590000000000003, 3.0000000000000000e+00, 88.000000000000000,738.70000000000005
2016-02-10 00:10:00,21.699999999999999,40.590000000000003, 3.0499999999999998e+00, 88.000000000000000,738.75000000000000
2016-02-10 00:20:00,21.699999999999999,40.590000000000003, 3.1000000000000001e+00, 88.000000000000000,738.79999999999995
2016-02-10 00:30:00,21.633333333333301,40.530000000000001, 3.1499999999999999e+00, 88.000000000000000,738.85000000000002
2016-02-10 00:40:00,21.600000000000001,40.433333333333302, 3.2000000000000002e+00, 88.000000000000000,738.89999999999998
2016-02-10 00:50:00,21.600000000000001,40.500000000000000, 3.2500000000000000e+00, 88.000000000000000,738.95000000000005
2016-02-10 01:00:00,21.500000000000000,40.500000000000000, 3.2999999999999998e+00, 88.000000000000000,739.00000000000000
2016-02-10 01:10:00,21.426666666666701,40.433333333333302, 3.2833333333333301e+00, 88.166666666666700,738.98333333333301
2016-02-10 01:20:00,21.463333333333299,40.466666666666697, 3.2666666666666702e+00, 88.333333333333300,738.96666666666704
2016-02-10 01:30:00,21.390000000000001,40.466666666666697, 3.2500000000000000e+00, 88.500000000000000,738.95000000000005
2016-02-10 01:40:00,21.289999999999999,40.500000000000000, 3.2333333333333298e+00, 88.666666666666700,738.93333333333305
2016-02-10 01:50:00,21.289999999999999,40.500000000000000, 3.2166666666666699e+00, 88.833333333333300,738.91666666666697
2016-02-10 02:00:00,21.199999999999999,40.450000000000003, 3.2000000000000002e+00, 89.000000000000000,738.89999999999998
2016-02-10 02:10:00,21.199999999999999,40.500000000000000, 3.2333333333333298e+00, 89.000000000000000,738.89999999999998
2016-02-10 02:20:00,21.199999999999999,40.500000000000000, 3.2666666666666702e+00, 89.000000000000000,738.89999999999998
2016-02-10 02:30:00,21.100000000000001,40.500000000000000, 3.2999999999999998e+00, 89.000000000000000,738.89999999999998
2016-02-10 02:40:00,21.100000000000001,40.500000000000000, 3.3333333333333299e+00, 89.000000000000000,738.89999999999998
2016-02-10 02:50:00,21.100000000000001,40.500000000000000, 3.3666666666666698e+00, 89.000000000000000,738.89999999999998
2016-02-10 03:00:00,21.100000000000001,40.500000000000000, 3.3999999999999999e+00, 89.000000000000000,738.89999999999998
2016-02-10 03:10:00,21.000000000000000,40.363333333333301, 3.2666666666666702e+00, 89.500000000000000,738.91666666666697
2016-02-10 03:20:00,21.000000000000000,40.289999999999999, 3.1333333333333302e+00, 90.000000000000000,738.93333333333305
2016-02-10 03:30:00,20.890000000000001,40.259999999999998, 3.0000000000000000e+00, 90.500000000000000,738.95000000000005
2016-02-10 03:40:00,20.890000000000001,40.200000000000003, 2.8666666666666698e+00, 91.000000000000000,738.96666666666704
2016-02-10 03:50:00,20.856666666666701,40.060000000000002, 2.7333333333333298e+00, 91.500000000000000,738.98333333333301
2016-02-10 04:00:00,20.856666666666701,40.060000000000002, 2.6000000000000001e+00, 92.000000000000000,739.00000000000000
2016-02-10 04:10:00,20.789999999999999,40.000000000000000, 2.5833333333333299e+00, 92.166666666666700,739.03333333333296
2016-02-10 04:20:00,20.789999999999999,40.000000000000000, 2.5666666666666700e+00, 92.333333333333300,739.06666666666695
2016-02-10 04:30:00,20.760000000000002,39.966666666666697, 2.5499999999999998e+00, 92.500000000000000,739.10000000000002
2016-02-10 04:40:00,20.699999999999999,39.966666666666697, 2.5333333333333301e+00, 92.666666666666700,739.13333333333298
2016-02-10 04:50:00,20.699999999999999,39.933333333333302, 2.5166666666666702e+00, 92.833333333333300,739.16666666666697
2016-02-10 05:00:00,20.699999999999999,40.000000000000000, 2.5000000000000000e+00, 93.000000000000000,739.20000000000005
2016-02-10 05:10:00,20.699999999999999,40.000000000000000, 2.5000000000000000e+00, 93.166666666666700,739.23333333333301
2016-02-10 05:20:00,20.625000000000000,39.924999999999997, 2.5000000000000000e+00, 93.333333333333300,739.26666666666699
2016-02-10 05:30:00,20.600000000000001,39.966666666666697, 2.5000000000000000e+00, 93.500000000000000,739.29999999999995
2016-02-10 05:40:00,20.600000000000001,40.000000000000000, 2.5000000000000000e+00, 93.666666666666700,739.33333333333303
2016-02-10 05:50:00,20.533333333333299,40.000000000000000, 2.5000000000000000e+00, 93.833333333333300,739.36666666666702
2016-02-10 06:00:00,20.500000000000000,40.000000000000000, 2.5000000000000000e+00, 94.000000000000000,739.39999999999998
2016-02-10 06:10:00,20.500000000000000,40.000000000000000, 2.5000000000000000e+00, 94.000000000000000,739.41666666666697
2016-02-10 06:20:00,20.500000000000000,40.000000000000000, 2.5000000000000000e+00, 94.000000000000000,739.43333333333305
2016-02-10 06:30:00,20.426666666666701,40.000000000000000, 2.5000000000000000e+00, 94.000000000000000,739.45000000000005
2016-02-10 06:40:00,20.390000000000001,40.000000000000000, 2.5000000000000000e+00, 94.000000000000000,739.46666666666704
2016-02-10 06:50:00,20.390000000000001,40.000000000000000, 2.5000000000000000e+00, 94.000000000000000,739.48333333333301
2016-02-10 07:00:00,20.390000000000001,40.000000000000000, 2.5000000000000000e+00, 94.000000000000000,739.50000000000000
2016-02-10 07:10:00,20.323333333333299,40.000000000000000, 2.5666666666666700e+00, 94.000000000000000,739.56666666666695
2016-02-10 07:20:00,20.289999999999999,40.030000000000001, 2.6333333333333302e+00, 94.000000000000000,739.63333333333298
2016-02-10 07:30:00,20.289999999999999,40.223333333333301, 2.7000000000000002e+00, 94.000000000000000,739.70000000000005
2016-02-10 07:40:00,20.289999999999999,40.530000000000001, 2.7666666666666702e+00, 94.000000000000000,739.76666666666699
2016-02-10 07:50:00,20.289999999999999,40.723333333333301, 2.8333333333333299e+00, 94.000000000000000,739.83333333333303
2016-02-10 08:00:00,20.289999999999999,40.826666666666704, 2.8999999999999999e+00, 94.000000000000000,739.89999999999998
2016-02-10 08:10:00,20.289999999999999,40.966666666666697, 3.0333333333333301e+00, 94.000000000000000,739.95000000000005
2016-02-10 08:20:00,20.260000000000002,41.060000000000002, 3.1666666666666701e+00, 94.000000000000000,740.00000000000000
2016-02-10 08:30:00,20.199999999999999,41.020000000000003, 3.2999999999999998e+00, 94.000000000000000,740.04999999999995
2016-02-10 08:40:00,20.199999999999999,40.899999999999999, 3.4333333333333300e+00, 94.000000000000000,740.10000000000002
2016-02-10 08:50:00,20.199999999999999,40.663333333333298, 3.5666666666666700e+00, 94.000000000000000,740.14999999999998
2016-02-10 09:00:00,20.199999999999999,40.530000000000001, 3.7000000000000002e+00, 94.000000000000000,740.20000000000005
2016-02-10 09:10:00,20.199999999999999,40.399999999999999, 3.7999999999999998e+00, 93.666666666666700,740.28333333333296
2016-02-10 09:20:00,20.199999999999999,40.326666666666704, 3.8999999999999999e+00, 93.333333333333300,740.36666666666702
2016-02-10 09:30:00,20.199999999999999,40.229999999999997, 4.0000000000000000e+00, 93.000000000000000,740.45000000000005
2016-02-10 09:40:00,20.199999999999999,40.363333333333301, 4.0999999999999996e+00, 92.666666666666700,740.53333333333296
2016-02-10 09:50:00,20.199999999999999,40.399999999999999, 4.2000000000000002e+00, 92.333333333333300,740.61666666666702
2016-02-10 10:00:00,20.199999999999999,40.399999999999999, 4.2999999999999998e+00, 92.000000000000000,740.70000000000005
2016-02-10 10:10:00,20.199999999999999,40.259999999999998, 4.4666666666666703e+00, 91.666666666666700,740.78333333333296
2016-02-10 10:20:00,20.199999999999999,40.200000000000003, 4.6333333333333302e+00, 91.333333333333300,740.86666666666702
2016-02-10 10:30:00,20.166666666666700,40.200000000000003, 4.7999999999999998e+00, 91.000000000000000,740.95000000000005
2016-02-10 10:40:00,20.166666666666700,40.200000000000003, 4.9666666666666703e+00, 90.666666666666700,741.03333333333296
2016-02-10 10:50:00,20.100000000000001,40.200000000000003, 5.1333333333333302e+00, 90.333333333333300,741.11666666666702
2016-02-10 11:00:00,20.100000000000001,40.200000000000003, 5.2999999999999998e+00, 90.000000000000000,741.20000000000005
2016-02-10 11:10:00,20.100000000000001,40.200000000000003, 5.3333333333333304e+00, 89.666666666666700,741.29999999999995
2016-02-10 11:20:00,20.100000000000001,40.200000000000003, 5.3666666666666698e+00, 89.333333333333300,741.39999999999998
2016-02-10 11:30:00,20.100000000000001,40.259999999999998, 5.4000000000000004e+00, 89.000000000000000,741.50000000000000
2016-02-10 11:40:00,20.100000000000001,40.460000000000001, 5.4333333333333300e+00, 88.666666666666700,741.60000000000002
2016-02-10 11:50:00,20.050000000000001,40.645000000000003, 5.4666666666666703e+00, 88.333333333333300,741.70000000000005
2016-02-10 12:00:00,20.000000000000000,40.590000000000003, 5.5000000000000000e+00, 88.000000000000000,741.79999999999995
2016-02-10 12:10:00,20.000000000000000,40.590000000000003, 5.3833333333333302e+00, 88.833333333333300,741.81666666666695
2016-02-10 12:20:00,20.000000000000000,40.466666666666697, 5.2666666666666702e+00, 89.666666666666700,741.83333333333303
2016-02-10 12:30:00,20.000000000000000,40.466666666666697, 5.1500000000000004e+00, 90.500000000000000,741.85000000000002
2016-02-10 12:40:00,19.963333333333299,39.933333333333302, 5.0333333333333297e+00, 91.333333333333300,741.86666666666702
2016-02-10 12:50:00,19.763333333333300,39.266666666666701, 4.9166666666666696e+00, 92.166666666666700,741.88333333333298
2016-02-10 13:00:00,19.730000000000000,39.326666666666704, 4.7999999999999998e+00, 93.000000000000000,741.89999999999998
2016-02-10 13:10:00,19.789999999999999,39.466666666666697, 4.8833333333333302e+00, 93.000000000000000,741.96666666666704
2016-02-10 13:20:00,19.789999999999999,39.500000000000000, 4.9666666666666703e+00, 93.000000000000000,742.03333333333296
2016-02-10 13:30:00,19.789999999999999,39.560000000000002, 5.0499999999999998e+00, 93.000000000000000,742.10000000000002
2016-02-10 13:40:00,19.789999999999999,39.789999999999999, 5.1333333333333302e+00, 93.000000000000000,742.16666666666697
2016-02-10 13:50:00,19.789999999999999,39.789999999999999, 5.2166666666666703e+00, 93.000000000000000,742.23333333333301
2016-02-10 14:00:00,19.856666666666701,40.000000000000000, 5.2999999999999998e+00, 93.000000000000000,742.29999999999995
2016-02-10 14:10:00,19.789999999999999,40.000000000000000, 5.4000000000000004e+00, 92.166666666666700,742.39999999999998
2016-02-10 14:20:00,19.789999999999999,40.090000000000003, 5.5000000000000000e+00, 91.333333333333300,742.50000000000000
2016-02-10 14:30:00,19.856666666666701,40.223333333333301, 5.5999999999999996e+00, 90.500000000000000,742.60000000000002
2016-02-10 14:40:00,19.890000000000001,40.530000000000001, 5.7000000000000002e+00, 89.666666666666700,742.70000000000005
2016-02-10 14:50:00,19.963333333333299,40.663333333333298, 5.7999999999999998e+00, 88.833333333333300,742.79999999999995
2016-02-10 15:00:00,19.945000000000000,40.700000000000003, 5.9000000000000004e+00, 88.000000000000000,742.89999999999998
2016-02-10 15:10:00,19.890000000000001,40.700000000000003, 5.9666666666666703e+00, 87.166666666666700,742.95000000000005
2016-02-10 15:20:00,19.890000000000001,40.700000000000003, 6.0333333333333297e+00, 86.333333333333300,743.00000000000000
2016-02-10 15:30:00,19.890000000000001,40.590000000000003, 6.0999999999999996e+00, 85.500000000000000,743.04999999999995
2016-02-10 15:40:00,19.890000000000001,40.590000000000003, 6.1666666666666696e+00, 84.666666666666700,743.10000000000002
2016-02-10 15:50:00,20.000000000000000,40.500000000000000, 6.2333333333333298e+00, 83.833333333333300,743.14999999999998
2016-02-10 16:00:00,20.000000000000000,40.560000000000002, 6.2999999999999998e+00, 83.000000000000000,743.20000000000005
2016-02-10 16:10:00,20.000000000000000,40.590000000000003, 6.2000000000000002e+00, 84.333333333333300,743.29999999999995
2016-02-10 16:20:00,20.000000000000000,40.590000000000003, 6.0999999999999996e+00, 85.666666666666700,743.39999999999998
2016-02-10 16:30:00,20.000000000000000,40.560000000000002, 6.0000000000000000e+00, 87.000000000000000,743.50000000000000
2016-02-10 16:40:00,20.000000000000000,40.500000000000000, 5.9000000000000004e+00, 88.333333333333300,743.60000000000002
2016-02-10 16:50:00,20.100000000000001,40.466666666666697, 5.7999999999999998e+00, 89.666666666666700,743.70000000000005
2016-02-10 17:00:00,20.100000000000001,40.399999999999999, 5.7000000000000002e+00, 91.000000000000000,743.79999999999995
2016-02-10 17:10:00,20.100000000000001,40.399999999999999, 5.5999999999999996e+00, 91.000000000000000,743.95000000000005
2016-02-10 17:20:00,20.033333333333299,40.326666666666704, 5.5000000000000000e+00, 91.000000000000000,744.10000000000002
2016-02-10 17:30:00,20.000000000000000,40.289999999999999, 5.4000000000000004e+00, 91.000000000000000,744.25000000000000
2016-02-10 17:40:00,20.000000000000000,40.289999999999999, 5.2999999999999998e+00, 91.000000000000000,744.39999999999998
2016-02-10 17:50:00,20.000000000000000,40.363333333333301, 5.2000000000000002e+00, 91.000000000000000,744.54999999999995
2016-02-10 18:00:00,20.000000000000000,40.363333333333301, 5.0999999999999996e+00, 91.000000000000000,744.70000000000005
2016-02-10 18:10:00,20.000000000000000,40.450000000000003, 5.0166666666666702e+00, 91.666666666666700,744.79999999999995
2016-02-10 18:20:00,20.100000000000001,40.566666666666698, 4.9333333333333300e+00, 92.333333333333300,744.89999999999998
2016-02-10 18:30:00,20.100000000000001,40.759999999999998, 4.8499999999999996e+00, 93.000000000000000,745.00000000000000
2016-02-10 18:40:00,20.199999999999999,41.030000000000001, 4.7666666666666702e+00, 93.666666666666700,745.10000000000002
2016-02-10 18:50:00,20.199999999999999,41.696666666666701, 4.6833333333333300e+00, 94.333333333333300,745.20000000000005
2016-02-10 19:00:00,20.289999999999999,43.166666666666700, 4.5999999999999996e+00, 95.000000000000000,745.29999999999995
2016-02-10 19:10:00,20.356666666666701,43.899999999999999, 4.6666666666666696e+00, 94.333333333333300,745.39999999999998
2016-02-10 19:20:00,20.533333333333299,43.759999999999998, 4.7333333333333298e+00, 93.666666666666700,745.50000000000000
2016-02-10 19:30:00,20.600000000000001,43.566666666666698, 4.7999999999999998e+00, 93.000000000000000,745.60000000000002
2016-02-10 19:40:00,20.600000000000001,43.100000000000001, 4.8666666666666698e+00, 92.333333333333300,745.70000000000005
2016-02-10 19:50:00,20.600000000000001,42.766666666666701, 4.9333333333333300e+00, 91.666666666666700,745.79999999999995
2016-02-10 20:00:00,20.699999999999999,42.430000000000000, 5.0000000000000000e+00, 91.000000000000000,745.89999999999998
2016-02-10 20:10:00,20.699999999999999,42.096666666666700, 4.9666666666666703e+00, 91.666666666666700,745.96666666666704
2016-02-10 20:20:00,20.699999999999999,41.899999999999999, 4.9333333333333300e+00, 92.333333333333300,746.03333333333296
2016-02-10 20:30:00,20.760000000000002,41.766666666666701, 4.9000000000000004e+00, 93.000000000000000,746.10000000000002
2016-02-10 20:40:00,20.890000000000001,41.663333333333298, 4.8666666666666698e+00, 93.666666666666700,746.16666666666697
2016-02-10 20:50:00,20.890000000000001,41.530000000000001, 4.8333333333333304e+00, 94.333333333333300,746.23333333333301
2016-02-10 21:00:00,21.000000000000000,41.430000000000000, 4.7999999999999998e+00, 95.000000000000000,746.29999999999995
2016-02-10 21:10:00,21.066666666666698,41.363333333333301, 4.7999999999999998e+00, 95.000000000000000,746.38333333333298
2016-02-10 21:20:00,21.100000000000001,41.399999999999999, 4.7999999999999998e+00, 95.000000000000000,746.46666666666704
2016-02-10 21:30:00,21.125000000000000,41.372500000000002, 4.7999999999999998e+00, 95.000000000000000,746.54999999999995
2016-02-10 21:40:00,21.199999999999999,41.289999999999999, 4.7999999999999998e+00, 95.000000000000000,746.63333333333298
2016-02-10 21:50:00,21.100000000000001,41.229999999999997, 4.7999999999999998e+00, 95.000000000000000,746.71666666666704
2016-02-10 22:00:00,21.166666666666700,41.289999999999999, 4.7999999999999998e+00, 95.000000000000000,746.79999999999995
2016-02-10 22:10:00,21.100000000000001,41.399999999999999, 4.7500000000000000e+00, 94.833333333333300,746.85000000000002
2016-02-10 22:20:00,21.100000000000001,41.466666666666697, 4.7000000000000002e+00, 94.666666666666700,746.89999999999998
2016-02-10 22:30:00,21.100000000000001,41.590000000000003, 4.6500000000000004e+00, 94.500000000000000,746.95000000000005
2016-02-10 22:40:00,21.100000000000001,41.663333333333298, 4.5999999999999996e+00, 94.333333333333300,747.00000000000000
2016-02-10 22:50:00,21.066666666666698,41.663333333333298, 4.5499999999999998e+00, 94.166666666666700,747.04999999999995
2016-02-10 23:00:00,21.000000000000000,41.663333333333298, 4.5000000000000000e+00, 94.000000000000000,747.10000000000002
2016-02-10 23:10:00,20.963333333333299,41.700000000000003, 4.2833333333333297e+00, 94.500000000000000,747.13333333333298
2016-02-10 23:20:00,20.890000000000001,41.700000000000003, 4.0666666666666700e+00, 95.000000000000000,747.16666666666697
2016-02-10 23:30:00,20.890000000000001,41.700000000000003, 3.8500000000000001e+00, 95.500000000000000,747.20000000000005
2016-02-10 23:40:00,20.823333333333299,41.566666666666698, 3.6333333333333302e+00, 96.000000000000000,747.23333333333301
2016-02-10 23:50:00,20.760000000000002,41.500000000000000, 3.4166666666666701e+00, 96.500000000000000,747.26666666666699
2016-02-11 00:00:00,20.699999999999999,41.433333333333302, 3.2000000000000002e+00, 97.000000000000000,747.29999999999995
2016-02-11 00:10:00,20.666666666666700,41.363333333333301, 3.3166666666666700e+00, 97.166666666666700,747.36666666666702
2016-02-11 00:20:00,20.600000000000001,41.289999999999999, 3.4333333333333300e+00, 97.333333333333300,747.43333333333305
2016-02-11 00:30:00,20.600000000000001,41.259999999999998, 3.5499999999999998e+00, 97.500000000000000,747.50000000000000
2016-02-11 00:40:00,20.533333333333299,41.259999999999998, 3.6666666666666701e+00, 97.666666666666700,747.56666666666695
2016-02-11 00:50:00,20.500000000000000,41.289999999999999, 3.7833333333333301e+00, 97.833333333333300,747.63333333333298
2016-02-11 01:00:00,20.463333333333299,41.259999999999998, 3.8999999999999999e+00, 98.000000000000000,747.70000000000005
2016-02-11 01:10:00,20.390000000000001,41.200000000000003, 3.9166666666666701e+00, 97.833333333333300,747.75000000000000
2016-02-11 01:20:00,20.390000000000001,41.200000000000003, 3.9333333333333300e+00, 97.666666666666700,747.79999999999995
2016-02-11 01:30:00,20.323333333333299,41.200000000000003, 3.9500000000000002e+00, 97.500000000000000,747.85000000000002
2016-02-11 01:40:00,20.356666666666701,41.289999999999999, 3.9666666666666699e+00, 97.333333333333300,747.89999999999998
2016-02-11 01:50:00,20.289999999999999,41.289999999999999, 3.9833333333333298e+00, 97.166666666666700,747.95000000000005
2016-02-11 02:00:00,20.260000000000002,41.259999999999998, 4.0000000000000000e+00, 97.000000000000000,748.00000000000000
2016-02-11 02:10:00,20.199999999999999,41.200000000000003, 4.0000000000000000e+00, 97.000000000000000,748.03333333333296
2016-02-11 02:20:00,20.199999999999999,41.229999999999997, 4.0000000000000000e+00, 97.000000000000000,748.06666666666695
2016-02-11 02:30:00,20.199999999999999,41.289999999999999, 4.0000000000000000e+00, 97.000000000000000,748.10000000000002
2016-02-11 02:40:00,20.100000000000001,41.289999999999999, 4.0000000000000000e+00, 97.000000000000000,748.13333333333298
2016-02-11 02:50:00,20.100000000000001,41.363333333333301, 4.0000000000000000e+00, 97.000000000000000,748.16666666666697
2016-02-11 03:00:00,20.100000000000001,41.399999999999999, 4.0000000000000000e+00, 97.000000000000000,748.20000000000005
2016-02-11 03:10:00,20.100000000000001,41.399999999999999, 3.7500000000000000e+00, 97.000000000000000,748.26666666666699
2016-02-11 03:20:00,20.000000000000000,41.289999999999999, 3.5000000000000000e+00, 97.000000000000000,748.33333333333303
2016-02-11 03:30:00,20.000000000000000,41.289999999999999, 3.2500000000000000e+00, 97.000000000000000,748.39999999999998
2016-02-11 03:40:00,20.000000000000000,41.289999999999999, 3.0000000000000000e+00, 97.000000000000000,748.46666666666704
2016-02-11 03:50:00,19.926666666666701,41.289999999999999, 2.7500000000000000e+00, 97.000000000000000,748.53333333333296
2016-02-11 04:00:00,19.890000000000001,41.289999999999999, 2.5000000000000000e+00, 97.000000000000000,748.60000000000002
2016-02-11 04:10:00,19.890000000000001,41.289999999999999, 2.3999999999999999e+00, 97.166666666666700,748.60000000000002
2016-02-11 04:20:00,19.823333333333299,41.229999999999997, 2.2999999999999998e+00, 97.333333333333300,748.60000000000002
2016-02-11 04:30:00,19.789999999999999,41.163333333333298, 2.2000000000000002e+00, 97.500000000000000,748.60000000000002
2016-02-11 04:40:00,19.789999999999999,41.090000000000003, 2.1000000000000001e+00, 97.666666666666700,748.60000000000002
2016-02-11 04:50:00,19.789999999999999,41.090000000000003, 2.0000000000000000e+00, 97.833333333333300,748.60000000000002
2016-02-11 05:00:00,19.789999999999999,41.090000000000003, 1.8999999999999999e+00, 98.000000000000000,748.60000000000002
2016-02-11 05:10:00,19.699999999999999,41.090000000000003, 1.8666666666666700e+00, 98.166666666666700,748.60000000000002
2016-02-11 05:20:00,19.699999999999999,41.090000000000003, 1.8333333333333299e+00, 98.333333333333300,748.60000000000002
2016-02-11 05:30:00,19.699999999999999,41.000000000000000, 1.8000000000000000e+00, 98.500000000000000,748.60000000000002
2016-02-11 05:40:00,19.699999999999999,41.000000000000000, 1.7666666666666699e+00, 98.666666666666700,748.60000000000002
2016-02-11 05:50:00,19.666666666666700,40.966666666666697, 1.7333333333333301e+00, 98.833333333333300,748.60000000000002
2016-02-11 06:00:00,19.600000000000001,40.899999999999999, 1.7000000000000000e+00, 99.000000000000000,748.60000000000002
2016-02-11 06:10:00,19.600000000000001,40.863333333333301, 1.7000000000000000e+00, 99.000000000000000,748.63333333333298
2016-02-11 06:20:00,19.600000000000001,40.789999999999999, 1.7000000000000000e+00, 99.000000000000000,748.66666666666697
2016-02-11 06:30:00,19.600000000000001,40.826666666666704, 1.7000000000000000e+00, 99.000000000000000,748.70000000000005
2016-02-11 06:40:00,19.533333333333299,40.826666666666704, 1.7000000000000000e+00, 99.000000000000000,748.73333333333301
2016-02-11 06:50:00,19.566666666666698,40.789999999999999, 1.7000000000000000e+00, 99.000000000000000,748.76666666666699
2016-02-11 07:00:00,19.500000000000000,40.789999999999999, 1.7000000000000000e+00, 99.000000000000000,748.79999999999995
2016-02-11 07:10:00,19.500000000000000,40.789999999999999, 1.6333333333333300e+00, 98.833333333333300,748.79999999999995
2016-02-11 07:20:00,19.390000000000001,40.700000000000003, 1.5666666666666700e+00, 98.666666666666700,748.79999999999995
2016-02-11 07:30:00,19.390000000000001,40.700000000000003, 1.5000000000000000e+00, 98.500000000000000,748.79999999999995
2016-02-11 07:40:00,19.390000000000001,40.626666666666701, 1.4333333333333300e+00, 98.333333333333300,748.79999999999995
2016-02-11 07:50:00,19.390000000000001,40.700000000000003, 1.3666666666666700e+00, 98.166666666666700,748.79999999999995
2016-02-11 08:00:00,19.356666666666701,40.700000000000003, 1.3000000000000000e+00, 98.000000000000000,748.79999999999995
2016-02-11 08:10:00,19.289999999999999,40.626666666666701, 1.5000000000000000e+00, 97.833333333333300,748.86666666666702
2016-02-11 08:20:00,19.323333333333299,40.590000000000003, 1.7000000000000000e+00, 97.666666666666700,748.93333333333305
2016-02-11 08:30:00,19.323333333333299,40.723333333333301, 1.8999999999999999e+00, 97.500000000000000,749.00000000000000
2016-02-11 08:40:00,19.289999999999999,40.963333333333303, 2.1000000000000001e+00, 97.333333333333300,749.06666666666695
2016-02-11 08:50:00,19.289999999999999,41.163333333333298, 2.2999999999999998e+00, 97.166666666666700,749.13333333333298
2016-02-11 09:00:00,19.323333333333299,41.289999999999999, 2.5000000000000000e+00, 97.000000000000000,749.20000000000005
2016-02-11 09:10:00,19.323333333333299,41.289999999999999, 2.6666666666666701e+00, 96.833333333333300,749.23333333333301
2016-02-11 09:20:00,19.289999999999999,41.500000000000000, 2.8333333333333299e+00, 96.666666666666700,749.26666666666699
2016-02-11 09:30:00,19.289999999999999,41.560000000000002, 3.0000000000000000e+00, 96.500000000000000,749.29999999999995
2016-02-11 09:40:00,19.289999999999999,41.163333333333298, 3.1666666666666701e+00, 96.333333333333300,749.33333333333303
2016-02-11 09:50:00,19.289999999999999,41.163333333333298, 3.3333333333333299e+00, 96.166666666666700,749.36666666666702
2016-02-11 10:00:00,19.289999999999999,41.289999999999999, 3.5000000000000000e+00, 96.000000000000000,749.39999999999998
2016-02-11 10:10:00,19.230000000000000,41.289999999999999, 3.5833333333333299e+00, 95.666666666666700,749.41666666666697
2016-02-11 10:20:00,19.230000000000000,41.326666666666704, 3.6666666666666701e+00, 95.333333333333300,749.43333333333305
2016-02-11 10:30:00,19.289999999999999,41.372500000000002, 3.7500000000000000e+00, 95.000000000000000,749.45000000000005
2016-02-11 10:40:00,19.230000000000000,41.229999999999997, 3.8333333333333299e+00, 94.666666666666700,749.46666666666704
2016-02-11 10:50:00,19.289999999999999,41.163333333333298, 3.9166666666666701e+00, 94.333333333333300,749.48333333333301
2016-02-11 11:00:00,19.289999999999999,41.030000000000001, 4.0000000000000000e+00, 94.000000000000000,749.50000000000000
2016-02-11 11:10:00,19.289999999999999,41.090000000000003, 4.2666666666666702e+00, 93.000000000000000,749.48333333333301
2016-02-11 11:20:00,19.230000000000000,41.090000000000003, 4.5333333333333297e+00, 92.000000000000000,749.46666666666704
2016-02-11 11:30:00,19.289999999999999,41.229999999999997, 4.7999999999999998e+00, 91.000000000000000,749.45000000000005
2016-02-11 11:40:00,19.289999999999999,41.289999999999999, 5.0666666666666700e+00, 90.000000000000000,749.43333333333305
2016-02-11 11:50:00,19.289999999999999,41.289999999999999, 5.3333333333333304e+00, 89.000000000000000,749.41666666666697
2016-02-11 12:00:00,19.289999999999999,41.229999999999997, 5.5999999999999996e+00, 88.000000000000000,749.39999999999998
2016-02-11 12:10:00,19.260000000000002,41.163333333333298, 5.5000000000000000e+00, 88.166666666666700,749.36666666666702
2016-02-11 12:20:00,19.260000000000002,41.163333333333298, 5.4000000000000004e+00, 88.333333333333300,749.33333333333303
2016-02-11 12:30:00,19.289999999999999,41.126666666666701, 5.2999999999999998e+00, 88.500000000000000,749.29999999999995
2016-02-11 12:40:00,19.289999999999999,41.333333333333300, 5.2000000000000002e+00, 88.666666666666700,749.26666666666699
2016-02-11 12:50:00,19.289999999999999,41.500000000000000, 5.0999999999999996e+00, 88.833333333333300,749.23333333333301
2016-02-11 13:00:00,19.289999999999999,41.560000000000002, 5.0000000000000000e+00, 89.000000000000000,749.20000000000005
2016-02-11 13:10:00,19.289999999999999,41.729999999999997, 5.0166666666666702e+00, 88.166666666666700,749.14999999999998
2016-02-11 13:20:00,19.289999999999999,41.863333333333301, 5.0333333333333297e+00, 87.333333333333300,749.10000000000002
2016-02-11 13:30:00,19.390000000000001,41.933333333333302, 5.0499999999999998e+00, 86.500000000000000,749.04999999999995
2016-02-11 13:40:00,19.390000000000001,42.049999999999997, 5.0666666666666700e+00, 85.666666666666700,749.00000000000000
2016-02-11 13:50:00,19.390000000000001,42.200000000000003, 5.0833333333333304e+00, 84.833333333333300,748.95000000000005
2016-02-11 14:00:00,19.390000000000001,42.289999999999999, 5.0999999999999996e+00, 84.000000000000000,748.89999999999998
2016-02-11 14:10:00,19.390000000000001,42.289999999999999, 5.2000000000000002e+00, 84.500000000000000,748.86666666666702
2016-02-11 14:20:00,19.463333333333299,42.500000000000000, 5.2999999999999998e+00, 85.000000000000000,748.83333333333303
2016-02-11 14:30:00,19.463333333333299,42.633333333333297, 5.4000000000000004e+00, 85.500000000000000,748.79999999999995
2016-02-11 14:40:00,19.859999999999999,42.526666666666699, 5.5000000000000000e+00, 86.000000000000000,748.76666666666699
2016-02-11 14:50:00,20.066666666666698,42.399999999999999, 5.5999999999999996e+00, 86.500000000000000,748.73333333333301
2016-02-11 15:00:00,20.230000000000000,42.200000000000003, 5.7000000000000002e+00, 87.000000000000000,748.70000000000005
2016-02-11 15:10:00,20.356666666666701,42.066666666666698, 5.6500000000000004e+00, 86.666666666666700,748.70000000000005
2016-02-11 15:20:00,20.500000000000000,41.863333333333301, 5.5999999999999996e+00, 86.333333333333300,748.70000000000005
2016-02-11 15:30:00,20.500000000000000,41.729999999999997, 5.5499999999999998e+00, 86.000000000000000,748.70000000000005
2016-02-11 15:40:00,20.600000000000001,41.500000000000000, 5.5000000000000000e+00, 85.666666666666700,748.70000000000005
2016-02-11 15:50:00,20.666666666666700,41.500000000000000, 5.4500000000000002e+00, 85.333333333333300,748.70000000000005
2016-02-11 16:00:00,20.699999999999999,41.399999999999999, 5.4000000000000004e+00, 85.000000000000000,748.70000000000005
2016-02-11 16:10:00,20.760000000000002,41.266666666666701, 5.3499999999999996e+00, 86.166666666666700,748.68333333333305
2016-02-11 16:20:00,20.789999999999999,41.200000000000003, 5.2999999999999998e+00, 87.333333333333300,748.66666666666697
2016-02-11 16:30:00,20.856666666666701,41.259999999999998, 5.2500000000000000e+00, 88.500000000000000,748.64999999999998
2016-02-11 16:40:00,20.960000000000001,41.200000000000003, 5.2000000000000002e+00, 89.666666666666700,748.63333333333298
2016-02-11 16:50:00,21.125000000000000,40.719999999999999, 5.1500000000000004e+00, 90.833333333333300,748.61666666666702
2016-02-11 17:00:00,21.260000000000002,40.500000000000000, 5.0999999999999996e+00, 92.000000000000000,748.60000000000002
2016-02-11 17:10:00,21.426666666666701,40.399999999999999, 4.8333333333333304e+00, 92.500000000000000,748.60000000000002
2016-02-11 17:20:00,21.566666666666698,40.399999999999999, 4.5666666666666700e+00, 93.000000000000000,748.60000000000002
2016-02-11 17:30:00,21.600000000000001,40.259999999999998, 4.2999999999999998e+00, 93.500000000000000,748.60000000000002
2016-02-11 17:40:00,21.675000000000001,40.267499999999998, 4.0333333333333297e+00, 94.000000000000000,748.60000000000002
2016-02-11 17:50:00,21.699999999999999,40.060000000000002, 3.7666666666666702e+00, 94.500000000000000,748.60000000000002
2016-02-11 18:00:00,21.760000000000002,39.933333333333302, 3.5000000000000000e+00, 95.000000000000000,748.60000000000002
2016-02-11 18:10:00,21.789999999999999,39.899999999999999, 3.5833333333333299e+00, 95.000000000000000,748.61666666666702
2016-02-11 18:20:00,21.789999999999999,39.899999999999999, 3.6666666666666701e+00, 95.000000000000000,748.63333333333298
2016-02-11 18:30:00,21.789999999999999,39.899999999999999, 3.7500000000000000e+00, 95.000000000000000,748.64999999999998
2016-02-11 18:40:00,21.856666666666701,39.899999999999999, 3.8333333333333299e+00, 95.000000000000000,748.66666666666697
2016-02-11 18:50:00,21.926666666666701,40.133333333333297, 3.9166666666666701e+00, 95.000000000000000,748.68333333333305
2016-02-11 19:00:00,22.000000000000000,40.399999999999999, 4.0000000000000000e+00, 95.000000000000000,748.70000000000005
2016-02-11 19:10:00,22.133333333333301,41.263333333333300, 3.7833333333333301e+00, 95.166666666666700,748.70000000000005
2016-02-11 19:20:00,22.260000000000002,42.063333333333297, 3.5666666666666700e+00, 95.333333333333300,748.70000000000005
2016-02-11 19:30:00,22.289999999999999,42.163333333333298, 3.3500000000000001e+00, 95.500000000000000,748.70000000000005
2016-02-11 19:40:00,22.356666666666701,42.030000000000001, 3.1333333333333302e+00, 95.666666666666700,748.70000000000005
2016-02-11 19:50:00,22.390000000000001,41.723333333333301, 2.9166666666666701e+00, 95.833333333333300,748.70000000000005
2016-02-11 20:00:00,22.390000000000001,41.530000000000001, 2.7000000000000002e+00, 96.000000000000000,748.70000000000005
2016-02-11 20:10:00,22.390000000000001,41.244999999999997, 2.6666666666666701e+00, 96.166666666666700,748.71666666666704
2016-02-11 20:20:00,22.390000000000001,41.000000000000000, 2.6333333333333302e+00, 96.333333333333300,748.73333333333301
2016-02-11 20:30:00,22.390000000000001,40.859999999999999, 2.6000000000000001e+00, 96.500000000000000,748.75000000000000
2016-02-11 20:40:00,22.390000000000001,40.700000000000003, 2.5666666666666700e+00, 96.666666666666700,748.76666666666699
2016-02-11 20:50:00,22.390000000000001,40.626666666666701, 2.5333333333333301e+00, 96.833333333333300,748.78333333333296
2016-02-11 21:00:00,22.289999999999999,40.500000000000000, 2.5000000000000000e+00, 97.000000000000000,748.79999999999995
2016-02-11 21:10:00,22.289999999999999,40.433333333333302, 2.7000000000000002e+00, 96.833333333333300,748.76666666666699
2016-02-11 21:20:00,22.199999999999999,40.289999999999999, 2.8999999999999999e+00, 96.666666666666700,748.73333333333301
2016-02-11 21:30:00,22.199999999999999,40.229999999999997, 3.1000000000000001e+00, 96.500000000000000,748.70000000000005
2016-02-11 21:40:00,22.100000000000001,40.200000000000003, 3.2999999999999998e+00, 96.333333333333300,748.66666666666697
2016-02-11 21:50:00,22.033333333333299,40.066666666666698, 3.5000000000000000e+00, 96.166666666666700,748.63333333333298
2016-02-11 22:00:00,22.000000000000000,40.000000000000000, 3.7000000000000002e+00, 96.000000000000000,748.60000000000002
2016-02-11 22:10:00,21.926666666666701,40.000000000000000, 3.5000000000000000e+00, 96.000000000000000,748.53333333333296
2016-02-11 22:20:00,21.856666666666701,39.863333333333301, 3.2999999999999998e+00, 96.000000000000000,748.46666666666704
2016-02-11 22:30:00,21.789999999999999,39.789999999999999, 3.1000000000000001e+00, 96.000000000000000,748.39999999999998
2016-02-11 22:40:00,21.760000000000002,39.759999999999998, 2.8999999999999999e+00, 96.000000000000000,748.33333333333303
2016-02-11 22:50:00,21.699999999999999,39.700000000000003, 2.7000000000000002e+00, 96.000000000000000,748.26666666666699
2016-02-11 23:00:00,21.600000000000001,39.826666666666704, 2.5000000000000000e+00, 96.000000000000000,748.20000000000005
2016-02-11 23:10:00,21.600000000000001,39.966666666666697, 2.5833333333333299e+00, 95.833333333333300,748.18333333333305
2016-02-11 23:20:00,21.566666666666698,40.030000000000001, 2.6666666666666701e+00, 95.666666666666700,748.16666666666697
2016-02-11 23:30:00,21.500000000000000,40.195000000000000, 2.7500000000000000e+00, 95.500000000000000,748.14999999999998
2016-02-11 23:40:00,21.426666666666701,40.289999999999999, 2.8333333333333299e+00, 95.333333333333300,748.13333333333298
2016-02-11 23:50:00,21.390000000000001,40.399999999999999, 2.9166666666666701e+00, 95.166666666666700,748.11666666666702
2016-02-12 00:00:00,21.323333333333299,40.466666666666697, 3.0000000000000000e+00, 95.000000000000000,748.10000000000002
2016-02-12 00:10:00,21.289999999999999,40.500000000000000, 3.0000000000000000e+00, 95.000000000000000,748.04999999999995
2016-02-12 00:20:00,21.230000000000000,40.500000000000000, 3.0000000000000000e+00, 95.000000000000000,748.00000000000000
2016-02-12 00:30:00,21.199999999999999,40.590000000000003, 3.0000000000000000e+00, 95.000000000000000,747.95000000000005
2016-02-12 00:40:00,21.199999999999999,40.590000000000003, 3.0000000000000000e+00, 95.000000000000000,747.89999999999998
2016-02-12 00:50:00,21.166666666666700,40.590000000000003, 3.0000000000000000e+00, 95.000000000000000,747.85000000000002
2016-02-12 01:00:00,21.100000000000001,40.590000000000003, 3.0000000000000000e+00, 95.000000000000000,747.79999999999995
2016-02-12 01:10:00,21.100000000000001,40.590000000000003, 2.9166666666666701e+00, 94.833333333333300,747.71666666666704
2016-02-12 01:20:00,21.033333333333299,40.530000000000001, 2.8333333333333299e+00, 94.666666666666700,747.63333333333298
2016-02-12 01:30:00,20.963333333333299,40.530000000000001, 2.7500000000000000e+00, 94.500000000000000,747.54999999999995
2016-02-12 01:40:00,20.890000000000001,40.590000000000003, 2.6666666666666701e+00, 94.333333333333300,747.46666666666704
2016-02-12 01:50:00,20.890000000000001,40.500000000000000, 2.5833333333333299e+00, 94.166666666666700,747.38333333333298
2016-02-12 02:00:00,20.890000000000001,40.500000000000000, 2.5000000000000000e+00, 94.000000000000000,747.29999999999995
2016-02-12 02:10:00,20.856666666666701,40.500000000000000, 2.4833333333333298e+00, 93.833333333333300,747.23333333333301
2016-02-12 02:20:00,20.789999999999999,40.500000000000000, 2.4666666666666699e+00, 93.666666666666700,747.16666666666697
2016-02-12 02:30:00,20.760000000000002,40.500000000000000, 2.4500000000000002e+00, 93.500000000000000,747.10000000000002
2016-02-12 02:40:00,20.699999999999999,40.560000000000002, 2.4333333333333300e+00, 93.333333333333300,747.03333333333296
2016-02-12 02:50:00,20.699999999999999,40.590000000000003, 2.4166666666666701e+00, 93.166666666666700,746.96666666666704
2016-02-12 03:00:00,20.600000000000001,40.500000000000000, 2.3999999999999999e+00, 93.000000000000000,746.89999999999998
2016-02-12 03:10:00,20.600000000000001,40.500000000000000, 2.1833333333333300e+00, 93.333333333333300,746.86666666666702
2016-02-12 03:20:00,20.600000000000001,40.500000000000000, 1.9666666666666699e+00, 93.666666666666700,746.83333333333303
2016-02-12 03:30:00,20.600000000000001,40.500000000000000, 1.7500000000000000e+00, 94.000000000000000,746.79999999999995
2016-02-12 03:40:00,20.500000000000000,40.500000000000000, 1.5333333333333301e+00, 94.333333333333300,746.76666666666699
2016-02-12 03:50:00,20.500000000000000,40.500000000000000, 1.3166666666666700e+00, 94.666666666666700,746.73333333333301
2016-02-12 04:00:00,20.463333333333299,40.466666666666697, 1.1000000000000001e+00, 95.000000000000000,746.70000000000005
2016-02-12 04:10:00,20.463333333333299,40.466666666666697, 1.2833333333333301e+00, 95.000000000000000,746.64999999999998
2016-02-12 04:20:00,20.390000000000001,40.399999999999999, 1.4666666666666699e+00, 95.000000000000000,746.60000000000002
2016-02-12 04:30:00,20.323333333333299,40.399999999999999, 1.6499999999999999e+00, 95.000000000000000,746.54999999999995
2016-02-12 04:40:00,20.289999999999999,40.326666666666704, 1.8333333333333299e+00, 95.000000000000000,746.50000000000000
2016-02-12 04:50:00,20.289999999999999,40.399999999999999, 2.0166666666666702e+00, 95.000000000000000,746.45000000000005
2016-02-12 05:00:00,20.289999999999999,40.399999999999999, 2.2000000000000002e+00, 95.000000000000000,746.39999999999998
2016-02-12 05:10:00,20.230000000000000,40.326666666666704, 2.2833333333333301e+00, 95.000000000000000,746.31666666666695
2016-02-12 05:20:00,20.199999999999999,40.229999999999997, 2.3666666666666698e+00, 95.000000000000000,746.23333333333301
2016-02-12 05:30:00,20.199999999999999,40.289999999999999, 2.4500000000000002e+00, 95.000000000000000,746.14999999999998
2016-02-12 05:40:00,20.100000000000001,40.289999999999999, 2.5333333333333301e+00, 95.000000000000000,746.06666666666695
2016-02-12 05:50:00,20.100000000000001,40.289999999999999, 2.6166666666666698e+00, 95.000000000000000,745.98333333333301
2016-02-12 06:00:00,20.100000000000001,40.289999999999999, 2.7000000000000002e+00, 95.000000000000000,745.89999999999998
2016-02-12 06:10:00,20.100000000000001,40.289999999999999, 2.6666666666666701e+00, 95.000000000000000,745.78333333333296
2016-02-12 06:20:00,20.100000000000001,40.289999999999999, 2.6333333333333302e+00, 95.000000000000000,745.66666666666697
2016-02-12 06:30:00,20.000000000000000,40.200000000000003, 2.6000000000000001e+00, 95.000000000000000,745.54999999999995
2016-02-12 06:40:00,20.000000000000000,40.200000000000003, 2.5666666666666700e+00, 95.000000000000000,745.43333333333305
2016-02-12 06:50:00,20.000000000000000,40.200000000000003, 2.5333333333333301e+00, 95.000000000000000,745.31666666666695
2016-02-12 07:00:00,19.926666666666701,40.200000000000003, 2.5000000000000000e+00, 95.000000000000000,745.20000000000005
2016-02-12 07:10:00,19.890000000000001,40.200000000000003, 2.4833333333333298e+00, 94.666666666666700,745.14999999999998
2016-02-12 07:20:00,19.890000000000001,40.200000000000003, 2.4666666666666699e+00, 94.333333333333300,745.10000000000002
2016-02-12 07:30:00,19.890000000000001,40.200000000000003, 2.4500000000000002e+00, 94.000000000000000,745.04999999999995
2016-02-12 07:40:00,19.890000000000001,40.259999999999998, 2.4333333333333300e+00, 93.666666666666700,745.00000000000000
2016-02-12 07:50:00,19.789999999999999,40.326666666666704, 2.4166666666666701e+00, 93.333333333333300,744.95000000000005
2016-02-12 08:00:00,19.789999999999999,40.326666666666704, 2.3999999999999999e+00, 93.000000000000000,744.89999999999998
2016-02-12 08:10:00,19.789999999999999,40.259999999999998, 2.4500000000000002e+00, 92.666666666666700,744.83333333333303
2016-02-12 08:20:00,19.789999999999999,40.200000000000003, 2.5000000000000000e+00, 92.333333333333300,744.76666666666699
2016-02-12 08:30:00,19.789999999999999,40.200000000000003, 2.5499999999999998e+00, 92.000000000000000,744.70000000000005
2016-02-12 08:40:00,19.730000000000000,40.126666666666701, 2.6000000000000001e+00, 91.666666666666700,744.63333333333298
2016-02-12 08:50:00,19.699999999999999,40.060000000000002, 2.6499999999999999e+00, 91.333333333333300,744.56666666666695
2016-02-12 09:00:00,19.699999999999999,40.000000000000000, 2.7000000000000002e+00, 91.000000000000000,744.50000000000000
2016-02-12 09:10:00,19.699999999999999,39.899999999999999, 2.7500000000000000e+00, 90.166666666666700,744.43333333333305
2016-02-12 09:20:00,19.699999999999999,39.759999999999998, 2.7999999999999998e+00, 89.333333333333300,744.36666666666702
2016-02-12 09:30:00,19.633333333333301,39.626666666666701, 2.8500000000000001e+00, 88.500000000000000,744.29999999999995
2016-02-12 09:40:00,19.699999999999999,39.700000000000003, 2.8999999999999999e+00, 87.666666666666700,744.23333333333301
2016-02-12 09:50:00,19.633333333333301,39.626666666666701, 2.9500000000000002e+00, 86.833333333333300,744.16666666666697
2016-02-12 10:00:00,19.600000000000001,39.500000000000000, 3.0000000000000000e+00, 86.000000000000000,744.10000000000002
2016-02-12 10:10:00,19.600000000000001,39.500000000000000, 3.1499999999999999e+00, 84.833333333333300,744.01666666666699
2016-02-12 10:20:00,19.600000000000001,39.399999999999999, 3.2999999999999998e+00, 83.666666666666700,743.93333333333305
2016-02-12 10:30:00,19.600000000000001,39.326666666666704, 3.4500000000000002e+00, 82.500000000000000,743.85000000000002
2016-02-12 10:40:00,19.500000000000000,39.259999999999998, 3.6000000000000001e+00, 81.333333333333300,743.76666666666699
2016-02-12 10:50:00,19.500000000000000,39.200000000000003, 3.7500000000000000e+00, 80.166666666666700,743.68333333333305
2016-02-12 11:00:00,19.500000000000000,39.060000000000002, 3.8999999999999999e+00, 79.000000000000000,743.60000000000002
2016-02-12 11:10:00,19.500000000000000,38.933333333333302, 4.0499999999999998e+00, 78.333333333333300,743.50000000000000
2016-02-12 11:20:00,19.566666666666698,38.863333333333301, 4.2000000000000002e+00, 77.666666666666700,743.39999999999998
2016-02-12 11:30:00,19.566666666666698,38.729999999999997, 4.3499999999999996e+00, 77.000000000000000,743.29999999999995
2016-02-12 11:40:00,19.600000000000001,38.633333333333297, 4.5000000000000000e+00, 76.333333333333300,743.20000000000005
2016-02-12 11:50:00,19.600000000000001,38.359999999999999, 4.6500000000000004e+00, 75.666666666666700,743.10000000000002
2016-02-12 12:00:00,19.600000000000001,38.289999999999999, 4.7999999999999998e+00, 75.000000000000000,743.00000000000000
2016-02-12 12:10:00,19.600000000000001,38.289999999999999, 4.7166666666666703e+00, 74.666666666666700,742.83333333333303
2016-02-12 12:20:00,19.600000000000001,38.289999999999999, 4.6333333333333302e+00, 74.333333333333300,742.66666666666697
2016-02-12 12:30:00,19.675000000000001,38.447499999999998, 4.5499999999999998e+00, 74.000000000000000,742.50000000000000
2016-02-12 12:40:00,19.699999999999999,38.759999999999998, 4.4666666666666703e+00, 73.666666666666700,742.33333333333303
2016-02-12 12:50:00,19.699999999999999,39.066666666666698, 4.3833333333333302e+00, 73.333333333333300,742.16666666666697
2016-02-12 13:00:00,19.699999999999999,39.200000000000003, 4.2999999999999998e+00, 73.000000000000000,742.00000000000000
2016-02-12 13:10:00,19.566666666666698,39.463333333333303, 4.5499999999999998e+00, 71.833333333333300,741.88333333333298
2016-02-12 13:20:00,19.426666666666701,39.663333333333298, 4.7999999999999998e+00, 70.666666666666700,741.76666666666699
2016-02-12 13:30:00,19.390000000000001,39.466666666666697, 5.0499999999999998e+00, 69.500000000000000,741.64999999999998
2016-02-12 13:40:00,19.390000000000001,39.399999999999999, 5.2999999999999998e+00, 68.333333333333300,741.53333333333296
2016-02-12 13:50:00,19.426666666666701,39.326666666666704, 5.5499999999999998e+00, 67.166666666666700,741.41666666666697
2016-02-12 14:00:00,19.426666666666701,39.399999999999999, 5.7999999999999998e+00, 66.000000000000000,741.29999999999995
2016-02-12 14:10:00,19.500000000000000,39.500000000000000, 5.8333333333333304e+00, 66.000000000000000,741.20000000000005
2016-02-12 14:20:00,19.500000000000000,39.560000000000002, 5.8666666666666698e+00, 66.000000000000000,741.10000000000002
2016-02-12 14:30:00,19.500000000000000,39.590000000000003, 5.9000000000000004e+00, 66.000000000000000,741.00000000000000
2016-02-12 14:40:00,19.500000000000000,39.663333333333298, 5.9333333333333300e+00, 66.000000000000000,740.89999999999998
2016-02-12 14:50:00,19.566666666666698,39.729999999999997, 5.9666666666666703e+00, 66.000000000000000,740.79999999999995
2016-02-12 15:00:00,19.566666666666698,39.656666666666702, 6.0000000000000000e+00, 66.000000000000000,740.70000000000005
2016-02-12 15:10:00,19.600000000000001,39.500000000000000, 5.9833333333333298e+00, 66.000000000000000,740.66666666666697
2016-02-12 15:20:00,19.600000000000001,39.500000000000000, 5.9666666666666703e+00, 66.000000000000000,740.63333333333298
2016-02-12 15:30:00,19.633333333333301,39.399999999999999, 5.9500000000000002e+00, 66.000000000000000,740.60000000000002
2016-02-12 15:40:00,19.699999999999999,39.317500000000003, 5.9333333333333300e+00, 66.000000000000000,740.56666666666695
2016-02-12 15:50:00,19.699999999999999,39.363333333333301, 5.9166666666666696e+00, 66.000000000000000,740.53333333333296
2016-02-12 16:00:00,19.699999999999999,39.363333333333301, 5.9000000000000004e+00, 66.000000000000000,740.50000000000000
2016-02-12 16:10:00,19.760000000000002,39.229999999999997, 5.7500000000000000e+00, 66.500000000000000,740.50000000000000
2016-02-12 16:20:00,19.789999999999999,39.090000000000003, 5.5999999999999996e+00, 67.000000000000000,740.50000000000000
2016-02-12 16:30:00,19.856666666666701,39.030000000000001, 5.4500000000000002e+00, 67.500000000000000,740.50000000000000
2016-02-12 16:40:00,19.726666666666699,36.723333333333301, 5.2999999999999998e+00, 68.000000000000000,740.50000000000000
2016-02-12 16:50:00,19.600000000000001,36.663333333333298, 5.1500000000000004e+00, 68.500000000000000,740.50000000000000
2016-02-12 17:00:00,19.600000000000001,37.066666666666698, 5.0000000000000000e+00, 69.000000000000000,740.50000000000000
2016-02-12 17:10:00,19.600000000000001,37.259999999999998, 4.7500000000000000e+00, 70.500000000000000,740.54999999999995
2016-02-12 17:20:00,19.566666666666698,37.596666666666700, 4.5000000000000000e+00, 72.000000000000000,740.60000000000002
2016-02-12 17:30:00,19.500000000000000,38.396666666666697, 4.2500000000000000e+00, 73.500000000000000,740.64999999999998
2016-02-12 17:40:00,19.500000000000000,39.396666666666697, 4.0000000000000000e+00, 75.000000000000000,740.70000000000005
2016-02-12 17:50:00,19.500000000000000,39.930000000000000, 3.7500000000000000e+00, 76.500000000000000,740.75000000000000
2016-02-12 18:00:00,19.500000000000000,39.833333333333300, 3.5000000000000000e+00, 78.000000000000000,740.79999999999995
2016-02-12 18:10:00,19.500000000000000,39.700000000000003, 3.4166666666666701e+00, 78.333333333333300,740.86666666666702
2016-02-12 18:20:00,19.500000000000000,39.590000000000003, 3.3333333333333299e+00, 78.666666666666700,740.93333333333305
2016-02-12 18:30:00,19.500000000000000,39.590000000000003, 3.2500000000000000e+00, 79.000000000000000,741.00000000000000
2016-02-12 18:40:00,19.600000000000001,39.500000000000000, 3.1666666666666701e+00, 79.333333333333300,741.06666666666695
2016-02-12 18:50:00,19.697500000000002,39.447499999999998, 3.0833333333333299e+00, 79.666666666666700,741.13333333333298
2016-02-12 19:00:00,19.789999999999999,39.096666666666700, 3.0000000000000000e+00, 80.000000000000000,741.20000000000005
2016-02-12 19:10:00,19.926666666666701,38.863333333333301, 2.9166666666666701e+00, 80.500000000000000,741.21666666666704
2016-02-12 19:20:00,20.000000000000000,38.729999999999997, 2.8333333333333299e+00, 81.000000000000000,741.23333333333301
2016-02-12 19:30:00,20.133333333333301,38.633333333333297, 2.7500000000000000e+00, 81.500000000000000,741.25000000000000
2016-02-12 19:40:00,20.199999999999999,38.433333333333302, 2.6666666666666701e+00, 82.000000000000000,741.26666666666699
2016-02-12 19:50:00,20.230000000000000,38.289999999999999, 2.5833333333333299e+00, 82.500000000000000,741.28333333333296
2016-02-12 20:00:00,20.356666666666701,38.363333333333301, 2.5000000000000000e+00, 83.000000000000000,741.29999999999995
2016-02-12 20:10:00,20.426666666666701,38.399999999999999, 2.4500000000000002e+00, 83.000000000000000,741.29999999999995
2016-02-12 20:20:00,20.500000000000000,38.399999999999999, 2.3999999999999999e+00, 83.000000000000000,741.29999999999995
2016-02-12 20:30:00,20.600000000000001,38.399999999999999, 2.3500000000000001e+00, 83.000000000000000,741.29999999999995
2016-02-12 20:40:00,20.600000000000001,38.399999999999999, 2.2999999999999998e+00, 83.000000000000000,741.29999999999995
2016-02-12 20:50:00,20.600000000000001,38.399999999999999, 2.2500000000000000e+00, 83.000000000000000,741.29999999999995
2016-02-12 21:00:00,20.600000000000001,38.326666666666704, 2.2000000000000002e+00, 83.000000000000000,741.29999999999995
2016-02-12 21:10:00,20.500000000000000,38.133333333333297, 2.2000000000000002e+00, 83.500000000000000,741.29999999999995
2016-02-12 21:20:00,20.500000000000000,37.933333333333302, 2.2000000000000002e+00, 84.000000000000000,741.29999999999995
2016-02-12 21:30:00,20.463333333333299,37.899999999999999, 2.2000000000000002e+00, 84.500000000000000,741.29999999999995
2016-02-12 21:40:00,20.390000000000001,37.966666666666697, 2.2000000000000002e+00, 85.000000000000000,741.29999999999995
2016-02-12 21:50:00,20.356666666666701,38.090000000000003, 2.2000000000000002e+00, 85.500000000000000,741.29999999999995
2016-02-12 22:00:00,20.289999999999999,38.090000000000003, 2.2000000000000002e+00, 86.000000000000000,741.29999999999995
2016-02-12 22:10:00,20.230000000000000,38.090000000000003, 2.0333333333333301e+00, 86.833333333333300,741.31666666666695
2016-02-12 22:20:00,20.166666666666700,38.229999999999997, 1.8666666666666700e+00, 87.666666666666700,741.33333333333303
2016-02-12 22:30:00,20.100000000000001,38.430000000000000, 1.7000000000000000e+00, 88.500000000000000,741.35000000000002
2016-02-12 22:40:00,20.066666666666698,38.500000000000000, 1.5333333333333301e+00, 89.333333333333300,741.36666666666702
2016-02-12 22:50:00,20.000000000000000,38.500000000000000, 1.3666666666666700e+00, 90.166666666666700,741.38333333333298
2016-02-12 23:00:00,19.890000000000001,38.590000000000003, 1.2000000000000000e+00, 91.000000000000000,741.39999999999998
2016-02-12 23:10:00,19.890000000000001,38.663333333333298, 1.2333333333333301e+00, 90.666666666666700,741.43333333333305
2016-02-12 23:20:00,19.856666666666701,38.700000000000003, 1.2666666666666699e+00, 90.333333333333300,741.46666666666704
2016-02-12 23:30:00,19.789999999999999,38.700000000000003, 1.3000000000000000e+00, 90.000000000000000,741.50000000000000
2016-02-12 23:40:00,19.699999999999999,38.729999999999997, 1.3333333333333299e+00, 89.666666666666700,741.53333333333296
2016-02-12 23:50:00,19.699999999999999,38.789999999999999, 1.3666666666666700e+00, 89.333333333333300,741.56666666666695
2016-02-13 00:00:00,19.666666666666700,38.759999999999998, 1.3999999999999999e+00, 89.000000000000000,741.60000000000002
2016-02-13 00:10:00,19.600000000000001,38.700000000000003, 1.3333333333333299e+00, 89.166666666666700,741.58333333333303
2016-02-13 00:20:00,19.500000000000000,38.700000000000003, 1.2666666666666699e+00, 89.333333333333300,741.56666666666695
2016-02-13 00:30:00,19.500000000000000,38.700000000000003, 1.2000000000000000e+00, 89.500000000000000,741.54999999999995
2016-02-13 00:40:00,19.390000000000001,38.626666666666701, 1.1333333333333300e+00, 89.666666666666700,741.53333333333296
2016-02-13 00:50:00,19.390000000000001,38.700000000000003, 1.0666666666666700e+00, 89.833333333333300,741.51666666666699
2016-02-13 01:00:00,19.356666666666701,38.700000000000003, 1.0000000000000000e+00, 90.000000000000000,741.50000000000000
2016-02-13 01:10:00,19.289999999999999,38.700000000000003, 8.8333333333333297e-01, 90.166666666666700,741.39999999999998
2016-02-13 01:20:00,19.245000000000001,38.744999999999997, 7.6666666666666705e-01, 90.333333333333300,741.29999999999995
2016-02-13 01:30:00,19.199999999999999,38.700000000000003, 6.5000000000000002e-01, 90.500000000000000,741.20000000000005
2016-02-13 01:40:00,19.133333333333301,38.759999999999998, 5.3333333333333299e-01, 90.666666666666700,741.10000000000002
2016-02-13 01:50:00,19.166666666666700,38.789999999999999, 4.1666666666666702e-01, 90.833333333333300,741.00000000000000
2016-02-13 02:00:00,19.100000000000001,38.863333333333301, 2.9999999999999999e-01, 91.000000000000000,740.89999999999998
2016-02-13 02:10:00,19.100000000000001,38.899999999999999, 2.0000000000000001e-01, 91.166666666666700,740.83333333333303
2016-02-13 02:20:00,19.033333333333299,38.899999999999999, 1.0000000000000001e-01, 91.333333333333300,740.76666666666699
2016-02-13 02:30:00,19.000000000000000,38.899999999999999, 0.0000000000000000e+00, 91.500000000000000,740.70000000000005
2016-02-13 02:40:00,18.926666666666701,38.966666666666697,-1.0000000000000001e-01, 91.666666666666700,740.63333333333298
2016-02-13 02:50:00,18.890000000000001,38.933333333333302,-2.0000000000000001e-01, 91.833333333333300,740.56666666666695
2016-02-13 03:00:00,18.890000000000001,39.000000000000000,-2.9999999999999999e-01, 92.000000000000000,740.50000000000000
2016-02-13 03:10:00,18.890000000000001,39.000000000000000,-1.6666666666666699e-01, 92.000000000000000,740.43333333333305
2016-02-13 03:20:00,18.823333333333299,38.933333333333302,-3.3333333333333298e-02, 92.000000000000000,740.36666666666702
2016-02-13 03:30:00,18.789999999999999,38.899999999999999, 1.0000000000000001e-01, 92.000000000000000,740.29999999999995
2016-02-13 03:40:00,18.789999999999999,38.966666666666697, 2.3333333333333300e-01, 92.000000000000000,740.23333333333301
2016-02-13 03:50:00,18.699999999999999,39.000000000000000, 3.6666666666666697e-01, 92.000000000000000,740.16666666666697
2016-02-13 04:00:00,18.699999999999999,39.000000000000000, 5.0000000000000000e-01, 92.000000000000000,740.10000000000002
2016-02-13 04:10:00,18.699999999999999,39.090000000000003, 6.3333333333333297e-01, 91.166666666666700,740.04999999999995
2016-02-13 04:20:00,18.633333333333301,39.090000000000003, 7.6666666666666705e-01, 90.333333333333300,740.00000000000000
2016-02-13 04:30:00,18.600000000000001,39.090000000000003, 9.0000000000000002e-01, 89.500000000000000,739.95000000000005
2016-02-13 04:40:00,18.600000000000001,39.200000000000003, 1.0333333333333301e+00, 88.666666666666700,739.89999999999998
2016-02-13 04:50:00,18.533333333333299,39.200000000000003, 1.1666666666666701e+00, 87.833333333333300,739.85000000000002
2016-02-13 05:00:00,18.500000000000000,39.289999999999999, 1.3000000000000000e+00, 87.000000000000000,739.79999999999995
2016-02-13 05:10:00,18.500000000000000,39.289999999999999, 1.2666666666666699e+00, 87.166666666666700,739.73333333333301
2016-02-13 05:20:00,18.463333333333299,39.289999999999999, 1.2333333333333301e+00, 87.333333333333300,739.66666666666697
2016-02-13 05:30:00,18.390000000000001,39.363333333333301, 1.2000000000000000e+00, 87.500000000000000,739.60000000000002
2016-02-13 05:40:00,18.390000000000001,39.399999999999999, 1.1666666666666701e+00, 87.666666666666700,739.53333333333296
2016-02-13 05:50:00,18.390000000000001,39.399999999999999, 1.1333333333333300e+00, 87.833333333333300,739.46666666666704
2016-02-13 06:00:00,18.390000000000001,39.433333333333302, 1.1000000000000001e+00, 88.000000000000000,739.39999999999998
2016-02-13 06:10:00,18.323333333333299,39.500000000000000, 1.2000000000000000e+00, 87.833333333333300,739.28333333333296
2016-02-13 06:20:00,18.323333333333299,39.500000000000000, 1.3000000000000000e+00, 87.666666666666700,739.16666666666697
2016-02-13 06:30:00,18.323333333333299,39.560000000000002, 1.3999999999999999e+00, 87.500000000000000,739.04999999999995
2016-02-13 06:40:00,18.289999999999999,39.590000000000003, 1.5000000000000000e+00, 87.333333333333300,738.93333333333305
2016-02-13 06:50:00,18.289999999999999,39.590000000000003, 1.6000000000000001e+00, 87.166666666666700,738.81666666666695
2016-02-13 07:00:00,18.260000000000002,39.663333333333298, 1.7000000000000000e+00, 87.000000000000000,738.70000000000005
2016-02-13 07:10:00,18.260000000000002,39.663333333333298, 1.5166666666666699e+00, 88.000000000000000,738.58333333333303
2016-02-13 07:20:00,18.260000000000002,39.700000000000003, 1.3333333333333299e+00, 89.000000000000000,738.46666666666704
2016-02-13 07:30:00,18.199999999999999,39.700000000000003, 1.1499999999999999e+00, 90.000000000000000,738.35000000000002
2016-02-13 07:40:00,18.199999999999999,39.700000000000003, 9.6666666666666701e-01, 91.000000000000000,738.23333333333301
2016-02-13 07:50:00,18.199999999999999,39.789999999999999, 7.8333333333333299e-01, 92.000000000000000,738.11666666666702
2016-02-13 08:00:00,18.133333333333301,39.789999999999999, 5.9999999999999998e-01, 93.000000000000000,738.00000000000000
2016-02-13 08:10:00,18.100000000000001,39.899999999999999, 7.1666666666666701e-01, 92.666666666666700,737.91666666666697
2016-02-13 08:20:00,18.100000000000001,39.899999999999999, 8.3333333333333304e-01, 92.333333333333300,737.83333333333303
2016-02-13 08:30:00,18.100000000000001,39.899999999999999, 9.4999999999999996e-01, 92.000000000000000,737.75000000000000
2016-02-13 08:40:00,18.100000000000001,39.899999999999999, 1.0666666666666700e+00, 91.666666666666700,737.66666666666697
2016-02-13 08:50:00,18.100000000000001,40.193333333333300, 1.1833333333333300e+00, 91.333333333333300,737.58333333333303
2016-02-13 09:00:00,18.100000000000001,40.600000000000001, 1.3000000000000000e+00, 91.000000000000000,737.50000000000000
2016-02-13 09:10:00,18.100000000000001,40.899999999999999, 1.5000000000000000e+00, 90.166666666666700,737.31666666666695
2016-02-13 09:20:00,18.100000000000001,40.966666666666697, 1.7000000000000000e+00, 89.333333333333300,737.13333333333298
2016-02-13 09:30:00,18.100000000000001,41.156666666666702, 1.8999999999999999e+00, 88.500000000000000,736.95000000000005
2016-02-13 09:40:00,18.100000000000001,41.229999999999997, 2.1000000000000001e+00, 87.666666666666700,736.76666666666699
2016-02-13 09:50:00,18.166666666666700,41.060000000000002, 2.2999999999999998e+00, 86.833333333333300,736.58333333333303
2016-02-13 10:00:00,18.166666666666700,40.859999999999999, 2.5000000000000000e+00, 86.000000000000000,736.39999999999998
2016-02-13 10:10:00,18.166666666666700,40.663333333333298, 2.5833333333333299e+00, 85.666666666666700,736.28333333333296
2016-02-13 10:20:00,18.166666666666700,40.530000000000001, 2.6666666666666701e+00, 85.333333333333300,736.16666666666697
2016-02-13 10:30:00,18.133333333333301,40.363333333333301, 2.7500000000000000e+00, 85.000000000000000,736.04999999999995
2016-02-13 10:40:00,18.199999999999999,40.289999999999999, 2.8333333333333299e+00, 84.666666666666700,735.93333333333305
2016-02-13 10:50:00,18.100000000000001,40.145000000000003, 2.9166666666666701e+00, 84.333333333333300,735.81666666666695
2016-02-13 11:00:00,18.100000000000001,39.833333333333300, 3.0000000000000000e+00, 84.000000000000000,735.70000000000005
2016-02-13 11:10:00,18.100000000000001,39.626666666666701, 2.9833333333333298e+00, 85.166666666666700,735.54999999999995
2016-02-13 11:20:00,18.133333333333301,39.663333333333298, 2.9666666666666699e+00, 86.333333333333300,735.39999999999998
2016-02-13 11:30:00,18.199999999999999,39.863333333333301, 2.9500000000000002e+00, 87.500000000000000,735.25000000000000
2016-02-13 11:40:00,18.260000000000002,40.200000000000003, 2.9333333333333300e+00, 88.666666666666700,735.10000000000002
2016-02-13 11:50:00,18.199999999999999,40.259999999999998, 2.9166666666666701e+00, 89.833333333333300,734.95000000000005
2016-02-13 12:00:00,18.199999999999999,40.596666666666700, 2.8999999999999999e+00, 91.000000000000000,734.79999999999995
2016-02-13 12:10:00,18.260000000000002,40.990000000000002, 2.9166666666666701e+00, 91.500000000000000,734.64999999999998
2016-02-13 12:20:00,18.289999999999999,41.956666666666699, 2.9333333333333300e+00, 92.000000000000000,734.50000000000000
2016-02-13 12:30:00,18.289999999999999,42.430000000000000, 2.9500000000000002e+00, 92.500000000000000,734.35000000000002
2016-02-13 12:40:00,18.289999999999999,42.500000000000000, 2.9666666666666699e+00, 93.000000000000000,734.20000000000005
2016-02-13 12:50:00,18.289999999999999,42.433333333333302, 2.9833333333333298e+00, 93.500000000000000,734.04999999999995
2016-02-13 13:00:00,18.323333333333299,42.633333333333297, 3.0000000000000000e+00, 94.000000000000000,733.89999999999998
2016-02-13 13:10:00,18.323333333333299,42.966666666666697, 3.0333333333333301e+00, 94.166666666666700,733.73333333333301
2016-02-13 13:20:00,18.323333333333299,43.000000000000000, 3.0666666666666700e+00, 94.333333333333300,733.56666666666695
2016-02-13 13:30:00,18.390000000000001,42.933333333333302, 3.1000000000000001e+00, 94.500000000000000,733.39999999999998
2016-02-13 13:40:00,18.533333333333299,42.966666666666697, 3.1333333333333302e+00, 94.666666666666700,733.23333333333301
2016-02-13 13:50:00,18.726666666666699,42.899999999999999, 3.1666666666666701e+00, 94.833333333333300,733.06666666666695
2016-02-13 14:00:00,18.995000000000001,42.689999999999998, 3.2000000000000002e+00, 95.000000000000000,732.89999999999998
2016-02-13 14:10:00,19.230000000000000,42.363333333333301, 3.2833333333333301e+00, 95.000000000000000,732.75000000000000
2016-02-13 14:20:00,19.356666666666701,42.096666666666700, 3.3666666666666698e+00, 95.000000000000000,732.60000000000002
2016-02-13 14:30:00,19.500000000000000,41.693333333333300, 3.4500000000000002e+00, 95.000000000000000,732.45000000000005
2016-02-13 14:40:00,19.566666666666698,41.359999999999999, 3.5333333333333301e+00, 95.000000000000000,732.29999999999995
2016-02-13 14:50:00,19.600000000000001,41.060000000000002, 3.6166666666666698e+00, 95.000000000000000,732.14999999999998
2016-02-13 15:00:00,19.666666666666700,41.060000000000002, 3.7000000000000002e+00, 95.000000000000000,732.00000000000000
2016-02-13 15:10:00,19.699999999999999,41.000000000000000, 3.7166666666666699e+00, 95.000000000000000,731.91666666666697
2016-02-13 15:20:00,19.760000000000002,41.060000000000002, 3.7333333333333298e+00, 95.000000000000000,731.83333333333303
2016-02-13 15:30:00,19.823333333333299,41.060000000000002, 3.7500000000000000e+00, 95.000000000000000,731.75000000000000
2016-02-13 15:40:00,19.963333333333299,41.000000000000000, 3.7666666666666702e+00, 95.000000000000000,731.66666666666697
2016-02-13 15:50:00,20.066666666666698,40.966666666666697, 3.7833333333333301e+00, 95.000000000000000,731.58333333333303
2016-02-13 16:00:00,20.199999999999999,40.566666666666698, 3.7999999999999998e+00, 95.000000000000000,731.50000000000000
2016-02-13 16:10:00,20.100000000000001,39.796666666666702, 3.7833333333333301e+00, 95.000000000000000,731.43333333333305
2016-02-13 16:20:00,20.166666666666700,39.530000000000001, 3.7666666666666702e+00, 95.000000000000000,731.36666666666702
2016-02-13 16:30:00,20.230000000000000,39.626666666666701, 3.7500000000000000e+00, 95.000000000000000,731.29999999999995
2016-02-13 16:40:00,20.356666666666701,39.626666666666701, 3.7333333333333298e+00, 95.000000000000000,731.23333333333301
2016-02-13 16:50:00,20.390000000000001,39.500000000000000, 3.7166666666666699e+00, 95.000000000000000,731.16666666666697
2016-02-13 17:00:00,20.390000000000001,39.433333333333302, 3.7000000000000002e+00, 95.000000000000000,731.10000000000002
2016-02-13 17:10:00,20.445000000000000,39.450000000000003, 3.6666666666666701e+00, 95.166666666666700,731.06666666666695
2016-02-13 17:20:00,20.390000000000001,39.399999999999999, 3.6333333333333302e+00, 95.333333333333300,731.03333333333296
2016-02-13 17:30:00,20.390000000000001,39.399999999999999, 3.6000000000000001e+00, 95.500000000000000,731.00000000000000
2016-02-13 17:40:00,20.289999999999999,39.399999999999999, 3.5666666666666700e+00, 95.666666666666700,730.96666666666704
2016-02-13 17:50:00,20.289999999999999,39.399999999999999, 3.5333333333333301e+00, 95.833333333333300,730.93333333333305
2016-02-13 18:00:00,20.260000000000002,39.399999999999999, 3.5000000000000000e+00, 96.000000000000000,730.89999999999998
2016-02-13 18:10:00,20.199999999999999,39.399999999999999, 3.5000000000000000e+00, 96.000000000000000,730.91666666666697
2016-02-13 18:20:00,20.199999999999999,39.363333333333301, 3.5000000000000000e+00, 96.000000000000000,730.93333333333305
2016-02-13 18:30:00,20.199999999999999,39.289999999999999, 3.5000000000000000e+00, 96.000000000000000,730.95000000000005
2016-02-13 18:40:00,20.199999999999999,39.289999999999999, 3.5000000000000000e+00, 96.000000000000000,730.96666666666704
2016-02-13 18:50:00,20.199999999999999,39.363333333333301, 3.5000000000000000e+00, 96.000000000000000,730.98333333333301
2016-02-13 19:00:00,20.199999999999999,39.463333333333303, 3.5000000000000000e+00, 96.000000000000000,731.00000000000000
2016-02-13 19:10:00,20.260000000000002,39.923333333333296, 3.5000000000000000e+00, 96.000000000000000,731.03333333333296
2016-02-13 19:20:00,20.390000000000001,41.196666666666701, 3.5000000000000000e+00, 96.000000000000000,731.06666666666695
2016-02-13 19:30:00,20.390000000000001,41.990000000000002, 3.5000000000000000e+00, 96.000000000000000,731.10000000000002
2016-02-13 19:40:00,20.500000000000000,42.060000000000002, 3.5000000000000000e+00, 96.000000000000000,731.13333333333298
2016-02-13 19:50:00,20.500000000000000,42.000000000000000, 3.5000000000000000e+00, 96.000000000000000,731.16666666666697
2016-02-13 20:00:00,20.500000000000000,41.663333333333298, 3.5000000000000000e+00, 96.000000000000000,731.20000000000005
2016-02-13 20:10:00,20.500000000000000,41.530000000000001, 3.4666666666666699e+00, 96.166666666666700,731.25000000000000
2016-02-13 20:20:00,20.600000000000001,41.789999999999999, 3.4333333333333300e+00, 96.333333333333300,731.29999999999995
2016-02-13 20:30:00,20.675000000000001,41.740000000000002, 3.3999999999999999e+00, 96.500000000000000,731.35000000000002
2016-02-13 20:40:00,20.699999999999999,41.590000000000003, 3.3666666666666698e+00, 96.666666666666700,731.39999999999998
2016-02-13 20:50:00,20.730000000000000,41.399999999999999, 3.3333333333333299e+00, 96.833333333333300,731.45000000000005
2016-02-13 21:00:00,20.789999999999999,41.399999999999999, 3.2999999999999998e+00, 97.000000000000000,731.50000000000000
2016-02-13 21:10:00,20.823333333333299,41.229999999999997, 3.2666666666666702e+00, 97.166666666666700,731.54999999999995
2016-02-13 21:20:00,20.890000000000001,41.289999999999999, 3.2333333333333298e+00, 97.333333333333300,731.60000000000002
2016-02-13 21:30:00,20.890000000000001,41.229999999999997, 3.2000000000000002e+00, 97.500000000000000,731.64999999999998
2016-02-13 21:40:00,20.823333333333299,41.229999999999997, 3.1666666666666701e+00, 97.666666666666700,731.70000000000005
2016-02-13 21:50:00,20.789999999999999,41.200000000000003, 3.1333333333333302e+00, 97.833333333333300,731.75000000000000
2016-02-13 22:00:00,20.789999999999999,41.200000000000003, 3.1000000000000001e+00, 98.000000000000000,731.79999999999995
2016-02-13 22:10:00,20.760000000000002,41.163333333333298, 3.0833333333333299e+00, 98.000000000000000,731.86666666666702
2016-02-13 22:20:00,20.699999999999999,41.030000000000001, 3.0666666666666700e+00, 98.000000000000000,731.93333333333305
2016-02-13 22:30:00,20.699999999999999,40.966666666666697, 3.0499999999999998e+00, 98.000000000000000,732.00000000000000
2016-02-13 22:40:00,20.633333333333301,40.633333333333297, 3.0333333333333301e+00, 98.000000000000000,732.06666666666695
2016-02-13 22:50:00,20.500000000000000,40.289999999999999, 3.0166666666666702e+00, 98.000000000000000,732.13333333333298
2016-02-13 23:00:00,20.500000000000000,40.363333333333301, 3.0000000000000000e+00, 98.000000000000000,732.20000000000005
2016-02-13 23:10:00,20.390000000000001,40.433333333333302, 2.9833333333333298e+00, 98.000000000000000,732.31666666666695
2016-02-13 23:20:00,20.323333333333299,40.560000000000002, 2.9666666666666699e+00, 98.000000000000000,732.43333333333305
2016-02-13 23:30:00,20.260000000000002,40.590000000000003, 2.9500000000000002e+00, 98.000000000000000,732.54999999999995
2016-02-13 23:40:00,20.175000000000001,40.672499999999999, 2.9333333333333300e+00, 98.000000000000000,732.66666666666697
2016-02-13 23:50:00,20.100000000000001,40.700000000000003, 2.9166666666666701e+00, 98.000000000000000,732.78333333333296
2016-02-14 00:00:00,20.100000000000001,40.789999999999999, 2.8999999999999999e+00, 98.000000000000000,732.89999999999998
2016-02-14 00:10:00,20.033333333333299,40.729999999999997, 2.8666666666666698e+00, 98.166666666666700,732.95000000000005
2016-02-14 00:20:00,19.890000000000001,40.789999999999999, 2.8333333333333299e+00, 98.333333333333300,733.00000000000000
2016-02-14 00:30:00,19.890000000000001,40.789999999999999, 2.7999999999999998e+00, 98.500000000000000,733.04999999999995
2016-02-14 00:40:00,19.789999999999999,40.789999999999999, 2.7666666666666702e+00, 98.666666666666700,733.10000000000002
2016-02-14 00:50:00,19.789999999999999,40.789999999999999, 2.7333333333333298e+00, 98.833333333333300,733.14999999999998
2016-02-14 01:00:00,19.699999999999999,40.899999999999999, 2.7000000000000002e+00, 99.000000000000000,733.20000000000005
2016-02-14 01:10:00,19.699999999999999,40.826666666666704, 2.7000000000000002e+00, 99.000000000000000,733.21666666666704
2016-02-14 01:20:00,19.666666666666700,40.863333333333301, 2.7000000000000002e+00, 99.000000000000000,733.23333333333301
2016-02-14 01:30:00,19.600000000000001,40.863333333333301, 2.7000000000000002e+00, 99.000000000000000,733.25000000000000
2016-02-14 01:40:00,19.566666666666698,40.933333333333302, 2.7000000000000002e+00, 99.000000000000000,733.26666666666699
2016-02-14 01:50:00,19.500000000000000,41.000000000000000, 2.7000000000000002e+00, 99.000000000000000,733.28333333333296
2016-02-14 02:00:00,19.500000000000000,41.030000000000001, 2.7000000000000002e+00, 99.000000000000000,733.29999999999995
2016-02-14 02:10:00,19.426666666666701,41.030000000000001, 2.7000000000000002e+00, 98.833333333333300,733.36666666666702
2016-02-14 02:20:00,19.390000000000001,41.030000000000001, 2.7000000000000002e+00, 98.666666666666700,733.43333333333305
2016-02-14 02:30:00,19.390000000000001,41.090000000000003, 2.7000000000000002e+00, 98.500000000000000,733.50000000000000
2016-02-14 02:40:00,19.356666666666701,41.200000000000003, 2.7000000000000002e+00, 98.333333333333300,733.56666666666695
2016-02-14 02:50:00,19.289999999999999,41.259999999999998, 2.7000000000000002e+00, 98.166666666666700,733.63333333333298
2016-02-14 03:00:00,19.289999999999999,41.244999999999997, 2.7000000000000002e+00, 98.000000000000000,733.70000000000005
2016-02-14 03:10:00,19.199999999999999,41.229999999999997, 2.7000000000000002e+00, 97.833333333333300,733.78333333333296
2016-02-14 03:20:00,19.199999999999999,41.289999999999999, 2.7000000000000002e+00, 97.666666666666700,733.86666666666702
2016-02-14 03:30:00,19.100000000000001,41.326666666666704, 2.7000000000000002e+00, 97.500000000000000,733.95000000000005
2016-02-14 03:40:00,19.100000000000001,41.399999999999999, 2.7000000000000002e+00, 97.333333333333300,734.03333333333296
2016-02-14 03:50:00,19.066666666666698,41.399999999999999, 2.7000000000000002e+00, 97.166666666666700,734.11666666666702
2016-02-14 04:00:00,19.066666666666698,41.466666666666697, 2.7000000000000002e+00, 97.000000000000000,734.20000000000005
2016-02-14 04:10:00,19.000000000000000,41.433333333333302, 2.6666666666666701e+00, 96.666666666666700,734.23333333333301
2016-02-14 04:20:00,19.000000000000000,41.500000000000000, 2.6333333333333302e+00, 96.333333333333300,734.26666666666699
2016-02-14 04:30:00,19.000000000000000,41.530000000000001, 2.6000000000000001e+00, 96.000000000000000,734.29999999999995
2016-02-14 04:40:00,19.000000000000000,41.590000000000003, 2.5666666666666700e+00, 95.666666666666700,734.33333333333303
2016-02-14 04:50:00,18.963333333333299,41.590000000000003, 2.5333333333333301e+00, 95.333333333333300,734.36666666666702
2016-02-14 05:00:00,18.890000000000001,41.663333333333298, 2.5000000000000000e+00, 95.000000000000000,734.39999999999998
2016-02-14 05:10:00,18.890000000000001,41.626666666666701, 2.5000000000000000e+00, 95.166666666666700,734.45000000000005
2016-02-14 05:20:00,18.823333333333299,41.566666666666698, 2.5000000000000000e+00, 95.333333333333300,734.50000000000000
2016-02-14 05:30:00,18.789999999999999,41.530000000000001, 2.5000000000000000e+00, 95.500000000000000,734.54999999999995
2016-02-14 05:40:00,18.789999999999999,41.530000000000001, 2.5000000000000000e+00, 95.666666666666700,734.60000000000002
2016-02-14 05:50:00,18.789999999999999,41.500000000000000, 2.5000000000000000e+00, 95.833333333333300,734.64999999999998
2016-02-14 06:00:00,18.789999999999999,41.500000000000000, 2.5000000000000000e+00, 96.000000000000000,734.70000000000005
2016-02-14 06:10:00,18.699999999999999,41.500000000000000, 2.4833333333333298e+00, 96.166666666666700,734.75000000000000
2016-02-14 06:20:00,18.699999999999999,41.500000000000000, 2.4666666666666699e+00, 96.333333333333300,734.79999999999995
2016-02-14 06:30:00,18.699999999999999,41.500000000000000, 2.4500000000000002e+00, 96.500000000000000,734.85000000000002
2016-02-14 06:40:00,18.633333333333301,41.530000000000001, 2.4333333333333300e+00, 96.666666666666700,734.89999999999998
2016-02-14 06:50:00,18.699999999999999,41.530000000000001, 2.4166666666666701e+00, 96.833333333333300,734.95000000000005
2016-02-14 07:00:00,18.600000000000001,41.500000000000000, 2.3999999999999999e+00, 97.000000000000000,735.00000000000000
2016-02-14 07:10:00,18.600000000000001,41.500000000000000, 2.3999999999999999e+00, 97.000000000000000,735.06666666666695
2016-02-14 07:20:00,18.600000000000001,41.466666666666697, 2.3999999999999999e+00, 97.000000000000000,735.13333333333298
2016-02-14 07:30:00,18.600000000000001,41.399999999999999, 2.3999999999999999e+00, 97.000000000000000,735.20000000000005
2016-02-14 07:40:00,18.500000000000000,41.500000000000000, 2.3999999999999999e+00, 97.000000000000000,735.26666666666699
2016-02-14 07:50:00,18.500000000000000,41.500000000000000, 2.3999999999999999e+00, 97.000000000000000,735.33333333333303
2016-02-14 08:00:00,18.463333333333299,41.700000000000003, 2.3999999999999999e+00, 97.000000000000000,735.39999999999998
2016-02-14 08:10:00,18.463333333333299,41.759999999999998, 2.4166666666666701e+00, 97.000000000000000,735.46666666666704
2016-02-14 08:20:00,18.463333333333299,41.663333333333298, 2.4333333333333300e+00, 97.000000000000000,735.53333333333296
2016-02-14 08:30:00,18.463333333333299,41.590000000000003, 2.4500000000000002e+00, 97.000000000000000,735.60000000000002
2016-02-14 08:40:00,18.463333333333299,41.663333333333298, 2.4666666666666699e+00, 97.000000000000000,735.66666666666697
2016-02-14 08:50:00,18.463333333333299,41.590000000000003, 2.4833333333333298e+00, 97.000000000000000,735.73333333333301
2016-02-14 09:00:00,18.390000000000001,41.466666666666697, 2.5000000000000000e+00, 97.000000000000000,735.79999999999995
2016-02-14 09:10:00,18.390000000000001,41.399999999999999, 2.5333333333333301e+00, 96.666666666666700,735.88333333333298
2016-02-14 09:20:00,18.390000000000001,41.399999999999999, 2.5666666666666700e+00, 96.333333333333300,735.96666666666704
2016-02-14 09:30:00,18.390000000000001,41.200000000000003, 2.6000000000000001e+00, 96.000000000000000,736.04999999999995
2016-02-14 09:40:00,18.390000000000001,41.126666666666701, 2.6333333333333302e+00, 95.666666666666700,736.13333333333298
2016-02-14 09:50:00,18.390000000000001,41.229999999999997, 2.6666666666666701e+00, 95.333333333333300,736.21666666666704
2016-02-14 10:00:00,18.390000000000001,41.363333333333301, 2.7000000000000002e+00, 95.000000000000000,736.29999999999995
2016-02-14 10:10:00,18.390000000000001,41.399999999999999, 2.7000000000000002e+00, 95.000000000000000,736.39999999999998
2016-02-14 10:20:00,18.390000000000001,41.466666666666697, 2.7000000000000002e+00, 95.000000000000000,736.50000000000000
2016-02-14 10:30:00,18.390000000000001,41.500000000000000, 2.7000000000000002e+00, 95.000000000000000,736.60000000000002
2016-02-14 10:40:00,18.390000000000001,41.560000000000002, 2.7000000000000002e+00, 95.000000000000000,736.70000000000005
2016-02-14 10:50:00,18.390000000000001,41.500000000000000, 2.7000000000000002e+00, 95.000000000000000,736.79999999999995
2016-02-14 11:00:00,18.390000000000001,41.560000000000002, 2.7000000000000002e+00, 95.000000000000000,736.89999999999998
2016-02-14 11:10:00,18.390000000000001,41.500000000000000, 2.7500000000000000e+00, 95.000000000000000,737.00000000000000
2016-02-14 11:20:00,18.390000000000001,41.500000000000000, 2.7999999999999998e+00, 95.000000000000000,737.10000000000002
2016-02-14 11:30:00,18.390000000000001,41.399999999999999, 2.8500000000000001e+00, 95.000000000000000,737.20000000000005
2016-02-14 11:40:00,18.463333333333299,41.466666666666697, 2.8999999999999999e+00, 95.000000000000000,737.29999999999995
2016-02-14 11:50:00,18.500000000000000,41.363333333333301, 2.9500000000000002e+00, 95.000000000000000,737.39999999999998
2016-02-14 12:00:00,18.566666666666698,41.289999999999999, 3.0000000000000000e+00, 95.000000000000000,737.50000000000000
2016-02-14 12:10:00,18.699999999999999,41.530000000000001, 3.0499999999999998e+00, 94.000000000000000,737.54999999999995
2016-02-14 12:20:00,18.760000000000002,41.590000000000003, 3.1000000000000001e+00, 93.000000000000000,737.60000000000002
2016-02-14 12:30:00,18.789999999999999,41.450000000000003, 3.1499999999999999e+00, 92.000000000000000,737.64999999999998
2016-02-14 12:40:00,18.890000000000001,41.399999999999999, 3.2000000000000002e+00, 91.000000000000000,737.70000000000005
2016-02-14 12:50:00,18.963333333333299,41.466666666666697, 3.2500000000000000e+00, 90.000000000000000,737.75000000000000
2016-02-14 13:00:00,19.033333333333299,41.926666666666698, 3.2999999999999998e+00, 89.000000000000000,737.79999999999995
2016-02-14 13:10:00,19.100000000000001,42.200000000000003, 3.3166666666666700e+00, 88.833333333333300,737.93333333333305
2016-02-14 13:20:00,19.133333333333301,42.229999999999997, 3.3333333333333299e+00, 88.666666666666700,738.06666666666695
2016-02-14 13:30:00,19.260000000000002,42.430000000000000, 3.3500000000000001e+00, 88.500000000000000,738.20000000000005
2016-02-14 13:40:00,19.323333333333299,42.466666666666697, 3.3666666666666698e+00, 88.333333333333300,738.33333333333303
2016-02-14 13:50:00,19.390000000000001,42.326666666666704, 3.3833333333333302e+00, 88.166666666666700,738.46666666666704
2016-02-14 14:00:00,19.500000000000000,42.163333333333298, 3.3999999999999999e+00, 88.000000000000000,738.60000000000002
2016-02-14 14:10:00,19.566666666666698,42.030000000000001, 3.3833333333333302e+00, 88.166666666666700,738.68333333333305
2016-02-14 14:20:00,19.633333333333301,41.899999999999999, 3.3666666666666698e+00, 88.333333333333300,738.76666666666699
2016-02-14 14:30:00,19.699999999999999,41.826666666666704, 3.3500000000000001e+00, 88.500000000000000,738.85000000000002
2016-02-14 14:40:00,19.730000000000000,41.560000000000002, 3.3333333333333299e+00, 88.666666666666700,738.93333333333305
2016-02-14 14:50:00,19.789999999999999,41.359999999999999, 3.3166666666666700e+00, 88.833333333333300,739.01666666666699
2016-02-14 15:00:00,19.789999999999999,41.026666666666699, 3.2999999999999998e+00, 89.000000000000000,739.10000000000002
2016-02-14 15:10:00,19.856666666666701,40.899999999999999, 3.2833333333333301e+00, 89.333333333333300,739.23333333333301
2016-02-14 15:20:00,19.890000000000001,41.090000000000003, 3.2666666666666702e+00, 89.666666666666700,739.36666666666702
2016-02-14 15:30:00,19.963333333333299,41.030000000000001, 3.2500000000000000e+00, 90.000000000000000,739.50000000000000
2016-02-14 15:40:00,20.000000000000000,40.689999999999998, 3.2333333333333298e+00, 90.333333333333300,739.63333333333298
2016-02-14 15:50:00,20.000000000000000,40.500000000000000, 3.2166666666666699e+00, 90.666666666666700,739.76666666666699
2016-02-14 16:00:00,20.000000000000000,40.500000000000000, 3.2000000000000002e+00, 91.000000000000000,739.89999999999998
2016-02-14 16:10:00,20.000000000000000,40.590000000000003, 3.1166666666666698e+00, 91.333333333333300,740.04999999999995
2016-02-14 16:20:00,20.000000000000000,40.590000000000003, 3.0333333333333301e+00, 91.666666666666700,740.20000000000005
2016-02-14 16:30:00,20.000000000000000,40.766666666666701, 2.9500000000000002e+00, 92.000000000000000,740.35000000000002
2016-02-14 16:40:00,20.000000000000000,40.966666666666697, 2.8666666666666698e+00, 92.333333333333300,740.50000000000000
2016-02-14 16:50:00,19.890000000000001,40.966666666666697, 2.7833333333333301e+00, 92.666666666666700,740.64999999999998
2016-02-14 17:00:00,19.890000000000001,40.766666666666701, 2.7000000000000002e+00, 93.000000000000000,740.79999999999995
2016-02-14 17:10:00,19.856666666666701,40.490000000000002, 2.7333333333333298e+00, 93.000000000000000,740.93333333333305
2016-02-14 17:20:00,19.789999999999999,40.289999999999999, 2.7666666666666702e+00, 93.000000000000000,741.06666666666695
2016-02-14 17:30:00,19.760000000000002,40.289999999999999, 2.7999999999999998e+00, 93.000000000000000,741.20000000000005
2016-02-14 17:40:00,19.633333333333301,40.229999999999997, 2.8333333333333299e+00, 93.000000000000000,741.33333333333303
2016-02-14 17:50:00,19.566666666666698,40.289999999999999, 2.8666666666666698e+00, 93.000000000000000,741.46666666666704
2016-02-14 18:00:00,19.566666666666698,40.430000000000000, 2.8999999999999999e+00, 93.000000000000000,741.60000000000002
2016-02-14 18:10:00,19.463333333333299,40.430000000000000, 2.9166666666666701e+00, 92.666666666666700,741.75000000000000
2016-02-14 18:20:00,19.390000000000001,40.363333333333301, 2.9333333333333300e+00, 92.333333333333300,741.89999999999998
2016-02-14 18:30:00,19.356666666666701,40.500000000000000, 2.9500000000000002e+00, 92.000000000000000,742.04999999999995
2016-02-14 18:40:00,19.289999999999999,40.433333333333302, 2.9666666666666699e+00, 91.666666666666700,742.20000000000005
2016-02-14 18:50:00,19.199999999999999,40.450000000000003, 2.9833333333333298e+00, 91.333333333333300,742.35000000000002
2016-02-14 19:00:00,19.100000000000001,40.530000000000001, 3.0000000000000000e+00, 91.000000000000000,742.50000000000000
2016-02-14 19:10:00,19.100000000000001,40.723333333333301, 2.9500000000000002e+00, 90.333333333333300,742.66666666666697
2016-02-14 19:20:00,19.066666666666698,42.000000000000000, 2.8999999999999999e+00, 89.666666666666700,742.83333333333303
2016-02-14 19:30:00,19.066666666666698,43.393333333333302, 2.8500000000000001e+00, 89.000000000000000,743.00000000000000
2016-02-14 19:40:00,19.033333333333299,43.560000000000002, 2.7999999999999998e+00, 88.333333333333300,743.16666666666697
2016-02-14 19:50:00,19.100000000000001,43.433333333333302, 2.7500000000000000e+00, 87.666666666666700,743.33333333333303
2016-02-14 20:00:00,19.133333333333301,43.223333333333301, 2.7000000000000002e+00, 87.000000000000000,743.50000000000000
2016-02-14 20:10:00,19.199999999999999,42.963333333333303, 2.6166666666666698e+00, 87.000000000000000,743.66666666666697
2016-02-14 20:20:00,19.199999999999999,42.663333333333298, 2.5333333333333301e+00, 87.000000000000000,743.83333333333303
2016-02-14 20:30:00,19.199999999999999,42.530000000000001, 2.4500000000000002e+00, 87.000000000000000,744.00000000000000
2016-02-14 20:40:00,19.199999999999999,42.500000000000000, 2.3666666666666698e+00, 87.000000000000000,744.16666666666697
2016-02-14 20:50:00,19.199999999999999,42.560000000000002, 2.2833333333333301e+00, 87.000000000000000,744.33333333333303
2016-02-14 21:00:00,19.230000000000000,42.530000000000001, 2.2000000000000002e+00, 87.000000000000000,744.50000000000000
2016-02-14 21:10:00,19.289999999999999,42.463333333333303, 2.2000000000000002e+00, 87.666666666666700,744.63333333333298
2016-02-14 21:20:00,19.289999999999999,42.163333333333298, 2.2000000000000002e+00, 88.333333333333300,744.76666666666699
2016-02-14 21:30:00,19.289999999999999,41.963333333333303, 2.2000000000000002e+00, 89.000000000000000,744.89999999999998
2016-02-14 21:40:00,19.289999999999999,41.789999999999999, 2.2000000000000002e+00, 89.666666666666700,745.03333333333296
2016-02-14 21:50:00,19.289999999999999,41.789999999999999, 2.2000000000000002e+00, 90.333333333333300,745.16666666666697
2016-02-14 22:00:00,19.356666666666701,41.663333333333298, 2.2000000000000002e+00, 91.000000000000000,745.29999999999995
2016-02-14 22:10:00,19.289999999999999,41.497500000000002, 2.2333333333333298e+00, 91.333333333333300,745.41666666666697
2016-02-14 22:20:00,19.289999999999999,41.326666666666704, 2.2666666666666702e+00, 91.666666666666700,745.53333333333296
2016-02-14 22:30:00,19.289999999999999,41.259999999999998, 2.2999999999999998e+00, 92.000000000000000,745.64999999999998
2016-02-14 22:40:00,19.230000000000000,41.000000000000000, 2.3333333333333299e+00, 92.333333333333300,745.76666666666699
2016-02-14 22:50:00,19.133333333333301,40.759999999999998, 2.3666666666666698e+00, 92.666666666666700,745.88333333333298
2016-02-14 23:00:00,19.133333333333301,40.833333333333300, 2.3999999999999999e+00, 93.000000000000000,746.00000000000000
2016-02-14 23:10:00,19.066666666666698,41.060000000000002, 2.4333333333333300e+00, 92.833333333333300,746.14999999999998
2016-02-14 23:20:00,19.000000000000000,41.000000000000000, 2.4666666666666699e+00, 92.666666666666700,746.29999999999995
2016-02-14 23:30:00,19.000000000000000,41.163333333333298, 2.5000000000000000e+00, 92.500000000000000,746.45000000000005
2016-02-14 23:40:00,18.926666666666701,41.223333333333301, 2.5333333333333301e+00, 92.333333333333300,746.60000000000002
2016-02-14 23:50:00,19.000000000000000,41.289999999999999, 2.5666666666666700e+00, 92.166666666666700,746.75000000000000
2016-02-15 00:00:00,18.926666666666701,41.289999999999999, 2.6000000000000001e+00, 92.000000000000000,746.89999999999998
2016-02-15 00:10:00,18.890000000000001,41.229999999999997, 2.5833333333333299e+00, 92.166666666666700,747.04999999999995
2016-02-15 00:20:00,18.823333333333299,41.156666666666702, 2.5666666666666700e+00, 92.333333333333300,747.20000000000005
2016-02-15 00:30:00,18.789999999999999,41.200000000000003, 2.5499999999999998e+00, 92.500000000000000,747.35000000000002
2016-02-15 00:40:00,18.789999999999999,41.200000000000003, 2.5333333333333301e+00, 92.666666666666700,747.50000000000000
2016-02-15 00:50:00,18.699999999999999,41.289999999999999, 2.5166666666666702e+00, 92.833333333333300,747.64999999999998
2016-02-15 01:00:00,18.699999999999999,41.363333333333301, 2.5000000000000000e+00, 93.000000000000000,747.79999999999995
2016-02-15 01:10:00,18.633333333333301,41.359999999999999, 2.4833333333333298e+00, 93.000000000000000,747.93333333333305
2016-02-15 01:20:00,18.625000000000000,41.500000000000000, 2.4666666666666699e+00, 93.000000000000000,748.06666666666695
2016-02-15 01:30:00,18.600000000000001,41.560000000000002, 2.4500000000000002e+00, 93.000000000000000,748.20000000000005
2016-02-15 01:40:00,18.566666666666698,41.700000000000003, 2.4333333333333300e+00, 93.000000000000000,748.33333333333303
2016-02-15 01:50:00,18.500000000000000,41.759999999999998, 2.4166666666666701e+00, 93.000000000000000,748.46666666666704
2016-02-15 02:00:00,18.500000000000000,41.826666666666704, 2.3999999999999999e+00, 93.000000000000000,748.60000000000002
2016-02-15 02:10:00,18.500000000000000,41.899999999999999, 2.4166666666666701e+00, 93.000000000000000,748.78333333333296
2016-02-15 02:20:00,18.390000000000001,41.826666666666704, 2.4333333333333300e+00, 93.000000000000000,748.96666666666704
2016-02-15 02:30:00,18.390000000000001,41.899999999999999, 2.4500000000000002e+00, 93.000000000000000,749.14999999999998
2016-02-15 02:40:00,18.390000000000001,41.933333333333302, 2.4666666666666699e+00, 93.000000000000000,749.33333333333303
2016-02-15 02:50:00,18.323333333333299,42.000000000000000, 2.4833333333333298e+00, 93.000000000000000,749.51666666666699
2016-02-15 03:00:00,18.289999999999999,42.000000000000000, 2.5000000000000000e+00, 93.000000000000000,749.70000000000005
2016-02-15 03:10:00,18.289999999999999,42.060000000000002, 2.4833333333333298e+00, 93.000000000000000,749.85000000000002
2016-02-15 03:20:00,18.289999999999999,42.030000000000001, 2.4666666666666699e+00, 93.000000000000000,750.00000000000000
2016-02-15 03:30:00,18.289999999999999,42.030000000000001, 2.4500000000000002e+00, 93.000000000000000,750.14999999999998
2016-02-15 03:40:00,18.199999999999999,41.933333333333302, 2.4333333333333300e+00, 93.000000000000000,750.29999999999995
2016-02-15 03:50:00,18.199999999999999,41.933333333333302, 2.4166666666666701e+00, 93.000000000000000,750.45000000000005
2016-02-15 04:00:00,18.199999999999999,41.966666666666697, 2.3999999999999999e+00, 93.000000000000000,750.60000000000002
2016-02-15 04:10:00,18.133333333333301,41.899999999999999, 2.3833333333333302e+00, 92.333333333333300,750.79999999999995
2016-02-15 04:20:00,18.100000000000001,41.899999999999999, 2.3666666666666698e+00, 91.666666666666700,751.00000000000000
2016-02-15 04:30:00,18.100000000000001,41.975000000000001, 2.3500000000000001e+00, 91.000000000000000,751.20000000000005
2016-02-15 04:40:00,18.100000000000001,42.000000000000000, 2.3333333333333299e+00, 90.333333333333300,751.39999999999998
2016-02-15 04:50:00,18.100000000000001,41.966666666666697, 2.3166666666666700e+00, 89.666666666666700,751.60000000000002
2016-02-15 05:00:00,18.033333333333299,41.826666666666704, 2.2999999999999998e+00, 89.000000000000000,751.79999999999995
2016-02-15 05:10:00,18.000000000000000,41.899999999999999, 2.3333333333333299e+00, 88.666666666666700,751.98333333333301
2016-02-15 05:20:00,18.000000000000000,41.899999999999999, 2.3666666666666698e+00, 88.333333333333300,752.16666666666697
2016-02-15 05:30:00,18.000000000000000,41.899999999999999, 2.3999999999999999e+00, 88.000000000000000,752.35000000000002
2016-02-15 05:40:00,17.926666666666701,41.899999999999999, 2.4333333333333300e+00, 87.666666666666700,752.53333333333296
2016-02-15 05:50:00,17.890000000000001,41.899999999999999, 2.4666666666666699e+00, 87.333333333333300,752.71666666666704
2016-02-15 06:00:00,17.890000000000001,41.899999999999999, 2.5000000000000000e+00, 87.000000000000000,752.89999999999998
2016-02-15 06:10:00,17.890000000000001,41.899999999999999, 2.4666666666666699e+00, 86.000000000000000,753.08333333333303
2016-02-15 06:20:00,17.890000000000001,41.899999999999999, 2.4333333333333300e+00, 85.000000000000000,753.26666666666699
2016-02-15 06:30:00,17.856666666666701,41.863333333333301, 2.3999999999999999e+00, 84.000000000000000,753.45000000000005
2016-02-15 06:40:00,17.789999999999999,41.789999999999999, 2.3666666666666698e+00, 83.000000000000000,753.63333333333298
2016-02-15 06:50:00,17.789999999999999,41.789999999999999, 2.3333333333333299e+00, 82.000000000000000,753.81666666666695
2016-02-15 07:00:00,17.789999999999999,41.863333333333301, 2.2999999999999998e+00, 81.000000000000000,754.00000000000000
2016-02-15 07:10:00,17.789999999999999,41.963333333333303, 2.1333333333333302e+00, 80.666666666666700,754.20000000000005
2016-02-15 07:20:00,17.789999999999999,42.163333333333298, 1.9666666666666699e+00, 80.333333333333300,754.39999999999998
2016-02-15 07:30:00,17.789999999999999,42.200000000000003, 1.8000000000000000e+00, 80.000000000000000,754.60000000000002
2016-02-15 07:40:00,17.722500000000000,42.200000000000003, 1.6333333333333300e+00, 79.666666666666700,754.79999999999995
2016-02-15 07:50:00,17.699999999999999,42.066666666666698, 1.4666666666666699e+00, 79.333333333333300,755.00000000000000
2016-02-15 08:00:00,17.699999999999999,41.833333333333300, 1.3000000000000000e+00, 79.000000000000000,755.20000000000005
2016-02-15 08:10:00,17.760000000000002,41.566666666666698, 1.3333333333333299e+00, 79.333333333333300,755.41666666666697
2016-02-15 08:20:00,18.066666666666698,40.863333333333301, 1.3666666666666700e+00, 79.666666666666700,755.63333333333298
2016-02-15 08:30:00,18.000000000000000,40.729999999999997, 1.3999999999999999e+00, 80.000000000000000,755.85000000000002
2016-02-15 08:40:00,17.963333333333299,40.560000000000002, 1.4333333333333300e+00, 80.333333333333300,756.06666666666695
2016-02-15 08:50:00,17.890000000000001,40.299999999999997, 1.4666666666666699e+00, 80.666666666666700,756.28333333333296
2016-02-15 09:00:00,17.789999999999999,39.966666666666697, 1.5000000000000000e+00, 81.000000000000000,756.50000000000000
2016-02-15 09:10:00,17.789999999999999,39.766666666666701, 1.7000000000000000e+00, 80.333333333333300,756.63333333333298
2016-02-15 09:20:00,17.789999999999999,39.663333333333298, 1.8999999999999999e+00, 79.666666666666700,756.76666666666699
2016-02-15 09:30:00,17.789999999999999,39.590000000000003, 2.1000000000000001e+00, 79.000000000000000,756.89999999999998
2016-02-15 09:40:00,17.823333333333299,39.590000000000003, 2.2999999999999998e+00, 78.333333333333300,757.03333333333296
2016-02-15 09:50:00,17.890000000000001,39.530000000000001, 2.5000000000000000e+00, 77.666666666666700,757.16666666666697
2016-02-15 10:00:00,18.033333333333299,39.500000000000000, 2.7000000000000002e+00, 77.000000000000000,757.29999999999995
2016-02-15 10:10:00,18.166666666666700,39.633333333333297, 2.8833333333333302e+00, 75.833333333333300,757.48333333333301
2016-02-15 10:20:00,18.260000000000002,39.196666666666701, 3.0666666666666700e+00, 74.666666666666700,757.66666666666697
2016-02-15 10:30:00,18.260000000000002,38.056666666666700, 3.2500000000000000e+00, 73.500000000000000,757.85000000000002
2016-02-15 10:40:00,18.359999999999999,37.789999999999999, 3.4333333333333300e+00, 72.333333333333300,758.03333333333296
2016-02-15 10:50:00,18.600000000000001,37.817500000000003, 3.6166666666666698e+00, 71.166666666666700,758.21666666666704
2016-02-15 11:00:00,18.760000000000002,37.966666666666697, 3.7999999999999998e+00, 70.000000000000000,758.39999999999998
2016-02-15 11:10:00,18.823333333333299,38.126666666666701, 4.0000000000000000e+00, 68.833333333333300,758.53333333333296
2016-02-15 11:20:00,18.963333333333299,38.200000000000003, 4.2000000000000002e+00, 67.666666666666700,758.66666666666697
2016-02-15 11:30:00,19.033333333333299,38.229999999999997, 4.4000000000000004e+00, 66.500000000000000,758.79999999999995
2016-02-15 11:40:00,19.100000000000001,38.229999999999997, 4.5999999999999996e+00, 65.333333333333300,758.93333333333305
2016-02-15 11:50:00,19.100000000000001,38.200000000000003, 4.7999999999999998e+00, 64.166666666666700,759.06666666666695
2016-02-15 12:00:00,19.100000000000001,38.090000000000003, 5.0000000000000000e+00, 63.000000000000000,759.20000000000005
2016-02-15 12:10:00,19.100000000000001,38.060000000000002, 5.0000000000000000e+00, 62.833333333333300,759.29999999999995
2016-02-15 12:20:00,19.100000000000001,38.000000000000000, 5.0000000000000000e+00, 62.666666666666700,759.39999999999998
2016-02-15 12:30:00,19.180000000000000,37.983333333333299, 5.0000000000000000e+00, 62.500000000000000,759.50000000000000
2016-02-15 12:40:00,19.260000000000002,37.966666666666697, 5.0000000000000000e+00, 62.333333333333300,759.60000000000002
2016-02-15 12:50:00,19.199999999999999,37.844999999999999, 5.0000000000000000e+00, 62.166666666666700,759.70000000000005
2016-02-15 13:00:00,19.199999999999999,37.899999999999999, 5.0000000000000000e+00, 62.000000000000000,759.79999999999995
2016-02-15 13:10:00,19.289999999999999,38.090000000000003, 5.0833333333333304e+00, 61.666666666666700,759.89999999999998
2016-02-15 13:20:00,19.289999999999999,38.163333333333298, 5.1666666666666696e+00, 61.333333333333300,760.00000000000000
2016-02-15 13:30:00,19.289999999999999,38.289999999999999, 5.2500000000000000e+00, 61.000000000000000,760.10000000000002
2016-02-15 13:40:00,19.289999999999999,38.289999999999999, 5.3333333333333304e+00, 60.666666666666700,760.20000000000005
2016-02-15 13:50:00,19.289999999999999,38.289999999999999, 5.4166666666666696e+00, 60.333333333333300,760.29999999999995
2016-02-15 14:00:00,19.356666666666701,38.363333333333301, 5.5000000000000000e+00, 60.000000000000000,760.39999999999998
2016-02-15 14:10:00,19.390000000000001,38.223333333333301, 5.5166666666666702e+00, 60.333333333333300,760.51666666666699
2016-02-15 14:20:00,19.390000000000001,38.022500000000001, 5.5333333333333297e+00, 60.666666666666700,760.63333333333298
2016-02-15 14:30:00,19.390000000000001,38.000000000000000, 5.5499999999999998e+00, 61.000000000000000,760.75000000000000
2016-02-15 14:40:00,19.390000000000001,37.899999999999999, 5.5666666666666700e+00, 61.333333333333300,760.86666666666702
2016-02-15 14:50:00,19.323333333333299,37.826666666666704, 5.5833333333333304e+00, 61.666666666666700,760.98333333333301
2016-02-15 15:00:00,19.289999999999999,37.759999999999998, 5.5999999999999996e+00, 62.000000000000000,761.10000000000002
2016-02-15 15:10:00,19.356666666666701,37.700000000000003, 5.5666666666666700e+00, 62.000000000000000,761.23333333333301
2016-02-15 15:20:00,19.390000000000001,37.590000000000003, 5.5333333333333297e+00, 62.000000000000000,761.36666666666702
2016-02-15 15:30:00,19.390000000000001,37.530000000000001, 5.5000000000000000e+00, 62.000000000000000,761.50000000000000
2016-02-15 15:40:00,19.390000000000001,37.466666666666697, 5.4666666666666703e+00, 62.000000000000000,761.63333333333298
2016-02-15 15:50:00,19.323333333333299,37.399999999999999, 5.4333333333333300e+00, 62.000000000000000,761.76666666666699
2016-02-15 16:00:00,19.323333333333299,37.289999999999999, 5.4000000000000004e+00, 62.000000000000000,761.89999999999998
2016-02-15 16:10:00,19.390000000000001,37.229999999999997, 5.3333333333333304e+00, 62.333333333333300,762.04999999999995
2016-02-15 16:20:00,19.390000000000001,37.060000000000002, 5.2666666666666702e+00, 62.666666666666700,762.20000000000005
2016-02-15 16:30:00,19.390000000000001,36.933333333333302, 5.2000000000000002e+00, 63.000000000000000,762.35000000000002
2016-02-15 16:40:00,19.390000000000001,36.863333333333301, 5.1333333333333302e+00, 63.333333333333300,762.50000000000000
2016-02-15 16:50:00,19.463333333333299,36.789999999999999, 5.0666666666666700e+00, 63.666666666666700,762.64999999999998
2016-02-15 17:00:00,19.500000000000000,36.789999999999999, 5.0000000000000000e+00, 64.000000000000000,762.79999999999995
2016-02-15 17:10:00,19.500000000000000,36.729999999999997, 4.7666666666666702e+00, 65.333333333333300,762.95000000000005
2016-02-15 17:20:00,19.463333333333299,36.633333333333297, 4.5333333333333297e+00, 66.666666666666700,763.10000000000002
2016-02-15 17:30:00,19.315000000000001,36.500000000000000, 4.2999999999999998e+00, 68.000000000000000,763.25000000000000
2016-02-15 17:40:00,19.230000000000000,36.359999999999999, 4.0666666666666700e+00, 69.333333333333300,763.39999999999998
2016-02-15 17:50:00,19.199999999999999,36.463333333333303, 3.8333333333333299e+00, 70.666666666666700,763.54999999999995
2016-02-15 18:00:00,19.199999999999999,36.590000000000003, 3.6000000000000001e+00, 72.000000000000000,763.70000000000005
2016-02-15 18:10:00,19.230000000000000,36.766666666666701, 3.3999999999999999e+00, 73.333333333333300,763.86666666666702
2016-02-15 18:20:00,19.356666666666701,36.966666666666697, 3.2000000000000002e+00, 74.666666666666700,764.03333333333296
2016-02-15 18:30:00,19.426666666666701,37.229999999999997, 3.0000000000000000e+00, 76.000000000000000,764.20000000000005
2016-02-15 18:40:00,19.566666666666698,37.430000000000000, 2.7999999999999998e+00, 77.333333333333300,764.36666666666702
2016-02-15 18:50:00,19.600000000000001,37.700000000000003, 2.6000000000000001e+00, 78.666666666666700,764.53333333333296
2016-02-15 19:00:00,19.600000000000001,37.899999999999999, 2.3999999999999999e+00, 80.000000000000000,764.70000000000005
2016-02-15 19:10:00,19.699999999999999,38.359999999999999, 2.1833333333333300e+00, 80.833333333333300,764.81666666666695
2016-02-15 19:20:00,19.699999999999999,38.500000000000000, 1.9666666666666699e+00, 81.666666666666700,764.93333333333305
2016-02-15 19:30:00,19.789999999999999,38.530000000000001, 1.7500000000000000e+00, 82.500000000000000,765.04999999999995
2016-02-15 19:40:00,19.856666666666701,38.590000000000003, 1.5333333333333301e+00, 83.333333333333300,765.16666666666697
2016-02-15 19:50:00,19.890000000000001,38.466666666666697, 1.3166666666666700e+00, 84.166666666666700,765.28333333333296
2016-02-15 20:00:00,19.963333333333299,38.526666666666699, 1.1000000000000001e+00, 85.000000000000000,765.39999999999998
2016-02-15 20:10:00,20.000000000000000,38.963333333333303, 1.0000000000000000e+00, 85.500000000000000,765.54999999999995
2016-02-15 20:20:00,20.000000000000000,39.363333333333301, 9.0000000000000002e-01, 86.000000000000000,765.70000000000005
2016-02-15 20:30:00,20.033333333333299,39.656666666666702, 8.0000000000000004e-01, 86.500000000000000,765.85000000000002
2016-02-15 20:40:00,20.100000000000001,39.844999999999999, 6.9999999999999996e-01, 87.000000000000000,766.00000000000000
2016-02-15 20:50:00,20.100000000000001,39.729999999999997, 5.9999999999999998e-01, 87.500000000000000,766.14999999999998
2016-02-15 21:00:00,20.100000000000001,39.663333333333298, 5.0000000000000000e-01, 88.000000000000000,766.29999999999995
2016-02-15 21:10:00,20.100000000000001,39.530000000000001, 4.0000000000000002e-01, 88.333333333333300,766.41666666666697
2016-02-15 21:20:00,20.100000000000001,39.363333333333301, 2.9999999999999999e-01, 88.666666666666700,766.53333333333296
2016-02-15 21:30:00,20.100000000000001,39.363333333333301, 2.0000000000000001e-01, 89.000000000000000,766.64999999999998
2016-02-15 21:40:00,20.100000000000001,39.200000000000003, 1.0000000000000001e-01, 89.333333333333300,766.76666666666699
2016-02-15 21:50:00,20.100000000000001,39.126666666666701, 0.0000000000000000e+00, 89.666666666666700,766.88333333333298
2016-02-15 22:00:00,20.100000000000001,39.060000000000002,-1.0000000000000001e-01, 90.000000000000000,767.00000000000000
2016-02-15 22:10:00,20.100000000000001,38.933333333333302,-1.8333333333333299e-01, 90.166666666666700,767.13333333333298
2016-02-15 22:20:00,20.066666666666698,38.723333333333301,-2.6666666666666700e-01, 90.333333333333300,767.26666666666699
2016-02-15 22:30:00,20.000000000000000,38.723333333333301,-3.4999999999999998e-01, 90.500000000000000,767.39999999999998
2016-02-15 22:40:00,19.963333333333299,38.933333333333302,-4.3333333333333302e-01, 90.666666666666700,767.53333333333296
2016-02-15 22:50:00,19.890000000000001,39.060000000000002,-5.1666666666666705e-01, 90.833333333333300,767.66666666666697
2016-02-15 23:00:00,19.789999999999999,39.229999999999997,-5.9999999999999998e-01, 91.000000000000000,767.79999999999995
2016-02-15 23:10:00,19.730000000000000,39.363333333333301,-5.9999999999999998e-01, 91.166666666666700,767.93333333333305
2016-02-15 23:20:00,19.666666666666700,39.500000000000000,-5.9999999999999998e-01, 91.333333333333300,768.06666666666695
2016-02-15 23:30:00,19.600000000000001,39.560000000000002,-5.9999999999999998e-01, 91.500000000000000,768.20000000000005
2016-02-15 23:40:00,19.566666666666698,39.729999999999997,-5.9999999999999998e-01, 91.666666666666700,768.33333333333303
2016-02-15 23:50:00,19.426666666666701,39.789999999999999,-5.9999999999999998e-01, 91.833333333333300,768.46666666666704
2016-02-16 00:00:00,19.390000000000001,39.844999999999999,-5.9999999999999998e-01, 92.000000000000000,768.60000000000002
2016-02-16 00:10:00,19.356666666666701,40.030000000000001,-5.9999999999999998e-01, 91.333333333333300,768.66666666666697
2016-02-16 00:20:00,19.230000000000000,40.030000000000001,-5.9999999999999998e-01, 90.666666666666700,768.73333333333301
2016-02-16 00:30:00,19.199999999999999,40.126666666666701,-5.9999999999999998e-01, 90.000000000000000,768.79999999999995
2016-02-16 00:40:00,19.133333333333301,40.200000000000003,-5.9999999999999998e-01, 89.333333333333300,768.86666666666702
2016-02-16 00:50:00,19.066666666666698,40.289999999999999,-5.9999999999999998e-01, 88.666666666666700,768.93333333333305
2016-02-16 01:00:00,19.000000000000000,40.289999999999999,-5.9999999999999998e-01, 88.000000000000000,769.00000000000000
2016-02-16 01:10:00,19.000000000000000,40.163333333333298,-7.6666666666666705e-01, 89.166666666666700,769.10000000000002
2016-02-16 01:20:00,18.926666666666701,40.030000000000001,-9.3333333333333302e-01, 90.333333333333300,769.20000000000005
2016-02-16 01:30:00,18.856666666666701,39.930000000000000,-1.1000000000000001e+00, 91.500000000000000,769.29999999999995
2016-02-16 01:40:00,18.789999999999999,39.729999999999997,-1.2666666666666699e+00, 92.666666666666700,769.39999999999998
2016-02-16 01:50:00,18.789999999999999,39.789999999999999,-1.4333333333333300e+00, 93.833333333333300,769.50000000000000
2016-02-16 02:00:00,18.730000000000000,39.729999999999997,-1.6000000000000001e+00, 95.000000000000000,769.60000000000002
2016-02-16 02:10:00,18.666666666666700,39.789999999999999,-1.5666666666666700e+00, 95.166666666666700,769.64999999999998
2016-02-16 02:20:00,18.600000000000001,39.789999999999999,-1.5333333333333301e+00, 95.333333333333300,769.70000000000005
2016-02-16 02:30:00,18.600000000000001,39.826666666666704,-1.5000000000000000e+00, 95.500000000000000,769.75000000000000
2016-02-16 02:40:00,18.600000000000001,39.899999999999999,-1.4666666666666699e+00, 95.666666666666700,769.79999999999995
2016-02-16 02:50:00,18.500000000000000,39.899999999999999,-1.4333333333333300e+00, 95.833333333333300,769.85000000000002
2016-02-16 03:00:00,18.500000000000000,39.826666666666704,-1.3999999999999999e+00, 96.000000000000000,769.89999999999998
2016-02-16 03:10:00,18.390000000000001,39.789999999999999,-1.6000000000000001e+00, 95.000000000000000,769.89999999999998
2016-02-16 03:20:00,18.390000000000001,39.789999999999999,-1.8000000000000000e+00, 94.000000000000000,769.89999999999998
2016-02-16 03:30:00,18.323333333333299,39.789999999999999,-2.0000000000000000e+00, 93.000000000000000,769.89999999999998
2016-02-16 03:40:00,18.289999999999999,39.789999999999999,-2.2000000000000002e+00, 92.000000000000000,769.89999999999998
2016-02-16 03:50:00,18.289999999999999,39.789999999999999,-2.3999999999999999e+00, 91.000000000000000,769.89999999999998
2016-02-16 04:00:00,18.260000000000002,39.759999999999998,-2.6000000000000001e+00, 90.000000000000000,769.89999999999998
2016-02-16 04:10:00,18.199999999999999,39.700000000000003,-2.6499999999999999e+00, 90.833333333333300,769.93333333333305
2016-02-16 04:20:00,18.199999999999999,39.700000000000003,-2.7000000000000002e+00, 91.666666666666700,769.96666666666704
2016-02-16 04:30:00,18.133333333333301,39.700000000000003,-2.7500000000000000e+00, 92.500000000000000,770.00000000000000
2016-02-16 04:40:00,18.100000000000001,39.700000000000003,-2.7999999999999998e+00, 93.333333333333300,770.03333333333296
2016-02-16 04:50:00,18.100000000000001,39.759999999999998,-2.8500000000000001e+00, 94.166666666666700,770.06666666666695
2016-02-16 05:00:00,18.066666666666698,39.759999999999998,-2.8999999999999999e+00, 95.000000000000000,770.10000000000002
2016-02-16 05:10:00,18.000000000000000,39.759999999999998,-2.8833333333333302e+00, 95.166666666666700,770.18333333333305
2016-02-16 05:20:00,17.963333333333299,39.789999999999999,-2.8666666666666698e+00, 95.333333333333300,770.26666666666699
2016-02-16 05:30:00,17.890000000000001,39.789999999999999,-2.8500000000000001e+00, 95.500000000000000,770.35000000000002
2016-02-16 05:40:00,17.890000000000001,39.826666666666704,-2.8333333333333299e+00, 95.666666666666700,770.43333333333305
2016-02-16 05:50:00,17.823333333333299,39.826666666666704,-2.8166666666666700e+00, 95.833333333333300,770.51666666666699
2016-02-16 06:00:00,17.789999999999999,39.899999999999999,-2.7999999999999998e+00, 96.000000000000000,770.60000000000002
2016-02-16 06:10:00,17.789999999999999,39.826666666666704,-2.8666666666666698e+00, 95.666666666666700,770.66666666666697
2016-02-16 06:20:00,17.789999999999999,39.844999999999999,-2.9333333333333300e+00, 95.333333333333300,770.73333333333301
2016-02-16 06:30:00,17.699999999999999,39.899999999999999,-3.0000000000000000e+00, 95.000000000000000,770.79999999999995
2016-02-16 06:40:00,17.699999999999999,39.899999999999999,-3.0666666666666700e+00, 94.666666666666700,770.86666666666702
2016-02-16 06:50:00,17.666666666666700,39.966666666666697,-3.1333333333333302e+00, 94.333333333333300,770.93333333333305
2016-02-16 07:00:00,17.600000000000001,39.899999999999999,-3.2000000000000002e+00, 94.000000000000000,771.00000000000000
2016-02-16 07:10:00,17.666666666666700,40.000000000000000,-3.2500000000000000e+00, 93.666666666666700,771.10000000000002
2016-02-16 07:20:00,17.600000000000001,40.000000000000000,-3.2999999999999998e+00, 93.333333333333300,771.20000000000005
2016-02-16 07:30:00,17.566666666666698,40.126666666666701,-3.3500000000000001e+00, 93.000000000000000,771.29999999999995
2016-02-16 07:40:00,17.500000000000000,40.259999999999998,-3.3999999999999999e+00, 92.666666666666700,771.39999999999998
2016-02-16 07:50:00,17.500000000000000,40.223333333333301,-3.4500000000000002e+00, 92.333333333333300,771.50000000000000
2016-02-16 08:00:00,17.500000000000000,39.890000000000001,-3.5000000000000000e+00, 92.000000000000000,771.60000000000002
2016-02-16 08:10:00,17.463333333333299,39.526666666666699,-3.1666666666666701e+00, 92.000000000000000,771.70000000000005
2016-02-16 08:20:00,17.463333333333299,39.399999999999999,-2.8333333333333299e+00, 92.000000000000000,771.79999999999995
2016-02-16 08:30:00,17.500000000000000,39.259999999999998,-2.5000000000000000e+00, 92.000000000000000,771.89999999999998
2016-02-16 08:40:00,17.500000000000000,39.126666666666701,-2.1666666666666701e+00, 92.000000000000000,772.00000000000000
2016-02-16 08:50:00,17.500000000000000,39.156666666666702,-1.8333333333333299e+00, 92.000000000000000,772.10000000000002
2016-02-16 09:00:00,17.500000000000000,39.430000000000000,-1.5000000000000000e+00, 92.000000000000000,772.20000000000005
2016-02-16 09:10:00,17.500000000000000,39.590000000000003,-1.2666666666666699e+00, 93.000000000000000,772.20000000000005
2016-02-16 09:20:00,17.524999999999999,39.672499999999999,-1.0333333333333301e+00, 94.000000000000000,772.20000000000005
2016-02-16 09:30:00,17.600000000000001,39.700000000000003,-8.0000000000000004e-01, 95.000000000000000,772.20000000000005
2016-02-16 09:40:00,17.633333333333301,39.729999999999997,-5.6666666666666698e-01, 96.000000000000000,772.20000000000005
2016-02-16 09:50:00,17.760000000000002,39.789999999999999,-3.3333333333333298e-01, 97.000000000000000,772.20000000000005
2016-02-16 10:00:00,17.859999999999999,39.700000000000003,-1.0000000000000001e-01, 98.000000000000000,772.20000000000005
2016-02-16 10:10:00,18.066666666666698,39.700000000000003, 2.0000000000000001e-01, 96.500000000000000,772.21666666666704
2016-02-16 10:20:00,18.230000000000000,39.399999999999999, 5.0000000000000000e-01, 95.000000000000000,772.23333333333301
2016-02-16 10:30:00,18.356666666666701,39.126666666666701, 8.0000000000000004e-01, 93.500000000000000,772.25000000000000
2016-02-16 10:40:00,18.566666666666698,39.090000000000003, 1.1000000000000001e+00, 92.000000000000000,772.26666666666699
2016-02-16 10:50:00,18.699999999999999,39.030000000000001, 1.3999999999999999e+00, 90.500000000000000,772.28333333333296
2016-02-16 11:00:00,18.789999999999999,38.633333333333297, 1.7000000000000000e+00, 89.000000000000000,772.29999999999995
2016-02-16 11:10:00,18.856666666666701,38.560000000000002, 1.8999999999999999e+00, 85.333333333333300,772.28333333333296
2016-02-16 11:20:00,19.000000000000000,38.500000000000000, 2.1000000000000001e+00, 81.666666666666700,772.26666666666699
2016-02-16 11:30:00,19.066666666666698,38.500000000000000, 2.2999999999999998e+00, 78.000000000000000,772.25000000000000
2016-02-16 11:40:00,19.133333333333301,38.363333333333301, 2.5000000000000000e+00, 74.333333333333300,772.23333333333301
2016-02-16 11:50:00,19.133333333333301,37.763333333333300, 2.7000000000000002e+00, 70.666666666666700,772.21666666666704
2016-02-16 12:00:00,18.856666666666701,35.430000000000000, 2.8999999999999999e+00, 67.000000000000000,772.20000000000005
2016-02-16 12:10:00,18.856666666666701,35.563333333333297, 3.0333333333333301e+00, 66.666666666666700,772.11666666666702
2016-02-16 12:20:00,19.000000000000000,35.963333333333303, 3.1666666666666701e+00, 66.333333333333300,772.03333333333296
2016-02-16 12:30:00,19.066666666666698,36.223333333333301, 3.2999999999999998e+00, 66.000000000000000,771.95000000000005
2016-02-16 12:40:00,19.149999999999999,36.399999999999999, 3.4333333333333300e+00, 65.666666666666700,771.86666666666702
2016-02-16 12:50:00,19.230000000000000,36.463333333333303, 3.5666666666666700e+00, 65.333333333333300,771.78333333333296
2016-02-16 13:00:00,19.289999999999999,36.530000000000001, 3.7000000000000002e+00, 65.000000000000000,771.70000000000005
2016-02-16 13:10:00,19.323333333333299,36.590000000000003, 3.8166666666666700e+00, 64.000000000000000,771.68333333333305
2016-02-16 13:20:00,19.390000000000001,36.590000000000003, 3.9333333333333300e+00, 63.000000000000000,771.66666666666697
2016-02-16 13:30:00,19.426666666666701,36.626666666666701, 4.0499999999999998e+00, 62.000000000000000,771.64999999999998
2016-02-16 13:40:00,19.500000000000000,36.700000000000003, 4.1666666666666696e+00, 61.000000000000000,771.63333333333298
2016-02-16 13:50:00,19.500000000000000,36.590000000000003, 4.2833333333333297e+00, 60.000000000000000,771.61666666666702
2016-02-16 14:00:00,19.500000000000000,36.590000000000003, 4.4000000000000004e+00, 59.000000000000000,771.60000000000002
2016-02-16 14:10:00,19.566666666666698,36.590000000000003, 4.4166666666666696e+00, 58.333333333333300,771.50000000000000
2016-02-16 14:20:00,19.566666666666698,36.663333333333298, 4.4333333333333300e+00, 57.666666666666700,771.39999999999998
2016-02-16 14:30:00,19.600000000000001,36.729999999999997, 4.4500000000000002e+00, 57.000000000000000,771.29999999999995
2016-02-16 14:40:00,19.600000000000001,36.789999999999999, 4.4666666666666703e+00, 56.333333333333300,771.20000000000005
2016-02-16 14:50:00,19.633333333333301,36.729999999999997, 4.4833333333333298e+00, 55.666666666666700,771.10000000000002
2016-02-16 15:00:00,19.699999999999999,36.789999999999999, 4.5000000000000000e+00, 55.000000000000000,771.00000000000000
2016-02-16 15:10:00,19.699999999999999,36.700000000000003, 4.5333333333333297e+00, 54.333333333333300,770.96666666666704
2016-02-16 15:20:00,19.699999999999999,36.233333333333299, 4.5666666666666700e+00, 53.666666666666700,770.93333333333305
2016-02-16 15:30:00,19.699999999999999,35.526666666666699, 4.5999999999999996e+00, 53.000000000000000,770.89999999999998
2016-02-16 15:40:00,19.760000000000002,35.399999999999999, 4.6333333333333302e+00, 52.333333333333300,770.86666666666702
2016-02-16 15:50:00,19.840000000000000,35.450000000000003, 4.6666666666666696e+00, 51.666666666666700,770.83333333333303
2016-02-16 16:00:00,19.926666666666701,35.500000000000000, 4.7000000000000002e+00, 51.000000000000000,770.79999999999995
2016-02-16 16:10:00,20.000000000000000,35.433333333333302, 4.5999999999999996e+00, 51.500000000000000,770.71666666666704
2016-02-16 16:20:00,20.000000000000000,35.289999999999999, 4.5000000000000000e+00, 52.000000000000000,770.63333333333298
2016-02-16 16:30:00,20.000000000000000,35.289999999999999, 4.4000000000000004e+00, 52.500000000000000,770.54999999999995
2016-02-16 16:40:00,20.000000000000000,35.163333333333298, 4.2999999999999998e+00, 53.000000000000000,770.46666666666704
2016-02-16 16:50:00,20.000000000000000,35.030000000000001, 4.2000000000000002e+00, 53.500000000000000,770.38333333333298
2016-02-16 17:00:00,20.000000000000000,34.863333333333301, 4.0999999999999996e+00, 54.000000000000000,770.29999999999995
2016-02-16 17:10:00,20.000000000000000,34.789999999999999, 3.7500000000000000e+00, 55.833333333333300,770.26666666666699
2016-02-16 17:20:00,19.895000000000000,34.744999999999997, 3.3999999999999999e+00, 57.666666666666700,770.23333333333301
2016-02-16 17:30:00,19.789999999999999,34.700000000000003, 3.0499999999999998e+00, 59.500000000000000,770.20000000000005
2016-02-16 17:40:00,19.699999999999999,34.700000000000003, 2.7000000000000002e+00, 61.333333333333300,770.16666666666697
2016-02-16 17:50:00,19.633333333333301,34.626666666666701, 2.3500000000000001e+00, 63.166666666666700,770.13333333333298
2016-02-16 18:00:00,19.566666666666698,34.700000000000003, 2.0000000000000000e+00, 65.000000000000000,770.10000000000002
2016-02-16 18:10:00,19.500000000000000,34.700000000000003, 1.8500000000000001e+00, 65.500000000000000,770.11666666666702
2016-02-16 18:20:00,19.500000000000000,34.859999999999999, 1.7000000000000000e+00, 66.000000000000000,770.13333333333298
2016-02-16 18:30:00,19.472500000000000,35.000000000000000, 1.5500000000000000e+00, 66.500000000000000,770.14999999999998
2016-02-16 18:40:00,19.463333333333299,35.000000000000000, 1.3999999999999999e+00, 67.000000000000000,770.16666666666697
2016-02-16 18:50:00,19.500000000000000,35.090000000000003, 1.2500000000000000e+00, 67.500000000000000,770.18333333333305
2016-02-16 19:00:00,19.500000000000000,35.030000000000001, 1.1000000000000001e+00, 68.000000000000000,770.20000000000005
2016-02-16 19:10:00,19.600000000000001,35.633333333333297, 8.8333333333333297e-01, 69.166666666666700,770.14999999999998
2016-02-16 19:20:00,19.666666666666700,36.299999999999997, 6.6666666666666696e-01, 70.333333333333300,770.10000000000002
2016-02-16 19:30:00,19.699999999999999,36.826666666666704, 4.5000000000000001e-01, 71.500000000000000,770.04999999999995
2016-02-16 19:40:00,19.760000000000002,36.766666666666701, 2.3333333333333300e-01, 72.666666666666700,770.00000000000000
2016-02-16 19:50:00,19.789999999999999,36.663333333333298, 1.6666666666666601e-02, 73.833333333333300,769.95000000000005
2016-02-16 20:00:00,19.789999999999999,36.530000000000001,-2.0000000000000001e-01, 75.000000000000000,769.89999999999998
2016-02-16 20:10:00,19.890000000000001,36.466666666666697,-4.5000000000000001e-01, 76.500000000000000,769.86666666666702
2016-02-16 20:20:00,19.963333333333299,36.193333333333300,-6.9999999999999996e-01, 78.000000000000000,769.83333333333303
2016-02-16 20:30:00,20.100000000000001,36.060000000000002,-9.4999999999999996e-01, 79.500000000000000,769.79999999999995
2016-02-16 20:40:00,20.100000000000001,35.933333333333302,-1.2000000000000000e+00, 81.000000000000000,769.76666666666699
2016-02-16 20:50:00,20.199999999999999,35.899999999999999,-1.4500000000000000e+00, 82.500000000000000,769.73333333333301
2016-02-16 21:00:00,20.260000000000002,35.899999999999999,-1.7000000000000000e+00, 84.000000000000000,769.70000000000005
2016-02-16 21:10:00,20.289999999999999,35.863333333333301,-1.6666666666666701e+00, 83.833333333333300,769.68333333333305
2016-02-16 21:20:00,20.289999999999999,35.729999999999997,-1.6333333333333300e+00, 83.666666666666700,769.66666666666697
2016-02-16 21:30:00,20.390000000000001,35.663333333333298,-1.6000000000000001e+00, 83.500000000000000,769.64999999999998
2016-02-16 21:40:00,20.390000000000001,35.590000000000003,-1.5666666666666700e+00, 83.333333333333300,769.63333333333298
2016-02-16 21:50:00,20.323333333333299,35.590000000000003,-1.5333333333333301e+00, 83.166666666666700,769.61666666666702
2016-02-16 22:00:00,20.289999999999999,35.560000000000002,-1.5000000000000000e+00, 83.000000000000000,769.60000000000002
2016-02-16 22:10:00,20.289999999999999,35.500000000000000,-1.5500000000000000e+00, 83.333333333333300,769.51666666666699
2016-02-16 22:20:00,20.199999999999999,35.399999999999999,-1.6000000000000001e+00, 83.666666666666700,769.43333333333305
2016-02-16 22:30:00,20.199999999999999,35.326666666666704,-1.6499999999999999e+00, 84.000000000000000,769.35000000000002
2016-02-16 22:40:00,20.199999999999999,35.200000000000003,-1.7000000000000000e+00, 84.333333333333300,769.26666666666699
2016-02-16 22:50:00,20.066666666666698,35.126666666666701,-1.7500000000000000e+00, 84.666666666666700,769.18333333333305
2016-02-16 23:00:00,19.963333333333299,35.030000000000001,-1.8000000000000000e+00, 85.000000000000000,769.10000000000002
2016-02-16 23:10:00,19.890000000000001,35.090000000000003,-2.0000000000000000e+00, 85.500000000000000,768.98333333333301
2016-02-16 23:20:00,19.789999999999999,35.126666666666701,-2.2000000000000002e+00, 86.000000000000000,768.86666666666702
2016-02-16 23:30:00,19.730000000000000,35.259999999999998,-2.3999999999999999e+00, 86.500000000000000,768.75000000000000
2016-02-16 23:40:00,19.666666666666700,35.399999999999999,-2.6000000000000001e+00, 87.000000000000000,768.63333333333298
2016-02-16 23:50:00,19.533333333333299,35.399999999999999,-2.7999999999999998e+00, 87.500000000000000,768.51666666666699
2016-02-17 00:00:00,19.500000000000000,35.433333333333302,-3.0000000000000000e+00, 88.000000000000000,768.39999999999998
2016-02-17 00:10:00,19.426666666666701,35.433333333333302,-3.1166666666666698e+00, 88.666666666666700,768.25000000000000
2016-02-17 00:20:00,19.356666666666701,35.259999999999998,-3.2333333333333298e+00, 89.333333333333300,768.10000000000002
2016-02-17 00:30:00,19.289999999999999,35.200000000000003,-3.3500000000000001e+00, 90.000000000000000,767.95000000000005
2016-02-17 00:40:00,19.260000000000002,35.200000000000003,-3.4666666666666699e+00, 90.666666666666700,767.79999999999995
2016-02-17 00:50:00,19.133333333333301,35.259999999999998,-3.5833333333333299e+00, 91.333333333333300,767.64999999999998
2016-02-17 01:00:00,19.100000000000001,35.600000000000001,-3.7000000000000002e+00, 92.000000000000000,767.50000000000000
2016-02-17 01:10:00,18.963333333333299,35.656666666666702,-3.4833333333333298e+00, 91.000000000000000,767.36666666666702
2016-02-17 01:20:00,18.890000000000001,35.863333333333301,-3.2666666666666702e+00, 90.000000000000000,767.23333333333301
2016-02-17 01:30:00,18.890000000000001,36.030000000000001,-3.0499999999999998e+00, 89.000000000000000,767.10000000000002
2016-02-17 01:40:00,18.823333333333299,36.090000000000003,-2.8333333333333299e+00, 88.000000000000000,766.96666666666704
2016-02-17 01:50:00,18.760000000000002,36.200000000000003,-2.6166666666666698e+00, 87.000000000000000,766.83333333333303
2016-02-17 02:00:00,18.699999999999999,36.259999999999998,-2.3999999999999999e+00, 86.000000000000000,766.70000000000005
2016-02-17 02:10:00,18.666666666666700,36.399999999999999,-2.5333333333333301e+00, 86.333333333333300,766.63333333333298
2016-02-17 02:20:00,18.600000000000001,36.399999999999999,-2.6666666666666701e+00, 86.666666666666700,766.56666666666695
2016-02-17 02:30:00,18.566666666666698,36.500000000000000,-2.7999999999999998e+00, 87.000000000000000,766.50000000000000
2016-02-17 02:40:00,18.500000000000000,36.560000000000002,-2.9333333333333300e+00, 87.333333333333300,766.43333333333305
2016-02-17 02:50:00,18.500000000000000,36.700000000000003,-3.0666666666666700e+00, 87.666666666666700,766.36666666666702
2016-02-17 03:00:00,18.426666666666701,36.626666666666701,-3.2000000000000002e+00, 88.000000000000000,766.29999999999995
2016-02-17 03:10:00,18.390000000000001,36.700000000000003,-3.1333333333333302e+00, 87.666666666666700,766.18333333333305
2016-02-17 03:20:00,18.390000000000001,36.700000000000003,-3.0666666666666700e+00, 87.333333333333300,766.06666666666695
2016-02-17 03:30:00,18.289999999999999,36.766666666666701,-3.0000000000000000e+00, 87.000000000000000,765.95000000000005
2016-02-17 03:40:00,18.289999999999999,36.826666666666704,-2.9333333333333300e+00, 86.666666666666700,765.83333333333303
2016-02-17 03:50:00,18.260000000000002,36.863333333333301,-2.8666666666666698e+00, 86.333333333333300,765.71666666666704
2016-02-17 04:00:00,18.199999999999999,36.872500000000002,-2.7999999999999998e+00, 86.000000000000000,765.60000000000002
2016-02-17 04:10:00,18.199999999999999,36.899999999999999,-2.8333333333333299e+00, 86.000000000000000,765.53333333333296
2016-02-17 04:20:00,18.100000000000001,37.000000000000000,-2.8666666666666698e+00, 86.000000000000000,765.46666666666704
2016-02-17 04:30:00,18.100000000000001,37.000000000000000,-2.8999999999999999e+00, 86.000000000000000,765.39999999999998
2016-02-17 04:40:00,18.033333333333299,36.963333333333303,-2.9333333333333300e+00, 86.000000000000000,765.33333333333303
2016-02-17 04:50:00,18.033333333333299,37.030000000000001,-2.9666666666666699e+00, 86.000000000000000,765.26666666666699
2016-02-17 05:00:00,18.000000000000000,37.000000000000000,-3.0000000000000000e+00, 86.000000000000000,765.20000000000005
2016-02-17 05:10:00,18.000000000000000,37.000000000000000,-3.0666666666666700e+00, 86.333333333333300,765.13333333333298
2016-02-17 05:20:00,17.890000000000001,37.030000000000001,-3.1333333333333302e+00, 86.666666666666700,765.06666666666695
2016-02-17 05:30:00,17.890000000000001,37.090000000000003,-3.2000000000000002e+00, 87.000000000000000,765.00000000000000
2016-02-17 05:40:00,17.890000000000001,37.090000000000003,-3.2666666666666702e+00, 87.333333333333300,764.93333333333305
2016-02-17 05:50:00,17.823333333333299,37.090000000000003,-3.3333333333333299e+00, 87.666666666666700,764.86666666666702
2016-02-17 06:00:00,17.789999999999999,37.090000000000003,-3.3999999999999999e+00, 88.000000000000000,764.79999999999995
2016-02-17 06:10:00,17.789999999999999,37.090000000000003,-3.5499999999999998e+00, 87.833333333333300,764.68333333333305
2016-02-17 06:20:00,17.760000000000002,37.126666666666701,-3.7000000000000002e+00, 87.666666666666700,764.56666666666695
2016-02-17 06:30:00,17.699999999999999,37.126666666666701,-3.8500000000000001e+00, 87.500000000000000,764.45000000000005
2016-02-17 06:40:00,17.699999999999999,37.163333333333298,-4.0000000000000000e+00, 87.333333333333300,764.33333333333303
2016-02-17 06:50:00,17.699999999999999,37.163333333333298,-4.1500000000000004e+00, 87.166666666666700,764.21666666666704
2016-02-17 07:00:00,17.666666666666700,37.163333333333298,-4.2999999999999998e+00, 87.000000000000000,764.10000000000002
2016-02-17 07:10:00,17.600000000000001,36.897500000000001,-4.3166666666666700e+00, 87.666666666666700,763.98333333333301
2016-02-17 07:20:00,17.600000000000001,36.566666666666698,-4.3333333333333304e+00, 88.333333333333300,763.86666666666702
2016-02-17 07:30:00,17.500000000000000,36.133333333333297,-4.3499999999999996e+00, 89.000000000000000,763.75000000000000
2016-02-17 07:40:00,17.500000000000000,35.933333333333302,-4.3666666666666698e+00, 89.666666666666700,763.63333333333298
2016-02-17 07:50:00,17.500000000000000,35.933333333333302,-4.3833333333333302e+00, 90.333333333333300,763.51666666666699
2016-02-17 08:00:00,17.500000000000000,36.133333333333297,-4.4000000000000004e+00, 91.000000000000000,763.39999999999998
2016-02-17 08:10:00,17.500000000000000,36.289999999999999,-4.1500000000000004e+00, 90.666666666666700,763.29999999999995
2016-02-17 08:20:00,17.426666666666701,36.289999999999999,-3.8999999999999999e+00, 90.333333333333300,763.20000000000005
2016-02-17 08:30:00,17.463333333333299,36.363333333333301,-3.6499999999999999e+00, 90.000000000000000,763.10000000000002
2016-02-17 08:40:00,17.390000000000001,36.289999999999999,-3.3999999999999999e+00, 89.666666666666700,763.00000000000000
2016-02-17 08:50:00,17.463333333333299,36.223333333333301,-3.1499999999999999e+00, 89.333333333333300,762.89999999999998
2016-02-17 09:00:00,17.390000000000001,35.963333333333303,-2.8999999999999999e+00, 89.000000000000000,762.79999999999995
2016-02-17 09:10:00,17.390000000000001,35.759999999999998,-2.5499999999999998e+00, 88.000000000000000,762.68333333333305
2016-02-17 09:20:00,17.390000000000001,35.566666666666698,-2.2000000000000002e+00, 87.000000000000000,762.56666666666695
2016-02-17 09:30:00,17.500000000000000,35.223333333333301,-1.8500000000000001e+00, 86.000000000000000,762.45000000000005
2016-02-17 09:40:00,17.500000000000000,35.090000000000003,-1.5000000000000000e+00, 85.000000000000000,762.33333333333303
2016-02-17 09:50:00,17.533333333333299,34.759999999999998,-1.1499999999999999e+00, 84.000000000000000,762.21666666666704
2016-02-17 10:00:00,17.666666666666700,34.700000000000003,-8.0000000000000004e-01, 83.000000000000000,762.10000000000002
2016-02-17 10:10:00,17.823333333333299,34.500000000000000,-5.1666666666666705e-01, 81.833333333333300,761.98333333333301
2016-02-17 10:20:00,17.997499999999999,34.320000000000000,-2.3333333333333300e-01, 80.666666666666700,761.86666666666702
2016-02-17 10:30:00,18.226666666666699,34.259999999999998, 5.0000000000000003e-02, 79.500000000000000,761.75000000000000
2016-02-17 10:40:00,18.323333333333299,34.433333333333302, 3.3333333333333298e-01, 78.333333333333300,761.63333333333298
2016-02-17 10:50:00,18.530000000000001,34.560000000000002, 6.1666666666666703e-01, 77.166666666666700,761.51666666666699
2016-02-17 11:00:00,18.633333333333301,35.156666666666702, 9.0000000000000002e-01, 76.000000000000000,761.39999999999998
2016-02-17 11:10:00,18.760000000000002,35.563333333333297, 1.0833333333333299e+00, 75.333333333333300,761.26666666666699
2016-02-17 11:20:00,18.823333333333299,35.500000000000000, 1.2666666666666699e+00, 74.666666666666700,761.13333333333298
2016-02-17 11:30:00,18.963333333333299,35.500000000000000, 1.4500000000000000e+00, 74.000000000000000,761.00000000000000
2016-02-17 11:40:00,19.033333333333299,35.626666666666701, 1.6333333333333300e+00, 73.333333333333300,760.86666666666702
2016-02-17 11:50:00,19.100000000000001,35.759999999999998, 1.8166666666666700e+00, 72.666666666666700,760.73333333333301
2016-02-17 12:00:00,19.100000000000001,35.789999999999999, 2.0000000000000000e+00, 72.000000000000000,760.60000000000002
2016-02-17 12:10:00,19.100000000000001,35.729999999999997, 2.1000000000000001e+00, 71.666666666666700,760.41666666666697
2016-02-17 12:20:00,19.100000000000001,35.333333333333300, 2.2000000000000002e+00, 71.333333333333300,760.23333333333301
2016-02-17 12:30:00,19.100000000000001,35.200000000000003, 2.2999999999999998e+00, 71.000000000000000,760.04999999999995
2016-02-17 12:40:00,19.199999999999999,35.200000000000003, 2.3999999999999999e+00, 70.666666666666700,759.86666666666702
2016-02-17 12:50:00,19.199999999999999,35.126666666666701, 2.5000000000000000e+00, 70.333333333333300,759.68333333333305
2016-02-17 13:00:00,19.199999999999999,35.000000000000000, 2.6000000000000001e+00, 70.000000000000000,759.50000000000000
2016-02-17 13:10:00,19.199999999999999,34.933333333333302, 2.7333333333333298e+00, 69.500000000000000,759.33333333333303
2016-02-17 13:20:00,19.199999999999999,34.663333333333298, 2.8666666666666698e+00, 69.000000000000000,759.16666666666697
2016-02-17 13:30:00,19.199999999999999,34.590000000000003, 3.0000000000000000e+00, 68.500000000000000,759.00000000000000
2016-02-17 13:40:00,19.260000000000002,34.590000000000003, 3.1333333333333302e+00, 68.000000000000000,758.83333333333303
2016-02-17 13:50:00,19.289999999999999,34.399999999999999, 3.2666666666666702e+00, 67.500000000000000,758.66666666666697
2016-02-17 14:00:00,19.289999999999999,34.399999999999999, 3.3999999999999999e+00, 67.000000000000000,758.50000000000000
2016-02-17 14:10:00,19.289999999999999,34.399999999999999, 3.4833333333333298e+00, 67.000000000000000,758.36666666666702
2016-02-17 14:20:00,19.289999999999999,34.399999999999999, 3.5666666666666700e+00, 67.000000000000000,758.23333333333301
2016-02-17 14:30:00,19.390000000000001,34.433333333333302, 3.6499999999999999e+00, 67.000000000000000,758.10000000000002
2016-02-17 14:40:00,19.390000000000001,34.433333333333302, 3.7333333333333298e+00, 67.000000000000000,757.96666666666704
2016-02-17 14:50:00,19.426666666666701,34.530000000000001, 3.8166666666666700e+00, 67.000000000000000,757.83333333333303
2016-02-17 15:00:00,19.500000000000000,34.463333333333303, 3.8999999999999999e+00, 67.000000000000000,757.70000000000005
2016-02-17 15:10:00,19.500000000000000,34.259999999999998, 3.7500000000000000e+00, 68.000000000000000,757.63333333333298
2016-02-17 15:20:00,19.500000000000000,34.126666666666701, 3.6000000000000001e+00, 69.000000000000000,757.56666666666695
2016-02-17 15:30:00,19.566666666666698,34.060000000000002, 3.4500000000000002e+00, 70.000000000000000,757.50000000000000
2016-02-17 15:40:00,19.500000000000000,34.000000000000000, 3.2999999999999998e+00, 71.000000000000000,757.43333333333305
2016-02-17 15:50:00,19.500000000000000,34.000000000000000, 3.1499999999999999e+00, 72.000000000000000,757.36666666666702
2016-02-17 16:00:00,19.500000000000000,34.000000000000000, 3.0000000000000000e+00, 73.000000000000000,757.29999999999995
2016-02-17 16:10:00,19.390000000000001,33.899999999999999, 2.9333333333333300e+00, 73.666666666666700,757.21666666666704
2016-02-17 16:20:00,19.323333333333299,33.899999999999999, 2.8666666666666698e+00, 74.333333333333300,757.13333333333298
2016-02-17 16:30:00,19.289999999999999,33.899999999999999, 2.7999999999999998e+00, 75.000000000000000,757.04999999999995
2016-02-17 16:40:00,19.222500000000000,33.817500000000003, 2.7333333333333298e+00, 75.666666666666700,756.96666666666704
2016-02-17 16:50:00,19.199999999999999,33.789999999999999, 2.6666666666666701e+00, 76.333333333333300,756.88333333333298
2016-02-17 17:00:00,19.199999999999999,33.826666666666704, 2.6000000000000001e+00, 77.000000000000000,756.79999999999995
2016-02-17 17:10:00,19.199999999999999,33.899999999999999, 2.4333333333333300e+00, 78.166666666666700,756.73333333333301
2016-02-17 17:20:00,19.100000000000001,33.933333333333302, 2.2666666666666702e+00, 79.333333333333300,756.66666666666697
2016-02-17 17:30:00,19.100000000000001,34.060000000000002, 2.1000000000000001e+00, 80.500000000000000,756.60000000000002
2016-02-17 17:40:00,19.100000000000001,34.126666666666701, 1.9333333333333300e+00, 81.666666666666700,756.53333333333296
2016-02-17 17:50:00,19.033333333333299,34.066666666666698, 1.7666666666666699e+00, 82.833333333333300,756.46666666666704
2016-02-17 18:00:00,19.100000000000001,34.060000000000002, 1.6000000000000001e+00, 84.000000000000000,756.39999999999998
2016-02-17 18:10:00,19.100000000000001,34.060000000000002, 1.3999999999999999e+00, 84.833333333333300,756.38333333333298
2016-02-17 18:20:00,19.100000000000001,34.090000000000003, 1.2000000000000000e+00, 85.666666666666700,756.36666666666702
2016-02-17 18:30:00,19.100000000000001,34.163333333333298, 1.0000000000000000e+00, 86.500000000000000,756.35000000000002
2016-02-17 18:40:00,19.230000000000000,34.229999999999997, 8.0000000000000004e-01, 87.333333333333300,756.33333333333303
2016-02-17 18:50:00,19.289999999999999,34.289999999999999, 5.9999999999999998e-01, 88.166666666666700,756.31666666666695
2016-02-17 19:00:00,19.426666666666701,34.326666666666704, 4.0000000000000002e-01, 89.000000000000000,756.29999999999995
2016-02-17 19:10:00,19.566666666666698,34.326666666666704, 4.3333333333333302e-01, 89.333333333333300,756.28333333333296
2016-02-17 19:20:00,19.600000000000001,34.200000000000003, 4.6666666666666701e-01, 89.666666666666700,756.26666666666699
2016-02-17 19:30:00,19.666666666666700,34.259999999999998, 5.0000000000000000e-01, 90.000000000000000,756.25000000000000
2016-02-17 19:40:00,19.789999999999999,34.433333333333302, 5.3333333333333299e-01, 90.333333333333300,756.23333333333301
2016-02-17 19:50:00,19.864999999999998,34.447499999999998, 5.6666666666666698e-01, 90.666666666666700,756.21666666666704
2016-02-17 20:00:00,19.890000000000001,34.229999999999997, 5.9999999999999998e-01, 91.000000000000000,756.20000000000005
2016-02-17 20:10:00,19.926666666666701,34.060000000000002, 5.9999999999999998e-01, 90.666666666666700,756.13333333333298
2016-02-17 20:20:00,20.000000000000000,34.000000000000000, 5.9999999999999998e-01, 90.333333333333300,756.06666666666695
2016-02-17 20:30:00,20.000000000000000,34.000000000000000, 5.9999999999999998e-01, 90.000000000000000,756.00000000000000
2016-02-17 20:40:00,20.000000000000000,33.933333333333302, 5.9999999999999998e-01, 89.666666666666700,755.93333333333305
2016-02-17 20:50:00,20.000000000000000,34.126666666666701, 5.9999999999999998e-01, 89.333333333333300,755.86666666666702
2016-02-17 21:00:00,19.926666666666701,34.259999999999998, 5.9999999999999998e-01, 89.000000000000000,755.79999999999995
2016-02-17 21:10:00,19.890000000000001,34.359999999999999, 5.5000000000000004e-01, 89.000000000000000,755.79999999999995
2016-02-17 21:20:00,19.890000000000001,34.633333333333297, 5.0000000000000000e-01, 89.000000000000000,755.79999999999995
2016-02-17 21:30:00,19.926666666666701,34.859999999999999, 4.5000000000000001e-01, 89.000000000000000,755.79999999999995
2016-02-17 21:40:00,20.000000000000000,35.060000000000002, 4.0000000000000002e-01, 89.000000000000000,755.79999999999995
2016-02-17 21:50:00,20.000000000000000,35.359999999999999, 3.4999999999999998e-01, 89.000000000000000,755.79999999999995
2016-02-17 22:00:00,19.926666666666701,35.633333333333297, 2.9999999999999999e-01, 89.000000000000000,755.79999999999995
2016-02-17 22:10:00,19.890000000000001,35.729999999999997, 6.6666666666666693e-02, 89.500000000000000,755.73333333333301
2016-02-17 22:20:00,19.823333333333299,35.789999999999999,-1.6666666666666699e-01, 90.000000000000000,755.66666666666697
2016-02-17 22:30:00,19.789999999999999,35.890000000000001,-4.0000000000000002e-01, 90.500000000000000,755.60000000000002
2016-02-17 22:40:00,19.730000000000000,36.223333333333301,-6.3333333333333297e-01, 91.000000000000000,755.53333333333296
2016-02-17 22:50:00,19.699999999999999,36.399999999999999,-8.6666666666666703e-01, 91.500000000000000,755.46666666666704
2016-02-17 23:00:00,19.633333333333301,36.399999999999999,-1.1000000000000001e+00, 92.000000000000000,755.39999999999998
2016-02-17 23:10:00,19.550000000000001,36.450000000000003,-9.4999999999999996e-01, 91.666666666666700,755.38333333333298
2016-02-17 23:20:00,19.463333333333299,36.590000000000003,-8.0000000000000004e-01, 91.333333333333300,755.36666666666702
2016-02-17 23:30:00,19.390000000000001,36.590000000000003,-6.5000000000000002e-01, 91.000000000000000,755.35000000000002
2016-02-17 23:40:00,19.289999999999999,36.729999999999997,-5.0000000000000000e-01, 90.666666666666700,755.33333333333303
2016-02-17 23:50:00,19.230000000000000,36.729999999999997,-3.4999999999999998e-01, 90.333333333333300,755.31666666666695
2016-02-18 00:00:00,19.166666666666700,36.826666666666704,-2.0000000000000001e-01, 90.000000000000000,755.29999999999995
2016-02-18 00:10:00,19.100000000000001,36.899999999999999,-2.5000000000000000e-01, 90.166666666666700,755.33333333333303
2016-02-18 00:20:00,19.000000000000000,36.933333333333302,-2.9999999999999999e-01, 90.333333333333300,755.36666666666702
2016-02-18 00:30:00,19.000000000000000,37.000000000000000,-3.4999999999999998e-01, 90.500000000000000,755.39999999999998
2016-02-18 00:40:00,18.890000000000001,37.090000000000003,-4.0000000000000002e-01, 90.666666666666700,755.43333333333305
2016-02-18 00:50:00,18.823333333333299,37.090000000000003,-4.5000000000000001e-01, 90.833333333333300,755.46666666666704
2016-02-18 01:00:00,18.789999999999999,37.200000000000003,-5.0000000000000000e-01, 91.000000000000000,755.50000000000000
2016-02-18 01:10:00,18.730000000000000,37.200000000000003,-4.3333333333333302e-01, 90.333333333333300,755.43333333333305
2016-02-18 01:20:00,18.699999999999999,37.289999999999999,-3.6666666666666697e-01, 89.666666666666700,755.36666666666702
2016-02-18 01:30:00,18.633333333333301,37.229999999999997,-2.9999999999999999e-01, 89.000000000000000,755.29999999999995
2016-02-18 01:40:00,18.600000000000001,37.229999999999997,-2.3333333333333300e-01, 88.333333333333300,755.23333333333301
2016-02-18 01:50:00,18.600000000000001,37.289999999999999,-1.6666666666666699e-01, 87.666666666666700,755.16666666666697
2016-02-18 02:00:00,18.500000000000000,37.289999999999999,-1.0000000000000001e-01, 87.000000000000000,755.10000000000002
2016-02-18 02:10:00,18.500000000000000,37.289999999999999,-2.1666666666666701e-01, 86.833333333333300,755.08333333333303
2016-02-18 02:20:00,18.390000000000001,37.289999999999999,-3.3333333333333298e-01, 86.666666666666700,755.06666666666695
2016-02-18 02:30:00,18.390000000000001,37.326666666666704,-4.5000000000000001e-01, 86.500000000000000,755.04999999999995
2016-02-18 02:40:00,18.323333333333299,37.399999999999999,-5.6666666666666698e-01, 86.333333333333300,755.03333333333296
2016-02-18 02:50:00,18.289999999999999,37.433333333333302,-6.8333333333333302e-01, 86.166666666666700,755.01666666666699
2016-02-18 03:00:00,18.289999999999999,37.560000000000002,-8.0000000000000004e-01, 86.000000000000000,755.00000000000000
2016-02-18 03:10:00,18.199999999999999,37.530000000000001,-9.3333333333333302e-01, 86.500000000000000,754.95000000000005
2016-02-18 03:20:00,18.199999999999999,37.590000000000003,-1.0666666666666700e+00, 87.000000000000000,754.89999999999998
2016-02-18 03:30:00,18.100000000000001,37.700000000000003,-1.2000000000000000e+00, 87.500000000000000,754.85000000000002
2016-02-18 03:40:00,18.100000000000001,37.700000000000003,-1.3333333333333299e+00, 88.000000000000000,754.79999999999995
2016-02-18 03:50:00,18.000000000000000,37.663333333333298,-1.4666666666666699e+00, 88.500000000000000,754.75000000000000
2016-02-18 04:00:00,18.000000000000000,37.590000000000003,-1.6000000000000001e+00, 89.000000000000000,754.70000000000005
2016-02-18 04:10:00,18.000000000000000,37.663333333333298,-1.4500000000000000e+00, 88.166666666666700,754.68333333333305
2016-02-18 04:20:00,18.000000000000000,37.663333333333298,-1.3000000000000000e+00, 87.333333333333300,754.66666666666697
2016-02-18 04:30:00,17.963333333333299,37.700000000000003,-1.1499999999999999e+00, 86.500000000000000,754.64999999999998
2016-02-18 04:40:00,17.890000000000001,37.700000000000003,-1.0000000000000000e+00, 85.666666666666700,754.63333333333298
2016-02-18 04:50:00,17.789999999999999,37.590000000000003,-8.4999999999999998e-01, 84.833333333333300,754.61666666666702
2016-02-18 05:00:00,17.789999999999999,37.590000000000003,-6.9999999999999996e-01, 84.000000000000000,754.60000000000002
2016-02-18 05:10:00,17.789999999999999,37.626666666666701,-7.3333333333333295e-01, 84.166666666666700,754.60000000000002
2016-02-18 05:20:00,17.789999999999999,37.700000000000003,-7.6666666666666705e-01, 84.333333333333300,754.60000000000002
2016-02-18 05:30:00,17.730000000000000,37.700000000000003,-8.0000000000000004e-01, 84.500000000000000,754.60000000000002
2016-02-18 05:40:00,17.699999999999999,37.789999999999999,-8.3333333333333304e-01, 84.666666666666700,754.60000000000002
2016-02-18 05:50:00,17.699999999999999,37.789999999999999,-8.6666666666666703e-01, 84.833333333333300,754.60000000000002
2016-02-18 06:00:00,17.666666666666700,37.863333333333301,-9.0000000000000002e-01, 85.000000000000000,754.60000000000002
2016-02-18 06:10:00,17.600000000000001,37.789999999999999,-7.8333333333333299e-01, 85.000000000000000,754.56666666666695
2016-02-18 06:20:00,17.666666666666700,37.863333333333301,-6.6666666666666696e-01, 85.000000000000000,754.53333333333296
2016-02-18 06:30:00,17.600000000000001,37.863333333333301,-5.5000000000000004e-01, 85.000000000000000,754.50000000000000
2016-02-18 06:40:00,17.600000000000001,37.933333333333302,-4.3333333333333302e-01, 85.000000000000000,754.46666666666704
2016-02-18 06:50:00,17.600000000000001,38.000000000000000,-3.1666666666666698e-01, 85.000000000000000,754.43333333333305
2016-02-18 07:00:00,17.500000000000000,38.000000000000000,-2.0000000000000001e-01, 85.000000000000000,754.39999999999998
2016-02-18 07:10:00,17.500000000000000,38.000000000000000,-1.3333333333333300e-01, 84.666666666666700,754.45000000000005
2016-02-18 07:20:00,17.500000000000000,37.930000000000000,-6.6666666666666693e-02, 84.333333333333300,754.50000000000000
2016-02-18 07:30:00,17.500000000000000,37.729999999999997, 0.0000000000000000e+00, 84.000000000000000,754.54999999999995
2016-02-18 07:40:00,17.500000000000000,37.560000000000002, 6.6666666666666693e-02, 83.666666666666700,754.60000000000002
2016-02-18 07:50:00,17.500000000000000,37.500000000000000, 1.3333333333333300e-01, 83.333333333333300,754.64999999999998
2016-02-18 08:00:00,17.500000000000000,37.466666666666697, 2.0000000000000001e-01, 83.000000000000000,754.70000000000005
2016-02-18 08:10:00,17.500000000000000,37.326666666666704, 2.5000000000000000e-01, 82.666666666666700,754.76666666666699
2016-02-18 08:20:00,17.600000000000001,37.163333333333298, 2.9999999999999999e-01, 82.333333333333300,754.83333333333303
2016-02-18 08:30:00,17.524999999999999,36.997500000000002, 3.4999999999999998e-01, 82.000000000000000,754.89999999999998
2016-02-18 08:40:00,17.500000000000000,36.826666666666704, 4.0000000000000002e-01, 81.666666666666700,754.96666666666704
2016-02-18 08:50:00,17.500000000000000,36.700000000000003, 4.5000000000000001e-01, 81.333333333333300,755.03333333333296
2016-02-18 09:00:00,17.500000000000000,36.626666666666701, 5.0000000000000000e-01, 81.000000000000000,755.10000000000002
2016-02-18 09:10:00,17.500000000000000,36.560000000000002, 5.9999999999999998e-01, 80.666666666666700,755.11666666666702
2016-02-18 09:20:00,17.566666666666698,36.433333333333302, 6.9999999999999996e-01, 80.333333333333300,755.13333333333298
2016-02-18 09:30:00,17.633333333333301,36.289999999999999, 8.0000000000000004e-01, 80.000000000000000,755.14999999999998
2016-02-18 09:40:00,17.699999999999999,36.229999999999997, 9.0000000000000002e-01, 79.666666666666700,755.16666666666697
2016-02-18 09:50:00,17.789999999999999,36.060000000000002, 1.0000000000000000e+00, 79.333333333333300,755.18333333333305
2016-02-18 10:00:00,17.856666666666701,36.000000000000000, 1.1000000000000001e+00, 79.000000000000000,755.20000000000005
2016-02-18 10:10:00,17.890000000000001,36.030000000000001, 1.2500000000000000e+00, 78.166666666666700,755.25000000000000
2016-02-18 10:20:00,17.963333333333299,36.090000000000003, 1.3999999999999999e+00, 77.333333333333300,755.29999999999995
2016-02-18 10:30:00,18.033333333333299,36.030000000000001, 1.5500000000000000e+00, 76.500000000000000,755.35000000000002
2016-02-18 10:40:00,18.166666666666700,36.090000000000003, 1.7000000000000000e+00, 75.666666666666700,755.39999999999998
2016-02-18 10:50:00,18.230000000000000,36.030000000000001, 1.8500000000000001e+00, 74.833333333333300,755.45000000000005
2016-02-18 11:00:00,18.289999999999999,36.030000000000001, 2.0000000000000000e+00, 74.000000000000000,755.50000000000000
2016-02-18 11:10:00,18.426666666666701,35.933333333333302, 2.1166666666666698e+00, 73.500000000000000,755.53333333333296
2016-02-18 11:20:00,18.566666666666698,36.060000000000002, 2.2333333333333298e+00, 73.000000000000000,755.56666666666695
2016-02-18 11:30:00,18.633333333333301,36.090000000000003, 2.3500000000000001e+00, 72.500000000000000,755.60000000000002
2016-02-18 11:40:00,18.699999999999999,36.090000000000003, 2.4666666666666699e+00, 72.000000000000000,755.63333333333298
2016-02-18 11:50:00,18.760000000000002,36.163333333333298, 2.5833333333333299e+00, 71.500000000000000,755.66666666666697
2016-02-18 12:00:00,18.789999999999999,36.433333333333302, 2.7000000000000002e+00, 71.000000000000000,755.70000000000005
2016-02-18 12:10:00,18.789999999999999,36.560000000000002, 2.8166666666666700e+00, 70.666666666666700,755.70000000000005
2016-02-18 12:20:00,18.823333333333299,36.729999999999997, 2.9333333333333300e+00, 70.333333333333300,755.70000000000005
2016-02-18 12:30:00,18.890000000000001,36.729999999999997, 3.0499999999999998e+00, 70.000000000000000,755.70000000000005
2016-02-18 12:40:00,18.890000000000001,36.700000000000003, 3.1666666666666701e+00, 69.666666666666700,755.70000000000005
2016-02-18 12:50:00,18.890000000000001,36.626666666666701, 3.2833333333333301e+00, 69.333333333333300,755.70000000000005
2016-02-18 13:00:00,18.890000000000001,36.430000000000000, 3.3999999999999999e+00, 69.000000000000000,755.70000000000005
2016-02-18 13:10:00,18.890000000000001,36.229999999999997, 3.3999999999999999e+00, 69.500000000000000,755.70000000000005
2016-02-18 13:20:00,18.890000000000001,36.090000000000003, 3.3999999999999999e+00, 70.000000000000000,755.70000000000005
2016-02-18 13:30:00,18.890000000000001,36.030000000000001, 3.3999999999999999e+00, 70.500000000000000,755.70000000000005
2016-02-18 13:40:00,18.789999999999999,35.863333333333301, 3.3999999999999999e+00, 71.000000000000000,755.70000000000005
2016-02-18 13:50:00,18.789999999999999,35.729999999999997, 3.3999999999999999e+00, 71.500000000000000,755.70000000000005
2016-02-18 14:00:00,18.789999999999999,35.560000000000002, 3.3999999999999999e+00, 72.000000000000000,755.70000000000005
2016-02-18 14:10:00,18.789999999999999,35.433333333333302, 3.4500000000000002e+00, 72.000000000000000,755.71666666666704
2016-02-18 14:20:00,18.789999999999999,35.259999999999998, 3.5000000000000000e+00, 72.000000000000000,755.73333333333301
2016-02-18 14:30:00,18.789999999999999,35.200000000000003, 3.5499999999999998e+00, 72.000000000000000,755.75000000000000
2016-02-18 14:40:00,18.789999999999999,35.060000000000002, 3.6000000000000001e+00, 72.000000000000000,755.76666666666699
2016-02-18 14:50:00,18.789999999999999,34.924999999999997, 3.6499999999999999e+00, 72.000000000000000,755.78333333333296
2016-02-18 15:00:00,18.730000000000000,34.826666666666704, 3.7000000000000002e+00, 72.000000000000000,755.79999999999995
2016-02-18 15:10:00,18.699999999999999,34.826666666666704, 3.6000000000000001e+00, 73.666666666666700,755.85000000000002
2016-02-18 15:20:00,18.633333333333301,34.766666666666701, 3.5000000000000000e+00, 75.333333333333300,755.89999999999998
2016-02-18 15:30:00,18.600000000000001,34.700000000000003, 3.3999999999999999e+00, 77.000000000000000,755.95000000000005
2016-02-18 15:40:00,18.600000000000001,34.700000000000003, 3.2999999999999998e+00, 78.666666666666700,756.00000000000000
2016-02-18 15:50:00,18.566666666666698,34.590000000000003, 3.2000000000000002e+00, 80.333333333333300,756.04999999999995
2016-02-18 16:00:00,18.500000000000000,34.590000000000003, 3.1000000000000001e+00, 82.000000000000000,756.10000000000002
2016-02-18 16:10:00,18.500000000000000,34.590000000000003, 3.1000000000000001e+00, 81.500000000000000,756.11666666666702
2016-02-18 16:20:00,18.426666666666701,34.590000000000003, 3.1000000000000001e+00, 81.000000000000000,756.13333333333298
2016-02-18 16:30:00,18.390000000000001,34.590000000000003, 3.1000000000000001e+00, 80.500000000000000,756.14999999999998
2016-02-18 16:40:00,18.390000000000001,34.663333333333298, 3.1000000000000001e+00, 80.000000000000000,756.16666666666697
2016-02-18 16:50:00,18.390000000000001,34.826666666666704, 3.1000000000000001e+00, 79.500000000000000,756.18333333333305
2016-02-18 17:00:00,18.323333333333299,34.899999999999999, 3.1000000000000001e+00, 79.000000000000000,756.20000000000005
2016-02-18 17:10:00,18.359999999999999,35.000000000000000, 2.9833333333333298e+00, 80.166666666666700,756.23333333333301
2016-02-18 17:20:00,18.633333333333301,34.933333333333302, 2.8666666666666698e+00, 81.333333333333300,756.26666666666699
2016-02-18 17:30:00,18.633333333333301,34.789999999999999, 2.7500000000000000e+00, 82.500000000000000,756.29999999999995
2016-02-18 17:40:00,18.600000000000001,34.859999999999999, 2.6333333333333302e+00, 83.666666666666700,756.33333333333303
2016-02-18 17:50:00,18.533333333333299,35.060000000000002, 2.5166666666666702e+00, 84.833333333333300,756.36666666666702
2016-02-18 18:00:00,18.533333333333299,35.200000000000003, 2.3999999999999999e+00, 86.000000000000000,756.39999999999998
2016-02-18 18:10:00,18.600000000000001,35.267499999999998, 2.3666666666666698e+00, 86.333333333333300,756.48333333333301
2016-02-18 18:20:00,18.600000000000001,35.289999999999999, 2.3333333333333299e+00, 86.666666666666700,756.56666666666695
2016-02-18 18:30:00,18.699999999999999,35.433333333333302, 2.2999999999999998e+00, 87.000000000000000,756.64999999999998
2016-02-18 18:40:00,18.699999999999999,35.500000000000000, 2.2666666666666702e+00, 87.333333333333300,756.73333333333301
2016-02-18 18:50:00,18.789999999999999,35.500000000000000, 2.2333333333333298e+00, 87.666666666666700,756.81666666666695
2016-02-18 19:00:00,18.856666666666701,35.560000000000002, 2.2000000000000002e+00, 88.000000000000000,756.89999999999998
2016-02-18 19:10:00,18.890000000000001,35.500000000000000, 2.1166666666666698e+00, 89.166666666666700,756.91666666666697
2016-02-18 19:20:00,18.890000000000001,35.560000000000002, 2.0333333333333301e+00, 90.333333333333300,756.93333333333305
2016-02-18 19:30:00,19.000000000000000,35.766666666666701, 1.9500000000000000e+00, 91.500000000000000,756.95000000000005
2016-02-18 19:40:00,19.000000000000000,35.966666666666697, 1.8666666666666700e+00, 92.666666666666700,756.96666666666704
2016-02-18 19:50:00,19.100000000000001,36.090000000000003, 1.7833333333333301e+00, 93.833333333333300,756.98333333333301
2016-02-18 20:00:00,19.100000000000001,36.163333333333298, 1.7000000000000000e+00, 95.000000000000000,757.00000000000000
2016-02-18 20:10:00,19.199999999999999,36.200000000000003, 1.6333333333333300e+00, 95.000000000000000,757.04999999999995
2016-02-18 20:20:00,19.199999999999999,36.200000000000003, 1.5666666666666700e+00, 95.000000000000000,757.10000000000002
2016-02-18 20:30:00,19.199999999999999,36.229999999999997, 1.5000000000000000e+00, 95.000000000000000,757.14999999999998
2016-02-18 20:40:00,19.199999999999999,36.289999999999999, 1.4333333333333300e+00, 95.000000000000000,757.20000000000005
2016-02-18 20:50:00,19.323333333333299,36.363333333333301, 1.3666666666666700e+00, 95.000000000000000,757.25000000000000
2016-02-18 21:00:00,19.390000000000001,36.289999999999999, 1.3000000000000000e+00, 95.000000000000000,757.29999999999995
2016-02-18 21:10:00,19.533333333333299,36.363333333333301, 1.2666666666666699e+00, 95.333333333333300,757.31666666666695
2016-02-18 21:20:00,19.697500000000002,36.267499999999998, 1.2333333333333301e+00, 95.666666666666700,757.33333333333303
2016-02-18 21:30:00,19.789999999999999,36.126666666666701, 1.2000000000000000e+00, 96.000000000000000,757.35000000000002
2016-02-18 21:40:00,19.890000000000001,36.060000000000002, 1.1666666666666701e+00, 96.333333333333300,757.36666666666702
2016-02-18 21:50:00,19.963333333333299,35.933333333333302, 1.1333333333333300e+00, 96.666666666666700,757.38333333333298
2016-02-18 22:00:00,20.000000000000000,35.863333333333301, 1.1000000000000001e+00, 97.000000000000000,757.39999999999998
2016-02-18 22:10:00,20.066666666666698,35.789999999999999, 1.0666666666666700e+00, 97.000000000000000,757.45000000000005
2016-02-18 22:20:00,20.100000000000001,35.759999999999998, 1.0333333333333301e+00, 97.000000000000000,757.50000000000000
2016-02-18 22:30:00,20.166666666666700,35.626666666666701, 1.0000000000000000e+00, 97.000000000000000,757.54999999999995
2016-02-18 22:40:00,20.133333333333301,35.560000000000002, 9.6666666666666701e-01, 97.000000000000000,757.60000000000002
2016-02-18 22:50:00,20.199999999999999,35.560000000000002, 9.3333333333333302e-01, 97.000000000000000,757.64999999999998
2016-02-18 23:00:00,20.166666666666700,35.363333333333301, 9.0000000000000002e-01, 97.000000000000000,757.70000000000005
2016-02-18 23:10:00,20.100000000000001,35.363333333333301, 8.0000000000000004e-01, 97.333333333333300,757.75000000000000
2016-02-18 23:20:00,20.000000000000000,35.433333333333302, 6.9999999999999996e-01, 97.666666666666700,757.79999999999995
2016-02-18 23:30:00,20.000000000000000,35.500000000000000, 5.9999999999999998e-01, 98.000000000000000,757.85000000000002
2016-02-18 23:40:00,19.963333333333299,35.626666666666701, 5.0000000000000000e-01, 98.333333333333300,757.89999999999998
2016-02-18 23:50:00,19.890000000000001,35.759999999999998, 4.0000000000000002e-01, 98.666666666666700,757.95000000000005
2016-02-19 00:00:00,19.789999999999999,35.729999999999997, 2.9999999999999999e-01, 99.000000000000000,758.00000000000000
2016-02-19 00:10:00,19.789999999999999,35.863333333333301, 2.6666666666666700e-01, 99.000000000000000,758.06666666666695
2016-02-19 00:20:00,19.699999999999999,35.933333333333302, 2.3333333333333300e-01, 99.000000000000000,758.13333333333298
2016-02-19 00:30:00,19.625000000000000,35.950000000000003, 2.0000000000000001e-01, 99.000000000000000,758.20000000000005
2016-02-19 00:40:00,19.533333333333299,36.060000000000002, 1.6666666666666699e-01, 99.000000000000000,758.26666666666699
2016-02-19 00:50:00,19.500000000000000,36.126666666666701, 1.3333333333333300e-01, 99.000000000000000,758.33333333333303
2016-02-19 01:00:00,19.426666666666701,36.200000000000003, 1.0000000000000001e-01, 99.000000000000000,758.39999999999998
2016-02-19 01:10:00,19.390000000000001,36.289999999999999, 1.3333333333333300e-01, 99.000000000000000,758.39999999999998
2016-02-19 01:20:00,19.323333333333299,36.289999999999999, 1.6666666666666699e-01, 99.000000000000000,758.39999999999998
2016-02-19 01:30:00,19.260000000000002,36.289999999999999, 2.0000000000000001e-01, 99.000000000000000,758.39999999999998
2016-02-19 01:40:00,19.199999999999999,36.289999999999999, 2.3333333333333300e-01, 99.000000000000000,758.39999999999998
2016-02-19 01:50:00,19.166666666666700,36.399999999999999, 2.6666666666666700e-01, 99.000000000000000,758.39999999999998
2016-02-19 02:00:00,19.100000000000001,36.466666666666697, 2.9999999999999999e-01, 99.000000000000000,758.39999999999998
2016-02-19 02:10:00,19.066666666666698,36.466666666666697, 3.3333333333333298e-01, 99.000000000000000,758.41666666666697
2016-02-19 02:20:00,19.000000000000000,36.466666666666697, 3.6666666666666697e-01, 99.000000000000000,758.43333333333305
2016-02-19 02:30:00,18.963333333333299,36.500000000000000, 4.0000000000000002e-01, 99.000000000000000,758.45000000000005
2016-02-19 02:40:00,18.890000000000001,36.560000000000002, 4.3333333333333302e-01, 99.000000000000000,758.46666666666704
2016-02-19 02:50:00,18.823333333333299,36.566666666666698, 4.6666666666666701e-01, 99.000000000000000,758.48333333333301
2016-02-19 03:00:00,18.823333333333299,36.626666666666701, 5.0000000000000000e-01, 99.000000000000000,758.50000000000000
2016-02-19 03:10:00,18.760000000000002,36.590000000000003, 5.1666666666666705e-01, 99.000000000000000,758.50000000000000
2016-02-19 03:20:00,18.699999999999999,36.590000000000003, 5.3333333333333299e-01, 99.000000000000000,758.50000000000000
2016-02-19 03:30:00,18.699999999999999,36.700000000000003, 5.5000000000000004e-01, 99.000000000000000,758.50000000000000
2016-02-19 03:40:00,18.675000000000001,36.767499999999998, 5.6666666666666698e-01, 99.000000000000000,758.50000000000000
2016-02-19 03:50:00,18.600000000000001,36.789999999999999, 5.8333333333333304e-01, 99.000000000000000,758.50000000000000
2016-02-19 04:00:00,18.566666666666698,36.826666666666704, 5.9999999999999998e-01, 99.000000000000000,758.50000000000000
2016-02-19 04:10:00,18.500000000000000,36.899999999999999, 6.6666666666666696e-01, 99.166666666666700,758.56666666666695
2016-02-19 04:20:00,18.500000000000000,37.000000000000000, 7.3333333333333295e-01, 99.333333333333300,758.63333333333298
2016-02-19 04:30:00,18.500000000000000,37.060000000000002, 8.0000000000000004e-01, 99.500000000000000,758.70000000000005
2016-02-19 04:40:00,18.390000000000001,37.090000000000003, 8.6666666666666703e-01, 99.666666666666700,758.76666666666699
2016-02-19 04:50:00,18.390000000000001,37.090000000000003, 9.3333333333333302e-01, 99.833333333333300,758.83333333333303
2016-02-19 05:00:00,18.289999999999999,37.200000000000003, 1.0000000000000000e+00,100.000000000000000,758.89999999999998
2016-02-19 05:10:00,18.289999999999999,37.200000000000003, 8.4999999999999998e-01, 99.833333333333300,758.96666666666704
2016-02-19 05:20:00,18.289999999999999,37.289999999999999, 6.9999999999999996e-01, 99.666666666666700,759.03333333333296
2016-02-19 05:30:00,18.289999999999999,37.289999999999999, 5.5000000000000004e-01, 99.500000000000000,759.10000000000002
2016-02-19 05:40:00,18.260000000000002,37.399999999999999, 4.0000000000000002e-01, 99.333333333333300,759.16666666666697
2016-02-19 05:50:00,18.199999999999999,37.399999999999999, 2.5000000000000000e-01, 99.166666666666700,759.23333333333301
2016-02-19 06:00:00,18.199999999999999,37.399999999999999, 1.0000000000000001e-01, 99.000000000000000,759.29999999999995
2016-02-19 06:10:00,18.133333333333301,37.399999999999999,-1.0000000000000001e-01, 99.000000000000000,759.36666666666702
2016-02-19 06:20:00,18.100000000000001,37.500000000000000,-2.9999999999999999e-01, 99.000000000000000,759.43333333333305
2016-02-19 06:30:00,18.033333333333299,37.500000000000000,-5.0000000000000000e-01, 99.000000000000000,759.50000000000000
2016-02-19 06:40:00,18.000000000000000,37.500000000000000,-6.9999999999999996e-01, 99.000000000000000,759.56666666666695
2016-02-19 06:50:00,17.972500000000000,37.567500000000003,-9.0000000000000002e-01, 99.000000000000000,759.63333333333298
2016-02-19 07:00:00,17.890000000000001,37.590000000000003,-1.1000000000000001e+00, 99.000000000000000,759.70000000000005
2016-02-19 07:10:00,17.890000000000001,37.526666666666699,-1.1166666666666700e+00, 98.500000000000000,759.75000000000000
2016-02-19 07:20:00,17.890000000000001,37.326666666666704,-1.1333333333333300e+00, 98.000000000000000,759.79999999999995
2016-02-19 07:30:00,17.789999999999999,37.060000000000002,-1.1499999999999999e+00, 97.500000000000000,759.85000000000002
2016-02-19 07:40:00,17.789999999999999,36.933333333333302,-1.1666666666666701e+00, 97.000000000000000,759.89999999999998
2016-02-19 07:50:00,17.789999999999999,36.966666666666697,-1.1833333333333300e+00, 96.500000000000000,759.95000000000005
2016-02-19 08:00:00,17.789999999999999,36.966666666666697,-1.2000000000000000e+00, 96.000000000000000,760.00000000000000
2016-02-19 08:10:00,17.699999999999999,37.090000000000003,-9.8333333333333295e-01, 95.666666666666700,760.04999999999995
2016-02-19 08:20:00,17.699999999999999,37.090000000000003,-7.6666666666666705e-01, 95.333333333333300,760.10000000000002
2016-02-19 08:30:00,17.699999999999999,37.060000000000002,-5.5000000000000004e-01, 95.000000000000000,760.14999999999998
2016-02-19 08:40:00,17.699999999999999,36.933333333333302,-3.3333333333333298e-01, 94.666666666666700,760.20000000000005
2016-02-19 08:50:00,17.666666666666700,36.833333333333300,-1.1666666666666600e-01, 94.333333333333300,760.25000000000000
2016-02-19 09:00:00,17.600000000000001,36.700000000000003, 1.0000000000000001e-01, 94.000000000000000,760.29999999999995
2016-02-19 09:10:00,17.600000000000001,36.789999999999999, 4.5000000000000001e-01, 93.000000000000000,760.36666666666702
2016-02-19 09:20:00,17.600000000000001,36.863333333333301, 8.0000000000000004e-01, 92.000000000000000,760.43333333333305
2016-02-19 09:30:00,17.633333333333301,37.030000000000001, 1.1499999999999999e+00, 91.000000000000000,760.50000000000000
2016-02-19 09:40:00,17.760000000000002,37.090000000000003, 1.5000000000000000e+00, 90.000000000000000,760.56666666666695
2016-02-19 09:50:00,17.859999999999999,37.000000000000000, 1.8500000000000001e+00, 89.000000000000000,760.63333333333298
2016-02-19 10:00:00,18.100000000000001,36.875000000000000, 2.2000000000000002e+00, 88.000000000000000,760.70000000000005
2016-02-19 10:10:00,18.199999999999999,36.626666666666701, 2.4166666666666701e+00, 87.833333333333300,760.75000000000000
2016-02-19 10:20:00,18.323333333333299,36.526666666666699, 2.6333333333333302e+00, 87.666666666666700,760.79999999999995
2016-02-19 10:30:00,18.463333333333299,36.466666666666697, 2.8500000000000001e+00, 87.500000000000000,760.85000000000002
2016-02-19 10:40:00,18.500000000000000,35.966666666666697, 3.0666666666666700e+00, 87.333333333333300,760.89999999999998
2016-02-19 10:50:00,18.566666666666698,35.826666666666704, 3.2833333333333301e+00, 87.166666666666700,760.95000000000005
2016-02-19 11:00:00,18.600000000000001,35.933333333333302, 3.5000000000000000e+00, 87.000000000000000,761.00000000000000
2016-02-19 11:10:00,18.600000000000001,36.060000000000002, 3.7333333333333298e+00, 86.666666666666700,761.03333333333296
2016-02-19 11:20:00,18.633333333333301,36.359999999999999, 3.9666666666666699e+00, 86.333333333333300,761.06666666666695
2016-02-19 11:30:00,18.699999999999999,36.560000000000002, 4.2000000000000002e+00, 86.000000000000000,761.10000000000002
2016-02-19 11:40:00,18.699999999999999,36.700000000000003, 4.4333333333333300e+00, 85.666666666666700,761.13333333333298
2016-02-19 11:50:00,18.699999999999999,36.833333333333300, 4.6666666666666696e+00, 85.333333333333300,761.16666666666697
2016-02-19 12:00:00,18.730000000000000,37.030000000000001, 4.9000000000000004e+00, 85.000000000000000,761.20000000000005
2016-02-19 12:10:00,18.789999999999999,37.363333333333301, 5.1166666666666698e+00, 84.000000000000000,761.16666666666697
2016-02-19 12:20:00,18.823333333333299,39.233333333333299, 5.3333333333333304e+00, 83.000000000000000,761.13333333333298
2016-02-19 12:30:00,18.963333333333299,40.100000000000001, 5.5499999999999998e+00, 82.000000000000000,761.10000000000002
2016-02-19 12:40:00,19.033333333333299,40.200000000000003, 5.7666666666666702e+00, 81.000000000000000,761.06666666666695
2016-02-19 12:50:00,19.100000000000001,40.066666666666698, 5.9833333333333298e+00, 80.000000000000000,761.03333333333296
2016-02-19 13:00:00,19.100000000000001,39.723333333333301, 6.2000000000000002e+00, 79.000000000000000,761.00000000000000
2016-02-19 13:10:00,19.100000000000001,39.397500000000001, 6.3499999999999996e+00, 77.500000000000000,760.93333333333305
2016-02-19 13:20:00,19.100000000000001,39.066666666666698, 6.5000000000000000e+00, 76.000000000000000,760.86666666666702
2016-02-19 13:30:00,19.166666666666700,38.456666666666699, 6.6500000000000004e+00, 74.500000000000000,760.79999999999995
2016-02-19 13:40:00,19.100000000000001,37.729999999999997, 6.7999999999999998e+00, 73.000000000000000,760.73333333333301
2016-02-19 13:50:00,19.000000000000000,37.490000000000002, 6.9500000000000002e+00, 71.500000000000000,760.66666666666697
2016-02-19 14:00:00,19.000000000000000,37.430000000000000, 7.0999999999999996e+00, 70.000000000000000,760.60000000000002
2016-02-19 14:10:00,19.033333333333299,37.626666666666701, 7.0499999999999998e+00, 69.333333333333300,760.54999999999995
2016-02-19 14:20:00,19.100000000000001,37.700000000000003, 7.0000000000000000e+00, 68.666666666666700,760.50000000000000
2016-02-19 14:30:00,19.166666666666700,37.700000000000003, 6.9500000000000002e+00, 68.000000000000000,760.45000000000005
2016-02-19 14:40:00,19.166666666666700,37.700000000000003, 6.9000000000000004e+00, 67.333333333333300,760.39999999999998
2016-02-19 14:50:00,19.230000000000000,37.826666666666704, 6.8499999999999996e+00, 66.666666666666700,760.35000000000002
2016-02-19 15:00:00,19.289999999999999,37.899999999999999, 6.7999999999999998e+00, 66.000000000000000,760.29999999999995
2016-02-19 15:10:00,19.390000000000001,37.789999999999999, 6.9166666666666696e+00, 66.166666666666700,760.29999999999995
2016-02-19 15:20:00,19.390000000000001,37.863333333333301, 7.0333333333333297e+00, 66.333333333333300,760.29999999999995
2016-02-19 15:30:00,19.500000000000000,38.030000000000001, 7.1500000000000004e+00, 66.500000000000000,760.29999999999995
2016-02-19 15:40:00,19.500000000000000,38.163333333333298, 7.2666666666666702e+00, 66.666666666666700,760.29999999999995
2016-02-19 15:50:00,19.600000000000001,38.289999999999999, 7.3833333333333302e+00, 66.833333333333300,760.29999999999995
2016-02-19 16:00:00,19.600000000000001,38.289999999999999, 7.5000000000000000e+00, 67.000000000000000,760.29999999999995
2016-02-19 16:10:00,19.600000000000001,38.399999999999999, 7.3333333333333304e+00, 67.333333333333300,760.25000000000000
2016-02-19 16:20:00,19.600000000000001,38.317500000000003, 7.1666666666666696e+00, 67.666666666666700,760.20000000000005
2016-02-19 16:30:00,19.600000000000001,38.229999999999997, 7.0000000000000000e+00, 68.000000000000000,760.14999999999998
2016-02-19 16:40:00,19.600000000000001,38.200000000000003, 6.8333333333333304e+00, 68.333333333333300,760.10000000000002
2016-02-19 16:50:00,19.533333333333299,38.126666666666701, 6.6666666666666696e+00, 68.666666666666700,760.04999999999995
2016-02-19 17:00:00,19.566666666666698,38.000000000000000, 6.5000000000000000e+00, 69.000000000000000,760.00000000000000
2016-02-19 17:10:00,19.500000000000000,38.000000000000000, 6.3333333333333304e+00, 70.166666666666700,759.96666666666704
2016-02-19 17:20:00,19.463333333333299,37.863333333333301, 6.1666666666666696e+00, 71.333333333333300,759.93333333333305
2016-02-19 17:30:00,19.390000000000001,37.789999999999999, 6.0000000000000000e+00, 72.500000000000000,759.89999999999998
2016-02-19 17:40:00,19.289999999999999,37.826666666666704, 5.8333333333333304e+00, 73.666666666666700,759.86666666666702
2016-02-19 17:50:00,19.289999999999999,38.026666666666699, 5.6666666666666696e+00, 74.833333333333300,759.83333333333303
2016-02-19 18:00:00,19.260000000000002,38.229999999999997, 5.5000000000000000e+00, 76.000000000000000,759.79999999999995
2016-02-19 18:10:00,19.199999999999999,38.363333333333301, 5.2666666666666702e+00, 77.000000000000000,759.81666666666695
2016-02-19 18:20:00,19.199999999999999,38.626666666666701, 5.0333333333333297e+00, 78.000000000000000,759.83333333333303
2016-02-19 18:30:00,19.133333333333301,38.700000000000003, 4.7999999999999998e+00, 79.000000000000000,759.85000000000002
2016-02-19 18:40:00,19.100000000000001,38.826666666666704, 4.5666666666666700e+00, 80.000000000000000,759.86666666666702
2016-02-19 18:50:00,19.033333333333299,38.826666666666704, 4.3333333333333304e+00, 81.000000000000000,759.88333333333298
2016-02-19 19:00:00,19.066666666666698,38.863333333333301, 4.0999999999999996e+00, 82.000000000000000,759.89999999999998
2016-02-19 19:10:00,19.000000000000000,38.729999999999997, 4.0833333333333304e+00, 82.000000000000000,759.83333333333303
2016-02-19 19:20:00,18.963333333333299,38.590000000000003, 4.0666666666666700e+00, 82.000000000000000,759.76666666666699
2016-02-19 19:30:00,18.890000000000001,38.497500000000002, 4.0499999999999998e+00, 82.000000000000000,759.70000000000005
2016-02-19 19:40:00,18.823333333333299,38.326666666666704, 4.0333333333333297e+00, 82.000000000000000,759.63333333333298
2016-02-19 19:50:00,18.789999999999999,38.200000000000003, 4.0166666666666702e+00, 82.000000000000000,759.56666666666695
2016-02-19 20:00:00,18.730000000000000,38.126666666666701, 4.0000000000000000e+00, 82.000000000000000,759.50000000000000
2016-02-19 20:10:00,18.699999999999999,38.060000000000002, 4.0999999999999996e+00, 81.000000000000000,759.43333333333305
2016-02-19 20:20:00,18.699999999999999,38.000000000000000, 4.2000000000000002e+00, 80.000000000000000,759.36666666666702
2016-02-19 20:30:00,18.600000000000001,37.899999999999999, 4.2999999999999998e+00, 79.000000000000000,759.29999999999995
2016-02-19 20:40:00,18.600000000000001,37.899999999999999, 4.4000000000000004e+00, 78.000000000000000,759.23333333333301
2016-02-19 20:50:00,18.500000000000000,37.789999999999999, 4.5000000000000000e+00, 77.000000000000000,759.16666666666697
2016-02-19 21:00:00,18.500000000000000,37.789999999999999, 4.5999999999999996e+00, 76.000000000000000,759.10000000000002
2016-02-19 21:10:00,18.390000000000001,37.590000000000003, 4.5833333333333304e+00, 76.166666666666700,759.04999999999995
2016-02-19 21:20:00,18.390000000000001,37.590000000000003, 4.5666666666666700e+00, 76.333333333333300,759.00000000000000
2016-02-19 21:30:00,18.356666666666701,37.590000000000003, 4.5499999999999998e+00, 76.500000000000000,758.95000000000005
2016-02-19 21:40:00,18.289999999999999,37.590000000000003, 4.5333333333333297e+00, 76.666666666666700,758.89999999999998
2016-02-19 21:50:00,18.289999999999999,37.590000000000003, 4.5166666666666702e+00, 76.833333333333300,758.85000000000002
2016-02-19 22:00:00,18.230000000000000,37.530000000000001, 4.5000000000000000e+00, 77.000000000000000,758.79999999999995
2016-02-19 22:10:00,18.199999999999999,37.466666666666697, 4.6500000000000004e+00, 76.333333333333300,758.66666666666697
2016-02-19 22:20:00,18.199999999999999,37.399999999999999, 4.7999999999999998e+00, 75.666666666666700,758.53333333333296
2016-02-19 22:30:00,18.199999999999999,37.399999999999999, 4.9500000000000002e+00, 75.000000000000000,758.39999999999998
2016-02-19 22:40:00,18.125000000000000,37.399999999999999, 5.0999999999999996e+00, 74.333333333333300,758.26666666666699
2016-02-19 22:50:00,18.100000000000001,37.399999999999999, 5.2500000000000000e+00, 73.666666666666700,758.13333333333298
2016-02-19 23:00:00,18.066666666666698,37.363333333333301, 5.4000000000000004e+00, 73.000000000000000,758.00000000000000
2016-02-19 23:10:00,18.000000000000000,37.363333333333301, 5.5166666666666702e+00, 72.833333333333300,757.89999999999998
2016-02-19 23:20:00,18.000000000000000,37.363333333333301, 5.6333333333333302e+00, 72.666666666666700,757.79999999999995
2016-02-19 23:30:00,18.000000000000000,37.289999999999999, 5.7500000000000000e+00, 72.500000000000000,757.70000000000005
2016-02-19 23:40:00,18.000000000000000,37.399999999999999, 5.8666666666666698e+00, 72.333333333333300,757.60000000000002
2016-02-19 23:50:00,18.000000000000000,37.399999999999999, 5.9833333333333298e+00, 72.166666666666700,757.50000000000000
2016-02-20 00:00:00,17.963333333333299,37.530000000000001, 6.0999999999999996e+00, 72.000000000000000,757.39999999999998
2016-02-20 00:10:00,17.890000000000001,37.663333333333298, 6.1333333333333302e+00, 72.333333333333300,757.28333333333296
2016-02-20 00:20:00,17.890000000000001,37.789999999999999, 6.1666666666666696e+00, 72.666666666666700,757.16666666666697
2016-02-20 00:30:00,17.890000000000001,37.863333333333301, 6.2000000000000002e+00, 73.000000000000000,757.04999999999995
2016-02-20 00:40:00,17.890000000000001,37.933333333333302, 6.2333333333333298e+00, 73.333333333333300,756.93333333333305
2016-02-20 00:50:00,17.890000000000001,38.000000000000000, 6.2666666666666702e+00, 73.666666666666700,756.81666666666695
2016-02-20 01:00:00,17.823333333333299,38.066666666666698, 6.2999999999999998e+00, 74.000000000000000,756.70000000000005
2016-02-20 01:10:00,17.823333333333299,38.200000000000003, 6.1666666666666696e+00, 76.166666666666700,756.54999999999995
2016-02-20 01:20:00,17.789999999999999,38.229999999999997, 6.0333333333333297e+00, 78.333333333333300,756.39999999999998
2016-02-20 01:30:00,17.789999999999999,38.289999999999999, 5.9000000000000004e+00, 80.500000000000000,756.25000000000000
2016-02-20 01:40:00,17.789999999999999,38.399999999999999, 5.7666666666666702e+00, 82.666666666666700,756.10000000000002
2016-02-20 01:50:00,17.789999999999999,38.497500000000002, 5.6333333333333302e+00, 84.833333333333300,755.95000000000005
2016-02-20 02:00:00,17.730000000000000,38.590000000000003, 5.5000000000000000e+00, 87.000000000000000,755.79999999999995
2016-02-20 02:10:00,17.789999999999999,38.700000000000003, 5.4333333333333300e+00, 88.166666666666700,755.73333333333301
2016-02-20 02:20:00,17.789999999999999,38.759999999999998, 5.3666666666666698e+00, 89.333333333333300,755.66666666666697
2016-02-20 02:30:00,17.699999999999999,38.826666666666704, 5.2999999999999998e+00, 90.500000000000000,755.60000000000002
2016-02-20 02:40:00,17.699999999999999,38.899999999999999, 5.2333333333333298e+00, 91.666666666666700,755.53333333333296
2016-02-20 02:50:00,17.699999999999999,39.000000000000000, 5.1666666666666696e+00, 92.833333333333300,755.46666666666704
2016-02-20 03:00:00,17.699999999999999,39.060000000000002, 5.0999999999999996e+00, 94.000000000000000,755.39999999999998
2016-02-20 03:10:00,17.699999999999999,39.126666666666701, 5.1666666666666696e+00, 93.833333333333300,755.28333333333296
2016-02-20 03:20:00,17.699999999999999,39.200000000000003, 5.2333333333333298e+00, 93.666666666666700,755.16666666666697
2016-02-20 03:30:00,17.633333333333301,39.229999999999997, 5.2999999999999998e+00, 93.500000000000000,755.04999999999995
2016-02-20 03:40:00,17.633333333333301,39.289999999999999, 5.3666666666666698e+00, 93.333333333333300,754.93333333333305
2016-02-20 03:50:00,17.600000000000001,39.326666666666704, 5.4333333333333300e+00, 93.166666666666700,754.81666666666695
2016-02-20 04:00:00,17.600000000000001,39.399999999999999, 5.5000000000000000e+00, 93.000000000000000,754.70000000000005
2016-02-20 04:10:00,17.600000000000001,39.433333333333302, 5.5499999999999998e+00, 93.500000000000000,754.61666666666702
2016-02-20 04:20:00,17.600000000000001,39.560000000000002, 5.5999999999999996e+00, 94.000000000000000,754.53333333333296
2016-02-20 04:30:00,17.600000000000001,39.590000000000003, 5.6500000000000004e+00, 94.500000000000000,754.45000000000005
2016-02-20 04:40:00,17.600000000000001,39.663333333333298, 5.7000000000000002e+00, 95.000000000000000,754.36666666666702
2016-02-20 04:50:00,17.500000000000000,39.789999999999999, 5.7500000000000000e+00, 95.500000000000000,754.28333333333296
2016-02-20 05:00:00,17.500000000000000,39.817500000000003, 5.7999999999999998e+00, 96.000000000000000,754.20000000000005
2016-02-20 05:10:00,17.500000000000000,39.966666666666697, 5.9333333333333300e+00, 95.500000000000000,754.16666666666697
2016-02-20 05:20:00,17.500000000000000,40.030000000000001, 6.0666666666666700e+00, 95.000000000000000,754.13333333333298
2016-02-20 05:30:00,17.500000000000000,40.090000000000003, 6.2000000000000002e+00, 94.500000000000000,754.10000000000002
2016-02-20 05:40:00,17.500000000000000,40.200000000000003, 6.3333333333333304e+00, 94.000000000000000,754.06666666666695
2016-02-20 05:50:00,17.500000000000000,40.259999999999998, 6.4666666666666703e+00, 93.500000000000000,754.03333333333296
2016-02-20 06:00:00,17.500000000000000,40.326666666666704, 6.5999999999999996e+00, 93.000000000000000,754.00000000000000
2016-02-20 06:10:00,17.500000000000000,40.399999999999999, 6.6500000000000004e+00, 93.333333333333300,753.95000000000005
2016-02-20 06:20:00,17.500000000000000,40.500000000000000, 6.7000000000000002e+00, 93.666666666666700,753.89999999999998
2016-02-20 06:30:00,17.500000000000000,40.500000000000000, 6.7500000000000000e+00, 94.000000000000000,753.85000000000002
2016-02-20 06:40:00,17.500000000000000,40.590000000000003, 6.7999999999999998e+00, 94.333333333333300,753.79999999999995
2016-02-20 06:50:00,17.500000000000000,40.663333333333298, 6.8499999999999996e+00, 94.666666666666700,753.75000000000000
2016-02-20 07:00:00,17.390000000000001,40.626666666666701, 6.9000000000000004e+00, 95.000000000000000,753.70000000000005
2016-02-20 07:10:00,17.390000000000001,40.700000000000003, 6.9583333333333304e+00, 95.166666666666700,753.75000000000000
2016-02-20 07:20:00,17.390000000000001,40.826666666666704, 7.0166666666666702e+00, 95.333333333333300,753.79999999999995
2016-02-20 07:30:00,17.390000000000001,40.899999999999999, 7.0750000000000002e+00, 95.500000000000000,753.85000000000002
2016-02-20 07:40:00,17.390000000000001,40.933333333333302, 7.1333333333333302e+00, 95.666666666666700,753.89999999999998
2016-02-20 07:50:00,17.390000000000001,41.000000000000000, 7.1916666666666700e+00, 95.833333333333300,753.95000000000005
2016-02-20 08:00:00,17.390000000000001,41.090000000000003, 7.2500000000000000e+00, 96.000000000000000,754.00000000000000
2016-02-20 08:10:00,17.390000000000001,41.200000000000003, 7.3083333333333300e+00, 96.166666666666700,754.04999999999995
2016-02-20 08:20:00,17.390000000000001,41.200000000000003, 7.3666666666666698e+00, 96.333333333333300,754.10000000000002
2016-02-20 08:30:00,17.390000000000001,41.326666666666704, 7.4249999999999998e+00, 96.500000000000000,754.14999999999998
2016-02-20 08:40:00,17.390000000000001,41.399999999999999, 7.4833333333333298e+00, 96.666666666666700,754.20000000000005
2016-02-20 08:50:00,17.390000000000001,41.566666666666698, 7.5416666666666696e+00, 96.833333333333300,754.25000000000000
2016-02-20 09:00:00,17.390000000000001,41.899999999999999, 7.5999999999999996e+00, 97.000000000000000,754.29999999999995
2016-02-20 09:10:00,17.500000000000000,42.326666666666704, 7.7166666666666703e+00, 97.000000000000000,754.29999999999995
2016-02-20 09:20:00,17.500000000000000,42.526666666666699, 7.8333333333333304e+00, 97.000000000000000,754.29999999999995
2016-02-20 09:30:00,17.633333333333301,42.826666666666704, 7.9500000000000002e+00, 97.000000000000000,754.29999999999995
2016-02-20 09:40:00,17.699999999999999,43.000000000000000, 8.0666666666666700e+00, 97.000000000000000,754.29999999999995
2016-02-20 09:50:00,17.823333333333299,43.030000000000001, 8.1833333333333300e+00, 97.000000000000000,754.29999999999995
2016-02-20 10:00:00,17.963333333333299,43.030000000000001, 8.3000000000000007e+00, 97.000000000000000,754.29999999999995
2016-02-20 10:10:00,18.230000000000000,43.090000000000003, 8.4333333333333300e+00, 96.166666666666700,754.35000000000002
2016-02-20 10:20:00,18.356666666666701,43.030000000000001, 8.5666666666666700e+00, 95.333333333333300,754.39999999999998
2016-02-20 10:30:00,18.533333333333299,42.966666666666697, 8.6999999999999993e+00, 94.500000000000000,754.45000000000005
2016-02-20 10:40:00,18.666666666666700,42.899999999999999, 8.8333333333333304e+00, 93.666666666666700,754.50000000000000
2016-02-20 10:50:00,18.960000000000001,42.863333333333301, 8.9666666666666703e+00, 92.833333333333300,754.54999999999995
2016-02-20 11:00:00,19.166666666666700,42.656666666666702, 9.0999999999999996e+00, 92.000000000000000,754.60000000000002
2016-02-20 11:10:00,19.495000000000001,42.299999999999997, 9.1166666666666707e+00, 91.666666666666700,754.66666666666697
2016-02-20 11:20:00,19.699999999999999,41.930000000000000, 9.1333333333333293e+00, 91.333333333333300,754.73333333333301
2016-02-20 11:30:00,19.760000000000002,41.729999999999997, 9.1500000000000004e+00, 91.000000000000000,754.79999999999995
2016-02-20 11:40:00,19.926666666666701,41.526666666666699, 9.1666666666666696e+00, 90.666666666666700,754.86666666666702
2016-02-20 11:50:00,20.000000000000000,41.326666666666704, 9.1833333333333300e+00, 90.333333333333300,754.93333333333305
2016-02-20 12:00:00,20.100000000000001,41.163333333333298, 9.1999999999999993e+00, 90.000000000000000,755.00000000000000
2016-02-20 12:10:00,20.100000000000001,41.030000000000001, 9.1999999999999993e+00, 90.833333333333300,755.01666666666699
2016-02-20 12:20:00,20.230000000000000,40.863333333333301, 9.1999999999999993e+00, 91.666666666666700,755.03333333333296
2016-02-20 12:30:00,20.289999999999999,40.729999999999997, 9.1999999999999993e+00, 92.500000000000000,755.04999999999995
2016-02-20 12:40:00,20.323333333333299,40.560000000000002, 9.1999999999999993e+00, 93.333333333333300,755.06666666666695
2016-02-20 12:50:00,20.390000000000001,40.500000000000000, 9.1999999999999993e+00, 94.166666666666700,755.08333333333303
2016-02-20 13:00:00,20.390000000000001,40.399999999999999, 9.1999999999999993e+00, 95.000000000000000,755.10000000000002
2016-02-20 13:10:00,20.463333333333299,40.399999999999999, 9.3499999999999996e+00, 93.500000000000000,755.04999999999995
2016-02-20 13:20:00,20.600000000000001,40.500000000000000, 9.5000000000000000e+00, 92.000000000000000,755.00000000000000
2016-02-20 13:30:00,20.666666666666700,40.693333333333300, 9.6500000000000004e+00, 90.500000000000000,754.95000000000005
2016-02-20 13:40:00,20.823333333333299,40.789999999999999, 9.8000000000000007e+00, 89.000000000000000,754.89999999999998
2016-02-20 13:50:00,20.890000000000001,40.789999999999999, 9.9499999999999993e+00, 87.500000000000000,754.85000000000002
2016-02-20 14:00:00,21.000000000000000,40.663333333333298, 1.0100000000000000e+01, 86.000000000000000,754.79999999999995
2016-02-20 14:10:00,21.000000000000000,40.530000000000001, 1.0083333333333300e+01, 86.000000000000000,754.79999999999995
2016-02-20 14:20:00,21.100000000000001,40.545000000000002, 1.0066666666666700e+01, 86.000000000000000,754.79999999999995
2016-02-20 14:30:00,21.100000000000001,40.363333333333301, 1.0050000000000001e+01, 86.000000000000000,754.79999999999995
2016-02-20 14:40:00,21.100000000000001,40.229999999999997, 1.0033333333333299e+01, 86.000000000000000,754.79999999999995
2016-02-20 14:50:00,21.133333333333301,40.266666666666701, 1.0016666666666699e+01, 86.000000000000000,754.79999999999995
2016-02-20 15:00:00,21.199999999999999,40.193333333333300, 1.0000000000000000e+01, 86.000000000000000,754.79999999999995
2016-02-20 15:10:00,21.199999999999999,40.000000000000000, 9.9333333333333300e+00, 86.666666666666700,754.71666666666704
2016-02-20 15:20:00,21.199999999999999,40.000000000000000, 9.8666666666666707e+00, 87.333333333333300,754.63333333333298
2016-02-20 15:30:00,21.199999999999999,40.000000000000000, 9.8000000000000007e+00, 88.000000000000000,754.54999999999995
2016-02-20 15:40:00,21.199999999999999,40.000000000000000, 9.7333333333333307e+00, 88.666666666666700,754.46666666666704
2016-02-20 15:50:00,21.230000000000000,40.030000000000001, 9.6666666666666696e+00, 89.333333333333300,754.38333333333298
2016-02-20 16:00:00,21.289999999999999,40.163333333333298, 9.5999999999999996e+00, 90.000000000000000,754.29999999999995
2016-02-20 16:10:00,21.289999999999999,40.200000000000003, 9.5999999999999996e+00, 90.333333333333300,754.25000000000000
2016-02-20 16:20:00,21.356666666666701,40.126666666666701, 9.5999999999999996e+00, 90.666666666666700,754.20000000000005
2016-02-20 16:30:00,21.426666666666701,40.000000000000000, 9.5999999999999996e+00, 91.000000000000000,754.14999999999998
2016-02-20 16:40:00,21.566666666666698,39.933333333333302, 9.5999999999999996e+00, 91.333333333333300,754.10000000000002
2016-02-20 16:50:00,21.730000000000000,39.863333333333301, 9.5999999999999996e+00, 91.666666666666700,754.04999999999995
2016-02-20 17:00:00,21.789999999999999,39.729999999999997, 9.5999999999999996e+00, 92.000000000000000,754.00000000000000
2016-02-20 17:10:00,21.823333333333299,39.700000000000003, 9.5999999999999996e+00, 92.333333333333300,753.95000000000005
2016-02-20 17:20:00,21.890000000000001,39.626666666666701, 9.5999999999999996e+00, 92.666666666666700,753.89999999999998
2016-02-20 17:30:00,21.890000000000001,39.590000000000003, 9.5999999999999996e+00, 93.000000000000000,753.85000000000002
2016-02-20 17:40:00,21.890000000000001,39.590000000000003, 9.5999999999999996e+00, 93.333333333333300,753.79999999999995
2016-02-20 17:50:00,21.890000000000001,39.590000000000003, 9.5999999999999996e+00, 93.666666666666700,753.75000000000000
2016-02-20 18:00:00,21.890000000000001,39.590000000000003, 9.5999999999999996e+00, 94.000000000000000,753.70000000000005
2016-02-20 18:10:00,21.890000000000001,39.663333333333298, 9.5999999999999996e+00, 94.333333333333300,753.71666666666704
2016-02-20 18:20:00,21.890000000000001,39.700000000000003, 9.5999999999999996e+00, 94.666666666666700,753.73333333333301
2016-02-20 18:30:00,21.890000000000001,39.759999999999998, 9.5999999999999996e+00, 95.000000000000000,753.75000000000000
2016-02-20 18:40:00,21.890000000000001,40.133333333333297, 9.5999999999999996e+00, 95.333333333333300,753.76666666666699
2016-02-20 18:50:00,21.890000000000001,40.799999999999997, 9.5999999999999996e+00, 95.666666666666700,753.78333333333296
2016-02-20 19:00:00,22.000000000000000,41.359999999999999, 9.5999999999999996e+00, 96.000000000000000,753.79999999999995
2016-02-20 19:10:00,22.000000000000000,41.500000000000000, 9.7333333333333307e+00, 95.333333333333300,753.79999999999995
2016-02-20 19:20:00,21.963333333333299,41.399999999999999, 9.8666666666666707e+00, 94.666666666666700,753.79999999999995
2016-02-20 19:30:00,21.890000000000001,41.466666666666697, 1.0000000000000000e+01, 94.000000000000000,753.79999999999995
2016-02-20 19:40:00,21.890000000000001,41.729999999999997, 1.0133333333333301e+01, 93.333333333333300,753.79999999999995
2016-02-20 19:50:00,21.890000000000001,41.789999999999999, 1.0266666666666699e+01, 92.666666666666700,753.79999999999995
2016-02-20 20:00:00,21.890000000000001,41.826666666666704, 1.0400000000000000e+01, 92.000000000000000,753.79999999999995
2016-02-20 20:10:00,21.823333333333299,41.899999999999999, 1.0466666666666701e+01, 92.000000000000000,753.81666666666695
2016-02-20 20:20:00,21.789999999999999,41.899999999999999, 1.0533333333333299e+01, 92.000000000000000,753.83333333333303
2016-02-20 20:30:00,21.730000000000000,41.966666666666697, 1.0600000000000000e+01, 92.000000000000000,753.85000000000002
2016-02-20 20:40:00,21.666666666666700,42.566666666666698, 1.0666666666666700e+01, 92.000000000000000,753.86666666666702
2016-02-20 20:50:00,21.600000000000001,43.026666666666699, 1.0733333333333301e+01, 92.000000000000000,753.88333333333298
2016-02-20 21:00:00,21.550000000000001,43.344999999999999, 1.0800000000000001e+01, 92.000000000000000,753.89999999999998
2016-02-20 21:10:00,21.500000000000000,43.566666666666698, 1.0800000000000001e+01, 92.000000000000000,753.91666666666697
2016-02-20 21:20:00,21.426666666666701,43.626666666666701, 1.0800000000000001e+01, 92.000000000000000,753.93333333333305
2016-02-20 21:30:00,21.356666666666701,43.700000000000003, 1.0800000000000001e+01, 92.000000000000000,753.95000000000005
2016-02-20 21:40:00,21.289999999999999,43.700000000000003, 1.0800000000000001e+01, 92.000000000000000,753.96666666666704
2016-02-20 21:50:00,21.199999999999999,43.700000000000003, 1.0800000000000001e+01, 92.000000000000000,753.98333333333301
2016-02-20 22:00:00,21.199999999999999,43.700000000000003, 1.0800000000000001e+01, 92.000000000000000,754.00000000000000
2016-02-20 22:10:00,21.166666666666700,43.663333333333298, 1.0850000000000000e+01, 91.833333333333300,754.10000000000002
2016-02-20 22:20:00,21.100000000000001,43.530000000000001, 1.0900000000000000e+01, 91.666666666666700,754.20000000000005
2016-02-20 22:30:00,21.000000000000000,43.399999999999999, 1.0949999999999999e+01, 91.500000000000000,754.29999999999995
2016-02-20 22:40:00,20.926666666666701,43.326666666666704, 1.1000000000000000e+01, 91.333333333333300,754.39999999999998
2016-02-20 22:50:00,20.890000000000001,43.399999999999999, 1.1050000000000001e+01, 91.166666666666700,754.50000000000000
2016-02-20 23:00:00,20.823333333333299,43.326666666666704, 1.1100000000000000e+01, 91.000000000000000,754.60000000000002
2016-02-20 23:10:00,20.789999999999999,43.289999999999999, 1.1066666666666700e+01, 90.666666666666700,754.61666666666702
2016-02-20 23:20:00,20.730000000000000,43.363333333333301, 1.1033333333333299e+01, 90.333333333333300,754.63333333333298
2016-02-20 23:30:00,20.699999999999999,43.399999999999999, 1.1000000000000000e+01, 90.000000000000000,754.64999999999998
2016-02-20 23:40:00,20.633333333333301,43.399999999999999, 1.0966666666666701e+01, 89.666666666666700,754.66666666666697
2016-02-20 23:50:00,20.600000000000001,43.399999999999999, 1.0933333333333300e+01, 89.333333333333300,754.68333333333305
2016-02-21 00:00:00,20.533333333333299,43.466666666666697, 1.0900000000000000e+01, 89.000000000000000,754.70000000000005
2016-02-21 00:10:00,20.550000000000001,43.500000000000000, 1.0816666666666700e+01, 89.500000000000000,754.76666666666699
2016-02-21 00:20:00,20.463333333333299,43.560000000000002, 1.0733333333333301e+01, 90.000000000000000,754.83333333333303
2016-02-21 00:30:00,20.390000000000001,43.500000000000000, 1.0650000000000000e+01, 90.500000000000000,754.89999999999998
2016-02-21 00:40:00,20.390000000000001,43.590000000000003, 1.0566666666666700e+01, 91.000000000000000,754.96666666666704
2016-02-21 00:50:00,20.390000000000001,43.590000000000003, 1.0483333333333301e+01, 91.500000000000000,755.03333333333296
2016-02-21 01:00:00,20.356666666666701,43.590000000000003, 1.0400000000000000e+01, 92.000000000000000,755.10000000000002
2016-02-21 01:10:00,20.289999999999999,43.590000000000003, 1.0400000000000000e+01, 92.000000000000000,755.20000000000005
2016-02-21 01:20:00,20.289999999999999,43.700000000000003, 1.0400000000000000e+01, 92.000000000000000,755.29999999999995
2016-02-21 01:30:00,20.230000000000000,43.626666666666701, 1.0400000000000000e+01, 92.000000000000000,755.39999999999998
2016-02-21 01:40:00,20.199999999999999,43.626666666666701, 1.0400000000000000e+01, 92.000000000000000,755.50000000000000
2016-02-21 01:50:00,20.199999999999999,43.700000000000003, 1.0400000000000000e+01, 92.000000000000000,755.60000000000002
2016-02-21 02:00:00,20.166666666666700,43.700000000000003, 1.0400000000000000e+01, 92.000000000000000,755.70000000000005
2016-02-21 02:10:00,20.100000000000001,43.700000000000003, 1.0350000000000000e+01, 92.500000000000000,755.71666666666704
2016-02-21 02:20:00,20.100000000000001,43.789999999999999, 1.0300000000000001e+01, 93.000000000000000,755.73333333333301
2016-02-21 02:30:00,20.100000000000001,43.789999999999999, 1.0250000000000000e+01, 93.500000000000000,755.75000000000000
2016-02-21 02:40:00,20.066666666666698,43.789999999999999, 1.0199999999999999e+01, 94.000000000000000,755.76666666666699
2016-02-21 02:50:00,20.000000000000000,43.789999999999999, 1.0150000000000000e+01, 94.500000000000000,755.78333333333296
2016-02-21 03:00:00,20.000000000000000,43.826666666666704, 1.0100000000000000e+01, 95.000000000000000,755.79999999999995
2016-02-21 03:10:00,20.000000000000000,43.899999999999999, 1.0100000000000000e+01, 95.000000000000000,755.85000000000002
2016-02-21 03:20:00,19.945000000000000,43.899999999999999, 1.0100000000000000e+01, 95.000000000000000,755.89999999999998
2016-02-21 03:30:00,19.890000000000001,43.933333333333302, 1.0100000000000000e+01, 95.000000000000000,755.95000000000005
2016-02-21 03:40:00,19.890000000000001,44.000000000000000, 1.0100000000000000e+01, 95.000000000000000,756.00000000000000
2016-02-21 03:50:00,19.890000000000001,44.030000000000001, 1.0100000000000000e+01, 95.000000000000000,756.04999999999995
2016-02-21 04:00:00,19.823333333333299,44.030000000000001, 1.0100000000000000e+01, 95.000000000000000,756.10000000000002
2016-02-21 04:10:00,19.789999999999999,44.000000000000000, 1.0100000000000000e+01, 95.000000000000000,756.11666666666702
2016-02-21 04:20:00,19.789999999999999,44.060000000000002, 1.0100000000000000e+01, 95.000000000000000,756.13333333333298
2016-02-21 04:30:00,19.789999999999999,44.090000000000003, 1.0100000000000000e+01, 95.000000000000000,756.14999999999998
2016-02-21 04:40:00,19.789999999999999,44.163333333333298, 1.0100000000000000e+01, 95.000000000000000,756.16666666666697
2016-02-21 04:50:00,19.699999999999999,44.200000000000003, 1.0100000000000000e+01, 95.000000000000000,756.18333333333305
2016-02-21 05:00:00,19.699999999999999,44.259999999999998, 1.0100000000000000e+01, 95.000000000000000,756.20000000000005
2016-02-21 05:10:00,19.699999999999999,44.289999999999999, 1.0100000000000000e+01, 94.833333333333300,756.23333333333301
2016-02-21 05:20:00,19.699999999999999,44.289999999999999, 1.0100000000000000e+01, 94.666666666666700,756.26666666666699
2016-02-21 05:30:00,19.666666666666700,44.289999999999999, 1.0100000000000000e+01, 94.500000000000000,756.29999999999995
2016-02-21 05:40:00,19.666666666666700,44.363333333333301, 1.0100000000000000e+01, 94.333333333333300,756.33333333333303
2016-02-21 05:50:00,19.600000000000001,44.399999999999999, 1.0100000000000000e+01, 94.166666666666700,756.36666666666702
2016-02-21 06:00:00,19.600000000000001,44.399999999999999, 1.0100000000000000e+01, 94.000000000000000,756.39999999999998
2016-02-21 06:10:00,19.600000000000001,44.433333333333302, 1.0166666666666700e+01, 93.333333333333300,756.36666666666702
2016-02-21 06:20:00,19.600000000000001,44.500000000000000, 1.0233333333333301e+01, 92.666666666666700,756.33333333333303
2016-02-21 06:30:00,19.600000000000001,44.500000000000000, 1.0300000000000001e+01, 92.000000000000000,756.29999999999995
2016-02-21 06:40:00,19.524999999999999,44.500000000000000, 1.0366666666666699e+01, 91.333333333333300,756.26666666666699
2016-02-21 06:50:00,19.500000000000000,44.560000000000002, 1.0433333333333300e+01, 90.666666666666700,756.23333333333301
2016-02-21 07:00:00,19.500000000000000,44.530000000000001, 1.0500000000000000e+01, 90.000000000000000,756.20000000000005
2016-02-21 07:10:00,19.500000000000000,44.590000000000003, 1.0533333333333299e+01, 89.666666666666700,756.20000000000005
2016-02-21 07:20:00,19.500000000000000,44.590000000000003, 1.0566666666666700e+01, 89.333333333333300,756.20000000000005
2016-02-21 07:30:00,19.500000000000000,44.590000000000003, 1.0600000000000000e+01, 89.000000000000000,756.20000000000005
2016-02-21 07:40:00,19.500000000000000,44.700000000000003, 1.0633333333333301e+01, 88.666666666666700,756.20000000000005
2016-02-21 07:50:00,19.500000000000000,44.700000000000003, 1.0666666666666700e+01, 88.333333333333300,756.20000000000005
2016-02-21 08:00:00,19.463333333333299,44.663333333333298, 1.0699999999999999e+01, 88.000000000000000,756.20000000000005
2016-02-21 08:10:00,19.390000000000001,44.590000000000003, 1.0683333333333300e+01, 88.166666666666700,756.25000000000000
2016-02-21 08:20:00,19.390000000000001,44.626666666666701, 1.0666666666666700e+01, 88.333333333333300,756.29999999999995
2016-02-21 08:30:00,19.390000000000001,44.626666666666701, 1.0650000000000000e+01, 88.500000000000000,756.35000000000002
2016-02-21 08:40:00,19.390000000000001,44.700000000000003, 1.0633333333333301e+01, 88.666666666666700,756.39999999999998
2016-02-21 08:50:00,19.390000000000001,44.700000000000003, 1.0616666666666699e+01, 88.833333333333300,756.45000000000005
2016-02-21 09:00:00,19.390000000000001,44.826666666666704, 1.0600000000000000e+01, 89.000000000000000,756.50000000000000
2016-02-21 09:10:00,19.390000000000001,44.966666666666697, 1.0600000000000000e+01, 89.166666666666700,756.53333333333296
2016-02-21 09:20:00,19.390000000000001,45.156666666666702, 1.0600000000000000e+01, 89.333333333333300,756.56666666666695
2016-02-21 09:30:00,19.390000000000001,45.289999999999999, 1.0600000000000000e+01, 89.500000000000000,756.60000000000002
2016-02-21 09:40:00,19.390000000000001,45.500000000000000, 1.0600000000000000e+01, 89.666666666666700,756.63333333333298
2016-02-21 09:50:00,19.390000000000001,45.567500000000003, 1.0600000000000000e+01, 89.833333333333300,756.66666666666697
2016-02-21 10:00:00,19.390000000000001,45.590000000000003, 1.0600000000000000e+01, 90.000000000000000,756.70000000000005
2016-02-21 10:10:00,19.463333333333299,45.590000000000003, 1.0683333333333300e+01, 89.666666666666700,756.66666666666697
2016-02-21 10:20:00,19.463333333333299,45.590000000000003, 1.0766666666666699e+01, 89.333333333333300,756.63333333333298
2016-02-21 10:30:00,19.390000000000001,45.590000000000003, 1.0850000000000000e+01, 89.000000000000000,756.60000000000002
2016-02-21 10:40:00,19.463333333333299,45.663333333333298, 1.0933333333333300e+01, 88.666666666666700,756.56666666666695
2016-02-21 10:50:00,19.500000000000000,45.590000000000003, 1.1016666666666699e+01, 88.333333333333300,756.53333333333296
2016-02-21 11:00:00,19.566666666666698,45.590000000000003, 1.1100000000000000e+01, 88.000000000000000,756.50000000000000
2016-02-21 11:10:00,19.600000000000001,45.590000000000003, 1.1066666666666700e+01, 88.666666666666700,756.51666666666699
2016-02-21 11:20:00,19.666666666666700,45.663333333333298, 1.1033333333333299e+01, 89.333333333333300,756.53333333333296
2016-02-21 11:30:00,19.730000000000000,45.700000000000003, 1.1000000000000000e+01, 90.000000000000000,756.54999999999995
2016-02-21 11:40:00,19.789999999999999,45.626666666666701, 1.0966666666666701e+01, 90.666666666666700,756.56666666666695
2016-02-21 11:50:00,19.823333333333299,45.656666666666702, 1.0933333333333300e+01, 91.333333333333300,756.58333333333303
2016-02-21 12:00:00,19.890000000000001,45.789999999999999, 1.0900000000000000e+01, 92.000000000000000,756.60000000000002
2016-02-21 12:10:00,20.000000000000000,45.789999999999999, 1.0966666666666701e+01, 91.500000000000000,756.54999999999995
2016-02-21 12:20:00,20.066666666666698,45.863333333333301, 1.1033333333333299e+01, 91.000000000000000,756.50000000000000
2016-02-21 12:30:00,20.199999999999999,45.723333333333301, 1.1100000000000000e+01, 90.500000000000000,756.45000000000005
2016-02-21 12:40:00,20.260000000000002,45.590000000000003, 1.1166666666666700e+01, 90.000000000000000,756.39999999999998
2016-02-21 12:50:00,20.323333333333299,45.500000000000000, 1.1233333333333301e+01, 89.500000000000000,756.35000000000002
2016-02-21 13:00:00,20.390000000000001,45.397500000000001, 1.1300000000000001e+01, 89.000000000000000,756.29999999999995
2016-02-21 13:10:00,20.390000000000001,45.229999999999997, 1.1350000000000000e+01, 88.833333333333300,756.26666666666699
2016-02-21 13:20:00,20.426666666666701,45.200000000000003, 1.1400000000000000e+01, 88.666666666666700,756.23333333333301
2016-02-21 13:30:00,20.500000000000000,45.200000000000003, 1.1449999999999999e+01, 88.500000000000000,756.20000000000005
2016-02-21 13:40:00,20.500000000000000,45.060000000000002, 1.1500000000000000e+01, 88.333333333333300,756.16666666666697
2016-02-21 13:50:00,20.500000000000000,44.933333333333302, 1.1550000000000001e+01, 88.166666666666700,756.13333333333298
2016-02-21 14:00:00,20.533333333333299,44.826666666666704, 1.1600000000000000e+01, 88.000000000000000,756.10000000000002
2016-02-21 14:10:00,20.600000000000001,44.899999999999999, 1.1550000000000001e+01, 88.333333333333300,756.04999999999995
2016-02-21 14:20:00,20.633333333333301,44.899999999999999, 1.1500000000000000e+01, 88.666666666666700,756.00000000000000
2016-02-21 14:30:00,20.699999999999999,44.899999999999999, 1.1449999999999999e+01, 89.000000000000000,755.95000000000005
2016-02-21 14:40:00,20.730000000000000,44.899999999999999, 1.1400000000000000e+01, 89.333333333333300,755.89999999999998
2016-02-21 14:50:00,20.789999999999999,44.826666666666704, 1.1350000000000000e+01, 89.666666666666700,755.85000000000002
2016-02-21 15:00:00,20.823333333333299,44.789999999999999, 1.1300000000000001e+01, 90.000000000000000,755.79999999999995
2016-02-21 15:10:00,20.890000000000001,44.789999999999999, 1.1433333333333300e+01, 89.000000000000000,755.71666666666704
2016-02-21 15:20:00,20.890000000000001,44.759999999999998, 1.1566666666666700e+01, 88.000000000000000,755.63333333333298
2016-02-21 15:30:00,20.890000000000001,44.700000000000003, 1.1699999999999999e+01, 87.000000000000000,755.54999999999995
2016-02-21 15:40:00,20.890000000000001,44.663333333333298, 1.1833333333333300e+01, 86.000000000000000,755.46666666666704
2016-02-21 15:50:00,20.823333333333299,44.530000000000001, 1.1966666666666701e+01, 85.000000000000000,755.38333333333298
2016-02-21 16:00:00,20.789999999999999,44.530000000000001, 1.2100000000000000e+01, 84.000000000000000,755.29999999999995
2016-02-21 16:10:00,20.789999999999999,44.663333333333298, 1.2100000000000000e+01, 84.000000000000000,755.25000000000000
2016-02-21 16:20:00,20.745000000000001,44.789999999999999, 1.2100000000000000e+01, 84.000000000000000,755.20000000000005
2016-02-21 16:30:00,20.699999999999999,44.826666666666704, 1.2100000000000000e+01, 84.000000000000000,755.14999999999998
2016-02-21 16:40:00,20.699999999999999,44.826666666666704, 1.2100000000000000e+01, 84.000000000000000,755.10000000000002
2016-02-21 16:50:00,20.699999999999999,44.789999999999999, 1.2100000000000000e+01, 84.000000000000000,755.04999999999995
2016-02-21 17:00:00,20.699999999999999,44.789999999999999, 1.2100000000000000e+01, 84.000000000000000,755.00000000000000
2016-02-21 17:10:00,20.633333333333301,44.826666666666704, 1.2050000000000001e+01, 84.000000000000000,754.96666666666704
2016-02-21 17:20:00,20.633333333333301,44.899999999999999, 1.2000000000000000e+01, 84.000000000000000,754.93333333333305
2016-02-21 17:30:00,20.600000000000001,45.156666666666702, 1.1949999999999999e+01, 84.000000000000000,754.89999999999998
2016-02-21 17:40:00,20.600000000000001,45.289999999999999, 1.1900000000000000e+01, 84.000000000000000,754.86666666666702
2016-02-21 17:50:00,20.699999999999999,45.500000000000000, 1.1850000000000000e+01, 84.000000000000000,754.83333333333303
2016-02-21 18:00:00,20.699999999999999,45.433333333333302, 1.1800000000000001e+01, 84.000000000000000,754.79999999999995
2016-02-21 18:10:00,20.699999999999999,45.399999999999999, 1.1716666666666701e+01, 84.333333333333300,754.79999999999995
2016-02-21 18:20:00,20.760000000000002,45.326666666666704, 1.1633333333333301e+01, 84.666666666666700,754.79999999999995
2016-02-21 18:30:00,20.789999999999999,45.200000000000003, 1.1550000000000001e+01, 85.000000000000000,754.79999999999995
2016-02-21 18:40:00,20.856666666666701,45.200000000000003, 1.1466666666666701e+01, 85.333333333333300,754.79999999999995
2016-02-21 18:50:00,20.926666666666701,45.526666666666699, 1.1383333333333301e+01, 85.666666666666700,754.79999999999995
2016-02-21 19:00:00,21.000000000000000,46.266666666666701, 1.1300000000000001e+01, 86.000000000000000,754.79999999999995
2016-02-21 19:10:00,21.033333333333299,46.530000000000001, 1.1233333333333301e+01, 86.833333333333300,754.78333333333296
2016-02-21 19:20:00,21.100000000000001,46.530000000000001, 1.1166666666666700e+01, 87.666666666666700,754.76666666666699
2016-02-21 19:30:00,21.149999999999999,46.450000000000003, 1.1100000000000000e+01, 88.500000000000000,754.75000000000000
2016-02-21 19:40:00,21.230000000000000,46.200000000000003, 1.1033333333333299e+01, 89.333333333333300,754.73333333333301
2016-02-21 19:50:00,21.289999999999999,46.066666666666698, 1.0966666666666701e+01, 90.166666666666700,754.71666666666704
2016-02-21 20:00:00,21.390000000000001,45.723333333333301, 1.0900000000000000e+01, 91.000000000000000,754.70000000000005
2016-02-21 20:10:00,21.390000000000001,45.530000000000001, 1.0850000000000000e+01, 91.333333333333300,754.70000000000005
2016-02-21 20:20:00,21.500000000000000,45.466666666666697, 1.0800000000000001e+01, 91.666666666666700,754.70000000000005
2016-02-21 20:30:00,21.500000000000000,45.266666666666701, 1.0750000000000000e+01, 92.000000000000000,754.70000000000005
2016-02-21 20:40:00,21.600000000000001,45.060000000000002, 1.0699999999999999e+01, 92.333333333333300,754.70000000000005
2016-02-21 20:50:00,21.600000000000001,44.933333333333302, 1.0650000000000000e+01, 92.666666666666700,754.70000000000005
2016-02-21 21:00:00,21.600000000000001,44.863333333333301, 1.0600000000000000e+01, 93.000000000000000,754.70000000000005
2016-02-21 21:10:00,21.600000000000001,44.729999999999997, 1.0550000000000001e+01, 93.166666666666700,754.68333333333305
2016-02-21 21:20:00,21.666666666666700,44.723333333333301, 1.0500000000000000e+01, 93.333333333333300,754.66666666666697
2016-02-21 21:30:00,21.600000000000001,44.590000000000003, 1.0449999999999999e+01, 93.500000000000000,754.64999999999998
2016-02-21 21:40:00,21.600000000000001,44.500000000000000, 1.0400000000000000e+01, 93.666666666666700,754.63333333333298
2016-02-21 21:50:00,21.533333333333299,44.560000000000002, 1.0350000000000000e+01, 93.833333333333300,754.61666666666702
2016-02-21 22:00:00,21.500000000000000,44.590000000000003, 1.0300000000000001e+01, 94.000000000000000,754.60000000000002
2016-02-21 22:10:00,21.426666666666701,44.530000000000001, 1.0383333333333301e+01, 92.500000000000000,754.54999999999995
2016-02-21 22:20:00,21.390000000000001,44.500000000000000, 1.0466666666666701e+01, 91.000000000000000,754.50000000000000
2016-02-21 22:30:00,21.323333333333299,44.500000000000000, 1.0550000000000001e+01, 89.500000000000000,754.45000000000005
2016-02-21 22:40:00,21.260000000000002,44.500000000000000, 1.0633333333333301e+01, 88.000000000000000,754.39999999999998
2016-02-21 22:50:00,21.199999999999999,44.500000000000000, 1.0716666666666701e+01, 86.500000000000000,754.35000000000002
2016-02-21 23:00:00,21.133333333333301,44.500000000000000, 1.0800000000000001e+01, 85.000000000000000,754.29999999999995
2016-02-21 23:10:00,21.066666666666698,44.560000000000002, 1.0733333333333301e+01, 84.666666666666700,754.21666666666704
2016-02-21 23:20:00,21.000000000000000,44.560000000000002, 1.0666666666666700e+01, 84.333333333333300,754.13333333333298
2016-02-21 23:30:00,21.000000000000000,44.560000000000002, 1.0600000000000000e+01, 84.000000000000000,754.04999999999995
2016-02-21 23:40:00,20.926666666666701,44.500000000000000, 1.0533333333333299e+01, 83.666666666666700,753.96666666666704
2016-02-21 23:50:00,20.890000000000001,44.500000000000000, 1.0466666666666701e+01, 83.333333333333300,753.88333333333298
2016-02-22 00:00:00,20.823333333333299,44.359999999999999, 1.0400000000000000e+01, 83.000000000000000,753.79999999999995
2016-02-22 00:10:00,20.789999999999999,44.326666666666704, 1.0300000000000001e+01, 83.500000000000000,753.70000000000005
2016-02-22 00:20:00,20.789999999999999,44.399999999999999, 1.0199999999999999e+01, 84.000000000000000,753.60000000000002
2016-02-22 00:30:00,20.699999999999999,44.326666666666704, 1.0100000000000000e+01, 84.500000000000000,753.50000000000000
2016-02-22 00:40:00,20.699999999999999,44.399999999999999, 1.0000000000000000e+01, 85.000000000000000,753.39999999999998
2016-02-22 00:50:00,20.666666666666700,44.363333333333301, 9.9000000000000004e+00, 85.500000000000000,753.29999999999995
2016-02-22 01:00:00,20.600000000000001,44.289999999999999, 9.8000000000000007e+00, 86.000000000000000,753.20000000000005
2016-02-22 01:10:00,20.600000000000001,44.289999999999999, 9.8000000000000007e+00, 86.000000000000000,753.13333333333298
2016-02-22 01:20:00,20.600000000000001,44.289999999999999, 9.8000000000000007e+00, 86.000000000000000,753.06666666666695
2016-02-22 01:30:00,20.500000000000000,44.399999999999999, 9.8000000000000007e+00, 86.000000000000000,753.00000000000000
2016-02-22 01:40:00,20.500000000000000,44.399999999999999, 9.8000000000000007e+00, 86.000000000000000,752.93333333333305
2016-02-22 01:50:00,20.390000000000001,44.399999999999999, 9.8000000000000007e+00, 86.000000000000000,752.86666666666702
2016-02-22 02:00:00,20.390000000000001,44.399999999999999, 9.8000000000000007e+00, 86.000000000000000,752.79999999999995
2016-02-22 02:10:00,20.390000000000001,44.399999999999999, 9.8499999999999996e+00, 85.333333333333300,752.79999999999995
2016-02-22 02:20:00,20.289999999999999,44.466666666666697, 9.9000000000000004e+00, 84.666666666666700,752.79999999999995
2016-02-22 02:30:00,20.289999999999999,44.466666666666697, 9.9499999999999993e+00, 84.000000000000000,752.79999999999995
2016-02-22 02:40:00,20.289999999999999,44.500000000000000, 1.0000000000000000e+01, 83.333333333333300,752.79999999999995
2016-02-22 02:50:00,20.289999999999999,44.500000000000000, 1.0050000000000001e+01, 82.666666666666700,752.79999999999995
2016-02-22 03:00:00,20.289999999999999,44.530000000000001, 1.0100000000000000e+01, 82.000000000000000,752.79999999999995
2016-02-22 03:10:00,20.230000000000000,44.530000000000001, 1.0083333333333300e+01, 82.000000000000000,752.78333333333296
2016-02-22 03:20:00,20.199999999999999,44.500000000000000, 1.0066666666666700e+01, 82.000000000000000,752.76666666666699
2016-02-22 03:30:00,20.199999999999999,44.560000000000002, 1.0050000000000001e+01, 82.000000000000000,752.75000000000000
2016-02-22 03:40:00,20.100000000000001,44.626666666666701, 1.0033333333333299e+01, 82.000000000000000,752.73333333333301
2016-02-22 03:50:00,20.100000000000001,44.626666666666701, 1.0016666666666699e+01, 82.000000000000000,752.71666666666704
2016-02-22 04:00:00,20.100000000000001,44.700000000000003, 1.0000000000000000e+01, 82.000000000000000,752.70000000000005
2016-02-22 04:10:00,20.033333333333299,44.626666666666701, 1.0016666666666699e+01, 82.000000000000000,752.66666666666697
2016-02-22 04:20:00,20.000000000000000,44.590000000000003, 1.0033333333333299e+01, 82.000000000000000,752.63333333333298
2016-02-22 04:30:00,20.000000000000000,44.590000000000003, 1.0050000000000001e+01, 82.000000000000000,752.60000000000002
2016-02-22 04:40:00,20.000000000000000,44.590000000000003, 1.0066666666666700e+01, 82.000000000000000,752.56666666666695
2016-02-22 04:50:00,20.000000000000000,44.590000000000003, 1.0083333333333300e+01, 82.000000000000000,752.53333333333296
2016-02-22 05:00:00,19.963333333333299,44.590000000000003, 1.0100000000000000e+01, 82.000000000000000,752.50000000000000
2016-02-22 05:10:00,19.890000000000001,44.590000000000003, 1.0066666666666700e+01, 82.000000000000000,752.50000000000000
2016-02-22 05:20:00,19.890000000000001,44.590000000000003, 1.0033333333333299e+01, 82.000000000000000,752.50000000000000
2016-02-22 05:30:00,19.890000000000001,44.626666666666701, 1.0000000000000000e+01, 82.000000000000000,752.50000000000000
2016-02-22 05:40:00,19.890000000000001,44.626666666666701, 9.9666666666666703e+00, 82.000000000000000,752.50000000000000
2016-02-22 05:50:00,19.856666666666701,44.663333333333298, 9.9333333333333300e+00, 82.000000000000000,752.50000000000000
2016-02-22 06:00:00,19.789999999999999,44.590000000000003, 9.9000000000000004e+00, 82.000000000000000,752.50000000000000
2016-02-22 06:10:00,19.789999999999999,44.590000000000003, 9.9166666666666696e+00, 82.000000000000000,752.43333333333305
2016-02-22 06:20:00,19.789999999999999,44.590000000000003, 9.9333333333333300e+00, 82.000000000000000,752.36666666666702
2016-02-22 06:30:00,19.789999999999999,44.590000000000003, 9.9499999999999993e+00, 82.000000000000000,752.29999999999995
2016-02-22 06:40:00,19.789999999999999,44.590000000000003, 9.9666666666666703e+00, 82.000000000000000,752.23333333333301
2016-02-22 06:50:00,19.789999999999999,44.626666666666701, 9.9833333333333307e+00, 82.000000000000000,752.16666666666697
2016-02-22 07:00:00,19.789999999999999,44.626666666666701, 1.0000000000000000e+01, 82.000000000000000,752.10000000000002
2016-02-22 07:10:00,19.699999999999999,44.693333333333300, 9.8666666666666707e+00, 83.500000000000000,752.04999999999995
2016-02-22 07:20:00,19.699999999999999,44.966666666666697, 9.7333333333333307e+00, 85.000000000000000,752.00000000000000
2016-02-22 07:30:00,19.699999999999999,45.066666666666698, 9.5999999999999996e+00, 86.500000000000000,751.95000000000005
2016-02-22 07:40:00,19.699999999999999,45.259999999999998, 9.4666666666666703e+00, 88.000000000000000,751.89999999999998
2016-02-22 07:50:00,19.699999999999999,45.200000000000003, 9.3333333333333304e+00, 89.500000000000000,751.85000000000002
2016-02-22 08:00:00,19.699999999999999,45.126666666666701, 9.1999999999999993e+00, 91.000000000000000,751.79999999999995
2016-02-22 08:10:00,19.699999999999999,45.126666666666701, 9.1333333333333293e+00, 91.166666666666700,751.79999999999995
2016-02-22 08:20:00,19.699999999999999,45.126666666666701, 9.0666666666666700e+00, 91.333333333333300,751.79999999999995
2016-02-22 08:30:00,19.699999999999999,45.000000000000000, 9.0000000000000000e+00, 91.500000000000000,751.79999999999995
2016-02-22 08:40:00,19.699999999999999,44.863333333333301, 8.9333333333333300e+00, 91.666666666666700,751.79999999999995
2016-02-22 08:50:00,19.699999999999999,44.789999999999999, 8.8666666666666707e+00, 91.833333333333300,751.79999999999995
2016-02-22 09:00:00,19.699999999999999,44.759999999999998, 8.8000000000000007e+00, 92.000000000000000,751.79999999999995
2016-02-22 09:10:00,19.699999999999999,44.759999999999998, 8.8333333333333304e+00, 92.500000000000000,751.78333333333296
2016-02-22 09:20:00,19.699999999999999,44.826666666666704, 8.8666666666666707e+00, 93.000000000000000,751.76666666666699
2016-02-22 09:30:00,19.699999999999999,44.966666666666697, 8.9000000000000004e+00, 93.500000000000000,751.75000000000000
2016-02-22 09:40:00,19.600000000000001,45.000000000000000, 8.9333333333333300e+00, 94.000000000000000,751.73333333333301
2016-02-22 09:50:00,19.600000000000001,45.060000000000002, 8.9666666666666703e+00, 94.500000000000000,751.71666666666704
2016-02-22 10:00:00,19.600000000000001,45.090000000000003, 9.0000000000000000e+00, 95.000000000000000,751.70000000000005
2016-02-22 10:10:00,19.600000000000001,45.030000000000001, 9.0833333333333304e+00, 94.666666666666700,751.71666666666704
2016-02-22 10:20:00,19.600000000000001,45.030000000000001, 9.1666666666666696e+00, 94.333333333333300,751.73333333333301
2016-02-22 10:30:00,19.666666666666700,45.163333333333298, 9.2500000000000000e+00, 94.000000000000000,751.75000000000000
2016-02-22 10:40:00,19.633333333333301,45.126666666666701, 9.3333333333333304e+00, 93.666666666666700,751.76666666666699
2016-02-22 10:50:00,19.699999999999999,45.200000000000003, 9.4166666666666696e+00, 93.333333333333300,751.78333333333296
2016-02-22 11:00:00,19.699999999999999,45.200000000000003, 9.5000000000000000e+00, 93.000000000000000,751.79999999999995
2016-02-22 11:10:00,19.699999999999999,45.200000000000003, 9.5999999999999996e+00, 92.333333333333300,751.78333333333296
2016-02-22 11:20:00,19.699999999999999,45.163333333333298, 9.6999999999999993e+00, 91.666666666666700,751.76666666666699
2016-02-22 11:30:00,19.760000000000002,45.090000000000003, 9.8000000000000007e+00, 91.000000000000000,751.75000000000000
2016-02-22 11:40:00,19.745000000000001,45.299999999999997, 9.9000000000000004e+00, 90.333333333333300,751.73333333333301
2016-02-22 11:50:00,19.789999999999999,45.626666666666701, 1.0000000000000000e+01, 89.666666666666700,751.71666666666704
2016-02-22 12:00:00,19.789999999999999,45.700000000000003, 1.0100000000000000e+01, 89.000000000000000,751.70000000000005
2016-02-22 12:10:00,19.789999999999999,45.933333333333302, 1.0183333333333300e+01, 89.000000000000000,751.68333333333305
2016-02-22 12:20:00,19.789999999999999,46.060000000000002, 1.0266666666666699e+01, 89.000000000000000,751.66666666666697
2016-02-22 12:30:00,19.789999999999999,47.066666666666698, 1.0350000000000000e+01, 89.000000000000000,751.64999999999998
2016-02-22 12:40:00,19.789999999999999,47.466666666666697, 1.0433333333333300e+01, 89.000000000000000,751.63333333333298
2016-02-22 12:50:00,19.789999999999999,47.363333333333301, 1.0516666666666699e+01, 89.000000000000000,751.61666666666702
2016-02-22 13:00:00,19.789999999999999,47.156666666666702, 1.0600000000000000e+01, 89.000000000000000,751.60000000000002
2016-02-22 13:10:00,19.890000000000001,47.026666666666699, 1.0566666666666700e+01, 90.000000000000000,751.50000000000000
2016-02-22 13:20:00,19.890000000000001,46.826666666666704, 1.0533333333333299e+01, 91.000000000000000,751.39999999999998
2016-02-22 13:30:00,19.890000000000001,46.700000000000003, 1.0500000000000000e+01, 92.000000000000000,751.29999999999995
2016-02-22 13:40:00,19.890000000000001,46.899999999999999, 1.0466666666666701e+01, 93.000000000000000,751.20000000000005
2016-02-22 13:50:00,19.890000000000001,47.060000000000002, 1.0433333333333300e+01, 94.000000000000000,751.10000000000002
2016-02-22 14:00:00,19.890000000000001,47.000000000000000, 1.0400000000000000e+01, 95.000000000000000,751.00000000000000
2016-02-22 14:10:00,19.890000000000001,46.966666666666697, 1.0333333333333300e+01, 95.333333333333300,750.96666666666704
2016-02-22 14:20:00,19.890000000000001,46.826666666666704, 1.0266666666666699e+01, 95.666666666666700,750.93333333333305
2016-02-22 14:30:00,19.890000000000001,46.759999999999998, 1.0199999999999999e+01, 96.000000000000000,750.89999999999998
2016-02-22 14:40:00,19.890000000000001,46.700000000000003, 1.0133333333333301e+01, 96.333333333333300,750.86666666666702
2016-02-22 14:50:00,19.890000000000001,46.590000000000003, 1.0066666666666700e+01, 96.666666666666700,750.83333333333303
2016-02-22 15:00:00,19.890000000000001,46.500000000000000, 1.0000000000000000e+01, 97.000000000000000,750.79999999999995
2016-02-22 15:10:00,19.890000000000001,46.560000000000002, 9.5833333333333304e+00, 97.166666666666700,750.81666666666695
2016-02-22 15:20:00,19.890000000000001,46.590000000000003, 9.1666666666666696e+00, 97.333333333333300,750.83333333333303
2016-02-22 15:30:00,19.823333333333299,46.590000000000003, 8.7500000000000000e+00, 97.500000000000000,750.85000000000002
2016-02-22 15:40:00,19.823333333333299,46.626666666666701, 8.3333333333333304e+00, 97.666666666666700,750.86666666666702
2016-02-22 15:50:00,19.890000000000001,46.700000000000003, 7.9166666666666696e+00, 97.833333333333300,750.88333333333298
2016-02-22 16:00:00,19.890000000000001,46.663333333333298, 7.5000000000000000e+00, 98.000000000000000,750.89999999999998
2016-02-22 16:10:00,19.890000000000001,46.663333333333298, 7.2666666666666702e+00, 97.833333333333300,750.98333333333301
2016-02-22 16:20:00,19.789999999999999,46.560000000000002, 7.0333333333333297e+00, 97.666666666666700,751.06666666666695
2016-02-22 16:30:00,19.789999999999999,46.433333333333302, 6.7999999999999998e+00, 97.500000000000000,751.14999999999998
2016-02-22 16:40:00,19.789999999999999,46.259999999999998, 6.5666666666666700e+00, 97.333333333333300,751.23333333333301
2016-02-22 16:50:00,19.730000000000000,46.126666666666701, 6.3333333333333304e+00, 97.166666666666700,751.31666666666695
2016-02-22 17:00:00,19.699999999999999,45.966666666666697, 6.0999999999999996e+00, 97.000000000000000,751.39999999999998
2016-02-22 17:10:00,19.699999999999999,45.826666666666704, 6.0166666666666702e+00, 97.333333333333300,751.48333333333301
2016-02-22 17:20:00,19.699999999999999,45.663333333333298, 5.9333333333333300e+00, 97.666666666666700,751.56666666666695
2016-02-22 17:30:00,19.633333333333301,45.530000000000001, 5.8499999999999996e+00, 98.000000000000000,751.64999999999998
2016-02-22 17:40:00,19.600000000000001,45.500000000000000, 5.7666666666666702e+00, 98.333333333333300,751.73333333333301
2016-02-22 17:50:00,19.600000000000001,45.359999999999999, 5.6833333333333300e+00, 98.666666666666700,751.81666666666695
2016-02-22 18:00:00,19.500000000000000,45.259999999999998, 5.5999999999999996e+00, 99.000000000000000,751.89999999999998
2016-02-22 18:10:00,19.500000000000000,45.295000000000002, 5.5833333333333304e+00, 98.833333333333300,752.03333333333296
2016-02-22 18:20:00,19.566666666666698,45.466666666666697, 5.5666666666666700e+00, 98.666666666666700,752.16666666666697
2016-02-22 18:30:00,19.633333333333301,45.500000000000000, 5.5499999999999998e+00, 98.500000000000000,752.29999999999995
2016-02-22 18:40:00,19.699999999999999,45.433333333333302, 5.5333333333333297e+00, 98.333333333333300,752.43333333333305
2016-02-22 18:50:00,19.730000000000000,45.363333333333301, 5.5166666666666702e+00, 98.166666666666700,752.56666666666695
2016-02-22 19:00:00,19.856666666666701,45.289999999999999, 5.5000000000000000e+00, 98.000000000000000,752.70000000000005
2016-02-22 19:10:00,19.926666666666701,45.729999999999997, 5.5000000000000000e+00, 97.500000000000000,752.71666666666704
2016-02-22 19:20:00,20.066666666666698,45.863333333333301, 5.5000000000000000e+00, 97.000000000000000,752.73333333333301
2016-02-22 19:30:00,20.199999999999999,45.633333333333297, 5.5000000000000000e+00, 96.500000000000000,752.75000000000000
2016-02-22 19:40:00,20.199999999999999,45.299999999999997, 5.5000000000000000e+00, 96.000000000000000,752.76666666666699
2016-02-22 19:50:00,20.199999999999999,44.966666666666697, 5.5000000000000000e+00, 95.500000000000000,752.78333333333296
2016-02-22 20:00:00,20.199999999999999,44.766666666666701, 5.5000000000000000e+00, 95.000000000000000,752.79999999999995
2016-02-22 20:10:00,20.199999999999999,44.729999999999997, 5.4666666666666703e+00, 95.333333333333300,752.86666666666702
2016-02-22 20:20:00,20.260000000000002,44.863333333333301, 5.4333333333333300e+00, 95.666666666666700,752.93333333333305
2016-02-22 20:30:00,20.230000000000000,44.729999999999997, 5.4000000000000004e+00, 96.000000000000000,753.00000000000000
2016-02-22 20:40:00,20.289999999999999,44.789999999999999, 5.3666666666666698e+00, 96.333333333333300,753.06666666666695
2016-02-22 20:50:00,20.323333333333299,44.590000000000003, 5.3333333333333304e+00, 96.666666666666700,753.13333333333298
2016-02-22 21:00:00,20.390000000000001,44.530000000000001, 5.2999999999999998e+00, 97.000000000000000,753.20000000000005
2016-02-22 21:10:00,20.390000000000001,44.363333333333301, 5.2666666666666702e+00, 97.000000000000000,753.25000000000000
2016-02-22 21:20:00,20.472500000000000,44.267499999999998, 5.2333333333333298e+00, 97.000000000000000,753.29999999999995
2016-02-22 21:30:00,20.566666666666698,44.200000000000003, 5.2000000000000002e+00, 97.000000000000000,753.35000000000002
2016-02-22 21:40:00,20.600000000000001,44.060000000000002, 5.1666666666666696e+00, 97.000000000000000,753.39999999999998
2016-02-22 21:50:00,20.600000000000001,43.933333333333302, 5.1333333333333302e+00, 97.000000000000000,753.45000000000005
2016-02-22 22:00:00,20.600000000000001,43.863333333333301, 5.0999999999999996e+00, 97.000000000000000,753.50000000000000
2016-02-22 22:10:00,20.600000000000001,43.729999999999997, 5.0999999999999996e+00, 97.000000000000000,753.51666666666699
2016-02-22 22:20:00,20.600000000000001,43.700000000000003, 5.0999999999999996e+00, 97.000000000000000,753.53333333333296
2016-02-22 22:30:00,20.533333333333299,43.700000000000003, 5.0999999999999996e+00, 97.000000000000000,753.54999999999995
2016-02-22 22:40:00,20.566666666666698,43.826666666666704, 5.0999999999999996e+00, 97.000000000000000,753.56666666666695
2016-02-22 22:50:00,20.500000000000000,43.899999999999999, 5.0999999999999996e+00, 97.000000000000000,753.58333333333303
2016-02-22 23:00:00,20.463333333333299,43.966666666666697, 5.0999999999999996e+00, 97.000000000000000,753.60000000000002
2016-02-22 23:10:00,20.390000000000001,43.966666666666697, 4.9833333333333298e+00, 96.333333333333300,753.64999999999998
2016-02-22 23:20:00,20.390000000000001,44.090000000000003, 4.8666666666666698e+00, 95.666666666666700,753.70000000000005
2016-02-22 23:30:00,20.323333333333299,44.090000000000003, 4.7500000000000000e+00, 95.000000000000000,753.75000000000000
2016-02-22 23:40:00,20.289999999999999,44.229999999999997, 4.6333333333333302e+00, 94.333333333333300,753.79999999999995
2016-02-22 23:50:00,20.289999999999999,44.289999999999999, 4.5166666666666702e+00, 93.666666666666700,753.85000000000002
2016-02-23 00:00:00,20.166666666666700,44.200000000000003, 4.4000000000000004e+00, 93.000000000000000,753.89999999999998
