genus_care_001202c172e9f180,system,Haworthiopsis,Asphodelaceae,阿福花科,Asphodelaceae,null,null,Succulent,"{""way"": ""完全干透再浇"", ""freq"": [14, 30], ""unit"": ""天"", ""verb"": ""浇"", ""basis"": ""盆栽基线；以基质干湿而非固定天数为准""}","{""freq"": [45, 60], ""type"": ""低氮多肉薄肥"", ""unit"": ""天"", ""other"": ""生长期为主；休眠/低温/弱光期减量或暂停""}","{""way"": ""明亮散射光/晨间直射，避免盛夏暴晒"", ""freq"": [3, 6], ""unit"": ""小时/天"", ""other"": ""以实际光照强度与直射时段校正，避免机械按距离判断""}","{""level"": ""high"", ""other"": ""保持柔和空气流动；避免闷湿、强风直吹或长期封闭"", ""sensitivity"": ""medium""}",10.00,30.00,20.00,50.00,low,audited_authority_corrected,Authority audit 2026-05-20: representative species/genus sources plus extension/RHS/ASPCA category guidance.,【属级养护基线 v2】已按权威资料修正为属级通用基线；具体品种、斑叶型、地栽/盆栽/室内外差异继续由 care_overrides 或问诊路径处理。十二卷类不是“全日光暴晒”基线；更适合明亮散射、晨光和强排水。,L1_or_L2_authority_audited,rowwise_authority_audit_v2,genus_care_profiles_light_uv_minmax_v5.sql,v5_light_uv_minmax_2026_05_20,1,2026-03-22 00:17:20,2026-05-20 00:00:00,null,null,0.00,4.00
genus_care_026e7432408d56ad,system,Monstera,Araceae,天南星科,Araceae,null,null,Foliage,"{""way"": ""表层2–3cm微干后浇透"", ""freq"": [5, 10], ""unit"": ""天"", ""verb"": ""浇"", ""basis"": ""盆栽基线；以基质干湿而非固定天数为准""}","{""freq"": [30, 45], ""type"": ""1/2浓度均衡肥"", ""unit"": ""天"", ""other"": ""生长期为主；休眠/低温/弱光期减量或暂停""}","{""way"": ""明亮散射光/半阴"", ""freq"": [3, 6], ""unit"": ""小时/天"", ""other"": ""以实际光照强度与直射时段校正，避免机械按距离判断""}","{""level"": ""medium"", ""other"": ""保持柔和空气流动；避免闷湿、强风直吹或长期封闭"", ""sensitivity"": ""medium""}",18.00,30.00,50.00,80.00,medium,audited_authority_corrected,Authority audit 2026-05-20: representative species/genus sources plus extension/RHS/ASPCA category guidance.,【属级养护基线 v2】已按权威资料修正为属级通用基线；具体品种、斑叶型、地栽/盆栽/室内外差异继续由 care_overrides 或问诊路径处理。热带观叶基线：明亮散射光、稳定温暖、避免积水。,L1_or_L2_authority_audited,rowwise_authority_audit_v2,genus_care_profiles_light_uv_minmax_v5.sql,v5_light_uv_minmax_2026_05_20,1,2026-03-22 00:13:11,2026-05-20 00:00:00,null,null,0.00,3.00
genus_care_02be62ba0c83f8c6,system,Lactuca,Asteraceae,菊科,Asteraceae,null,null,Vegetable,"{""way"": ""保持均匀湿润，表土微干即浇"", ""freq"": [2, 4], ""unit"": ""天"", ""verb"": ""浇"", ""basis"": ""盆栽基线；以基质干湿而非固定天数为准""}","{""freq"": [14, 21], ""type"": ""蔬菜均衡肥/堆肥补充"", ""unit"": ""天"", ""other"": ""生长期为主；休眠/低温/弱光期减量或暂停""}","{""way"": ""全日照到半日照，炎热季可午后遮阴"", ""freq"": [4, 8], ""unit"": ""小时/天"", ""other"": ""以实际光照强度与直射时段校正，避免机械按距离判断""}","{""level"": ""outdoor_medium"", ""other"": ""保持柔和空气流动；避免闷湿、强风直吹或长期封闭"", ""sensitivity"": ""low""}",10.00,24.00,40.00,80.00,low,audited_authority_corrected,Authority audit 2026-05-20: representative species/genus sources plus extension/RHS/ASPCA category guidance.,【属级养护基线 v2】已按权威资料修正为属级通用基线；具体品种、斑叶型、地栽/盆栽/室内外差异继续由 care_overrides 或问诊路径处理。冷凉季叶菜/根菜基线：充足光照、凉爽、均匀水分。,L1_or_L2_authority_audited,rowwise_authority_audit_v2,genus_care_profiles_light_uv_minmax_v5.sql,v5_light_uv_minmax_2026_05_20,1,2026-03-22 00:17:20,2026-05-20 00:00:00,null,null,2.00,6.00
genus_care_0380e9c43dadd3d4,system,Philodendron,Araceae,天南星科,Araceae,null,null,Foliage,"{""way"": ""表层2–3cm微干后浇透"", ""freq"": [5, 10], ""unit"": ""天"", ""verb"": ""浇"", ""basis"": ""盆栽基线；以基质干湿而非固定天数为准""}","{""freq"": [30, 45], ""type"": ""1/2浓度均衡肥"", ""unit"": ""天"", ""other"": ""生长期为主；休眠/低温/弱光期减量或暂停""}","{""way"": ""明亮散射光/半阴"", ""freq"": [3, 6], ""unit"": ""小时/天"", ""other"": ""以实际光照强度与直射时段校正，避免机械按距离判断""}","{""level"": ""medium"", ""other"": ""保持柔和空气流动；避免闷湿、强风直吹或长期封闭"", ""sensitivity"": ""medium""}",18.00,30.00,50.00,80.00,medium,audited_authority_corrected,Authority audit 2026-05-20: representative species/genus sources plus extension/RHS/ASPCA category guidance.,【属级养护基线 v2】已按权威资料修正为属级通用基线；具体品种、斑叶型、地栽/盆栽/室内外差异继续由 care_overrides 或问诊路径处理。热带观叶基线：明亮散射光、稳定温暖、避免积水。,L1_or_L2_authority_audited,rowwise_authority_audit_v2,genus_care_profiles_light_uv_minmax_v5.sql,v5_light_uv_minmax_2026_05_20,1,2026-03-22 00:13:11,2026-05-20 00:00:00,null,null,0.00,3.00
genus_care_03f3a539c13a8fc0,system,Plumbago,Plumbaginaceae,蓝雪科,Plumbaginaceae,null,null,Flowering,"{""way"": ""表层土微干后浇透，生长期需水较多"", ""freq"": [3, 6], ""unit"": ""天"", ""verb"": ""浇"", ""basis"": ""盆栽基线；以基质干湿而非固定天数为准""}","{""freq"": [14, 30], ""type"": ""开花植物肥/均衡肥"", ""unit"": ""天"", ""other"": ""生长期为主；休眠/低温/弱光期减量或暂停""}","{""way"": ""全日照/强光"", ""freq"": [6, 8], ""unit"": ""小时/天"", ""other"": ""以实际光照强度与直射时段校正，避免机械按距离判断""}","{""level"": ""outdoor_medium"", ""other"": ""保持柔和空气流动；避免闷湿、强风直吹或长期封闭"", ""sensitivity"": ""low""}",18.00,35.00,40.00,80.00,medium,audited_authority_corrected,Authority audit 2026-05-20: representative species/genus sources plus extension/RHS/ASPCA category guidance.,【属级养护基线 v2】已按权威资料修正为属级通用基线；具体品种、斑叶型、地栽/盆栽/室内外差异继续由 care_overrides 或问诊路径处理。热带开花木本/藤本基线：强光、温暖、排水良好。,L1_or_L2_authority_audited,rowwise_authority_audit_v2,genus_care_profiles_light_uv_minmax_v5.sql,v5_light_uv_minmax_2026_05_20,1,2026-03-22 00:13:11,2026-05-20 00:00:00,null,null,3.00,8.00
genus_care_078a8337a6c8babb,system,Pyrostegia,Bignoniaceae,紫葳科,Bignoniaceae,null,null,Flowering,"{""way"": ""表层土微干后浇透"", ""freq"": [3, 7], ""unit"": ""天"", ""verb"": ""浇"", ""basis"": ""盆栽基线；以基质干湿而非固定天数为准""}","{""freq"": [14, 30], ""type"": ""开花植物均衡肥"", ""unit"": ""天"", ""other"": ""生长期为主；休眠/低温/弱光期减量或暂停""}","{""way"": ""全日照"", ""freq"": [6, 8], ""unit"": ""小时/天"", ""other"": ""以实际光照强度与直射时段校正，避免机械按距离判断""}","{""level"": ""outdoor_medium"", ""other"": ""保持柔和空气流动；避免闷湿、强风直吹或长期封闭"", ""sensitivity"": ""low""}",10.00,30.00,40.00,75.00,low,audited_authority_corrected,Authority audit 2026-05-20: representative species/genus sources plus extension/RHS/ASPCA category guidance.,【属级养护基线 v2】已按权威资料修正为属级通用基线；具体品种、斑叶型、地栽/盆栽/室内外差异继续由 care_overrides 或问诊路径处理。露地开花植物基线：多为全日照和排水良好，盆栽需稳定水分。,L1_or_L2_authority_audited,rowwise_authority_audit_v2,genus_care_profiles_light_uv_minmax_v5.sql,v5_light_uv_minmax_2026_05_20,1,2026-03-22 00:13:11,2026-05-20 00:00:00,null,null,3.00,8.00
genus_care_07be498a48996778,system,Asplenium,Aspleniaceae,铁角蕨科,Aspleniaceae,null,null,Foliage,"{""way"": ""保持微湿，忌积水"", ""freq"": [3, 6], ""unit"": ""天"", ""verb"": ""浇"", ""basis"": ""盆栽基线；以基质干湿而非固定天数为准""}","{""freq"": [30, 45], ""type"": ""1/4–1/2浓度薄肥"", ""unit"": ""天"", ""other"": ""生长期为主；休眠/低温/弱光期减量或暂停""}","{""way"": ""明亮散射光/半阴"", ""freq"": [2, 5], ""unit"": ""小时/天"", ""other"": ""以实际光照强度与直射时段校正，避免机械按距离判断""}","{""level"": ""medium"", ""other"": ""保持柔和空气流动；避免闷湿、强风直吹或长期封闭"", ""sensitivity"": ""high""}",16.00,28.00,60.00,85.00,low,audited_authority_corrected,Authority audit 2026-05-20: representative species/genus sources plus extension/RHS/ASPCA category guidance.,【属级养护基线 v2】已按权威资料修正为属级通用基线；具体品种、斑叶型、地栽/盆栽/室内外差异继续由 care_overrides 或问诊路径处理。蕨类/卷柏基线：喜湿润空气和散射光，忌干冷与暴晒。,L1_or_L2_authority_audited,rowwise_authority_audit_v2,genus_care_profiles_light_uv_minmax_v5.sql,v5_light_uv_minmax_2026_05_20,1,2026-03-21 23:59:15,2026-05-20 00:00:00,null,null,0.00,3.00
genus_care_07e6eafdaeb6002a,system,Dypsis,Arecaceae,棕榈科,Arecaceae,null,null,Foliage,"{""way"": ""表层2–3cm微干后浇透"", ""freq"": [5, 10], ""unit"": ""天"", ""verb"": ""浇"", ""basis"": ""盆栽基线；以基质干湿而非固定天数为准""}","{""freq"": [30, 45], ""type"": ""1/2浓度均衡肥"", ""unit"": ""天"", ""other"": ""生长期为主；休眠/低温/弱光期减量或暂停""}","{""way"": ""明亮散射光/半阴"", ""freq"": [3, 6], ""unit"": ""小时/天"", ""other"": ""以实际光照强度与直射时段校正，避免机械按距离判断""}","{""level"": ""medium"", ""other"": ""保持柔和空气流动；避免闷湿、强风直吹或长期封闭"", ""sensitivity"": ""medium""}",18.00,30.00,50.00,80.00,low,audited_authority_corrected,Authority audit 2026-05-20: representative species/genus sources plus extension/RHS/ASPCA category guidance.,【属级养护基线 v2】已按权威资料修正为属级通用基线；具体品种、斑叶型、地栽/盆栽/室内外差异继续由 care_overrides 或问诊路径处理。热带观叶基线：明亮散射光、稳定温暖、避免积水。,L1_or_L2_authority_audited,rowwise_authority_audit_v2,genus_care_profiles_light_uv_minmax_v5.sql,v5_light_uv_minmax_2026_05_20,1,2026-03-22 00:04:53,2026-05-20 00:00:00,null,null,0.00,3.00
genus_care_0b0e34661d3c2c51,system,Alocasia,Araceae,天南星科,Araceae,null,null,Foliage,"{""way"": ""表层2–3cm微干后浇透"", ""freq"": [5, 10], ""unit"": ""天"", ""verb"": ""浇"", ""basis"": ""盆栽基线；以基质干湿而非固定天数为准""}","{""freq"": [30, 45], ""type"": ""1/2浓度均衡肥"", ""unit"": ""天"", ""other"": ""生长期为主；休眠/低温/弱光期减量或暂停""}","{""way"": ""明亮散射光/半阴"", ""freq"": [3, 6], ""unit"": ""小时/天"", ""other"": ""以实际光照强度与直射时段校正，避免机械按距离判断""}","{""level"": ""medium"", ""other"": ""保持柔和空气流动；避免闷湿、强风直吹或长期封闭"", ""sensitivity"": ""medium""}",18.00,30.00,50.00,80.00,high,audited_authority_corrected,Authority audit 2026-05-20: representative species/genus sources plus extension/RHS/ASPCA category guidance.,【属级养护基线 v2】已按权威资料修正为属级通用基线；具体品种、斑叶型、地栽/盆栽/室内外差异继续由 care_overrides 或问诊路径处理。热带观叶基线：明亮散射光、稳定温暖、避免积水。,L1_or_L2_authority_audited,rowwise_authority_audit_v2,genus_care_profiles_light_uv_minmax_v5.sql,v5_light_uv_minmax_2026_05_20,1,2026-03-21 23:59:15,2026-05-20 00:00:00,null,null,0.00,3.00
genus_care_0f197f02f2b746ad,system,Gymnocalycium,Cactaceae,仙人掌科,Cactaceae,null,null,Succulent,"{""way"": ""完全干透再浇；低温休眠期大幅控水"", ""freq"": [20, 35], ""unit"": ""天"", ""verb"": ""浇"", ""basis"": ""盆栽基线；以基质干湿而非固定天数为准""}","{""freq"": [45, 75], ""type"": ""低氮仙人掌薄肥"", ""unit"": ""天"", ""other"": ""生长期为主；休眠/低温/弱光期减量或暂停""}","{""way"": ""全日照/强光"", ""freq"": [6, 8], ""unit"": ""小时/天"", ""other"": ""以实际光照强度与直射时段校正，避免机械按距离判断""}","{""level"": ""high"", ""other"": ""保持柔和空气流动；避免闷湿、强风直吹或长期封闭"", ""sensitivity"": ""high""}",10.00,35.00,20.00,50.00,low,audited_authority_corrected,Authority audit 2026-05-20: representative species/genus sources plus extension/RHS/ASPCA category guidance.,【属级养护基线 v2】已按权威资料修正为属级通用基线；具体品种、斑叶型、地栽/盆栽/室内外差异继续由 care_overrides 或问诊路径处理。旱生仙人掌基线：强光、低湿、强排水，冬季控水。,L1_or_L2_authority_audited,rowwise_authority_audit_v2,genus_care_profiles_light_uv_minmax_v5.sql,v5_light_uv_minmax_2026_05_20,1,2026-03-22 00:17:20,2026-05-20 00:00:00,null,null,3.00,8.00
genus_care_0fee259640431c5f,system,Hippeastrum,Amaryllidaceae,石蒜科,Amaryllidaceae,null,null,Bulb Flower,"{""way"": ""生长期表土干后浇透，休眠期控水"", ""freq"": [7, 14], ""unit"": ""天"", ""verb"": ""浇"", ""basis"": ""盆栽基线；以基质干湿而非固定天数为准""}","{""freq"": [30, 45], ""type"": ""球根开花肥"", ""unit"": ""天"", ""other"": ""生长期为主；休眠/低温/弱光期减量或暂停""}","{""way"": ""明亮光/半日照"", ""freq"": [4, 6], ""unit"": ""小时/天"", ""other"": ""以实际光照强度与直射时段校正，避免机械按距离判断""}","{""level"": ""medium"", ""other"": ""保持柔和空气流动；避免闷湿、强风直吹或长期封闭"", ""sensitivity"": ""low""}",15.00,28.00,40.00,70.00,medium,audited_authority_corrected,Authority audit 2026-05-20: representative species/genus sources plus extension/RHS/ASPCA category guidance.,【属级养护基线 v2】已按权威资料修正为属级通用基线；具体品种、斑叶型、地栽/盆栽/室内外差异继续由 care_overrides 或问诊路径处理。朱顶红为温暖球根，原表10–20℃偏冷；休眠期需控水。,L1_or_L2_authority_audited,rowwise_authority_audit_v2,genus_care_profiles_light_uv_minmax_v5.sql,v5_light_uv_minmax_2026_05_20,1,2026-03-22 00:17:20,2026-05-20 00:00:00,null,null,1.00,5.00
genus_care_1198fd537347abb4,system,Pachyphytum,Crassulaceae,景天科,Crassulaceae,null,null,Succulent,"{""way"": ""完全干透再浇"", ""freq"": [14, 30], ""unit"": ""天"", ""verb"": ""浇"", ""basis"": ""盆栽基线；以基质干湿而非固定天数为准""}","{""freq"": [45, 60], ""type"": ""低氮薄肥/多肉肥"", ""unit"": ""天"", ""other"": ""生长期为主；休眠/低温/弱光期减量或暂停""}","{""way"": ""强光/明亮直射或补光"", ""freq"": [4, 8], ""unit"": ""小时/天"", ""other"": ""以实际光照强度与直射时段校正，避免机械按距离判断""}","{""level"": ""high"", ""other"": ""保持柔和空气流动；避免闷湿、强风直吹或长期封闭"", ""sensitivity"": ""high""}",10.00,35.00,20.00,60.00,low,audited_authority_corrected,Authority audit 2026-05-20: representative species/genus sources plus extension/RHS/ASPCA category guidance.,【属级养护基线 v2】已按权威资料修正为属级通用基线；具体品种、斑叶型、地栽/盆栽/室内外差异继续由 care_overrides 或问诊路径处理。旱生多肉基线：强光、排水、通风，宁干勿湿。,L1_or_L2_authority_audited,rowwise_authority_audit_v2,genus_care_profiles_light_uv_minmax_v5.sql,v5_light_uv_minmax_2026_05_20,1,2026-03-22 00:13:11,2026-05-20 00:00:00,null,null,3.00,8.00
genus_care_123d5d20ac6ad755,system,Oscularia,Aizoaceae,番杏科,Aizoaceae,null,null,Succulent,"{""way"": ""完全干透再浇"", ""freq"": [14, 30], ""unit"": ""天"", ""verb"": ""浇"", ""basis"": ""盆栽基线；以基质干湿而非固定天数为准""}","{""freq"": [45, 60], ""type"": ""低氮薄肥/多肉肥"", ""unit"": ""天"", ""other"": ""生长期为主；休眠/低温/弱光期减量或暂停""}","{""way"": ""强光/明亮直射或补光"", ""freq"": [4, 8], ""unit"": ""小时/天"", ""other"": ""以实际光照强度与直射时段校正，避免机械按距离判断""}","{""level"": ""high"", ""other"": ""保持柔和空气流动；避免闷湿、强风直吹或长期封闭"", ""sensitivity"": ""high""}",10.00,35.00,20.00,60.00,low,audited_authority_corrected,Authority audit 2026-05-20: representative species/genus sources plus extension/RHS/ASPCA category guidance.,【属级养护基线 v2】已按权威资料修正为属级通用基线；具体品种、斑叶型、地栽/盆栽/室内外差异继续由 care_overrides 或问诊路径处理。旱生多肉基线：强光、排水、通风，宁干勿湿。,L1_or_L2_authority_audited,rowwise_authority_audit_v2,genus_care_profiles_light_uv_minmax_v5.sql,v5_light_uv_minmax_2026_05_20,1,2026-03-22 00:13:11,2026-05-20 00:00:00,null,null,3.00,8.00
genus_care_1444eb20bb953a76,system,Zamioculcas,Araceae,天南星科,Araceae,null,null,Foliage,"{""way"": ""完全干透后浇透，低光/低温期少浇"", ""freq"": [14, 30], ""unit"": ""天"", ""verb"": ""浇"", ""basis"": ""盆栽基线；以基质干湿而非固定天数为准""}","{""freq"": [45, 75], ""type"": ""低浓度均衡肥"", ""unit"": ""天"", ""other"": ""生长期为主；休眠/低温/弱光期减量或暂停""}","{""way"": ""中低光到明亮散射光，避免强直射"", ""freq"": [1, 6], ""unit"": ""小时/天"", ""other"": ""以实际光照强度与直射时段校正，避免机械按距离判断""}","{""level"": ""medium"", ""other"": ""保持柔和空气流动；避免闷湿、强风直吹或长期封闭"", ""sensitivity"": ""low""}",15.00,32.00,35.00,70.00,medium,audited_authority_corrected,Authority audit 2026-05-20: representative species/genus sources plus extension/RHS/ASPCA category guidance.,【属级养护基线 v2】已按权威资料修正为属级通用基线；具体品种、斑叶型、地栽/盆栽/室内外差异继续由 care_overrides 或问诊路径处理。ZZ耐旱耐低光且含草酸钙，原表浇水偏频、毒性偏低。,L1_or_L2_authority_audited,rowwise_authority_audit_v2,genus_care_profiles_light_uv_minmax_v5.sql,v5_light_uv_minmax_2026_05_20,1,2026-03-22 00:13:11,2026-05-20 00:00:00,null,null,0.00,3.00
genus_care_18269a5eda42b8c1,system,Ocimum,Lamiaceae,唇形科,Lamiaceae,null,null,Herb,"{""way"": ""保持微湿但不积水"", ""freq"": [3, 6], ""unit"": ""天"", ""verb"": ""浇"", ""basis"": ""盆栽基线；以基质干湿而非固定天数为准""}","{""freq"": [21, 30], ""type"": ""低浓度均衡肥"", ""unit"": ""天"", ""other"": ""生长期为主；休眠/低温/弱光期减量或暂停""}","{""way"": ""全日照/半日照，炎热季可午后遮阴"", ""freq"": [4, 6], ""unit"": ""小时/天"", ""other"": ""以实际光照强度与直射时段校正，避免机械按距离判断""}","{""level"": ""medium"", ""other"": ""保持柔和空气流动；避免闷湿、强风直吹或长期封闭"", ""sensitivity"": ""low""}",15.00,28.00,40.00,75.00,low,audited_authority_corrected,Authority audit 2026-05-20: representative species/genus sources plus extension/RHS/ASPCA category guidance.,【属级养护基线 v2】已按权威资料修正为属级通用基线；具体品种、斑叶型、地栽/盆栽/室内外差异继续由 care_overrides 或问诊路径处理。柔嫩香草基线：明亮、湿润但排水好，室内需补光。,L1_or_L2_authority_audited,rowwise_authority_audit_v2,genus_care_profiles_light_uv_minmax_v5.sql,v5_light_uv_minmax_2026_05_20,1,2026-03-22 00:13:11,2026-05-20 00:00:00,null,null,3.00,8.00
genus_care_1879fff0a526b701,system,Begonia,Begoniaceae,秋海棠科,Begoniaceae,null,null,Flowering,"{""way"": ""表层土微干后浇透，避免叶心长期积水"", ""freq"": [5, 10], ""unit"": ""天"", ""verb"": ""浇"", ""basis"": ""盆栽基线；以基质干湿而非固定天数为准""}","{""freq"": [30, 45], ""type"": ""1/2浓度开花/均衡薄肥"", ""unit"": ""天"", ""other"": ""生长期为主；休眠/低温/弱光期减量或暂停""}","{""way"": ""明亮散射光/半阴"", ""freq"": [3, 6], ""unit"": ""小时/天"", ""other"": ""以实际光照强度与直射时段校正，避免机械按距离判断""}","{""level"": ""medium"", ""other"": ""保持柔和空气流动；避免闷湿、强风直吹或长期封闭"", ""sensitivity"": ""medium""}",18.00,28.00,50.00,80.00,medium,audited_authority_corrected,Authority audit 2026-05-20: representative species/genus sources plus extension/RHS/ASPCA category guidance.,【属级养护基线 v2】已按权威资料修正为属级通用基线；具体品种、斑叶型、地栽/盆栽/室内外差异继续由 care_overrides 或问诊路径处理。室内观花/观叶兼用基线：明亮散射光、温暖、排水透气，避免直晒和闷湿。,L1_or_L2_authority_audited,rowwise_authority_audit_v2,genus_care_profiles_light_uv_minmax_v5.sql,v5_light_uv_minmax_2026_05_20,1,2026-03-21 23:59:15,2026-05-20 00:00:00,null,null,0.00,3.00
genus_care_18c233bd26adb510,system,Anthurium,Araceae,天南星科,Araceae,null,null,Flowering,"{""way"": ""表层土微干后浇透，忌积水"", ""freq"": [5, 9], ""unit"": ""天"", ""verb"": ""浇"", ""basis"": ""盆栽基线；以基质干湿而非固定天数为准""}","{""freq"": [30, 45], ""type"": ""1/2浓度开花/均衡薄肥"", ""unit"": ""天"", ""other"": ""生长期为主；休眠/低温/弱光期减量或暂停""}","{""way"": ""明亮散射光，忌直晒"", ""freq"": [3, 6], ""unit"": ""小时/天"", ""other"": ""以实际光照强度与直射时段校正，避免机械按距离判断""}","{""level"": ""medium"", ""other"": ""保持柔和空气流动；避免闷湿、强风直吹或长期封闭"", ""sensitivity"": ""medium""}",18.00,30.00,60.00,85.00,medium,audited_authority_corrected,Authority audit 2026-05-20: representative species/genus sources plus extension/RHS/ASPCA category guidance.,【属级养护基线 v2】已按权威资料修正为属级通用基线；具体品种、斑叶型、地栽/盆栽/室内外差异继续由 care_overrides 或问诊路径处理。花烛属喜温暖高湿和明亮散射光，含草酸钙，应保持medium毒性。,L1_or_L2_authority_audited,rowwise_authority_audit_v2,genus_care_profiles_light_uv_minmax_v5.sql,v5_light_uv_minmax_2026_05_20,1,2026-03-21 23:59:15,2026-05-20 00:00:00,null,null,0.00,3.00
genus_care_1931bef326b9fd38,system,Nelumbo,Nelumbonaceae,莲科,Nelumbonaceae,null,null,Aquatic,"{""way"": ""保持稳定水位/湿泥，及时补水"", ""freq"": [1, 3], ""unit"": ""天"", ""verb"": ""浇"", ""basis"": ""盆栽基线；以基质干湿而非固定天数为准""}","{""freq"": [30, 45], ""type"": ""水生植物缓释肥"", ""unit"": ""天"", ""other"": ""生长期为主；休眠/低温/弱光期减量或暂停""}","{""way"": ""全日照"", ""freq"": [6, 8], ""unit"": ""小时/天"", ""other"": ""以实际光照强度与直射时段校正，避免机械按距离判断""}","{""level"": ""outdoor_medium"", ""other"": ""保持柔和空气流动；避免闷湿、强风直吹或长期封闭"", ""sensitivity"": ""low""}",15.00,32.00,60.00,100.00,low,audited_authority_corrected,Authority audit 2026-05-20: representative species/genus sources plus extension/RHS/ASPCA category guidance.,【属级养护基线 v2】已按权威资料修正为属级通用基线；具体品种、斑叶型、地栽/盆栽/室内外差异继续由 care_overrides 或问诊路径处理。水生植物基线：稳定水位、静水或缓流、足够日照。,L1_or_L2_authority_audited,rowwise_authority_audit_v2,genus_care_profiles_light_uv_minmax_v5.sql,v5_light_uv_minmax_2026_05_20,1,2026-03-22 00:13:11,2026-05-20 00:00:00,null,null,3.00,8.00
genus_care_1ae5ad6e6dd4123f,system,Sinningia,Gesneriaceae,苦苣苔科,Gesneriaceae,null,null,Flowering,"{""way"": ""表层土微干后浇透，避免叶心长期积水"", ""freq"": [5, 10], ""unit"": ""天"", ""verb"": ""浇"", ""basis"": ""盆栽基线；以基质干湿而非固定天数为准""}","{""freq"": [30, 45], ""type"": ""1/2浓度开花/均衡薄肥"", ""unit"": ""天"", ""other"": ""生长期为主；休眠/低温/弱光期减量或暂停""}","{""way"": ""明亮散射光/半阴"", ""freq"": [3, 6], ""unit"": ""小时/天"", ""other"": ""以实际光照强度与直射时段校正，避免机械按距离判断""}","{""level"": ""medium"", ""other"": ""保持柔和空气流动；避免闷湿、强风直吹或长期封闭"", ""sensitivity"": ""medium""}",18.00,28.00,50.00,80.00,low,audited_authority_corrected,Authority audit 2026-05-20: representative species/genus sources plus extension/RHS/ASPCA category guidance.,【属级养护基线 v2】已按权威资料修正为属级通用基线；具体品种、斑叶型、地栽/盆栽/室内外差异继续由 care_overrides 或问诊路径处理。室内观花/观叶兼用基线：明亮散射光、温暖、排水透气，避免直晒和闷湿。,L1_or_L2_authority_audited,rowwise_authority_audit_v2,genus_care_profiles_light_uv_minmax_v5.sql,v5_light_uv_minmax_2026_05_20,1,2026-03-22 00:13:11,2026-05-20 00:00:00,null,null,0.00,3.00
genus_care_1d4710ee9af94791,system,Asparagus,Asparagaceae,天门冬科,Asparagaceae,null,null,Foliage,"{""way"": ""表层土微干后浇透，避免长期干透"", ""freq"": [5, 10], ""unit"": ""天"", ""verb"": ""浇"", ""basis"": ""盆栽基线；以基质干湿而非固定天数为准""}","{""freq"": [30, 45], ""type"": ""1/2浓度均衡肥"", ""unit"": ""天"", ""other"": ""生长期为主；休眠/低温/弱光期减量或暂停""}","{""way"": ""明亮散射光/半阴"", ""freq"": [3, 6], ""unit"": ""小时/天"", ""other"": ""以实际光照强度与直射时段校正，避免机械按距离判断""}","{""level"": ""medium"", ""other"": ""保持柔和空气流动；避免闷湿、强风直吹或长期封闭"", ""sensitivity"": ""medium""}",15.00,30.00,40.00,70.00,medium,audited_authority_corrected,Authority audit 2026-05-20: representative species/genus sources plus extension/RHS/ASPCA category guidance.,【属级养护基线 v2】已按权威资料修正为属级通用基线；具体品种、斑叶型、地栽/盆栽/室内外差异继续由 care_overrides 或问诊路径处理。文竹/天门冬类不是旱生多肉，需较稳定水分；浆果/植株对宠物有风险。,L1_or_L2_authority_audited,rowwise_authority_audit_v2,genus_care_profiles_light_uv_minmax_v5.sql,v5_light_uv_minmax_2026_05_20,1,2026-03-21 23:59:15,2026-05-20 00:00:00,null,null,0.00,3.00
genus_care_2103ad3adf4f4898,system,Thaumatophyllum,Araceae,天南星科,Araceae,null,null,Foliage,"{""way"": ""表层2–3cm微干后浇透"", ""freq"": [5, 10], ""unit"": ""天"", ""verb"": ""浇"", ""basis"": ""盆栽基线；以基质干湿而非固定天数为准""}","{""freq"": [30, 45], ""type"": ""1/2浓度均衡肥"", ""unit"": ""天"", ""other"": ""生长期为主；休眠/低温/弱光期减量或暂停""}","{""way"": ""明亮散射光/半阴"", ""freq"": [3, 6], ""unit"": ""小时/天"", ""other"": ""以实际光照强度与直射时段校正，避免机械按距离判断""}","{""level"": ""medium"", ""other"": ""保持柔和空气流动；避免闷湿、强风直吹或长期封闭"", ""sensitivity"": ""medium""}",18.00,30.00,50.00,80.00,medium,audited_authority_corrected,Authority audit 2026-05-20: representative species/genus sources plus extension/RHS/ASPCA category guidance.,【属级养护基线 v2】已按权威资料修正为属级通用基线；具体品种、斑叶型、地栽/盆栽/室内外差异继续由 care_overrides 或问诊路径处理。热带观叶基线：明亮散射光、稳定温暖、避免积水。,L1_or_L2_authority_audited,rowwise_authority_audit_v2,genus_care_profiles_light_uv_minmax_v5.sql,v5_light_uv_minmax_2026_05_20,1,2026-03-22 00:13:11,2026-05-20 00:00:00,null,null,0.00,3.00
genus_care_214675c620d1e1d6,system,Rosa,Rosaceae,蔷薇科,Rosaceae,null,null,Flowering,"{""way"": ""表层土微干后深浇，避免叶面长期潮湿"", ""freq"": [3, 6], ""unit"": ""天"", ""verb"": ""浇"", ""basis"": ""盆栽基线；以基质干湿而非固定天数为准""}","{""freq"": [14, 30], ""type"": ""月季/开花植物肥"", ""unit"": ""天"", ""other"": ""生长期为主；休眠/低温/弱光期减量或暂停""}","{""way"": ""全日照"", ""freq"": [6, 8], ""unit"": ""小时/天"", ""other"": ""以实际光照强度与直射时段校正，避免机械按距离判断""}","{""level"": ""outdoor_high"", ""other"": ""保持柔和空气流动；避免闷湿、强风直吹或长期封闭"", ""sensitivity"": ""medium""}",8.00,32.00,40.00,75.00,low,audited_authority_corrected,Authority audit 2026-05-20: representative species/genus sources plus extension/RHS/ASPCA category guidance.,【属级养护基线 v2】已按权威资料修正为属级通用基线；具体品种、斑叶型、地栽/盆栽/室内外差异继续由 care_overrides 或问诊路径处理。蔷薇/月季应以全日照基线处理，原表散射光和10–20℃过窄。,L1_or_L2_authority_audited,rowwise_authority_audit_v2,genus_care_profiles_light_uv_minmax_v5.sql,v5_light_uv_minmax_2026_05_20,1,2026-03-22 00:13:11,2026-05-20 00:00:00,null,null,3.00,8.00
genus_care_24ca34e443109921,system,Jasminum,Oleaceae,木犀科,Oleaceae,null,null,Flowering,"{""way"": ""表层土微干后浇透"", ""freq"": [3, 7], ""unit"": ""天"", ""verb"": ""浇"", ""basis"": ""盆栽基线；以基质干湿而非固定天数为准""}","{""freq"": [14, 30], ""type"": ""开花植物均衡肥"", ""unit"": ""天"", ""other"": ""生长期为主；休眠/低温/弱光期减量或暂停""}","{""way"": ""全日照"", ""freq"": [6, 8], ""unit"": ""小时/天"", ""other"": ""以实际光照强度与直射时段校正，避免机械按距离判断""}","{""level"": ""outdoor_medium"", ""other"": ""保持柔和空气流动；避免闷湿、强风直吹或长期封闭"", ""sensitivity"": ""low""}",10.00,30.00,40.00,75.00,low,audited_authority_corrected,Authority audit 2026-05-20: representative species/genus sources plus extension/RHS/ASPCA category guidance.,【属级养护基线 v2】已按权威资料修正为属级通用基线；具体品种、斑叶型、地栽/盆栽/室内外差异继续由 care_overrides 或问诊路径处理。露地开花植物基线：多为全日照和排水良好，盆栽需稳定水分。,L1_or_L2_authority_audited,rowwise_authority_audit_v2,genus_care_profiles_light_uv_minmax_v5.sql,v5_light_uv_minmax_2026_05_20,1,2026-03-22 00:17:20,2026-05-20 00:00:00,null,null,3.00,8.00
genus_care_2517e78984eb13b8,system,Pelargonium,Geraniaceae,牻牛儿苗科,Geraniaceae,null,null,Flowering,"{""way"": ""表层土微干后浇透"", ""freq"": [3, 7], ""unit"": ""天"", ""verb"": ""浇"", ""basis"": ""盆栽基线；以基质干湿而非固定天数为准""}","{""freq"": [14, 30], ""type"": ""开花植物均衡肥"", ""unit"": ""天"", ""other"": ""生长期为主；休眠/低温/弱光期减量或暂停""}","{""way"": ""全日照"", ""freq"": [6, 8], ""unit"": ""小时/天"", ""other"": ""以实际光照强度与直射时段校正，避免机械按距离判断""}","{""level"": ""outdoor_medium"", ""other"": ""保持柔和空气流动；避免闷湿、强风直吹或长期封闭"", ""sensitivity"": ""low""}",10.00,30.00,40.00,75.00,low,audited_authority_corrected,Authority audit 2026-05-20: representative species/genus sources plus extension/RHS/ASPCA category guidance.,【属级养护基线 v2】已按权威资料修正为属级通用基线；具体品种、斑叶型、地栽/盆栽/室内外差异继续由 care_overrides 或问诊路径处理。露地开花植物基线：多为全日照和排水良好，盆栽需稳定水分。,L1_or_L2_authority_audited,rowwise_authority_audit_v2,genus_care_profiles_light_uv_minmax_v5.sql,v5_light_uv_minmax_2026_05_20,1,2026-03-22 00:13:11,2026-05-20 00:00:00,null,null,3.00,8.00
genus_care_280c870657c0a230,system,Epipremnum,Araceae,天南星科,Araceae,null,null,Foliage,"{""way"": ""盆土半干后浇透"", ""freq"": [7, 12], ""unit"": ""天"", ""verb"": ""浇"", ""basis"": ""盆栽基线；以基质干湿而非固定天数为准""}","{""freq"": [45, 60], ""type"": ""1/2浓度均衡肥"", ""unit"": ""天"", ""other"": ""生长期为主；休眠/低温/弱光期减量或暂停""}","{""way"": ""明亮散射光/可耐低光，斑叶需更亮"", ""freq"": [2, 6], ""unit"": ""小时/天"", ""other"": ""以实际光照强度与直射时段校正，避免机械按距离判断""}","{""level"": ""medium"", ""other"": ""保持柔和空气流动；避免闷湿、强风直吹或长期封闭"", ""sensitivity"": ""low""}",15.00,32.00,40.00,80.00,medium,audited_authority_corrected,Authority audit 2026-05-20: representative species/genus sources plus extension/RHS/ASPCA category guidance.,【属级养护基线 v2】已按权威资料修正为属级通用基线；具体品种、斑叶型、地栽/盆栽/室内外差异继续由 care_overrides 或问诊路径处理。绿萝含草酸钙，毒性应为medium；耐低光不等于深阴。,L1_or_L2_authority_audited,rowwise_authority_audit_v2,genus_care_profiles_light_uv_minmax_v5.sql,v5_light_uv_minmax_2026_05_20,1,2026-03-22 00:04:53,2026-05-20 00:00:00,null,null,0.00,3.00
genus_care_2c30c4d27d2577fb,system,Pilea,Urticaceae,荨麻科,Urticaceae,null,null,Foliage,"{""way"": ""表层2–3cm微干后浇透"", ""freq"": [5, 10], ""unit"": ""天"", ""verb"": ""浇"", ""basis"": ""盆栽基线；以基质干湿而非固定天数为准""}","{""freq"": [30, 45], ""type"": ""1/2浓度均衡肥"", ""unit"": ""天"", ""other"": ""生长期为主；休眠/低温/弱光期减量或暂停""}","{""way"": ""明亮散射光/半阴"", ""freq"": [3, 6], ""unit"": ""小时/天"", ""other"": ""以实际光照强度与直射时段校正，避免机械按距离判断""}","{""level"": ""medium"", ""other"": ""保持柔和空气流动；避免闷湿、强风直吹或长期封闭"", ""sensitivity"": ""medium""}",18.00,30.00,50.00,80.00,low,audited_authority_corrected,Authority audit 2026-05-20: representative species/genus sources plus extension/RHS/ASPCA category guidance.,【属级养护基线 v2】已按权威资料修正为属级通用基线；具体品种、斑叶型、地栽/盆栽/室内外差异继续由 care_overrides 或问诊路径处理。热带观叶基线：明亮散射光、稳定温暖、避免积水。,L1_or_L2_authority_audited,rowwise_authority_audit_v2,genus_care_profiles_light_uv_minmax_v5.sql,v5_light_uv_minmax_2026_05_20,1,2026-03-22 00:13:11,2026-05-20 00:00:00,null,null,0.00,3.00
genus_care_2e64bf63c77c6b42,system,Selaginella,Selaginellaceae,卷柏科,Selaginellaceae,null,null,Foliage,"{""way"": ""保持微湿，忌积水"", ""freq"": [3, 6], ""unit"": ""天"", ""verb"": ""浇"", ""basis"": ""盆栽基线；以基质干湿而非固定天数为准""}","{""freq"": [30, 45], ""type"": ""1/4–1/2浓度薄肥"", ""unit"": ""天"", ""other"": ""生长期为主；休眠/低温/弱光期减量或暂停""}","{""way"": ""明亮散射光/半阴"", ""freq"": [2, 5], ""unit"": ""小时/天"", ""other"": ""以实际光照强度与直射时段校正，避免机械按距离判断""}","{""level"": ""medium"", ""other"": ""保持柔和空气流动；避免闷湿、强风直吹或长期封闭"", ""sensitivity"": ""high""}",16.00,28.00,60.00,85.00,low,audited_authority_corrected,Authority audit 2026-05-20: representative species/genus sources plus extension/RHS/ASPCA category guidance.,【属级养护基线 v2】已按权威资料修正为属级通用基线；具体品种、斑叶型、地栽/盆栽/室内外差异继续由 care_overrides 或问诊路径处理。蕨类/卷柏基线：喜湿润空气和散射光，忌干冷与暴晒。,L1_or_L2_authority_audited,rowwise_authority_audit_v2,genus_care_profiles_light_uv_minmax_v5.sql,v5_light_uv_minmax_2026_05_20,1,2026-03-22 00:13:11,2026-05-20 00:00:00,null,null,0.00,3.00
genus_care_31804e1f947a4454,system,Kalanchoe,Crassulaceae,景天科,Crassulaceae,null,null,Flowering,"{""way"": ""盆土干透后浇透"", ""freq"": [10, 20], ""unit"": ""天"", ""verb"": ""浇"", ""basis"": ""盆栽基线；以基质干湿而非固定天数为准""}","{""freq"": [30, 45], ""type"": ""开花多肉薄肥"", ""unit"": ""天"", ""other"": ""生长期为主；休眠/低温/弱光期减量或暂停""}","{""way"": ""强光/明亮直射，夏季避烈日"", ""freq"": [4, 8], ""unit"": ""小时/天"", ""other"": ""以实际光照强度与直射时段校正，避免机械按距离判断""}","{""level"": ""high"", ""other"": ""保持柔和空气流动；避免闷湿、强风直吹或长期封闭"", ""sensitivity"": ""medium""}",10.00,30.00,25.00,60.00,high,audited_authority_corrected,Authority audit 2026-05-20: representative species/genus sources plus extension/RHS/ASPCA category guidance.,【属级养护基线 v2】已按权威资料修正为属级通用基线；具体品种、斑叶型、地栽/盆栽/室内外差异继续由 care_overrides 或问诊路径处理。长寿花属多肉开花植物，较耐旱、需强光；对宠物存在较高毒性风险。,L1_or_L2_authority_audited,rowwise_authority_audit_v2,genus_care_profiles_light_uv_minmax_v5.sql,v5_light_uv_minmax_2026_05_20,1,2026-03-22 00:17:20,2026-05-20 00:00:00,null,null,3.00,8.00
genus_care_32175261be1cd865,system,Plectranthus,Lamiaceae,唇形科,Lamiaceae,null,null,Herb,"{""way"": ""保持微湿但不积水"", ""freq"": [3, 6], ""unit"": ""天"", ""verb"": ""浇"", ""basis"": ""盆栽基线；以基质干湿而非固定天数为准""}","{""freq"": [21, 30], ""type"": ""低浓度均衡肥"", ""unit"": ""天"", ""other"": ""生长期为主；休眠/低温/弱光期减量或暂停""}","{""way"": ""全日照/半日照，炎热季可午后遮阴"", ""freq"": [4, 6], ""unit"": ""小时/天"", ""other"": ""以实际光照强度与直射时段校正，避免机械按距离判断""}","{""level"": ""medium"", ""other"": ""保持柔和空气流动；避免闷湿、强风直吹或长期封闭"", ""sensitivity"": ""low""}",15.00,28.00,40.00,75.00,low,audited_authority_corrected,Authority audit 2026-05-20: representative species/genus sources plus extension/RHS/ASPCA category guidance.,【属级养护基线 v2】已按权威资料修正为属级通用基线；具体品种、斑叶型、地栽/盆栽/室内外差异继续由 care_overrides 或问诊路径处理。柔嫩香草基线：明亮、湿润但排水好，室内需补光。,L1_or_L2_authority_audited,rowwise_authority_audit_v2,genus_care_profiles_light_uv_minmax_v5.sql,v5_light_uv_minmax_2026_05_20,1,2026-03-22 00:13:11,2026-05-20 00:00:00,null,null,3.00,8.00
genus_care_321c51f7d7903342,system,Camellia,Theaceae,山茶科,Theaceae,null,null,Flowering,"{""way"": ""保持均匀湿润，忌积水和碱性水土"", ""freq"": [4, 7], ""unit"": ""天"", ""verb"": ""浇"", ""basis"": ""盆栽基线；以基质干湿而非固定天数为准""}","{""freq"": [30, 45], ""type"": ""酸性植物肥"", ""unit"": ""天"", ""other"": ""生长期为主；休眠/低温/弱光期减量或暂停""}","{""way"": ""半日照/明亮遮阴，避午后烈日"", ""freq"": [3, 6], ""unit"": ""小时/天"", ""other"": ""以实际光照强度与直射时段校正，避免机械按距离判断""}","{""level"": ""medium"", ""other"": ""保持柔和空气流动；避免闷湿、强风直吹或长期封闭"", ""sensitivity"": ""medium""}",5.00,28.00,50.00,80.00,low,audited_authority_corrected,Authority audit 2026-05-20: representative species/genus sources plus extension/RHS/ASPCA category guidance.,【属级养护基线 v2】已按权威资料修正为属级通用基线；具体品种、斑叶型、地栽/盆栽/室内外差异继续由 care_overrides 或问诊路径处理。山茶偏酸性、湿润、半阴，盆栽夏季需避烈日。,L1_or_L2_authority_audited,rowwise_authority_audit_v2,genus_care_profiles_light_uv_minmax_v5.sql,v5_light_uv_minmax_2026_05_20,1,2026-03-22 00:01:02,2026-05-20 00:00:00,null,null,1.00,5.00
genus_care_341e81bea67e8d83,system,Echinocactus,Cactaceae,仙人掌科,Cactaceae,null,null,Succulent,"{""way"": ""完全干透再浇；低温休眠期大幅控水"", ""freq"": [20, 35], ""unit"": ""天"", ""verb"": ""浇"", ""basis"": ""盆栽基线；以基质干湿而非固定天数为准""}","{""freq"": [45, 75], ""type"": ""低氮仙人掌薄肥"", ""unit"": ""天"", ""other"": ""生长期为主；休眠/低温/弱光期减量或暂停""}","{""way"": ""全日照/强光"", ""freq"": [6, 8], ""unit"": ""小时/天"", ""other"": ""以实际光照强度与直射时段校正，避免机械按距离判断""}","{""level"": ""high"", ""other"": ""保持柔和空气流动；避免闷湿、强风直吹或长期封闭"", ""sensitivity"": ""high""}",10.00,35.00,20.00,50.00,low,audited_authority_corrected,Authority audit 2026-05-20: representative species/genus sources plus extension/RHS/ASPCA category guidance.,【属级养护基线 v2】已按权威资料修正为属级通用基线；具体品种、斑叶型、地栽/盆栽/室内外差异继续由 care_overrides 或问诊路径处理。旱生仙人掌基线：强光、低湿、强排水，冬季控水。,L1_or_L2_authority_audited,rowwise_authority_audit_v2,genus_care_profiles_light_uv_minmax_v5.sql,v5_light_uv_minmax_2026_05_20,1,2026-03-22 00:04:53,2026-05-20 00:00:00,null,null,3.00,8.00
genus_care_34d0383ea40e92f0,system,Argyranthemum,Asteraceae,菊科,Asteraceae,null,null,Flowering,"{""way"": ""表层土微干后浇透"", ""freq"": [3, 7], ""unit"": ""天"", ""verb"": ""浇"", ""basis"": ""盆栽基线；以基质干湿而非固定天数为准""}","{""freq"": [14, 30], ""type"": ""开花植物均衡肥"", ""unit"": ""天"", ""other"": ""生长期为主；休眠/低温/弱光期减量或暂停""}","{""way"": ""全日照"", ""freq"": [6, 8], ""unit"": ""小时/天"", ""other"": ""以实际光照强度与直射时段校正，避免机械按距离判断""}","{""level"": ""outdoor_medium"", ""other"": ""保持柔和空气流动；避免闷湿、强风直吹或长期封闭"", ""sensitivity"": ""low""}",10.00,30.00,40.00,75.00,low,audited_authority_corrected,Authority audit 2026-05-20: representative species/genus sources plus extension/RHS/ASPCA category guidance.,【属级养护基线 v2】已按权威资料修正为属级通用基线；具体品种、斑叶型、地栽/盆栽/室内外差异继续由 care_overrides 或问诊路径处理。露地开花植物基线：多为全日照和排水良好，盆栽需稳定水分。,L1_or_L2_authority_audited,rowwise_authority_audit_v2,genus_care_profiles_light_uv_minmax_v5.sql,v5_light_uv_minmax_2026_05_20,1,2026-03-21 23:59:15,2026-05-20 00:00:00,null,null,3.00,8.00
genus_care_363ec9e3fd2d3a56,system,Ficus,Moraceae,桑科,Moraceae,null,null,Foliage,"{""way"": ""表层土明显变干后浇透，避免频繁搬动"", ""freq"": [7, 14], ""unit"": ""天"", ""verb"": ""浇"", ""basis"": ""盆栽基线；以基质干湿而非固定天数为准""}","{""freq"": [30, 45], ""type"": ""1/2浓度均衡肥"", ""unit"": ""天"", ""other"": ""生长期为主；休眠/低温/弱光期减量或暂停""}","{""way"": ""明亮散射光/柔和直射，避免骤然暴晒"", ""freq"": [3, 8], ""unit"": ""小时/天"", ""other"": ""以实际光照强度与直射时段校正，避免机械按距离判断""}","{""level"": ""medium"", ""other"": ""保持柔和空气流动；避免闷湿、强风直吹或长期封闭"", ""sensitivity"": ""medium""}",13.00,32.00,40.00,80.00,medium,audited_authority_corrected,Authority audit 2026-05-20: representative species/genus sources plus extension/RHS/ASPCA category guidance.,【属级养护基线 v2】已按权威资料修正为属级通用基线；具体品种、斑叶型、地栽/盆栽/室内外差异继续由 care_overrides 或问诊路径处理。榕属室内观叶基线：喜明亮稳定环境，乳汁刺激性，原表高毒降为medium更稳妥。,L1_or_L2_authority_audited,rowwise_authority_audit_v2,genus_care_profiles_light_uv_minmax_v5.sql,v5_light_uv_minmax_2026_05_20,1,2026-03-22 00:04:53,2026-05-20 00:00:00,null,null,0.00,4.00
genus_care_365d89b6b0cf2902,system,Zinnia,Asteraceae,菊科,Asteraceae,null,null,Flowering,"{""way"": ""表层土微干后浇透"", ""freq"": [3, 7], ""unit"": ""天"", ""verb"": ""浇"", ""basis"": ""盆栽基线；以基质干湿而非固定天数为准""}","{""freq"": [14, 30], ""type"": ""开花植物均衡肥"", ""unit"": ""天"", ""other"": ""生长期为主；休眠/低温/弱光期减量或暂停""}","{""way"": ""全日照"", ""freq"": [6, 8], ""unit"": ""小时/天"", ""other"": ""以实际光照强度与直射时段校正，避免机械按距离判断""}","{""level"": ""outdoor_medium"", ""other"": ""保持柔和空气流动；避免闷湿、强风直吹或长期封闭"", ""sensitivity"": ""low""}",10.00,30.00,40.00,75.00,low,audited_authority_corrected,Authority audit 2026-05-20: representative species/genus sources plus extension/RHS/ASPCA category guidance.,【属级养护基线 v2】已按权威资料修正为属级通用基线；具体品种、斑叶型、地栽/盆栽/室内外差异继续由 care_overrides 或问诊路径处理。露地开花植物基线：多为全日照和排水良好，盆栽需稳定水分。,L1_or_L2_authority_audited,rowwise_authority_audit_v2,genus_care_profiles_light_uv_minmax_v5.sql,v5_light_uv_minmax_2026_05_20,1,2026-03-22 00:13:11,2026-05-20 00:00:00,null,null,3.00,8.00
genus_care_37a4266bbd7f1e5a,system,Nymphaea,Nymphaeaceae,睡莲科,Nymphaeaceae,null,null,Aquatic,"{""way"": ""保持稳定水位/湿泥，及时补水"", ""freq"": [1, 3], ""unit"": ""天"", ""verb"": ""浇"", ""basis"": ""盆栽基线；以基质干湿而非固定天数为准""}","{""freq"": [30, 45], ""type"": ""水生植物缓释肥"", ""unit"": ""天"", ""other"": ""生长期为主；休眠/低温/弱光期减量或暂停""}","{""way"": ""全日照"", ""freq"": [6, 8], ""unit"": ""小时/天"", ""other"": ""以实际光照强度与直射时段校正，避免机械按距离判断""}","{""level"": ""outdoor_medium"", ""other"": ""保持柔和空气流动；避免闷湿、强风直吹或长期封闭"", ""sensitivity"": ""low""}",15.00,32.00,60.00,100.00,low,audited_authority_corrected,Authority audit 2026-05-20: representative species/genus sources plus extension/RHS/ASPCA category guidance.,【属级养护基线 v2】已按权威资料修正为属级通用基线；具体品种、斑叶型、地栽/盆栽/室内外差异继续由 care_overrides 或问诊路径处理。水生植物基线：稳定水位、静水或缓流、足够日照。,L1_or_L2_authority_audited,rowwise_authority_audit_v2,genus_care_profiles_light_uv_minmax_v5.sql,v5_light_uv_minmax_2026_05_20,1,2026-03-22 00:13:11,2026-05-20 00:00:00,null,null,3.00,8.00
genus_care_3cae4aef30b81afb,system,Trachelospermum,Apocynaceae,夹竹桃科,Apocynaceae,null,null,Flowering,"{""way"": ""表层土干后浇透，定植后较耐旱"", ""freq"": [4, 7], ""unit"": ""天"", ""verb"": ""浇"", ""basis"": ""盆栽基线；以基质干湿而非固定天数为准""}","{""freq"": [30, 45], ""type"": ""开花藤本肥"", ""unit"": ""天"", ""other"": ""生长期为主；休眠/低温/弱光期减量或暂停""}","{""way"": ""全日照/半日照"", ""freq"": [4, 8], ""unit"": ""小时/天"", ""other"": ""以实际光照强度与直射时段校正，避免机械按距离判断""}","{""level"": ""outdoor_medium"", ""other"": ""保持柔和空气流动；避免闷湿、强风直吹或长期封闭"", ""sensitivity"": ""low""}",5.00,32.00,40.00,75.00,medium,audited_authority_corrected,Authority audit 2026-05-20: representative species/genus sources plus extension/RHS/ASPCA category guidance.,【属级养护基线 v2】已按权威资料修正为属级通用基线；具体品种、斑叶型、地栽/盆栽/室内外差异继续由 care_overrides 或问诊路径处理。络石/风车茉莉适全日照到半阴，非普通散射光室内植物。,L1_or_L2_authority_audited,rowwise_authority_audit_v2,genus_care_profiles_light_uv_minmax_v5.sql,v5_light_uv_minmax_2026_05_20,1,2026-03-22 00:13:11,2026-05-20 00:00:00,null,null,3.00,8.00
genus_care_3e1e668b17779bb3,system,Osmanthus,Oleaceae,木犀科,Oleaceae,null,null,Flowering,"{""way"": ""表层土微干后浇透"", ""freq"": [3, 7], ""unit"": ""天"", ""verb"": ""浇"", ""basis"": ""盆栽基线；以基质干湿而非固定天数为准""}","{""freq"": [14, 30], ""type"": ""开花植物均衡肥"", ""unit"": ""天"", ""other"": ""生长期为主；休眠/低温/弱光期减量或暂停""}","{""way"": ""全日照"", ""freq"": [6, 8], ""unit"": ""小时/天"", ""other"": ""以实际光照强度与直射时段校正，避免机械按距离判断""}","{""level"": ""outdoor_medium"", ""other"": ""保持柔和空气流动；避免闷湿、强风直吹或长期封闭"", ""sensitivity"": ""low""}",10.00,30.00,40.00,75.00,low,audited_authority_corrected,Authority audit 2026-05-20: representative species/genus sources plus extension/RHS/ASPCA category guidance.,【属级养护基线 v2】已按权威资料修正为属级通用基线；具体品种、斑叶型、地栽/盆栽/室内外差异继续由 care_overrides 或问诊路径处理。露地开花植物基线：多为全日照和排水良好，盆栽需稳定水分。,L1_or_L2_authority_audited,rowwise_authority_audit_v2,genus_care_profiles_light_uv_minmax_v5.sql,v5_light_uv_minmax_2026_05_20,1,2026-03-22 00:13:11,2026-05-20 00:00:00,null,null,3.00,8.00
genus_care_3e9f7b5df7f8577d,system,Platycerium,Polypodiaceae,水龙骨科,Polypodiaceae,null,null,Foliage,"{""way"": ""表层2–3cm微干后浇透"", ""freq"": [5, 10], ""unit"": ""天"", ""verb"": ""浇"", ""basis"": ""盆栽基线；以基质干湿而非固定天数为准""}","{""freq"": [30, 45], ""type"": ""1/2浓度均衡肥"", ""unit"": ""天"", ""other"": ""生长期为主；休眠/低温/弱光期减量或暂停""}","{""way"": ""明亮散射光/半阴"", ""freq"": [3, 6], ""unit"": ""小时/天"", ""other"": ""以实际光照强度与直射时段校正，避免机械按距离判断""}","{""level"": ""medium"", ""other"": ""保持柔和空气流动；避免闷湿、强风直吹或长期封闭"", ""sensitivity"": ""medium""}",18.00,30.00,50.00,80.00,low,audited_authority_corrected,Authority audit 2026-05-20: representative species/genus sources plus extension/RHS/ASPCA category guidance.,【属级养护基线 v2】已按权威资料修正为属级通用基线；具体品种、斑叶型、地栽/盆栽/室内外差异继续由 care_overrides 或问诊路径处理。热带观叶基线：明亮散射光、稳定温暖、避免积水。,L1_or_L2_authority_audited,rowwise_authority_audit_v2,genus_care_profiles_light_uv_minmax_v5.sql,v5_light_uv_minmax_2026_05_20,1,2026-03-22 00:13:11,2026-05-20 00:00:00,null,null,0.00,3.00
genus_care_447feb2e22efca25,system,Perilla,Lamiaceae,唇形科,Lamiaceae,null,null,Herb,"{""way"": ""保持微湿但不积水"", ""freq"": [3, 6], ""unit"": ""天"", ""verb"": ""浇"", ""basis"": ""盆栽基线；以基质干湿而非固定天数为准""}","{""freq"": [21, 30], ""type"": ""低浓度均衡肥"", ""unit"": ""天"", ""other"": ""生长期为主；休眠/低温/弱光期减量或暂停""}","{""way"": ""全日照/半日照，炎热季可午后遮阴"", ""freq"": [4, 6], ""unit"": ""小时/天"", ""other"": ""以实际光照强度与直射时段校正，避免机械按距离判断""}","{""level"": ""medium"", ""other"": ""保持柔和空气流动；避免闷湿、强风直吹或长期封闭"", ""sensitivity"": ""low""}",15.00,28.00,40.00,75.00,low,audited_authority_corrected,Authority audit 2026-05-20: representative species/genus sources plus extension/RHS/ASPCA category guidance.,【属级养护基线 v2】已按权威资料修正为属级通用基线；具体品种、斑叶型、地栽/盆栽/室内外差异继续由 care_overrides 或问诊路径处理。柔嫩香草基线：明亮、湿润但排水好，室内需补光。,L1_or_L2_authority_audited,rowwise_authority_audit_v2,genus_care_profiles_light_uv_minmax_v5.sql,v5_light_uv_minmax_2026_05_20,1,2026-03-22 00:13:11,2026-05-20 00:00:00,null,null,3.00,8.00
genus_care_448f12dd4674b34b,system,Petroselinum,Apiaceae,伞形科,Apiaceae,null,null,Herb,"{""way"": ""保持微湿但不积水"", ""freq"": [3, 6], ""unit"": ""天"", ""verb"": ""浇"", ""basis"": ""盆栽基线；以基质干湿而非固定天数为准""}","{""freq"": [21, 30], ""type"": ""低浓度均衡肥"", ""unit"": ""天"", ""other"": ""生长期为主；休眠/低温/弱光期减量或暂停""}","{""way"": ""全日照/半日照，炎热季可午后遮阴"", ""freq"": [4, 6], ""unit"": ""小时/天"", ""other"": ""以实际光照强度与直射时段校正，避免机械按距离判断""}","{""level"": ""medium"", ""other"": ""保持柔和空气流动；避免闷湿、强风直吹或长期封闭"", ""sensitivity"": ""low""}",15.00,28.00,40.00,75.00,low,audited_authority_corrected,Authority audit 2026-05-20: representative species/genus sources plus extension/RHS/ASPCA category guidance.,【属级养护基线 v2】已按权威资料修正为属级通用基线；具体品种、斑叶型、地栽/盆栽/室内外差异继续由 care_overrides 或问诊路径处理。柔嫩香草基线：明亮、湿润但排水好，室内需补光。,L1_or_L2_authority_audited,rowwise_authority_audit_v2,genus_care_profiles_light_uv_minmax_v5.sql,v5_light_uv_minmax_2026_05_20,1,2026-03-22 00:13:11,2026-05-20 00:00:00,null,null,2.00,6.00
genus_care_45347f2a1798aabe,system,Lagerstroemia,Lythraceae,千屈菜科,Lythraceae,null,null,Flowering,"{""way"": ""表层土干后深浇，定植后较耐旱"", ""freq"": [4, 7], ""unit"": ""天"", ""verb"": ""浇"", ""basis"": ""盆栽基线；以基质干湿而非固定天数为准""}","{""freq"": [30, 45], ""type"": ""开花木本肥"", ""unit"": ""天"", ""other"": ""生长期为主；休眠/低温/弱光期减量或暂停""}","{""way"": ""全日照"", ""freq"": [6, 8], ""unit"": ""小时/天"", ""other"": ""以实际光照强度与直射时段校正，避免机械按距离判断""}","{""level"": ""outdoor_medium"", ""other"": ""保持柔和空气流动；避免闷湿、强风直吹或长期封闭"", ""sensitivity"": ""low""}",5.00,35.00,35.00,75.00,low,audited_authority_corrected,Authority audit 2026-05-20: representative species/genus sources plus extension/RHS/ASPCA category guidance.,【属级养护基线 v2】已按权威资料修正为属级通用基线；具体品种、斑叶型、地栽/盆栽/室内外差异继续由 care_overrides 或问诊路径处理。紫薇为全日照开花木本，原表散射光/10–20℃明显偏保守。,L1_or_L2_authority_audited,rowwise_authority_audit_v2,genus_care_profiles_light_uv_minmax_v5.sql,v5_light_uv_minmax_2026_05_20,1,2026-03-22 00:17:20,2026-05-20 00:00:00,null,null,3.00,8.00
genus_care_4674f03d0551aa5c,system,Streptocarpus,Gesneriaceae,苦苣苔科,Gesneriaceae,null,null,Flowering,"{""way"": ""表层土微干后浇透，避免叶心长期积水"", ""freq"": [5, 10], ""unit"": ""天"", ""verb"": ""浇"", ""basis"": ""盆栽基线；以基质干湿而非固定天数为准""}","{""freq"": [30, 45], ""type"": ""1/2浓度开花/均衡薄肥"", ""unit"": ""天"", ""other"": ""生长期为主；休眠/低温/弱光期减量或暂停""}","{""way"": ""明亮散射光/半阴"", ""freq"": [3, 6], ""unit"": ""小时/天"", ""other"": ""以实际光照强度与直射时段校正，避免机械按距离判断""}","{""level"": ""medium"", ""other"": ""保持柔和空气流动；避免闷湿、强风直吹或长期封闭"", ""sensitivity"": ""medium""}",18.00,28.00,50.00,80.00,low,audited_authority_corrected,Authority audit 2026-05-20: representative species/genus sources plus extension/RHS/ASPCA category guidance.,【属级养护基线 v2】已按权威资料修正为属级通用基线；具体品种、斑叶型、地栽/盆栽/室内外差异继续由 care_overrides 或问诊路径处理。室内观花/观叶兼用基线：明亮散射光、温暖、排水透气，避免直晒和闷湿。,L1_or_L2_authority_audited,rowwise_authority_audit_v2,genus_care_profiles_light_uv_minmax_v5.sql,v5_light_uv_minmax_2026_05_20,1,2026-03-22 00:13:11,2026-05-20 00:00:00,null,null,0.00,3.00
genus_care_487651dae03b83ed,system,Zantedeschia,Araceae,天南星科,Araceae,null,null,Flowering,"{""way"": ""生长期保持湿润，休眠期减水"", ""freq"": [4, 7], ""unit"": ""天"", ""verb"": ""浇"", ""basis"": ""盆栽基线；以基质干湿而非固定天数为准""}","{""freq"": [21, 30], ""type"": ""开花球根肥"", ""unit"": ""天"", ""other"": ""生长期为主；休眠/低温/弱光期减量或暂停""}","{""way"": ""全日照/半日照，高温可遮阴"", ""freq"": [4, 8], ""unit"": ""小时/天"", ""other"": ""以实际光照强度与直射时段校正，避免机械按距离判断""}","{""level"": ""medium"", ""other"": ""保持柔和空气流动；避免闷湿、强风直吹或长期封闭"", ""sensitivity"": ""low""}",12.00,28.00,50.00,80.00,medium,audited_authority_corrected,Authority audit 2026-05-20: representative species/genus sources plus extension/RHS/ASPCA category guidance.,【属级养护基线 v2】已按权威资料修正为属级通用基线；具体品种、斑叶型、地栽/盆栽/室内外差异继续由 care_overrides 或问诊路径处理。马蹄莲喜湿润但需排水，非低温散射光模板。,L1_or_L2_authority_audited,rowwise_authority_audit_v2,genus_care_profiles_light_uv_minmax_v5.sql,v5_light_uv_minmax_2026_05_20,1,2026-03-22 00:13:11,2026-05-20 00:00:00,null,null,3.00,8.00
genus_care_495da1c910ff6472,system,Crassula,Crassulaceae,景天科,Crassulaceae,null,null,Succulent,"{""way"": ""完全干透再浇"", ""freq"": [14, 30], ""unit"": ""天"", ""verb"": ""浇"", ""basis"": ""盆栽基线；以基质干湿而非固定天数为准""}","{""freq"": [45, 60], ""type"": ""低氮薄肥/多肉肥"", ""unit"": ""天"", ""other"": ""生长期为主；休眠/低温/弱光期减量或暂停""}","{""way"": ""强光/明亮直射或补光"", ""freq"": [4, 8], ""unit"": ""小时/天"", ""other"": ""以实际光照强度与直射时段校正，避免机械按距离判断""}","{""level"": ""high"", ""other"": ""保持柔和空气流动；避免闷湿、强风直吹或长期封闭"", ""sensitivity"": ""high""}",10.00,35.00,20.00,60.00,low,audited_authority_corrected,Authority audit 2026-05-20: representative species/genus sources plus extension/RHS/ASPCA category guidance.,【属级养护基线 v2】已按权威资料修正为属级通用基线；具体品种、斑叶型、地栽/盆栽/室内外差异继续由 care_overrides 或问诊路径处理。旱生多肉基线：强光、排水、通风，宁干勿湿。,L1_or_L2_authority_audited,rowwise_authority_audit_v2,genus_care_profiles_light_uv_minmax_v5.sql,v5_light_uv_minmax_2026_05_20,1,2026-03-22 00:01:02,2026-05-20 00:00:00,null,null,3.00,8.00
genus_care_4ae2f7e63d3e5e4f,system,Phalaenopsis,Orchidaceae,null,Orchidaceae,null,null,Flowering,"{""way"": ""兰花基质接近干时浇透，忌积水"", ""freq"": [7, 14], ""unit"": ""天"", ""verb"": ""浇"", ""basis"": ""盆栽基线；以基质干湿而非固定天数为准""}","{""freq"": [14, 30], ""type"": ""兰花专用薄肥"", ""unit"": ""天"", ""other"": ""生长期为主；休眠/低温/弱光期减量或暂停""}","{""way"": ""明亮散射光，忌直晒"", ""freq"": [3, 6], ""unit"": ""小时/天"", ""other"": ""以实际光照强度与直射时段校正，避免机械按距离判断""}","{""level"": ""medium"", ""other"": ""保持柔和空气流动；避免闷湿、强风直吹或长期封闭"", ""sensitivity"": ""high""}",18.00,30.00,50.00,80.00,low,audited_authority_corrected,Authority audit 2026-05-20: representative species/genus sources plus extension/RHS/ASPCA category guidance.,【属级养护基线 v2】已按权威资料修正为属级通用基线；具体品种、斑叶型、地栽/盆栽/室内外差异继续由 care_overrides 或问诊路径处理。蝴蝶兰需通气基质和明亮散射光，原表10–20℃偏冷。,L1_or_L2_authority_audited,rowwise_authority_audit_v2,genus_care_profiles_light_uv_minmax_v5.sql,v5_light_uv_minmax_2026_05_20,1,2026-03-22 00:13:11,2026-05-20 00:00:00,null,null,0.00,3.00
genus_care_5147229a31303e47,system,Dianthus,Caryophyllaceae,石竹科,Caryophyllaceae,null,null,Flowering,"{""way"": ""表层土干后浇透，忌长期湿根"", ""freq"": [4, 7], ""unit"": ""天"", ""verb"": ""浇"", ""basis"": ""盆栽基线；以基质干湿而非固定天数为准""}","{""freq"": [30, 45], ""type"": ""开花植物薄肥"", ""unit"": ""天"", ""other"": ""生长期为主；休眠/低温/弱光期减量或暂停""}","{""way"": ""全日照/半日照"", ""freq"": [5, 8], ""unit"": ""小时/天"", ""other"": ""以实际光照强度与直射时段校正，避免机械按距离判断""}","{""level"": ""outdoor_medium"", ""other"": ""保持柔和空气流动；避免闷湿、强风直吹或长期封闭"", ""sensitivity"": ""low""}",5.00,28.00,40.00,70.00,low,audited_authority_corrected,Authority audit 2026-05-20: representative species/genus sources plus extension/RHS/ASPCA category guidance.,【属级养护基线 v2】已按权威资料修正为属级通用基线；具体品种、斑叶型、地栽/盆栽/室内外差异继续由 care_overrides 或问诊路径处理。石竹类偏凉爽全日照，原表散射光和固定低温模板不准确。,L1_or_L2_authority_audited,rowwise_authority_audit_v2,genus_care_profiles_light_uv_minmax_v5.sql,v5_light_uv_minmax_2026_05_20,1,2026-03-22 00:04:53,2026-05-20 00:00:00,null,null,3.00,8.00
genus_care_522c5ac8ad15efc5,system,Catharanthus,Apocynaceae,夹竹桃科,Apocynaceae,null,null,Flowering,"{""way"": ""土壤微干后浇透，忌积水"", ""freq"": [3, 6], ""unit"": ""天"", ""verb"": ""浇"", ""basis"": ""盆栽基线；以基质干湿而非固定天数为准""}","{""freq"": [21, 30], ""type"": ""开花植物肥"", ""unit"": ""天"", ""other"": ""生长期为主；休眠/低温/弱光期减量或暂停""}","{""way"": ""全日照/半日照"", ""freq"": [5, 8], ""unit"": ""小时/天"", ""other"": ""以实际光照强度与直射时段校正，避免机械按距离判断""}","{""level"": ""outdoor_medium"", ""other"": ""保持柔和空气流动；避免闷湿、强风直吹或长期封闭"", ""sensitivity"": ""low""}",18.00,35.00,40.00,75.00,medium,audited_authority_corrected,Authority audit 2026-05-20: representative species/genus sources plus extension/RHS/ASPCA category guidance.,【属级养护基线 v2】已按权威资料修正为属级通用基线；具体品种、斑叶型、地栽/盆栽/室内外差异继续由 care_overrides 或问诊路径处理。长春花喜温暖和强光，夹竹桃科应提高毒性谨慎级别。,L1_or_L2_authority_audited,rowwise_authority_audit_v2,genus_care_profiles_light_uv_minmax_v5.sql,v5_light_uv_minmax_2026_05_20,1,2026-03-22 00:01:02,2026-05-20 00:00:00,null,null,3.00,8.00
genus_care_536c330c2f1928d7,system,Brassica,Brassicaceae,十字花科,Brassicaceae,null,null,Vegetable,"{""way"": ""保持均匀湿润，表土微干即浇"", ""freq"": [2, 4], ""unit"": ""天"", ""verb"": ""浇"", ""basis"": ""盆栽基线；以基质干湿而非固定天数为准""}","{""freq"": [14, 21], ""type"": ""蔬菜均衡肥/堆肥补充"", ""unit"": ""天"", ""other"": ""生长期为主；休眠/低温/弱光期减量或暂停""}","{""way"": ""全日照到半日照，炎热季可午后遮阴"", ""freq"": [4, 8], ""unit"": ""小时/天"", ""other"": ""以实际光照强度与直射时段校正，避免机械按距离判断""}","{""level"": ""outdoor_medium"", ""other"": ""保持柔和空气流动；避免闷湿、强风直吹或长期封闭"", ""sensitivity"": ""low""}",10.00,24.00,40.00,80.00,low,audited_authority_corrected,Authority audit 2026-05-20: representative species/genus sources plus extension/RHS/ASPCA category guidance.,【属级养护基线 v2】已按权威资料修正为属级通用基线；具体品种、斑叶型、地栽/盆栽/室内外差异继续由 care_overrides 或问诊路径处理。冷凉季叶菜/根菜基线：充足光照、凉爽、均匀水分。,L1_or_L2_authority_audited,rowwise_authority_audit_v2,genus_care_profiles_light_uv_minmax_v5.sql,v5_light_uv_minmax_2026_05_20,1,2026-03-21 23:59:15,2026-05-20 00:00:00,null,null,2.00,6.00
genus_care_5383451f26b6482f,system,Maranta,Marantaceae,竹芋科,Marantaceae,null,null,Foliage,"{""way"": ""保持微湿，表层微干即浇"", ""freq"": [4, 7], ""unit"": ""天"", ""verb"": ""浇"", ""basis"": ""盆栽基线；以基质干湿而非固定天数为准""}","{""freq"": [30, 45], ""type"": ""1/2浓度薄肥"", ""unit"": ""天"", ""other"": ""生长期为主；休眠/低温/弱光期减量或暂停""}","{""way"": ""明亮散射光"", ""freq"": [3, 6], ""unit"": ""小时/天"", ""other"": ""以实际光照强度与直射时段校正，避免机械按距离判断""}","{""level"": ""medium"", ""other"": ""保持柔和空气流动；避免闷湿、强风直吹或长期封闭"", ""sensitivity"": ""high""}",18.00,29.00,60.00,85.00,low,audited_authority_corrected,Authority audit 2026-05-20: representative species/genus sources plus extension/RHS/ASPCA category guidance.,【属级养护基线 v2】已按权威资料修正为属级通用基线；具体品种、斑叶型、地栽/盆栽/室内外差异继续由 care_overrides 或问诊路径处理。竹芋类基线：高湿、温暖、明亮散射，忌直晒和水质盐分累积。,L1_or_L2_authority_audited,rowwise_authority_audit_v2,genus_care_profiles_light_uv_minmax_v5.sql,v5_light_uv_minmax_2026_05_20,1,2026-03-22 00:13:11,2026-05-20 00:00:00,null,null,0.00,3.00
genus_care_57f4a2a8c851c35b,system,Spinacia,Amaranthaceae,苋科,Amaranthaceae,null,null,Vegetable,"{""way"": ""保持均匀湿润，表土微干即浇"", ""freq"": [2, 4], ""unit"": ""天"", ""verb"": ""浇"", ""basis"": ""盆栽基线；以基质干湿而非固定天数为准""}","{""freq"": [14, 21], ""type"": ""蔬菜均衡肥/堆肥补充"", ""unit"": ""天"", ""other"": ""生长期为主；休眠/低温/弱光期减量或暂停""}","{""way"": ""全日照到半日照，炎热季可午后遮阴"", ""freq"": [4, 8], ""unit"": ""小时/天"", ""other"": ""以实际光照强度与直射时段校正，避免机械按距离判断""}","{""level"": ""outdoor_medium"", ""other"": ""保持柔和空气流动；避免闷湿、强风直吹或长期封闭"", ""sensitivity"": ""low""}",10.00,24.00,40.00,80.00,low,audited_authority_corrected,Authority audit 2026-05-20: representative species/genus sources plus extension/RHS/ASPCA category guidance.,【属级养护基线 v2】已按权威资料修正为属级通用基线；具体品种、斑叶型、地栽/盆栽/室内外差异继续由 care_overrides 或问诊路径处理。冷凉季叶菜/根菜基线：充足光照、凉爽、均匀水分。,L1_or_L2_authority_audited,rowwise_authority_audit_v2,genus_care_profiles_light_uv_minmax_v5.sql,v5_light_uv_minmax_2026_05_20,1,2026-03-22 00:13:11,2026-05-20 00:00:00,null,null,2.00,6.00
genus_care_5890dac28248d8d8,system,Eichhornia,Pontederiaceae,雨久花科,Pontederiaceae,null,null,Aquatic,"{""way"": ""保持稳定水位/湿泥，及时补水"", ""freq"": [1, 3], ""unit"": ""天"", ""verb"": ""浇"", ""basis"": ""盆栽基线；以基质干湿而非固定天数为准""}","{""freq"": [30, 45], ""type"": ""水生植物缓释肥"", ""unit"": ""天"", ""other"": ""生长期为主；休眠/低温/弱光期减量或暂停""}","{""way"": ""全日照"", ""freq"": [6, 8], ""unit"": ""小时/天"", ""other"": ""以实际光照强度与直射时段校正，避免机械按距离判断""}","{""level"": ""outdoor_medium"", ""other"": ""保持柔和空气流动；避免闷湿、强风直吹或长期封闭"", ""sensitivity"": ""low""}",15.00,32.00,60.00,100.00,low,audited_authority_corrected,Authority audit 2026-05-20: representative species/genus sources plus extension/RHS/ASPCA category guidance.,【属级养护基线 v2】已按权威资料修正为属级通用基线；具体品种、斑叶型、地栽/盆栽/室内外差异继续由 care_overrides 或问诊路径处理。水生植物基线：稳定水位、静水或缓流、足够日照。,L1_or_L2_authority_audited,rowwise_authority_audit_v2,genus_care_profiles_light_uv_minmax_v5.sql,v5_light_uv_minmax_2026_05_20,1,2026-03-22 00:04:53,2026-05-20 00:00:00,null,null,3.00,8.00
genus_care_5bac4ad1afd5eed4,system,Iris,Iridaceae,鸢尾科,Iridaceae,null,null,Flowering,"{""way"": ""表层土微干后浇透"", ""freq"": [3, 7], ""unit"": ""天"", ""verb"": ""浇"", ""basis"": ""盆栽基线；以基质干湿而非固定天数为准""}","{""freq"": [14, 30], ""type"": ""开花植物均衡肥"", ""unit"": ""天"", ""other"": ""生长期为主；休眠/低温/弱光期减量或暂停""}","{""way"": ""全日照"", ""freq"": [6, 8], ""unit"": ""小时/天"", ""other"": ""以实际光照强度与直射时段校正，避免机械按距离判断""}","{""level"": ""outdoor_medium"", ""other"": ""保持柔和空气流动；避免闷湿、强风直吹或长期封闭"", ""sensitivity"": ""low""}",10.00,30.00,40.00,75.00,low,audited_authority_corrected,Authority audit 2026-05-20: representative species/genus sources plus extension/RHS/ASPCA category guidance.,【属级养护基线 v2】已按权威资料修正为属级通用基线；具体品种、斑叶型、地栽/盆栽/室内外差异继续由 care_overrides 或问诊路径处理。露地开花植物基线：多为全日照和排水良好，盆栽需稳定水分。,L1_or_L2_authority_audited,rowwise_authority_audit_v2,genus_care_profiles_light_uv_minmax_v5.sql,v5_light_uv_minmax_2026_05_20,1,2026-03-22 00:17:20,2026-05-20 00:00:00,null,null,3.00,8.00
genus_care_5d87a1df76392c5a,system,Dracaena,Asparagaceae,天门冬科,Asparagaceae,null,null,Foliage,"{""way"": ""盆土大半干后浇透"", ""freq"": [10, 20], ""unit"": ""天"", ""verb"": ""浇"", ""basis"": ""盆栽基线；以基质干湿而非固定天数为准""}","{""freq"": [45, 60], ""type"": ""1/2浓度均衡肥"", ""unit"": ""天"", ""other"": ""生长期为主；休眠/低温/弱光期减量或暂停""}","{""way"": ""明亮散射光/可耐中低光"", ""freq"": [2, 6], ""unit"": ""小时/天"", ""other"": ""以实际光照强度与直射时段校正，避免机械按距离判断""}","{""level"": ""medium"", ""other"": ""保持柔和空气流动；避免闷湿、强风直吹或长期封闭"", ""sensitivity"": ""low""}",15.00,32.00,35.00,70.00,medium,audited_authority_corrected,Authority audit 2026-05-20: representative species/genus sources plus extension/RHS/ASPCA category guidance.,【属级养护基线 v2】已按权威资料修正为属级通用基线；具体品种、斑叶型、地栽/盆栽/室内外差异继续由 care_overrides 或问诊路径处理。耐旱观叶基线：优先防积水，耐低光不等于喜阴。,L1_or_L2_authority_audited,rowwise_authority_audit_v2,genus_care_profiles_light_uv_minmax_v5.sql,v5_light_uv_minmax_2026_05_20,1,2026-03-22 00:04:53,2026-05-20 00:00:00,null,null,0.00,3.00
genus_care_5dd91219095713f7,system,Celosia,Amaranthaceae,苋科,Amaranthaceae,null,null,Flowering,"{""way"": ""表层土微干后浇透"", ""freq"": [3, 6], ""unit"": ""天"", ""verb"": ""浇"", ""basis"": ""盆栽基线；以基质干湿而非固定天数为准""}","{""freq"": [14, 30], ""type"": ""开花植物肥"", ""unit"": ""天"", ""other"": ""生长期为主；休眠/低温/弱光期减量或暂停""}","{""way"": ""全日照"", ""freq"": [6, 8], ""unit"": ""小时/天"", ""other"": ""以实际光照强度与直射时段校正，避免机械按距离判断""}","{""level"": ""outdoor_medium"", ""other"": ""保持柔和空气流动；避免闷湿、强风直吹或长期封闭"", ""sensitivity"": ""low""}",18.00,32.00,40.00,75.00,low,audited_authority_corrected,Authority audit 2026-05-20: representative species/genus sources plus extension/RHS/ASPCA category guidance.,【属级养护基线 v2】已按权威资料修正为属级通用基线；具体品种、斑叶型、地栽/盆栽/室内外差异继续由 care_overrides 或问诊路径处理。鸡冠花是暖季全日照花卉，原表10–20℃/散射光错误。,L1_or_L2_authority_audited,rowwise_authority_audit_v2,genus_care_profiles_light_uv_minmax_v5.sql,v5_light_uv_minmax_2026_05_20,1,2026-03-22 00:01:02,2026-05-20 00:00:00,null,null,3.00,8.00
genus_care_671e0adcb0aa3431,system,Capsicum,Solanaceae,茄科,Solanaceae,null,null,Vegetable,"{""way"": ""保持均匀湿润，忌忽干忽湿"", ""freq"": [2, 4], ""unit"": ""天"", ""verb"": ""浇"", ""basis"": ""盆栽基线；以基质干湿而非固定天数为准""}","{""freq"": [14, 21], ""type"": ""蔬果类均衡肥，结果期补钾"", ""unit"": ""天"", ""other"": ""生长期为主；休眠/低温/弱光期减量或暂停""}","{""way"": ""全日照"", ""freq"": [6, 8], ""unit"": ""小时/天"", ""other"": ""以实际光照强度与直射时段校正，避免机械按距离判断""}","{""level"": ""outdoor_medium"", ""other"": ""保持柔和空气流动；避免闷湿、强风直吹或长期封闭"", ""sensitivity"": ""low""}",18.00,32.00,40.00,80.00,low,audited_authority_corrected,Authority audit 2026-05-20: representative species/genus sources plus extension/RHS/ASPCA category guidance.,【属级养护基线 v2】已按权威资料修正为属级通用基线；具体品种、斑叶型、地栽/盆栽/室内外差异继续由 care_overrides 或问诊路径处理。暖季结果类蔬菜基线：至少6小时直射光、稳定水分和较高肥力。,L1_or_L2_authority_audited,rowwise_authority_audit_v2,genus_care_profiles_light_uv_minmax_v5.sql,v5_light_uv_minmax_2026_05_20,1,2026-03-22 00:01:02,2026-05-20 00:00:00,null,null,3.00,8.00
genus_care_6960332ef2b7e585,system,Solanum,Solanaceae,茄科,Solanaceae,null,null,Vegetable,"{""way"": ""保持均匀湿润，忌忽干忽湿"", ""freq"": [2, 4], ""unit"": ""天"", ""verb"": ""浇"", ""basis"": ""盆栽基线；以基质干湿而非固定天数为准""}","{""freq"": [14, 21], ""type"": ""蔬果类均衡肥，结果期补钾"", ""unit"": ""天"", ""other"": ""生长期为主；休眠/低温/弱光期减量或暂停""}","{""way"": ""全日照"", ""freq"": [6, 8], ""unit"": ""小时/天"", ""other"": ""以实际光照强度与直射时段校正，避免机械按距离判断""}","{""level"": ""outdoor_medium"", ""other"": ""保持柔和空气流动；避免闷湿、强风直吹或长期封闭"", ""sensitivity"": ""low""}",18.00,32.00,40.00,80.00,medium,audited_authority_corrected,Authority audit 2026-05-20: representative species/genus sources plus extension/RHS/ASPCA category guidance.,【属级养护基线 v2】已按权威资料修正为属级通用基线；具体品种、斑叶型、地栽/盆栽/室内外差异继续由 care_overrides 或问诊路径处理。暖季结果类蔬菜基线：至少6小时直射光、稳定水分和较高肥力。,L1_or_L2_authority_audited,rowwise_authority_audit_v2,genus_care_profiles_light_uv_minmax_v5.sql,v5_light_uv_minmax_2026_05_20,1,2026-03-22 00:13:11,2026-05-20 00:00:00,null,null,3.00,8.00
genus_care_6a57a6f75d1b6d29,system,Hoya,Apocynaceae,夹竹桃科,Apocynaceae,null,null,Flowering,"{""way"": ""表层土微干后浇透，避免叶心长期积水"", ""freq"": [5, 10], ""unit"": ""天"", ""verb"": ""浇"", ""basis"": ""盆栽基线；以基质干湿而非固定天数为准""}","{""freq"": [30, 45], ""type"": ""1/2浓度开花/均衡薄肥"", ""unit"": ""天"", ""other"": ""生长期为主；休眠/低温/弱光期减量或暂停""}","{""way"": ""明亮散射光/半阴"", ""freq"": [3, 6], ""unit"": ""小时/天"", ""other"": ""以实际光照强度与直射时段校正，避免机械按距离判断""}","{""level"": ""medium"", ""other"": ""保持柔和空气流动；避免闷湿、强风直吹或长期封闭"", ""sensitivity"": ""medium""}",18.00,28.00,50.00,80.00,low,audited_authority_corrected,Authority audit 2026-05-20: representative species/genus sources plus extension/RHS/ASPCA category guidance.,【属级养护基线 v2】已按权威资料修正为属级通用基线；具体品种、斑叶型、地栽/盆栽/室内外差异继续由 care_overrides 或问诊路径处理。室内观花/观叶兼用基线：明亮散射光、温暖、排水透气，避免直晒和闷湿。,L1_or_L2_authority_audited,rowwise_authority_audit_v2,genus_care_profiles_light_uv_minmax_v5.sql,v5_light_uv_minmax_2026_05_20,1,2026-03-22 00:17:20,2026-05-20 00:00:00,null,null,0.00,3.00
genus_care_6cc9214ab9a1e413,system,Acorus,Acoraceae,菖蒲科,Acoraceae,null,null,Aquatic,"{""way"": ""保持稳定水位/湿泥，及时补水"", ""freq"": [1, 3], ""unit"": ""天"", ""verb"": ""浇"", ""basis"": ""盆栽基线；以基质干湿而非固定天数为准""}","{""freq"": [30, 45], ""type"": ""水生植物缓释肥"", ""unit"": ""天"", ""other"": ""生长期为主；休眠/低温/弱光期减量或暂停""}","{""way"": ""全日照"", ""freq"": [6, 8], ""unit"": ""小时/天"", ""other"": ""以实际光照强度与直射时段校正，避免机械按距离判断""}","{""level"": ""outdoor_medium"", ""other"": ""保持柔和空气流动；避免闷湿、强风直吹或长期封闭"", ""sensitivity"": ""low""}",15.00,32.00,60.00,100.00,low,audited_authority_corrected,Authority audit 2026-05-20: representative species/genus sources plus extension/RHS/ASPCA category guidance.,【属级养护基线 v2】已按权威资料修正为属级通用基线；具体品种、斑叶型、地栽/盆栽/室内外差异继续由 care_overrides 或问诊路径处理。水生植物基线：稳定水位、静水或缓流、足够日照。,L1_or_L2_authority_audited,rowwise_authority_audit_v2,genus_care_profiles_light_uv_minmax_v5.sql,v5_light_uv_minmax_2026_05_20,1,2026-03-21 23:59:15,2026-05-20 00:00:00,null,null,3.00,8.00
genus_care_6f0e23f4e5c593c9,system,Radermachera,Bignoniaceae,紫葳科,Bignoniaceae,null,null,Foliage,"{""way"": ""表层2–3cm微干后浇透"", ""freq"": [5, 10], ""unit"": ""天"", ""verb"": ""浇"", ""basis"": ""盆栽基线；以基质干湿而非固定天数为准""}","{""freq"": [30, 45], ""type"": ""1/2浓度均衡肥"", ""unit"": ""天"", ""other"": ""生长期为主；休眠/低温/弱光期减量或暂停""}","{""way"": ""明亮散射光/半阴"", ""freq"": [3, 6], ""unit"": ""小时/天"", ""other"": ""以实际光照强度与直射时段校正，避免机械按距离判断""}","{""level"": ""medium"", ""other"": ""保持柔和空气流动；避免闷湿、强风直吹或长期封闭"", ""sensitivity"": ""medium""}",18.00,30.00,50.00,80.00,medium,audited_authority_corrected,Authority audit 2026-05-20: representative species/genus sources plus extension/RHS/ASPCA category guidance.,【属级养护基线 v2】已按权威资料修正为属级通用基线；具体品种、斑叶型、地栽/盆栽/室内外差异继续由 care_overrides 或问诊路径处理。热带观叶基线：明亮散射光、稳定温暖、避免积水。,L1_or_L2_authority_audited,rowwise_authority_audit_v2,genus_care_profiles_light_uv_minmax_v5.sql,v5_light_uv_minmax_2026_05_20,1,2026-03-22 00:13:11,2026-05-20 00:00:00,null,null,0.00,3.00
genus_care_71d09381facc4a04,system,Mentha,Lamiaceae,唇形科,Lamiaceae,null,null,Herb,"{""way"": ""保持微湿但不积水"", ""freq"": [3, 6], ""unit"": ""天"", ""verb"": ""浇"", ""basis"": ""盆栽基线；以基质干湿而非固定天数为准""}","{""freq"": [21, 30], ""type"": ""低浓度均衡肥"", ""unit"": ""天"", ""other"": ""生长期为主；休眠/低温/弱光期减量或暂停""}","{""way"": ""全日照/半日照，炎热季可午后遮阴"", ""freq"": [4, 6], ""unit"": ""小时/天"", ""other"": ""以实际光照强度与直射时段校正，避免机械按距离判断""}","{""level"": ""medium"", ""other"": ""保持柔和空气流动；避免闷湿、强风直吹或长期封闭"", ""sensitivity"": ""low""}",15.00,28.00,40.00,75.00,low,audited_authority_corrected,Authority audit 2026-05-20: representative species/genus sources plus extension/RHS/ASPCA category guidance.,【属级养护基线 v2】已按权威资料修正为属级通用基线；具体品种、斑叶型、地栽/盆栽/室内外差异继续由 care_overrides 或问诊路径处理。柔嫩香草基线：明亮、湿润但排水好，室内需补光。,L1_or_L2_authority_audited,rowwise_authority_audit_v2,genus_care_profiles_light_uv_minmax_v5.sql,v5_light_uv_minmax_2026_05_20,1,2026-03-22 00:13:11,2026-05-20 00:00:00,null,null,2.00,6.00
genus_care_72c67da77bbdfbd8,system,Rhododendron,Ericaceae,杜鹃花科,Ericaceae,null,null,Flowering,"{""way"": ""保持均匀湿润，忌积水和碱性水土"", ""freq"": [4, 7], ""unit"": ""天"", ""verb"": ""浇"", ""basis"": ""盆栽基线；以基质干湿而非固定天数为准""}","{""freq"": [30, 45], ""type"": ""酸性植物肥"", ""unit"": ""天"", ""other"": ""生长期为主；休眠/低温/弱光期减量或暂停""}","{""way"": ""半阴/晨光，避午后烈日"", ""freq"": [3, 6], ""unit"": ""小时/天"", ""other"": ""以实际光照强度与直射时段校正，避免机械按距离判断""}","{""level"": ""medium"", ""other"": ""保持柔和空气流动；避免闷湿、强风直吹或长期封闭"", ""sensitivity"": ""medium""}",5.00,26.00,50.00,80.00,high,audited_authority_corrected,Authority audit 2026-05-20: representative species/genus sources plus extension/RHS/ASPCA category guidance.,【属级养护基线 v2】已按权威资料修正为属级通用基线；具体品种、斑叶型、地栽/盆栽/室内外差异继续由 care_overrides 或问诊路径处理。杜鹃为酸性土花木，需半阴和湿润排水；毒性应上调。,L1_or_L2_authority_audited,rowwise_authority_audit_v2,genus_care_profiles_light_uv_minmax_v5.sql,v5_light_uv_minmax_2026_05_20,1,2026-03-22 00:13:11,2026-05-20 00:00:00,null,null,0.00,4.00
genus_care_74c897435c18f730,system,Aglaonema,Araceae,天南星科,Araceae,null,null,Foliage,"{""way"": ""表层2–3cm微干后浇透"", ""freq"": [5, 10], ""unit"": ""天"", ""verb"": ""浇"", ""basis"": ""盆栽基线；以基质干湿而非固定天数为准""}","{""freq"": [30, 45], ""type"": ""1/2浓度均衡肥"", ""unit"": ""天"", ""other"": ""生长期为主；休眠/低温/弱光期减量或暂停""}","{""way"": ""明亮散射光/半阴"", ""freq"": [3, 6], ""unit"": ""小时/天"", ""other"": ""以实际光照强度与直射时段校正，避免机械按距离判断""}","{""level"": ""medium"", ""other"": ""保持柔和空气流动；避免闷湿、强风直吹或长期封闭"", ""sensitivity"": ""medium""}",18.00,30.00,50.00,80.00,medium,audited_authority_corrected,Authority audit 2026-05-20: representative species/genus sources plus extension/RHS/ASPCA category guidance.,【属级养护基线 v2】已按权威资料修正为属级通用基线；具体品种、斑叶型、地栽/盆栽/室内外差异继续由 care_overrides 或问诊路径处理。热带观叶基线：明亮散射光、稳定温暖、避免积水。,L1_or_L2_authority_audited,rowwise_authority_audit_v2,genus_care_profiles_light_uv_minmax_v5.sql,v5_light_uv_minmax_2026_05_20,1,2026-03-21 23:59:15,2026-05-20 00:00:00,null,null,0.00,3.00
genus_care_751b65647771a8a2,system,Peperomia,Piperaceae,null,Piperaceae,null,null,Foliage,"{""way"": ""表层2–3cm微干后浇透"", ""freq"": [5, 10], ""unit"": ""天"", ""verb"": ""浇"", ""basis"": ""盆栽基线；以基质干湿而非固定天数为准""}","{""freq"": [30, 45], ""type"": ""1/2浓度均衡肥"", ""unit"": ""天"", ""other"": ""生长期为主；休眠/低温/弱光期减量或暂停""}","{""way"": ""明亮散射光/半阴"", ""freq"": [3, 6], ""unit"": ""小时/天"", ""other"": ""以实际光照强度与直射时段校正，避免机械按距离判断""}","{""level"": ""medium"", ""other"": ""保持柔和空气流动；避免闷湿、强风直吹或长期封闭"", ""sensitivity"": ""medium""}",18.00,30.00,50.00,80.00,low,audited_authority_corrected,Authority audit 2026-05-20: representative species/genus sources plus extension/RHS/ASPCA category guidance.,【属级养护基线 v2】已按权威资料修正为属级通用基线；具体品种、斑叶型、地栽/盆栽/室内外差异继续由 care_overrides 或问诊路径处理。热带观叶基线：明亮散射光、稳定温暖、避免积水。,L1_or_L2_authority_audited,rowwise_authority_audit_v2,genus_care_profiles_light_uv_minmax_v5.sql,v5_light_uv_minmax_2026_05_20,1,2026-03-22 00:13:11,2026-05-20 00:00:00,null,null,0.00,3.00
genus_care_7cd2af3127a2d8b9,system,Chamaedorea,Arecaceae,棕榈科,Arecaceae,null,null,Foliage,"{""way"": ""表层2–3cm微干后浇透"", ""freq"": [5, 10], ""unit"": ""天"", ""verb"": ""浇"", ""basis"": ""盆栽基线；以基质干湿而非固定天数为准""}","{""freq"": [30, 45], ""type"": ""1/2浓度均衡肥"", ""unit"": ""天"", ""other"": ""生长期为主；休眠/低温/弱光期减量或暂停""}","{""way"": ""明亮散射光/半阴"", ""freq"": [3, 6], ""unit"": ""小时/天"", ""other"": ""以实际光照强度与直射时段校正，避免机械按距离判断""}","{""level"": ""medium"", ""other"": ""保持柔和空气流动；避免闷湿、强风直吹或长期封闭"", ""sensitivity"": ""medium""}",18.00,30.00,50.00,80.00,low,audited_authority_corrected,Authority audit 2026-05-20: representative species/genus sources plus extension/RHS/ASPCA category guidance.,【属级养护基线 v2】已按权威资料修正为属级通用基线；具体品种、斑叶型、地栽/盆栽/室内外差异继续由 care_overrides 或问诊路径处理。热带观叶基线：明亮散射光、稳定温暖、避免积水。,L1_or_L2_authority_audited,rowwise_authority_audit_v2,genus_care_profiles_light_uv_minmax_v5.sql,v5_light_uv_minmax_2026_05_20,1,2026-03-22 00:01:02,2026-05-20 00:00:00,null,null,0.00,3.00
genus_care_7e1929c5b938138f,system,Cucumis,Cucurbitaceae,葫芦科,Cucurbitaceae,null,null,Vegetable,"{""way"": ""保持均匀湿润，忌忽干忽湿"", ""freq"": [2, 4], ""unit"": ""天"", ""verb"": ""浇"", ""basis"": ""盆栽基线；以基质干湿而非固定天数为准""}","{""freq"": [14, 21], ""type"": ""蔬果类均衡肥，结果期补钾"", ""unit"": ""天"", ""other"": ""生长期为主；休眠/低温/弱光期减量或暂停""}","{""way"": ""全日照"", ""freq"": [6, 8], ""unit"": ""小时/天"", ""other"": ""以实际光照强度与直射时段校正，避免机械按距离判断""}","{""level"": ""outdoor_medium"", ""other"": ""保持柔和空气流动；避免闷湿、强风直吹或长期封闭"", ""sensitivity"": ""low""}",18.00,32.00,40.00,80.00,low,audited_authority_corrected,Authority audit 2026-05-20: representative species/genus sources plus extension/RHS/ASPCA category guidance.,【属级养护基线 v2】已按权威资料修正为属级通用基线；具体品种、斑叶型、地栽/盆栽/室内外差异继续由 care_overrides 或问诊路径处理。暖季结果类蔬菜基线：至少6小时直射光、稳定水分和较高肥力。,L1_or_L2_authority_audited,rowwise_authority_audit_v2,genus_care_profiles_light_uv_minmax_v5.sql,v5_light_uv_minmax_2026_05_20,1,2026-03-22 00:01:02,2026-05-20 00:00:00,null,null,3.00,8.00
genus_care_8030273b54f28927,system,Dieffenbachia,Araceae,天南星科,Araceae,null,null,Foliage,"{""way"": ""表层2–3cm微干后浇透"", ""freq"": [5, 10], ""unit"": ""天"", ""verb"": ""浇"", ""basis"": ""盆栽基线；以基质干湿而非固定天数为准""}","{""freq"": [30, 45], ""type"": ""1/2浓度均衡肥"", ""unit"": ""天"", ""other"": ""生长期为主；休眠/低温/弱光期减量或暂停""}","{""way"": ""明亮散射光/半阴"", ""freq"": [3, 6], ""unit"": ""小时/天"", ""other"": ""以实际光照强度与直射时段校正，避免机械按距离判断""}","{""level"": ""medium"", ""other"": ""保持柔和空气流动；避免闷湿、强风直吹或长期封闭"", ""sensitivity"": ""medium""}",18.00,30.00,50.00,80.00,high,audited_authority_corrected,Authority audit 2026-05-20: representative species/genus sources plus extension/RHS/ASPCA category guidance.,【属级养护基线 v2】已按权威资料修正为属级通用基线；具体品种、斑叶型、地栽/盆栽/室内外差异继续由 care_overrides 或问诊路径处理。热带观叶基线：明亮散射光、稳定温暖、避免积水。,L1_or_L2_authority_audited,rowwise_authority_audit_v2,genus_care_profiles_light_uv_minmax_v5.sql,v5_light_uv_minmax_2026_05_20,1,2026-03-22 00:04:53,2026-05-20 00:00:00,null,null,0.00,3.00
genus_care_8100bfd774d6512a,system,Mammillaria,Cactaceae,仙人掌科,Cactaceae,null,null,Succulent,"{""way"": ""完全干透再浇；低温休眠期大幅控水"", ""freq"": [20, 35], ""unit"": ""天"", ""verb"": ""浇"", ""basis"": ""盆栽基线；以基质干湿而非固定天数为准""}","{""freq"": [45, 75], ""type"": ""低氮仙人掌薄肥"", ""unit"": ""天"", ""other"": ""生长期为主；休眠/低温/弱光期减量或暂停""}","{""way"": ""全日照/强光"", ""freq"": [6, 8], ""unit"": ""小时/天"", ""other"": ""以实际光照强度与直射时段校正，避免机械按距离判断""}","{""level"": ""high"", ""other"": ""保持柔和空气流动；避免闷湿、强风直吹或长期封闭"", ""sensitivity"": ""high""}",10.00,35.00,20.00,50.00,low,audited_authority_corrected,Authority audit 2026-05-20: representative species/genus sources plus extension/RHS/ASPCA category guidance.,【属级养护基线 v2】已按权威资料修正为属级通用基线；具体品种、斑叶型、地栽/盆栽/室内外差异继续由 care_overrides 或问诊路径处理。旱生仙人掌基线：强光、低湿、强排水，冬季控水。,L1_or_L2_authority_audited,rowwise_authority_audit_v2,genus_care_profiles_light_uv_minmax_v5.sql,v5_light_uv_minmax_2026_05_20,1,2026-03-22 00:13:11,2026-05-20 00:00:00,null,null,3.00,8.00
genus_care_82151c1e4ae25dc1,system,Crocus,Iridaceae,鸢尾科,Iridaceae,null,null,Bulb Flower,"{""way"": ""生长期保持微湿，休眠期干燥"", ""freq"": [5, 10], ""unit"": ""天"", ""verb"": ""浇"", ""basis"": ""盆栽基线；以基质干湿而非固定天数为准""}","{""freq"": [30, 45], ""type"": ""球根肥"", ""unit"": ""天"", ""other"": ""生长期为主；休眠/低温/弱光期减量或暂停""}","{""way"": ""全日照/半日照"", ""freq"": [5, 8], ""unit"": ""小时/天"", ""other"": ""以实际光照强度与直射时段校正，避免机械按距离判断""}","{""level"": ""medium"", ""other"": ""保持柔和空气流动；避免闷湿、强风直吹或长期封闭"", ""sensitivity"": ""low""}",5.00,22.00,40.00,70.00,medium,audited_authority_corrected,Authority audit 2026-05-20: representative species/genus sources plus extension/RHS/ASPCA category guidance.,【属级养护基线 v2】已按权威资料修正为属级通用基线；具体品种、斑叶型、地栽/盆栽/室内外差异继续由 care_overrides 或问诊路径处理。番红花类需排水和充足光照，不能按室内散射光模板。,L1_or_L2_authority_audited,rowwise_authority_audit_v2,genus_care_profiles_light_uv_minmax_v5.sql,v5_light_uv_minmax_2026_05_20,1,2026-03-22 00:01:02,2026-05-20 00:00:00,null,null,1.00,5.00
genus_care_82b9307cecbbbf91,system,Hydrocotyle,Araliaceae,null,Araliaceae,null,null,Aquatic,"{""way"": ""保持稳定水位/湿泥，及时补水"", ""freq"": [1, 3], ""unit"": ""天"", ""verb"": ""浇"", ""basis"": ""盆栽基线；以基质干湿而非固定天数为准""}","{""freq"": [30, 45], ""type"": ""水生植物缓释肥"", ""unit"": ""天"", ""other"": ""生长期为主；休眠/低温/弱光期减量或暂停""}","{""way"": ""全日照"", ""freq"": [6, 8], ""unit"": ""小时/天"", ""other"": ""以实际光照强度与直射时段校正，避免机械按距离判断""}","{""level"": ""outdoor_medium"", ""other"": ""保持柔和空气流动；避免闷湿、强风直吹或长期封闭"", ""sensitivity"": ""low""}",15.00,32.00,60.00,100.00,low,audited_authority_corrected,Authority audit 2026-05-20: representative species/genus sources plus extension/RHS/ASPCA category guidance.,【属级养护基线 v2】已按权威资料修正为属级通用基线；具体品种、斑叶型、地栽/盆栽/室内外差异继续由 care_overrides 或问诊路径处理。水生植物基线：稳定水位、静水或缓流、足够日照。,L1_or_L2_authority_audited,rowwise_authority_audit_v2,genus_care_profiles_light_uv_minmax_v5.sql,v5_light_uv_minmax_2026_05_20,1,2026-03-22 00:17:20,2026-05-20 00:00:00,null,null,3.00,8.00
genus_care_855942c8d6c59b36,system,Lithops,Aizoaceae,番杏科,Aizoaceae,null,null,Succulent,"{""way"": ""蜕皮/休眠期停水，生长期完全干透后极少量浇"", ""freq"": [30, 60], ""unit"": ""天"", ""verb"": ""浇"", ""basis"": ""盆栽基线；以基质干湿而非固定天数为准""}","{""freq"": [60, 90], ""type"": ""极少量低氮肥"", ""unit"": ""天"", ""other"": ""生长期为主；休眠/低温/弱光期减量或暂停""}","{""way"": ""强光/全日照，夏季高温适当遮阴"", ""freq"": [5, 8], ""unit"": ""小时/天"", ""other"": ""以实际光照强度与直射时段校正，避免机械按距离判断""}","{""level"": ""high"", ""other"": ""保持柔和空气流动；避免闷湿、强风直吹或长期封闭"", ""sensitivity"": ""high""}",10.00,35.00,15.00,45.00,low,audited_authority_corrected,Authority audit 2026-05-20: representative species/genus sources plus extension/RHS/ASPCA category guidance.,【属级养护基线 v2】已按权威资料修正为属级通用基线；具体品种、斑叶型、地栽/盆栽/室内外差异继续由 care_overrides 或问诊路径处理。生石花需极干燥管理，不能按普通多肉10–15天浇水。,L1_or_L2_authority_audited,rowwise_authority_audit_v2,genus_care_profiles_light_uv_minmax_v5.sql,v5_light_uv_minmax_2026_05_20,1,2026-03-22 00:13:11,2026-05-20 00:00:00,null,null,2.00,7.00
genus_care_878fa994bade2e02,system,Echeveria,Crassulaceae,景天科,Crassulaceae,null,null,Succulent,"{""way"": ""完全干透再浇"", ""freq"": [14, 30], ""unit"": ""天"", ""verb"": ""浇"", ""basis"": ""盆栽基线；以基质干湿而非固定天数为准""}","{""freq"": [45, 60], ""type"": ""低氮薄肥/多肉肥"", ""unit"": ""天"", ""other"": ""生长期为主；休眠/低温/弱光期减量或暂停""}","{""way"": ""强光/明亮直射或补光"", ""freq"": [4, 8], ""unit"": ""小时/天"", ""other"": ""以实际光照强度与直射时段校正，避免机械按距离判断""}","{""level"": ""high"", ""other"": ""保持柔和空气流动；避免闷湿、强风直吹或长期封闭"", ""sensitivity"": ""high""}",10.00,35.00,20.00,60.00,low,audited_authority_corrected,Authority audit 2026-05-20: representative species/genus sources plus extension/RHS/ASPCA category guidance.,【属级养护基线 v2】已按权威资料修正为属级通用基线；具体品种、斑叶型、地栽/盆栽/室内外差异继续由 care_overrides 或问诊路径处理。旱生多肉基线：强光、排水、通风，宁干勿湿。,L1_or_L2_authority_audited,rowwise_authority_audit_v2,genus_care_profiles_light_uv_minmax_v5.sql,v5_light_uv_minmax_2026_05_20,1,2026-03-22 00:04:53,2026-05-20 00:00:00,null,null,3.00,8.00
genus_care_885bfbb230562326,system,Abelmoschus,Malvaceae,锦葵科,Malvaceae,null,null,Vegetable,"{""way"": ""保持均匀湿润，忌忽干忽湿"", ""freq"": [2, 4], ""unit"": ""天"", ""verb"": ""浇"", ""basis"": ""盆栽基线；以基质干湿而非固定天数为准""}","{""freq"": [14, 21], ""type"": ""蔬果类均衡肥，结果期补钾"", ""unit"": ""天"", ""other"": ""生长期为主；休眠/低温/弱光期减量或暂停""}","{""way"": ""全日照"", ""freq"": [6, 8], ""unit"": ""小时/天"", ""other"": ""以实际光照强度与直射时段校正，避免机械按距离判断""}","{""level"": ""outdoor_medium"", ""other"": ""保持柔和空气流动；避免闷湿、强风直吹或长期封闭"", ""sensitivity"": ""low""}",18.00,32.00,40.00,80.00,low,audited_authority_corrected,Authority audit 2026-05-20: representative species/genus sources plus extension/RHS/ASPCA category guidance.,【属级养护基线 v2】已按权威资料修正为属级通用基线；具体品种、斑叶型、地栽/盆栽/室内外差异继续由 care_overrides 或问诊路径处理。暖季结果类蔬菜基线：至少6小时直射光、稳定水分和较高肥力。,L1_or_L2_authority_audited,rowwise_authority_audit_v2,genus_care_profiles_light_uv_minmax_v5.sql,v5_light_uv_minmax_2026_05_20,1,2026-03-21 23:59:15,2026-05-20 00:00:00,null,null,3.00,8.00
genus_care_89434ab6feba3e96,system,Hibiscus,Malvaceae,锦葵科,Malvaceae,null,null,Flowering,"{""way"": ""表层土微干后浇透，生长期需水较多"", ""freq"": [3, 5], ""unit"": ""天"", ""verb"": ""浇"", ""basis"": ""盆栽基线；以基质干湿而非固定天数为准""}","{""freq"": [14, 30], ""type"": ""开花植物肥"", ""unit"": ""天"", ""other"": ""生长期为主；休眠/低温/弱光期减量或暂停""}","{""way"": ""全日照/强光"", ""freq"": [6, 8], ""unit"": ""小时/天"", ""other"": ""以实际光照强度与直射时段校正，避免机械按距离判断""}","{""level"": ""outdoor_medium"", ""other"": ""保持柔和空气流动；避免闷湿、强风直吹或长期封闭"", ""sensitivity"": ""low""}",18.00,35.00,45.00,80.00,low,audited_authority_corrected,Authority audit 2026-05-20: representative species/genus sources plus extension/RHS/ASPCA category guidance.,【属级养护基线 v2】已按权威资料修正为属级通用基线；具体品种、斑叶型、地栽/盆栽/室内外差异继续由 care_overrides 或问诊路径处理。朱槿/木槿类开花需强光，原表10–20℃和散射光明显偏差。,L1_or_L2_authority_audited,rowwise_authority_audit_v2,genus_care_profiles_light_uv_minmax_v5.sql,v5_light_uv_minmax_2026_05_20,1,2026-03-22 00:17:20,2026-05-20 00:00:00,null,null,3.00,8.00
genus_care_8ba9e45670e57be5,system,Gerbera,Asteraceae,菊科,Asteraceae,null,null,Flowering,"{""way"": ""表层土微干后浇透"", ""freq"": [3, 7], ""unit"": ""天"", ""verb"": ""浇"", ""basis"": ""盆栽基线；以基质干湿而非固定天数为准""}","{""freq"": [14, 30], ""type"": ""开花植物均衡肥"", ""unit"": ""天"", ""other"": ""生长期为主；休眠/低温/弱光期减量或暂停""}","{""way"": ""全日照"", ""freq"": [6, 8], ""unit"": ""小时/天"", ""other"": ""以实际光照强度与直射时段校正，避免机械按距离判断""}","{""level"": ""outdoor_medium"", ""other"": ""保持柔和空气流动；避免闷湿、强风直吹或长期封闭"", ""sensitivity"": ""low""}",10.00,30.00,40.00,75.00,low,audited_authority_corrected,Authority audit 2026-05-20: representative species/genus sources plus extension/RHS/ASPCA category guidance.,【属级养护基线 v2】已按权威资料修正为属级通用基线；具体品种、斑叶型、地栽/盆栽/室内外差异继续由 care_overrides 或问诊路径处理。露地开花植物基线：多为全日照和排水良好，盆栽需稳定水分。,L1_or_L2_authority_audited,rowwise_authority_audit_v2,genus_care_profiles_light_uv_minmax_v5.sql,v5_light_uv_minmax_2026_05_20,1,2026-03-22 00:04:53,2026-05-20 00:00:00,null,null,3.00,8.00
genus_care_8bcca01a47a12699,system,Curio,Asteraceae,菊科,Asteraceae,null,null,Succulent,"{""way"": ""完全干透再浇"", ""freq"": [14, 30], ""unit"": ""天"", ""verb"": ""浇"", ""basis"": ""盆栽基线；以基质干湿而非固定天数为准""}","{""freq"": [45, 60], ""type"": ""低氮薄肥/多肉肥"", ""unit"": ""天"", ""other"": ""生长期为主；休眠/低温/弱光期减量或暂停""}","{""way"": ""强光/明亮直射或补光"", ""freq"": [4, 8], ""unit"": ""小时/天"", ""other"": ""以实际光照强度与直射时段校正，避免机械按距离判断""}","{""level"": ""high"", ""other"": ""保持柔和空气流动；避免闷湿、强风直吹或长期封闭"", ""sensitivity"": ""high""}",10.00,35.00,20.00,60.00,low,audited_authority_corrected,Authority audit 2026-05-20: representative species/genus sources plus extension/RHS/ASPCA category guidance.,【属级养护基线 v2】已按权威资料修正为属级通用基线；具体品种、斑叶型、地栽/盆栽/室内外差异继续由 care_overrides 或问诊路径处理。旱生多肉基线：强光、排水、通风，宁干勿湿。,L1_or_L2_authority_audited,rowwise_authority_audit_v2,genus_care_profiles_light_uv_minmax_v5.sql,v5_light_uv_minmax_2026_05_20,1,2026-03-22 00:01:02,2026-05-20 00:00:00,null,null,3.00,8.00
genus_care_8d0f016852d6111e,system,Lilium,Liliaceae,百合科,Liliaceae,null,null,Flowering,"{""way"": ""保持均匀湿润但排水良好"", ""freq"": [4, 7], ""unit"": ""天"", ""verb"": ""浇"", ""basis"": ""盆栽基线；以基质干湿而非固定天数为准""}","{""freq"": [30, 45], ""type"": ""球根开花肥"", ""unit"": ""天"", ""other"": ""生长期为主；休眠/低温/弱光期减量或暂停""}","{""way"": ""全日照/半日照"", ""freq"": [5, 8], ""unit"": ""小时/天"", ""other"": ""以实际光照强度与直射时段校正，避免机械按距离判断""}","{""level"": ""medium"", ""other"": ""保持柔和空气流动；避免闷湿、强风直吹或长期封闭"", ""sensitivity"": ""medium""}",8.00,28.00,40.00,75.00,high,audited_authority_corrected,Authority audit 2026-05-20: representative species/genus sources plus extension/RHS/ASPCA category guidance.,【属级养护基线 v2】已按权威资料修正为属级通用基线；具体品种、斑叶型、地栽/盆栽/室内外差异继续由 care_overrides 或问诊路径处理。百合需充足光照且对猫高毒，原表低毒错误。,L1_or_L2_authority_audited,rowwise_authority_audit_v2,genus_care_profiles_light_uv_minmax_v5.sql,v5_light_uv_minmax_2026_05_20,1,2026-03-22 00:17:20,2026-05-20 00:00:00,null,null,3.00,8.00
genus_care_9003af2c6b08e5bd,system,Campsis,Bignoniaceae,紫葳科,Bignoniaceae,null,null,Flowering,"{""way"": ""表层土微干后浇透"", ""freq"": [3, 7], ""unit"": ""天"", ""verb"": ""浇"", ""basis"": ""盆栽基线；以基质干湿而非固定天数为准""}","{""freq"": [14, 30], ""type"": ""开花植物均衡肥"", ""unit"": ""天"", ""other"": ""生长期为主；休眠/低温/弱光期减量或暂停""}","{""way"": ""全日照"", ""freq"": [6, 8], ""unit"": ""小时/天"", ""other"": ""以实际光照强度与直射时段校正，避免机械按距离判断""}","{""level"": ""outdoor_medium"", ""other"": ""保持柔和空气流动；避免闷湿、强风直吹或长期封闭"", ""sensitivity"": ""low""}",10.00,30.00,40.00,75.00,low,audited_authority_corrected,Authority audit 2026-05-20: representative species/genus sources plus extension/RHS/ASPCA category guidance.,【属级养护基线 v2】已按权威资料修正为属级通用基线；具体品种、斑叶型、地栽/盆栽/室内外差异继续由 care_overrides 或问诊路径处理。露地开花植物基线：多为全日照和排水良好，盆栽需稳定水分。,L1_or_L2_authority_audited,rowwise_authority_audit_v2,genus_care_profiles_light_uv_minmax_v5.sql,v5_light_uv_minmax_2026_05_20,1,2026-03-22 00:01:02,2026-05-20 00:00:00,null,null,3.00,8.00
genus_care_90882bdb104eb8c4,system,Petunia,Solanaceae,茄科,Solanaceae,null,null,Flowering,"{""way"": ""表层土微干后浇透"", ""freq"": [3, 7], ""unit"": ""天"", ""verb"": ""浇"", ""basis"": ""盆栽基线；以基质干湿而非固定天数为准""}","{""freq"": [14, 30], ""type"": ""开花植物均衡肥"", ""unit"": ""天"", ""other"": ""生长期为主；休眠/低温/弱光期减量或暂停""}","{""way"": ""全日照"", ""freq"": [6, 8], ""unit"": ""小时/天"", ""other"": ""以实际光照强度与直射时段校正，避免机械按距离判断""}","{""level"": ""outdoor_medium"", ""other"": ""保持柔和空气流动；避免闷湿、强风直吹或长期封闭"", ""sensitivity"": ""low""}",10.00,30.00,40.00,75.00,low,audited_authority_corrected,Authority audit 2026-05-20: representative species/genus sources plus extension/RHS/ASPCA category guidance.,【属级养护基线 v2】已按权威资料修正为属级通用基线；具体品种、斑叶型、地栽/盆栽/室内外差异继续由 care_overrides 或问诊路径处理。露地开花植物基线：多为全日照和排水良好，盆栽需稳定水分。,L1_or_L2_authority_audited,rowwise_authority_audit_v2,genus_care_profiles_light_uv_minmax_v5.sql,v5_light_uv_minmax_2026_05_20,1,2026-03-22 00:13:11,2026-05-20 00:00:00,null,null,3.00,8.00
genus_care_93f4ae3a0907f97a,system,Schlumbergera,Cactaceae,仙人掌科,Cactaceae,null,null,Flowering,"{""way"": ""基质表层变干后浇透，忌长期干透"", ""freq"": [7, 14], ""unit"": ""天"", ""verb"": ""浇"", ""basis"": ""盆栽基线；以基质干湿而非固定天数为准""}","{""freq"": [30, 45], ""type"": ""仙人掌/开花植物薄肥"", ""unit"": ""天"", ""other"": ""生长期为主；休眠/低温/弱光期减量或暂停""}","{""way"": ""明亮散射光/短时晨光"", ""freq"": [3, 6], ""unit"": ""小时/天"", ""other"": ""以实际光照强度与直射时段校正，避免机械按距离判断""}","{""level"": ""medium"", ""other"": ""保持柔和空气流动；避免闷湿、强风直吹或长期封闭"", ""sensitivity"": ""medium""}",15.00,27.00,40.00,70.00,low,audited_authority_corrected,Authority audit 2026-05-20: representative species/genus sources plus extension/RHS/ASPCA category guidance.,【属级养护基线 v2】已按权威资料修正为属级通用基线；具体品种、斑叶型、地栽/盆栽/室内外差异继续由 care_overrides 或问诊路径处理。蟹爪兰为附生仙人掌，不能按沙漠仙人掌全日暴晒和极干管理。,L1_or_L2_authority_audited,rowwise_authority_audit_v2,genus_care_profiles_light_uv_minmax_v5.sql,v5_light_uv_minmax_2026_05_20,1,2026-03-22 00:13:11,2026-05-20 00:00:00,null,null,0.00,4.00
genus_care_952d2ba7d0965e86,system,Echinopsis,Cactaceae,仙人掌科,Cactaceae,null,null,Succulent,"{""way"": ""完全干透再浇；低温休眠期大幅控水"", ""freq"": [20, 35], ""unit"": ""天"", ""verb"": ""浇"", ""basis"": ""盆栽基线；以基质干湿而非固定天数为准""}","{""freq"": [45, 75], ""type"": ""低氮仙人掌薄肥"", ""unit"": ""天"", ""other"": ""生长期为主；休眠/低温/弱光期减量或暂停""}","{""way"": ""全日照/强光"", ""freq"": [6, 8], ""unit"": ""小时/天"", ""other"": ""以实际光照强度与直射时段校正，避免机械按距离判断""}","{""level"": ""high"", ""other"": ""保持柔和空气流动；避免闷湿、强风直吹或长期封闭"", ""sensitivity"": ""high""}",10.00,35.00,20.00,50.00,low,audited_authority_corrected,Authority audit 2026-05-20: representative species/genus sources plus extension/RHS/ASPCA category guidance.,【属级养护基线 v2】已按权威资料修正为属级通用基线；具体品种、斑叶型、地栽/盆栽/室内外差异继续由 care_overrides 或问诊路径处理。旱生仙人掌基线：强光、低湿、强排水，冬季控水。,L1_or_L2_authority_audited,rowwise_authority_audit_v2,genus_care_profiles_light_uv_minmax_v5.sql,v5_light_uv_minmax_2026_05_20,1,2026-03-22 00:04:53,2026-05-20 00:00:00,null,null,3.00,8.00
genus_care_96f351898d7fd514,system,Curcuma,Zingiberaceae,姜科,Zingiberaceae,null,null,Flowering,"{""way"": ""生长期保持湿润，休眠期减水"", ""freq"": [4, 7], ""unit"": ""天"", ""verb"": ""浇"", ""basis"": ""盆栽基线；以基质干湿而非固定天数为准""}","{""freq"": [21, 30], ""type"": ""姜科开花植物肥"", ""unit"": ""天"", ""other"": ""生长期为主；休眠/低温/弱光期减量或暂停""}","{""way"": ""明亮散射光/半日照"", ""freq"": [3, 6], ""unit"": ""小时/天"", ""other"": ""以实际光照强度与直射时段校正，避免机械按距离判断""}","{""level"": ""medium"", ""other"": ""保持柔和空气流动；避免闷湿、强风直吹或长期封闭"", ""sensitivity"": ""medium""}",18.00,32.00,50.00,85.00,low,audited_authority_corrected,Authority audit 2026-05-20: representative species/genus sources plus extension/RHS/ASPCA category guidance.,【属级养护基线 v2】已按权威资料修正为属级通用基线；具体品种、斑叶型、地栽/盆栽/室内外差异继续由 care_overrides 或问诊路径处理。姜荷花/郁金类喜温暖湿润，原表10–20℃偏低。,L1_or_L2_authority_audited,rowwise_authority_audit_v2,genus_care_profiles_light_uv_minmax_v5.sql,v5_light_uv_minmax_2026_05_20,1,2026-03-22 00:01:02,2026-05-20 00:00:00,null,null,1.00,5.00
genus_care_979131555a1ee882,system,Thalia,Marantaceae,竹芋科,Marantaceae,null,null,Aquatic,"{""way"": ""保持稳定水位/湿泥，及时补水"", ""freq"": [1, 3], ""unit"": ""天"", ""verb"": ""浇"", ""basis"": ""盆栽基线；以基质干湿而非固定天数为准""}","{""freq"": [30, 45], ""type"": ""水生植物缓释肥"", ""unit"": ""天"", ""other"": ""生长期为主；休眠/低温/弱光期减量或暂停""}","{""way"": ""全日照"", ""freq"": [6, 8], ""unit"": ""小时/天"", ""other"": ""以实际光照强度与直射时段校正，避免机械按距离判断""}","{""level"": ""outdoor_medium"", ""other"": ""保持柔和空气流动；避免闷湿、强风直吹或长期封闭"", ""sensitivity"": ""low""}",15.00,32.00,60.00,100.00,low,audited_authority_corrected,Authority audit 2026-05-20: representative species/genus sources plus extension/RHS/ASPCA category guidance.,【属级养护基线 v2】已按权威资料修正为属级通用基线；具体品种、斑叶型、地栽/盆栽/室内外差异继续由 care_overrides 或问诊路径处理。水生植物基线：稳定水位、静水或缓流、足够日照。,L1_or_L2_authority_audited,rowwise_authority_audit_v2,genus_care_profiles_light_uv_minmax_v5.sql,v5_light_uv_minmax_2026_05_20,1,2026-03-22 00:13:11,2026-05-20 00:00:00,null,null,3.00,8.00
genus_care_97f3686ecd986bb6,system,Rhapis,Arecaceae,棕榈科,Arecaceae,null,null,Foliage,"{""way"": ""表层2–3cm微干后浇透"", ""freq"": [5, 10], ""unit"": ""天"", ""verb"": ""浇"", ""basis"": ""盆栽基线；以基质干湿而非固定天数为准""}","{""freq"": [30, 45], ""type"": ""1/2浓度均衡肥"", ""unit"": ""天"", ""other"": ""生长期为主；休眠/低温/弱光期减量或暂停""}","{""way"": ""明亮散射光/半阴"", ""freq"": [3, 6], ""unit"": ""小时/天"", ""other"": ""以实际光照强度与直射时段校正，避免机械按距离判断""}","{""level"": ""medium"", ""other"": ""保持柔和空气流动；避免闷湿、强风直吹或长期封闭"", ""sensitivity"": ""medium""}",18.00,30.00,50.00,80.00,low,audited_authority_corrected,Authority audit 2026-05-20: representative species/genus sources plus extension/RHS/ASPCA category guidance.,【属级养护基线 v2】已按权威资料修正为属级通用基线；具体品种、斑叶型、地栽/盆栽/室内外差异继续由 care_overrides 或问诊路径处理。热带观叶基线：明亮散射光、稳定温暖、避免积水。,L1_or_L2_authority_audited,rowwise_authority_audit_v2,genus_care_profiles_light_uv_minmax_v5.sql,v5_light_uv_minmax_2026_05_20,1,2026-03-22 00:13:11,2026-05-20 00:00:00,null,null,0.00,3.00
genus_care_989a0a98934d43e5,system,Crassulaceae,Crassulaceae,景天科,Crassulaceae,null,null,Succulent,"{""way"": ""无效记录：科名误入属级表"", ""freq"": [], ""unit"": ""天"", ""verb"": ""不适用""}","{""freq"": [], ""type"": ""不适用"", ""unit"": ""天"", ""other"": ""无效记录""}","{""way"": ""不适用"", ""freq"": [], ""unit"": ""小时/天"", ""other"": ""Crassulaceae为科名，不是属名""}","{""level"": ""not_applicable"", ""sensitivity"": ""not_applicable""}",10.00,30.00,30.00,50.00,not_applicable,retired_invalid_taxon,"Authority audit: invalid taxon; Crassulaceae is a family, not a genus; retire this genus profile row.",【已退役】Crassulaceae 是科名，不应出现在 genus_care_profile 属级维护表。请使用具体属级记录，如 Crassula/Sedum/Echeveria 等。,invalid_taxon,taxonomy_retired,genus_care_profiles_light_uv_minmax_v5.sql,v5_light_uv_minmax_2026_05_20,0,2026-03-22 00:01:02,2026-05-20 00:00:00,2026-05-20 00:00:00,null,null,null
genus_care_9935688afb25bda2,system,Allium,Amaryllidaceae,石蒜科,Amaryllidaceae,null,null,Vegetable,"{""way"": ""保持均匀湿润，表土微干即浇"", ""freq"": [2, 4], ""unit"": ""天"", ""verb"": ""浇"", ""basis"": ""盆栽基线；以基质干湿而非固定天数为准""}","{""freq"": [14, 21], ""type"": ""蔬菜均衡肥/堆肥补充"", ""unit"": ""天"", ""other"": ""生长期为主；休眠/低温/弱光期减量或暂停""}","{""way"": ""全日照到半日照，炎热季可午后遮阴"", ""freq"": [4, 8], ""unit"": ""小时/天"", ""other"": ""以实际光照强度与直射时段校正，避免机械按距离判断""}","{""level"": ""outdoor_medium"", ""other"": ""保持柔和空气流动；避免闷湿、强风直吹或长期封闭"", ""sensitivity"": ""low""}",10.00,24.00,40.00,80.00,medium,audited_authority_corrected,Authority audit 2026-05-20: representative species/genus sources plus extension/RHS/ASPCA category guidance.,【属级养护基线 v2】已按权威资料修正为属级通用基线；具体品种、斑叶型、地栽/盆栽/室内外差异继续由 care_overrides 或问诊路径处理。冷凉季叶菜/根菜基线：充足光照、凉爽、均匀水分。,L1_or_L2_authority_audited,rowwise_authority_audit_v2,genus_care_profiles_light_uv_minmax_v5.sql,v5_light_uv_minmax_2026_05_20,1,2026-03-21 23:59:15,2026-05-20 00:00:00,null,null,2.00,6.00
genus_care_99843ce09fd44244,system,Fragaria,Rosaceae,蔷薇科,Rosaceae,null,null,Vegetable,"{""way"": ""保持均匀湿润，表土微干即浇"", ""freq"": [2, 4], ""unit"": ""天"", ""verb"": ""浇"", ""basis"": ""盆栽基线；以基质干湿而非固定天数为准""}","{""freq"": [14, 21], ""type"": ""蔬菜均衡肥/堆肥补充"", ""unit"": ""天"", ""other"": ""生长期为主；休眠/低温/弱光期减量或暂停""}","{""way"": ""全日照到半日照，炎热季可午后遮阴"", ""freq"": [4, 8], ""unit"": ""小时/天"", ""other"": ""以实际光照强度与直射时段校正，避免机械按距离判断""}","{""level"": ""outdoor_medium"", ""other"": ""保持柔和空气流动；避免闷湿、强风直吹或长期封闭"", ""sensitivity"": ""low""}",10.00,24.00,40.00,80.00,low,audited_authority_corrected,Authority audit 2026-05-20: representative species/genus sources plus extension/RHS/ASPCA category guidance.,【属级养护基线 v2】已按权威资料修正为属级通用基线；具体品种、斑叶型、地栽/盆栽/室内外差异继续由 care_overrides 或问诊路径处理。冷凉季叶菜/根菜基线：充足光照、凉爽、均匀水分。,L1_or_L2_authority_audited,rowwise_authority_audit_v2,genus_care_profiles_light_uv_minmax_v5.sql,v5_light_uv_minmax_2026_05_20,1,2026-03-22 00:04:53,2026-05-20 00:00:00,null,null,2.00,6.00
genus_care_9be2fb1f7ae5a883,system,Antirrhinum,Plantaginaceae,车前科,Plantaginaceae,null,null,Flowering,"{""way"": ""表层土微干后浇透"", ""freq"": [3, 7], ""unit"": ""天"", ""verb"": ""浇"", ""basis"": ""盆栽基线；以基质干湿而非固定天数为准""}","{""freq"": [14, 30], ""type"": ""开花植物均衡肥"", ""unit"": ""天"", ""other"": ""生长期为主；休眠/低温/弱光期减量或暂停""}","{""way"": ""全日照"", ""freq"": [6, 8], ""unit"": ""小时/天"", ""other"": ""以实际光照强度与直射时段校正，避免机械按距离判断""}","{""level"": ""outdoor_medium"", ""other"": ""保持柔和空气流动；避免闷湿、强风直吹或长期封闭"", ""sensitivity"": ""low""}",10.00,30.00,40.00,75.00,low,audited_authority_corrected,Authority audit 2026-05-20: representative species/genus sources plus extension/RHS/ASPCA category guidance.,【属级养护基线 v2】已按权威资料修正为属级通用基线；具体品种、斑叶型、地栽/盆栽/室内外差异继续由 care_overrides 或问诊路径处理。露地开花植物基线：多为全日照和排水良好，盆栽需稳定水分。,L1_or_L2_authority_audited,rowwise_authority_audit_v2,genus_care_profiles_light_uv_minmax_v5.sql,v5_light_uv_minmax_2026_05_20,1,2026-03-21 23:59:15,2026-05-20 00:00:00,null,null,2.00,6.00
genus_care_9dc8411d3227658c,system,Matthiola,Brassicaceae,十字花科,Brassicaceae,null,null,Flowering,"{""way"": ""表层土微干后浇透"", ""freq"": [3, 7], ""unit"": ""天"", ""verb"": ""浇"", ""basis"": ""盆栽基线；以基质干湿而非固定天数为准""}","{""freq"": [14, 30], ""type"": ""开花植物均衡肥"", ""unit"": ""天"", ""other"": ""生长期为主；休眠/低温/弱光期减量或暂停""}","{""way"": ""全日照"", ""freq"": [6, 8], ""unit"": ""小时/天"", ""other"": ""以实际光照强度与直射时段校正，避免机械按距离判断""}","{""level"": ""outdoor_medium"", ""other"": ""保持柔和空气流动；避免闷湿、强风直吹或长期封闭"", ""sensitivity"": ""low""}",10.00,30.00,40.00,75.00,low,audited_authority_corrected,Authority audit 2026-05-20: representative species/genus sources plus extension/RHS/ASPCA category guidance.,【属级养护基线 v2】已按权威资料修正为属级通用基线；具体品种、斑叶型、地栽/盆栽/室内外差异继续由 care_overrides 或问诊路径处理。露地开花植物基线：多为全日照和排水良好，盆栽需稳定水分。,L1_or_L2_authority_audited,rowwise_authority_audit_v2,genus_care_profiles_light_uv_minmax_v5.sql,v5_light_uv_minmax_2026_05_20,1,2026-03-22 00:13:11,2026-05-20 00:00:00,null,null,2.00,6.00
genus_care_9ed8951c34aeff45,system,Spathiphyllum,Araceae,天南星科,Araceae,null,null,Foliage,"{""way"": ""表层土微干后浇透，缺水会快速萎蔫"", ""freq"": [5, 9], ""unit"": ""天"", ""verb"": ""浇"", ""basis"": ""盆栽基线；以基质干湿而非固定天数为准""}","{""freq"": [30, 45], ""type"": ""1/2浓度均衡肥"", ""unit"": ""天"", ""other"": ""生长期为主；休眠/低温/弱光期减量或暂停""}","{""way"": ""中等到明亮散射光，忌直晒"", ""freq"": [2, 6], ""unit"": ""小时/天"", ""other"": ""以实际光照强度与直射时段校正，避免机械按距离判断""}","{""level"": ""medium"", ""other"": ""保持柔和空气流动；避免闷湿、强风直吹或长期封闭"", ""sensitivity"": ""medium""}",18.00,29.00,50.00,80.00,medium,audited_authority_corrected,Authority audit 2026-05-20: representative species/genus sources plus extension/RHS/ASPCA category guidance.,【属级养护基线 v2】已按权威资料修正为属级通用基线；具体品种、斑叶型、地栽/盆栽/室内外差异继续由 care_overrides 或问诊路径处理。白鹤芋可耐低光但含草酸钙，毒性不应为low。,L1_or_L2_authority_audited,rowwise_authority_audit_v2,genus_care_profiles_light_uv_minmax_v5.sql,v5_light_uv_minmax_2026_05_20,1,2026-03-22 00:13:11,2026-05-20 00:00:00,null,null,0.00,3.00
genus_care_9fa2a51d5ee3c41c,system,Sempervivum,Crassulaceae,景天科,Crassulaceae,null,null,Succulent,"{""way"": ""完全干透再浇"", ""freq"": [14, 30], ""unit"": ""天"", ""verb"": ""浇"", ""basis"": ""盆栽基线；以基质干湿而非固定天数为准""}","{""freq"": [45, 60], ""type"": ""低氮薄肥/多肉肥"", ""unit"": ""天"", ""other"": ""生长期为主；休眠/低温/弱光期减量或暂停""}","{""way"": ""强光/明亮直射或补光"", ""freq"": [4, 8], ""unit"": ""小时/天"", ""other"": ""以实际光照强度与直射时段校正，避免机械按距离判断""}","{""level"": ""high"", ""other"": ""保持柔和空气流动；避免闷湿、强风直吹或长期封闭"", ""sensitivity"": ""high""}",10.00,35.00,20.00,60.00,low,audited_authority_corrected,Authority audit 2026-05-20: representative species/genus sources plus extension/RHS/ASPCA category guidance.,【属级养护基线 v2】已按权威资料修正为属级通用基线；具体品种、斑叶型、地栽/盆栽/室内外差异继续由 care_overrides 或问诊路径处理。旱生多肉基线：强光、排水、通风，宁干勿湿。,L1_or_L2_authority_audited,rowwise_authority_audit_v2,genus_care_profiles_light_uv_minmax_v5.sql,v5_light_uv_minmax_2026_05_20,1,2026-03-22 00:13:11,2026-05-20 00:00:00,null,null,3.00,8.00
genus_care_a38351996ea50628,system,Cucurbita,Cucurbitaceae,葫芦科,Cucurbitaceae,null,null,Vegetable,"{""way"": ""保持均匀湿润，忌忽干忽湿"", ""freq"": [2, 4], ""unit"": ""天"", ""verb"": ""浇"", ""basis"": ""盆栽基线；以基质干湿而非固定天数为准""}","{""freq"": [14, 21], ""type"": ""蔬果类均衡肥，结果期补钾"", ""unit"": ""天"", ""other"": ""生长期为主；休眠/低温/弱光期减量或暂停""}","{""way"": ""全日照"", ""freq"": [6, 8], ""unit"": ""小时/天"", ""other"": ""以实际光照强度与直射时段校正，避免机械按距离判断""}","{""level"": ""outdoor_medium"", ""other"": ""保持柔和空气流动；避免闷湿、强风直吹或长期封闭"", ""sensitivity"": ""low""}",18.00,32.00,40.00,80.00,low,audited_authority_corrected,Authority audit 2026-05-20: representative species/genus sources plus extension/RHS/ASPCA category guidance.,【属级养护基线 v2】已按权威资料修正为属级通用基线；具体品种、斑叶型、地栽/盆栽/室内外差异继续由 care_overrides 或问诊路径处理。暖季结果类蔬菜基线：至少6小时直射光、稳定水分和较高肥力。,L1_or_L2_authority_audited,rowwise_authority_audit_v2,genus_care_profiles_light_uv_minmax_v5.sql,v5_light_uv_minmax_2026_05_20,1,2026-03-22 00:01:02,2026-05-20 00:00:00,null,null,3.00,8.00
genus_care_a43b9f5b5800ef32,system,Lonicera,Caprifoliaceae,忍冬科,Caprifoliaceae,null,null,Flowering,"{""way"": ""表层土微干后浇透"", ""freq"": [3, 7], ""unit"": ""天"", ""verb"": ""浇"", ""basis"": ""盆栽基线；以基质干湿而非固定天数为准""}","{""freq"": [14, 30], ""type"": ""开花植物均衡肥"", ""unit"": ""天"", ""other"": ""生长期为主；休眠/低温/弱光期减量或暂停""}","{""way"": ""全日照"", ""freq"": [6, 8], ""unit"": ""小时/天"", ""other"": ""以实际光照强度与直射时段校正，避免机械按距离判断""}","{""level"": ""outdoor_medium"", ""other"": ""保持柔和空气流动；避免闷湿、强风直吹或长期封闭"", ""sensitivity"": ""low""}",10.00,30.00,40.00,75.00,low,audited_authority_corrected,Authority audit 2026-05-20: representative species/genus sources plus extension/RHS/ASPCA category guidance.,【属级养护基线 v2】已按权威资料修正为属级通用基线；具体品种、斑叶型、地栽/盆栽/室内外差异继续由 care_overrides 或问诊路径处理。露地开花植物基线：多为全日照和排水良好，盆栽需稳定水分。,L1_or_L2_authority_audited,rowwise_authority_audit_v2,genus_care_profiles_light_uv_minmax_v5.sql,v5_light_uv_minmax_2026_05_20,1,2026-03-22 00:13:11,2026-05-20 00:00:00,null,null,3.00,8.00
genus_care_a55de781d9929c25,system,Portulacaria,Portulacaceae,马齿苋科,Portulacaceae,null,null,Succulent,"{""way"": ""完全干透再浇"", ""freq"": [14, 30], ""unit"": ""天"", ""verb"": ""浇"", ""basis"": ""盆栽基线；以基质干湿而非固定天数为准""}","{""freq"": [45, 60], ""type"": ""低氮薄肥/多肉肥"", ""unit"": ""天"", ""other"": ""生长期为主；休眠/低温/弱光期减量或暂停""}","{""way"": ""强光/明亮直射或补光"", ""freq"": [4, 8], ""unit"": ""小时/天"", ""other"": ""以实际光照强度与直射时段校正，避免机械按距离判断""}","{""level"": ""high"", ""other"": ""保持柔和空气流动；避免闷湿、强风直吹或长期封闭"", ""sensitivity"": ""high""}",10.00,35.00,20.00,60.00,low,audited_authority_corrected,Authority audit 2026-05-20: representative species/genus sources plus extension/RHS/ASPCA category guidance.,【属级养护基线 v2】已按权威资料修正为属级通用基线；具体品种、斑叶型、地栽/盆栽/室内外差异继续由 care_overrides 或问诊路径处理。旱生多肉基线：强光、排水、通风，宁干勿湿。,L1_or_L2_authority_audited,rowwise_authority_audit_v2,genus_care_profiles_light_uv_minmax_v5.sql,v5_light_uv_minmax_2026_05_20,1,2026-03-22 00:13:11,2026-05-20 00:00:00,null,null,3.00,8.00
genus_care_a6aa0b5772e00ab8,system,Origanum,Lamiaceae,唇形科,Lamiaceae,null,null,Herb,"{""way"": ""土壤明显变干后浇透"", ""freq"": [5, 10], ""unit"": ""天"", ""verb"": ""浇"", ""basis"": ""盆栽基线；以基质干湿而非固定天数为准""}","{""freq"": [30, 45], ""type"": ""低浓度少量肥"", ""unit"": ""天"", ""other"": ""生长期为主；休眠/低温/弱光期减量或暂停""}","{""way"": ""全日照"", ""freq"": [6, 8], ""unit"": ""小时/天"", ""other"": ""以实际光照强度与直射时段校正，避免机械按距离判断""}","{""level"": ""high"", ""other"": ""保持柔和空气流动；避免闷湿、强风直吹或长期封闭"", ""sensitivity"": ""low""}",12.00,30.00,30.00,65.00,low,audited_authority_corrected,Authority audit 2026-05-20: representative species/genus sources plus extension/RHS/ASPCA category guidance.,【属级养护基线 v2】已按权威资料修正为属级通用基线；具体品种、斑叶型、地栽/盆栽/室内外差异继续由 care_overrides 或问诊路径处理。地中海香草基线：全日照、排水好、偏干，忌长期湿土。,L1_or_L2_authority_audited,rowwise_authority_audit_v2,genus_care_profiles_light_uv_minmax_v5.sql,v5_light_uv_minmax_2026_05_20,1,2026-03-22 00:13:11,2026-05-20 00:00:00,null,null,3.00,8.00
genus_care_a7441820cb4cc06f,system,Plumeria,Apocynaceae,夹竹桃科,Apocynaceae,null,null,Flowering,"{""way"": ""土壤明显变干后浇透，休眠落叶期控水"", ""freq"": [5, 10], ""unit"": ""天"", ""verb"": ""浇"", ""basis"": ""盆栽基线；以基质干湿而非固定天数为准""}","{""freq"": [30, 45], ""type"": ""开花木本肥"", ""unit"": ""天"", ""other"": ""生长期为主；休眠/低温/弱光期减量或暂停""}","{""way"": ""全日照"", ""freq"": [6, 8], ""unit"": ""小时/天"", ""other"": ""以实际光照强度与直射时段校正，避免机械按距离判断""}","{""level"": ""outdoor_medium"", ""other"": ""保持柔和空气流动；避免闷湿、强风直吹或长期封闭"", ""sensitivity"": ""low""}",18.00,35.00,40.00,75.00,medium,audited_authority_corrected,Authority audit 2026-05-20: representative species/genus sources plus extension/RHS/ASPCA category guidance.,【属级养护基线 v2】已按权威资料修正为属级通用基线；具体品种、斑叶型、地栽/盆栽/室内外差异继续由 care_overrides 或问诊路径处理。鸡蛋花喜高温强光，原表散射光和高湿不合适。,L1_or_L2_authority_audited,rowwise_authority_audit_v2,genus_care_profiles_light_uv_minmax_v5.sql,v5_light_uv_minmax_2026_05_20,1,2026-03-22 00:13:11,2026-05-20 00:00:00,null,null,3.00,8.00
genus_care_a7ebb402efd8ae90,system,Polyscias,Araliaceae,null,Araliaceae,null,null,Foliage,"{""way"": ""表层2–3cm微干后浇透"", ""freq"": [5, 10], ""unit"": ""天"", ""verb"": ""浇"", ""basis"": ""盆栽基线；以基质干湿而非固定天数为准""}","{""freq"": [30, 45], ""type"": ""1/2浓度均衡肥"", ""unit"": ""天"", ""other"": ""生长期为主；休眠/低温/弱光期减量或暂停""}","{""way"": ""明亮散射光/半阴"", ""freq"": [3, 6], ""unit"": ""小时/天"", ""other"": ""以实际光照强度与直射时段校正，避免机械按距离判断""}","{""level"": ""medium"", ""other"": ""保持柔和空气流动；避免闷湿、强风直吹或长期封闭"", ""sensitivity"": ""medium""}",18.00,30.00,50.00,80.00,low,audited_authority_corrected,Authority audit 2026-05-20: representative species/genus sources plus extension/RHS/ASPCA category guidance.,【属级养护基线 v2】已按权威资料修正为属级通用基线；具体品种、斑叶型、地栽/盆栽/室内外差异继续由 care_overrides 或问诊路径处理。热带观叶基线：明亮散射光、稳定温暖、避免积水。,L1_or_L2_authority_audited,rowwise_authority_audit_v2,genus_care_profiles_light_uv_minmax_v5.sql,v5_light_uv_minmax_2026_05_20,1,2026-03-22 00:13:11,2026-05-20 00:00:00,null,null,0.00,3.00
genus_care_a8d2db3af5e59475,system,Calendula,Asteraceae,菊科,Asteraceae,null,null,Flowering,"{""way"": ""表层土微干后浇透"", ""freq"": [3, 7], ""unit"": ""天"", ""verb"": ""浇"", ""basis"": ""盆栽基线；以基质干湿而非固定天数为准""}","{""freq"": [14, 30], ""type"": ""开花植物均衡肥"", ""unit"": ""天"", ""other"": ""生长期为主；休眠/低温/弱光期减量或暂停""}","{""way"": ""全日照"", ""freq"": [6, 8], ""unit"": ""小时/天"", ""other"": ""以实际光照强度与直射时段校正，避免机械按距离判断""}","{""level"": ""outdoor_medium"", ""other"": ""保持柔和空气流动；避免闷湿、强风直吹或长期封闭"", ""sensitivity"": ""low""}",10.00,30.00,40.00,75.00,low,audited_authority_corrected,Authority audit 2026-05-20: representative species/genus sources plus extension/RHS/ASPCA category guidance.,【属级养护基线 v2】已按权威资料修正为属级通用基线；具体品种、斑叶型、地栽/盆栽/室内外差异继续由 care_overrides 或问诊路径处理。露地开花植物基线：多为全日照和排水良好，盆栽需稳定水分。,L1_or_L2_authority_audited,rowwise_authority_audit_v2,genus_care_profiles_light_uv_minmax_v5.sql,v5_light_uv_minmax_2026_05_20,1,2026-03-21 23:59:15,2026-05-20 00:00:00,null,null,2.00,6.00
genus_care_a903cf5f355ff9d3,system,Orostachys,Crassulaceae,景天科,Crassulaceae,null,null,Succulent,"{""way"": ""完全干透再浇"", ""freq"": [14, 30], ""unit"": ""天"", ""verb"": ""浇"", ""basis"": ""盆栽基线；以基质干湿而非固定天数为准""}","{""freq"": [45, 60], ""type"": ""低氮薄肥/多肉肥"", ""unit"": ""天"", ""other"": ""生长期为主；休眠/低温/弱光期减量或暂停""}","{""way"": ""强光/明亮直射或补光"", ""freq"": [4, 8], ""unit"": ""小时/天"", ""other"": ""以实际光照强度与直射时段校正，避免机械按距离判断""}","{""level"": ""high"", ""other"": ""保持柔和空气流动；避免闷湿、强风直吹或长期封闭"", ""sensitivity"": ""high""}",10.00,35.00,20.00,60.00,low,audited_authority_corrected,Authority audit 2026-05-20: representative species/genus sources plus extension/RHS/ASPCA category guidance.,【属级养护基线 v2】已按权威资料修正为属级通用基线；具体品种、斑叶型、地栽/盆栽/室内外差异继续由 care_overrides 或问诊路径处理。旱生多肉基线：强光、排水、通风，宁干勿湿。,L1_or_L2_authority_audited,rowwise_authority_audit_v2,genus_care_profiles_light_uv_minmax_v5.sql,v5_light_uv_minmax_2026_05_20,1,2026-03-22 00:13:11,2026-05-20 00:00:00,null,null,3.00,8.00
genus_care_a988dcb0352526c5,system,Beaucarnea,Asparagaceae,天门冬科,Asparagaceae,null,null,Foliage,"{""way"": ""完全干透后浇透"", ""freq"": [14, 30], ""unit"": ""天"", ""verb"": ""浇"", ""basis"": ""盆栽基线；以基质干湿而非固定天数为准""}","{""freq"": [45, 60], ""type"": ""低浓度均衡肥"", ""unit"": ""天"", ""other"": ""生长期为主；休眠/低温/弱光期减量或暂停""}","{""way"": ""强光/明亮直射，室内尽量靠窗"", ""freq"": [4, 8], ""unit"": ""小时/天"", ""other"": ""以实际光照强度与直射时段校正，避免机械按距离判断""}","{""level"": ""high"", ""other"": ""保持柔和空气流动；避免闷湿、强风直吹或长期封闭"", ""sensitivity"": ""low""}",10.00,35.00,25.00,60.00,low,audited_authority_corrected,Authority audit 2026-05-20: representative species/genus sources plus extension/RHS/ASPCA category guidance.,【属级养护基线 v2】已按权威资料修正为属级通用基线；具体品种、斑叶型、地栽/盆栽/室内外差异继续由 care_overrides 或问诊路径处理。酒瓶兰耐旱喜强光，原表“可耐阴”会诱导低光徒长。,L1_or_L2_authority_audited,rowwise_authority_audit_v2,genus_care_profiles_light_uv_minmax_v5.sql,v5_light_uv_minmax_2026_05_20,1,2026-03-21 23:59:15,2026-05-20 00:00:00,null,null,3.00,8.00
genus_care_ab28287138345e6a,system,Gladiolus,Iridaceae,鸢尾科,Iridaceae,null,null,Bulb Flower,"{""way"": ""表层土微干后浇透"", ""freq"": [3, 7], ""unit"": ""天"", ""verb"": ""浇"", ""basis"": ""盆栽基线；以基质干湿而非固定天数为准""}","{""freq"": [14, 30], ""type"": ""开花植物均衡肥"", ""unit"": ""天"", ""other"": ""生长期为主；休眠/低温/弱光期减量或暂停""}","{""way"": ""全日照"", ""freq"": [6, 8], ""unit"": ""小时/天"", ""other"": ""以实际光照强度与直射时段校正，避免机械按距离判断""}","{""level"": ""outdoor_medium"", ""other"": ""保持柔和空气流动；避免闷湿、强风直吹或长期封闭"", ""sensitivity"": ""low""}",10.00,30.00,40.00,75.00,low,audited_authority_corrected,Authority audit 2026-05-20: representative species/genus sources plus extension/RHS/ASPCA category guidance.,【属级养护基线 v2】已按权威资料修正为属级通用基线；具体品种、斑叶型、地栽/盆栽/室内外差异继续由 care_overrides 或问诊路径处理。露地开花植物基线：多为全日照和排水良好，盆栽需稳定水分。,L1_or_L2_authority_audited,rowwise_authority_audit_v2,genus_care_profiles_light_uv_minmax_v5.sql,v5_light_uv_minmax_2026_05_20,1,2026-03-22 00:17:20,2026-05-20 00:00:00,null,null,3.00,8.00
genus_care_abd338260f3e9d40,system,Dahlia,Asteraceae,菊科,Asteraceae,null,null,Flowering,"{""way"": ""表层土微干后浇透"", ""freq"": [3, 7], ""unit"": ""天"", ""verb"": ""浇"", ""basis"": ""盆栽基线；以基质干湿而非固定天数为准""}","{""freq"": [14, 30], ""type"": ""开花植物均衡肥"", ""unit"": ""天"", ""other"": ""生长期为主；休眠/低温/弱光期减量或暂停""}","{""way"": ""全日照"", ""freq"": [6, 8], ""unit"": ""小时/天"", ""other"": ""以实际光照强度与直射时段校正，避免机械按距离判断""}","{""level"": ""outdoor_medium"", ""other"": ""保持柔和空气流动；避免闷湿、强风直吹或长期封闭"", ""sensitivity"": ""low""}",10.00,30.00,40.00,75.00,low,audited_authority_corrected,Authority audit 2026-05-20: representative species/genus sources plus extension/RHS/ASPCA category guidance.,【属级养护基线 v2】已按权威资料修正为属级通用基线；具体品种、斑叶型、地栽/盆栽/室内外差异继续由 care_overrides 或问诊路径处理。露地开花植物基线：多为全日照和排水良好，盆栽需稳定水分。,L1_or_L2_authority_audited,rowwise_authority_audit_v2,genus_care_profiles_light_uv_minmax_v5.sql,v5_light_uv_minmax_2026_05_20,1,2026-03-22 00:04:53,2026-05-20 00:00:00,null,null,3.00,8.00
genus_care_abd6e16de35eb608,system,Helianthus,Asteraceae,菊科,Asteraceae,null,null,Flowering,"{""way"": ""表层土微干后浇透"", ""freq"": [3, 7], ""unit"": ""天"", ""verb"": ""浇"", ""basis"": ""盆栽基线；以基质干湿而非固定天数为准""}","{""freq"": [14, 30], ""type"": ""开花植物均衡肥"", ""unit"": ""天"", ""other"": ""生长期为主；休眠/低温/弱光期减量或暂停""}","{""way"": ""全日照"", ""freq"": [6, 8], ""unit"": ""小时/天"", ""other"": ""以实际光照强度与直射时段校正，避免机械按距离判断""}","{""level"": ""outdoor_medium"", ""other"": ""保持柔和空气流动；避免闷湿、强风直吹或长期封闭"", ""sensitivity"": ""low""}",10.00,30.00,40.00,75.00,low,audited_authority_corrected,Authority audit 2026-05-20: representative species/genus sources plus extension/RHS/ASPCA category guidance.,【属级养护基线 v2】已按权威资料修正为属级通用基线；具体品种、斑叶型、地栽/盆栽/室内外差异继续由 care_overrides 或问诊路径处理。露地开花植物基线：多为全日照和排水良好，盆栽需稳定水分。,L1_or_L2_authority_audited,rowwise_authority_audit_v2,genus_care_profiles_light_uv_minmax_v5.sql,v5_light_uv_minmax_2026_05_20,1,2026-03-22 00:17:20,2026-05-20 00:00:00,null,null,3.00,8.00
genus_care_ad9a35d8a5888caa,system,Tillandsia,Bromeliaceae,凤梨科,Bromeliaceae,null,null,Foliage,"{""way"": ""浸泡/喷淋后完全晾干，依环境1–3次/周"", ""freq"": [3, 7], ""unit"": ""天"", ""verb"": ""浇"", ""basis"": ""盆栽基线；以基质干湿而非固定天数为准""}","{""freq"": [30, 45], ""type"": ""凤梨/空气凤梨极薄肥"", ""unit"": ""天"", ""other"": ""生长期为主；休眠/低温/弱光期减量或暂停""}","{""way"": ""明亮散射光/过滤光"", ""freq"": [3, 6], ""unit"": ""小时/天"", ""other"": ""以实际光照强度与直射时段校正，避免机械按距离判断""}","{""level"": ""high"", ""other"": ""保持柔和空气流动；避免闷湿、强风直吹或长期封闭"", ""sensitivity"": ""high""}",12.00,32.00,40.00,70.00,low,audited_authority_corrected,Authority audit 2026-05-20: representative species/genus sources plus extension/RHS/ASPCA category guidance.,【属级养护基线 v2】已按权威资料修正为属级通用基线；具体品种、斑叶型、地栽/盆栽/室内外差异继续由 care_overrides 或问诊路径处理。空气凤梨重点是浇后快速晾干和空气流动，不适合普通盆土浇水语义。,L1_or_L2_authority_audited,rowwise_authority_audit_v2,genus_care_profiles_light_uv_minmax_v5.sql,v5_light_uv_minmax_2026_05_20,1,2026-03-22 00:13:11,2026-05-20 00:00:00,null,null,0.00,4.00
genus_care_ae71267a630cdd41,system,Tropaeolum,Tropaeolaceae,旱金莲科,Tropaeolaceae,null,null,Flowering,"{""way"": ""表层土微干后浇透"", ""freq"": [3, 7], ""unit"": ""天"", ""verb"": ""浇"", ""basis"": ""盆栽基线；以基质干湿而非固定天数为准""}","{""freq"": [14, 30], ""type"": ""开花植物均衡肥"", ""unit"": ""天"", ""other"": ""生长期为主；休眠/低温/弱光期减量或暂停""}","{""way"": ""全日照"", ""freq"": [6, 8], ""unit"": ""小时/天"", ""other"": ""以实际光照强度与直射时段校正，避免机械按距离判断""}","{""level"": ""outdoor_medium"", ""other"": ""保持柔和空气流动；避免闷湿、强风直吹或长期封闭"", ""sensitivity"": ""low""}",10.00,30.00,40.00,75.00,low,audited_authority_corrected,Authority audit 2026-05-20: representative species/genus sources plus extension/RHS/ASPCA category guidance.,【属级养护基线 v2】已按权威资料修正为属级通用基线；具体品种、斑叶型、地栽/盆栽/室内外差异继续由 care_overrides 或问诊路径处理。露地开花植物基线：多为全日照和排水良好，盆栽需稳定水分。,L1_or_L2_authority_audited,rowwise_authority_audit_v2,genus_care_profiles_light_uv_minmax_v5.sql,v5_light_uv_minmax_2026_05_20,1,2026-03-22 00:13:11,2026-05-20 00:00:00,null,null,3.00,8.00
genus_care_ae75428666e16560,system,Ipomoea,Convolvulaceae,旋花科,Convolvulaceae,null,null,Flowering,"{""way"": ""保持均匀湿润，盆栽忌长期干旱"", ""freq"": [3, 6], ""unit"": ""天"", ""verb"": ""浇"", ""basis"": ""盆栽基线；以基质干湿而非固定天数为准""}","{""freq"": [14, 30], ""type"": ""开花藤本肥"", ""unit"": ""天"", ""other"": ""生长期为主；休眠/低温/弱光期减量或暂停""}","{""way"": ""全日照"", ""freq"": [6, 8], ""unit"": ""小时/天"", ""other"": ""以实际光照强度与直射时段校正，避免机械按距离判断""}","{""level"": ""outdoor_medium"", ""other"": ""保持柔和空气流动；避免闷湿、强风直吹或长期封闭"", ""sensitivity"": ""low""}",15.00,32.00,40.00,75.00,medium,audited_authority_corrected,Authority audit 2026-05-20: representative species/genus sources plus extension/RHS/ASPCA category guidance.,【属级养护基线 v2】已按权威资料修正为属级通用基线；具体品种、斑叶型、地栽/盆栽/室内外差异继续由 care_overrides 或问诊路径处理。牵牛/茑萝等需全日照，种子等部位有毒性风险。,L1_or_L2_authority_audited,rowwise_authority_audit_v2,genus_care_profiles_light_uv_minmax_v5.sql,v5_light_uv_minmax_2026_05_20,1,2026-03-22 00:17:20,2026-05-20 00:00:00,null,null,3.00,8.00
genus_care_b22b36346d3c7e58,system,Pisum,Fabaceae,豆科,Fabaceae,null,null,Vegetable,"{""way"": ""保持均匀湿润，表土微干即浇"", ""freq"": [2, 4], ""unit"": ""天"", ""verb"": ""浇"", ""basis"": ""盆栽基线；以基质干湿而非固定天数为准""}","{""freq"": [14, 21], ""type"": ""蔬菜均衡肥/堆肥补充"", ""unit"": ""天"", ""other"": ""生长期为主；休眠/低温/弱光期减量或暂停""}","{""way"": ""全日照到半日照，炎热季可午后遮阴"", ""freq"": [4, 8], ""unit"": ""小时/天"", ""other"": ""以实际光照强度与直射时段校正，避免机械按距离判断""}","{""level"": ""outdoor_medium"", ""other"": ""保持柔和空气流动；避免闷湿、强风直吹或长期封闭"", ""sensitivity"": ""low""}",10.00,24.00,40.00,80.00,low,audited_authority_corrected,Authority audit 2026-05-20: representative species/genus sources plus extension/RHS/ASPCA category guidance.,【属级养护基线 v2】已按权威资料修正为属级通用基线；具体品种、斑叶型、地栽/盆栽/室内外差异继续由 care_overrides 或问诊路径处理。冷凉季叶菜/根菜基线：充足光照、凉爽、均匀水分。,L1_or_L2_authority_audited,rowwise_authority_audit_v2,genus_care_profiles_light_uv_minmax_v5.sql,v5_light_uv_minmax_2026_05_20,1,2026-03-22 00:13:11,2026-05-20 00:00:00,null,null,2.00,6.00
genus_care_b486d5fd971cacd4,system,Aloe,Asphodelaceae,阿福花科,Asphodelaceae,null,null,Succulent,"{""way"": ""完全干透后浇透"", ""freq"": [14, 30], ""unit"": ""天"", ""verb"": ""浇"", ""basis"": ""盆栽基线；以基质干湿而非固定天数为准""}","{""freq"": [45, 60], ""type"": ""低氮多肉薄肥"", ""unit"": ""天"", ""other"": ""生长期为主；休眠/低温/弱光期减量或暂停""}","{""way"": ""强光/明亮直射，逐步适应直晒"", ""freq"": [5, 8], ""unit"": ""小时/天"", ""other"": ""以实际光照强度与直射时段校正，避免机械按距离判断""}","{""level"": ""high"", ""other"": ""保持柔和空气流动；避免闷湿、强风直吹或长期封闭"", ""sensitivity"": ""medium""}",10.00,35.00,20.00,50.00,medium,audited_authority_corrected,Authority audit 2026-05-20: representative species/genus sources plus extension/RHS/ASPCA category guidance.,【属级养护基线 v2】已按权威资料修正为属级通用基线；具体品种、斑叶型、地栽/盆栽/室内外差异继续由 care_overrides 或问诊路径处理。芦荟喜强光控水，但对宠物有毒性风险，不能标low。,L1_or_L2_authority_audited,rowwise_authority_audit_v2,genus_care_profiles_light_uv_minmax_v5.sql,v5_light_uv_minmax_2026_05_20,1,2026-03-21 23:59:15,2026-05-20 00:00:00,null,null,3.00,8.00
genus_care_b55eb9310d9f212b,system,Rhaphidophora,Araceae,天南星科,Araceae,null,null,Foliage,"{""way"": ""表层2–3cm微干后浇透"", ""freq"": [5, 10], ""unit"": ""天"", ""verb"": ""浇"", ""basis"": ""盆栽基线；以基质干湿而非固定天数为准""}","{""freq"": [30, 45], ""type"": ""1/2浓度均衡肥"", ""unit"": ""天"", ""other"": ""生长期为主；休眠/低温/弱光期减量或暂停""}","{""way"": ""明亮散射光/半阴"", ""freq"": [3, 6], ""unit"": ""小时/天"", ""other"": ""以实际光照强度与直射时段校正，避免机械按距离判断""}","{""level"": ""medium"", ""other"": ""保持柔和空气流动；避免闷湿、强风直吹或长期封闭"", ""sensitivity"": ""medium""}",18.00,30.00,50.00,80.00,medium,audited_authority_corrected,Authority audit 2026-05-20: representative species/genus sources plus extension/RHS/ASPCA category guidance.,【属级养护基线 v2】已按权威资料修正为属级通用基线；具体品种、斑叶型、地栽/盆栽/室内外差异继续由 care_overrides 或问诊路径处理。热带观叶基线：明亮散射光、稳定温暖、避免积水。,L1_or_L2_authority_audited,rowwise_authority_audit_v2,genus_care_profiles_light_uv_minmax_v5.sql,v5_light_uv_minmax_2026_05_20,1,2026-03-22 00:13:11,2026-05-20 00:00:00,null,null,0.00,3.00
genus_care_b597484c70be0d62,system,Syngonium,Araceae,天南星科,Araceae,null,null,Foliage,"{""way"": ""表层2–3cm微干后浇透"", ""freq"": [5, 10], ""unit"": ""天"", ""verb"": ""浇"", ""basis"": ""盆栽基线；以基质干湿而非固定天数为准""}","{""freq"": [30, 45], ""type"": ""1/2浓度均衡肥"", ""unit"": ""天"", ""other"": ""生长期为主；休眠/低温/弱光期减量或暂停""}","{""way"": ""明亮散射光/半阴"", ""freq"": [3, 6], ""unit"": ""小时/天"", ""other"": ""以实际光照强度与直射时段校正，避免机械按距离判断""}","{""level"": ""medium"", ""other"": ""保持柔和空气流动；避免闷湿、强风直吹或长期封闭"", ""sensitivity"": ""medium""}",18.00,30.00,50.00,80.00,medium,audited_authority_corrected,Authority audit 2026-05-20: representative species/genus sources plus extension/RHS/ASPCA category guidance.,【属级养护基线 v2】已按权威资料修正为属级通用基线；具体品种、斑叶型、地栽/盆栽/室内外差异继续由 care_overrides 或问诊路径处理。热带观叶基线：明亮散射光、稳定温暖、避免积水。,L1_or_L2_authority_audited,rowwise_authority_audit_v2,genus_care_profiles_light_uv_minmax_v5.sql,v5_light_uv_minmax_2026_05_20,1,2026-03-22 00:13:11,2026-05-20 00:00:00,null,null,0.00,3.00
genus_care_b6085b2e5b47324b,system,Bellis,Asteraceae,菊科,Asteraceae,null,null,Flowering,"{""way"": ""表层土微干后浇透"", ""freq"": [3, 7], ""unit"": ""天"", ""verb"": ""浇"", ""basis"": ""盆栽基线；以基质干湿而非固定天数为准""}","{""freq"": [14, 30], ""type"": ""开花植物均衡肥"", ""unit"": ""天"", ""other"": ""生长期为主；休眠/低温/弱光期减量或暂停""}","{""way"": ""全日照"", ""freq"": [6, 8], ""unit"": ""小时/天"", ""other"": ""以实际光照强度与直射时段校正，避免机械按距离判断""}","{""level"": ""outdoor_medium"", ""other"": ""保持柔和空气流动；避免闷湿、强风直吹或长期封闭"", ""sensitivity"": ""low""}",10.00,30.00,40.00,75.00,low,audited_authority_corrected,Authority audit 2026-05-20: representative species/genus sources plus extension/RHS/ASPCA category guidance.,【属级养护基线 v2】已按权威资料修正为属级通用基线；具体品种、斑叶型、地栽/盆栽/室内外差异继续由 care_overrides 或问诊路径处理。露地开花植物基线：多为全日照和排水良好，盆栽需稳定水分。,L1_or_L2_authority_audited,rowwise_authority_audit_v2,genus_care_profiles_light_uv_minmax_v5.sql,v5_light_uv_minmax_2026_05_20,1,2026-03-21 23:59:15,2026-05-20 00:00:00,null,null,2.00,6.00
genus_care_b67ea3d891f803bd,system,Foeniculum,Apiaceae,伞形科,Apiaceae,null,null,Herb,"{""way"": ""保持微湿但不积水"", ""freq"": [3, 6], ""unit"": ""天"", ""verb"": ""浇"", ""basis"": ""盆栽基线；以基质干湿而非固定天数为准""}","{""freq"": [21, 30], ""type"": ""低浓度均衡肥"", ""unit"": ""天"", ""other"": ""生长期为主；休眠/低温/弱光期减量或暂停""}","{""way"": ""全日照/半日照，炎热季可午后遮阴"", ""freq"": [4, 6], ""unit"": ""小时/天"", ""other"": ""以实际光照强度与直射时段校正，避免机械按距离判断""}","{""level"": ""medium"", ""other"": ""保持柔和空气流动；避免闷湿、强风直吹或长期封闭"", ""sensitivity"": ""low""}",15.00,28.00,40.00,75.00,low,audited_authority_corrected,Authority audit 2026-05-20: representative species/genus sources plus extension/RHS/ASPCA category guidance.,【属级养护基线 v2】已按权威资料修正为属级通用基线；具体品种、斑叶型、地栽/盆栽/室内外差异继续由 care_overrides 或问诊路径处理。柔嫩香草基线：明亮、湿润但排水好，室内需补光。,L1_or_L2_authority_audited,rowwise_authority_audit_v2,genus_care_profiles_light_uv_minmax_v5.sql,v5_light_uv_minmax_2026_05_20,1,2026-03-22 00:04:53,2026-05-20 00:00:00,null,null,2.00,6.00
genus_care_b85e6b9330e55362,system,Fittonia,Acanthaceae,爵床科,Acanthaceae,null,null,Foliage,"{""way"": ""表层2–3cm微干后浇透"", ""freq"": [5, 10], ""unit"": ""天"", ""verb"": ""浇"", ""basis"": ""盆栽基线；以基质干湿而非固定天数为准""}","{""freq"": [30, 45], ""type"": ""1/2浓度均衡肥"", ""unit"": ""天"", ""other"": ""生长期为主；休眠/低温/弱光期减量或暂停""}","{""way"": ""明亮散射光/半阴"", ""freq"": [3, 6], ""unit"": ""小时/天"", ""other"": ""以实际光照强度与直射时段校正，避免机械按距离判断""}","{""level"": ""medium"", ""other"": ""保持柔和空气流动；避免闷湿、强风直吹或长期封闭"", ""sensitivity"": ""medium""}",18.00,30.00,50.00,80.00,low,audited_authority_corrected,Authority audit 2026-05-20: representative species/genus sources plus extension/RHS/ASPCA category guidance.,【属级养护基线 v2】已按权威资料修正为属级通用基线；具体品种、斑叶型、地栽/盆栽/室内外差异继续由 care_overrides 或问诊路径处理。热带观叶基线：明亮散射光、稳定温暖、避免积水。,L1_or_L2_authority_audited,rowwise_authority_audit_v2,genus_care_profiles_light_uv_minmax_v5.sql,v5_light_uv_minmax_2026_05_20,1,2026-03-22 00:04:53,2026-05-20 00:00:00,null,null,0.00,3.00
genus_care_b8c7279ab3c63eee,system,Vigna,Fabaceae,豆科,Fabaceae,null,null,Vegetable,"{""way"": ""保持均匀湿润，忌忽干忽湿"", ""freq"": [2, 4], ""unit"": ""天"", ""verb"": ""浇"", ""basis"": ""盆栽基线；以基质干湿而非固定天数为准""}","{""freq"": [14, 21], ""type"": ""蔬果类均衡肥，结果期补钾"", ""unit"": ""天"", ""other"": ""生长期为主；休眠/低温/弱光期减量或暂停""}","{""way"": ""全日照"", ""freq"": [6, 8], ""unit"": ""小时/天"", ""other"": ""以实际光照强度与直射时段校正，避免机械按距离判断""}","{""level"": ""outdoor_medium"", ""other"": ""保持柔和空气流动；避免闷湿、强风直吹或长期封闭"", ""sensitivity"": ""low""}",18.00,32.00,40.00,80.00,low,audited_authority_corrected,Authority audit 2026-05-20: representative species/genus sources plus extension/RHS/ASPCA category guidance.,【属级养护基线 v2】已按权威资料修正为属级通用基线；具体品种、斑叶型、地栽/盆栽/室内外差异继续由 care_overrides 或问诊路径处理。暖季结果类蔬菜基线：至少6小时直射光、稳定水分和较高肥力。,L1_or_L2_authority_audited,rowwise_authority_audit_v2,genus_care_profiles_light_uv_minmax_v5.sql,v5_light_uv_minmax_2026_05_20,1,2026-03-22 00:13:11,2026-05-20 00:00:00,null,null,3.00,8.00
genus_care_ba8699f64176507d,system,Goeppertia,Marantaceae,竹芋科,Marantaceae,null,null,Foliage,"{""way"": ""保持微湿，表层微干即浇"", ""freq"": [4, 7], ""unit"": ""天"", ""verb"": ""浇"", ""basis"": ""盆栽基线；以基质干湿而非固定天数为准""}","{""freq"": [30, 45], ""type"": ""1/2浓度薄肥"", ""unit"": ""天"", ""other"": ""生长期为主；休眠/低温/弱光期减量或暂停""}","{""way"": ""明亮散射光"", ""freq"": [3, 6], ""unit"": ""小时/天"", ""other"": ""以实际光照强度与直射时段校正，避免机械按距离判断""}","{""level"": ""medium"", ""other"": ""保持柔和空气流动；避免闷湿、强风直吹或长期封闭"", ""sensitivity"": ""high""}",18.00,29.00,60.00,85.00,low,audited_authority_corrected,Authority audit 2026-05-20: representative species/genus sources plus extension/RHS/ASPCA category guidance.,【属级养护基线 v2】已按权威资料修正为属级通用基线；具体品种、斑叶型、地栽/盆栽/室内外差异继续由 care_overrides 或问诊路径处理。竹芋类基线：高湿、温暖、明亮散射，忌直晒和水质盐分累积。,L1_or_L2_authority_audited,rowwise_authority_audit_v2,genus_care_profiles_light_uv_minmax_v5.sql,v5_light_uv_minmax_2026_05_20,1,2026-03-22 00:17:20,2026-05-20 00:00:00,null,null,0.00,3.00
genus_care_bb257e0c0b4a5548,system,Nephrolepis,Nephrolepidaceae,肾蕨科,Nephrolepidaceae,null,null,Foliage,"{""way"": ""保持微湿，忌积水"", ""freq"": [3, 6], ""unit"": ""天"", ""verb"": ""浇"", ""basis"": ""盆栽基线；以基质干湿而非固定天数为准""}","{""freq"": [30, 45], ""type"": ""1/4–1/2浓度薄肥"", ""unit"": ""天"", ""other"": ""生长期为主；休眠/低温/弱光期减量或暂停""}","{""way"": ""明亮散射光/半阴"", ""freq"": [2, 5], ""unit"": ""小时/天"", ""other"": ""以实际光照强度与直射时段校正，避免机械按距离判断""}","{""level"": ""medium"", ""other"": ""保持柔和空气流动；避免闷湿、强风直吹或长期封闭"", ""sensitivity"": ""high""}",16.00,28.00,60.00,85.00,low,audited_authority_corrected,Authority audit 2026-05-20: representative species/genus sources plus extension/RHS/ASPCA category guidance.,【属级养护基线 v2】已按权威资料修正为属级通用基线；具体品种、斑叶型、地栽/盆栽/室内外差异继续由 care_overrides 或问诊路径处理。蕨类/卷柏基线：喜湿润空气和散射光，忌干冷与暴晒。,L1_or_L2_authority_audited,rowwise_authority_audit_v2,genus_care_profiles_light_uv_minmax_v5.sql,v5_light_uv_minmax_2026_05_20,1,2026-03-22 00:13:11,2026-05-20 00:00:00,null,null,0.00,3.00
genus_care_bc1d371958d52417,system,Cyperus,Cyperaceae,莎草科,Cyperaceae,null,null,Aquatic,"{""way"": ""保持稳定水位/湿泥，及时补水"", ""freq"": [1, 3], ""unit"": ""天"", ""verb"": ""浇"", ""basis"": ""盆栽基线；以基质干湿而非固定天数为准""}","{""freq"": [30, 45], ""type"": ""水生植物缓释肥"", ""unit"": ""天"", ""other"": ""生长期为主；休眠/低温/弱光期减量或暂停""}","{""way"": ""全日照"", ""freq"": [6, 8], ""unit"": ""小时/天"", ""other"": ""以实际光照强度与直射时段校正，避免机械按距离判断""}","{""level"": ""outdoor_medium"", ""other"": ""保持柔和空气流动；避免闷湿、强风直吹或长期封闭"", ""sensitivity"": ""low""}",15.00,32.00,60.00,100.00,low,audited_authority_corrected,Authority audit 2026-05-20: representative species/genus sources plus extension/RHS/ASPCA category guidance.,【属级养护基线 v2】已按权威资料修正为属级通用基线；具体品种、斑叶型、地栽/盆栽/室内外差异继续由 care_overrides 或问诊路径处理。水生植物基线：稳定水位、静水或缓流、足够日照。,L1_or_L2_authority_audited,rowwise_authority_audit_v2,genus_care_profiles_light_uv_minmax_v5.sql,v5_light_uv_minmax_2026_05_20,1,2026-03-22 00:04:53,2026-05-20 00:00:00,null,null,3.00,8.00
genus_care_bda228be7d51979d,system,Tulipa,Liliaceae,百合科,Liliaceae,null,null,Bulb Flower,"{""way"": ""生长期保持微湿，休眠期干燥保存"", ""freq"": [5, 10], ""unit"": ""天"", ""verb"": ""浇"", ""basis"": ""盆栽基线；以基质干湿而非固定天数为准""}","{""freq"": [30, 45], ""type"": ""球根肥"", ""unit"": ""天"", ""other"": ""生长期为主；休眠/低温/弱光期减量或暂停""}","{""way"": ""全日照/半日照"", ""freq"": [5, 8], ""unit"": ""小时/天"", ""other"": ""以实际光照强度与直射时段校正，避免机械按距离判断""}","{""level"": ""medium"", ""other"": ""保持柔和空气流动；避免闷湿、强风直吹或长期封闭"", ""sensitivity"": ""low""}",5.00,22.00,40.00,70.00,medium,audited_authority_corrected,Authority audit 2026-05-20: representative species/genus sources plus extension/RHS/ASPCA category guidance.,【属级养护基线 v2】已按权威资料修正为属级通用基线；具体品种、斑叶型、地栽/盆栽/室内外差异继续由 care_overrides 或问诊路径处理。郁金香需要冷凉和充足光照，原表散射光过弱。,L1_or_L2_authority_audited,rowwise_authority_audit_v2,genus_care_profiles_light_uv_minmax_v5.sql,v5_light_uv_minmax_2026_05_20,1,2026-03-22 00:13:11,2026-05-20 00:00:00,null,null,1.00,5.00
genus_care_bf813c04d2f18bb3,system,Sedum,Crassulaceae,景天科,Crassulaceae,null,null,Succulent,"{""way"": ""完全干透再浇"", ""freq"": [14, 30], ""unit"": ""天"", ""verb"": ""浇"", ""basis"": ""盆栽基线；以基质干湿而非固定天数为准""}","{""freq"": [45, 60], ""type"": ""低氮薄肥/多肉肥"", ""unit"": ""天"", ""other"": ""生长期为主；休眠/低温/弱光期减量或暂停""}","{""way"": ""强光/明亮直射或补光"", ""freq"": [4, 8], ""unit"": ""小时/天"", ""other"": ""以实际光照强度与直射时段校正，避免机械按距离判断""}","{""level"": ""high"", ""other"": ""保持柔和空气流动；避免闷湿、强风直吹或长期封闭"", ""sensitivity"": ""high""}",10.00,35.00,20.00,60.00,low,audited_authority_corrected,Authority audit 2026-05-20: representative species/genus sources plus extension/RHS/ASPCA category guidance.,【属级养护基线 v2】已按权威资料修正为属级通用基线；具体品种、斑叶型、地栽/盆栽/室内外差异继续由 care_overrides 或问诊路径处理。旱生多肉基线：强光、排水、通风，宁干勿湿。,L1_or_L2_authority_audited,rowwise_authority_audit_v2,genus_care_profiles_light_uv_minmax_v5.sql,v5_light_uv_minmax_2026_05_20,1,2026-03-22 00:13:11,2026-05-20 00:00:00,null,null,3.00,8.00
genus_care_c0a815d90b33f542,system,Canna,Cannaceae,美人蕉科,Cannaceae,null,null,Flowering,"{""way"": ""表层土微干后浇透"", ""freq"": [3, 7], ""unit"": ""天"", ""verb"": ""浇"", ""basis"": ""盆栽基线；以基质干湿而非固定天数为准""}","{""freq"": [14, 30], ""type"": ""开花植物均衡肥"", ""unit"": ""天"", ""other"": ""生长期为主；休眠/低温/弱光期减量或暂停""}","{""way"": ""全日照"", ""freq"": [6, 8], ""unit"": ""小时/天"", ""other"": ""以实际光照强度与直射时段校正，避免机械按距离判断""}","{""level"": ""outdoor_medium"", ""other"": ""保持柔和空气流动；避免闷湿、强风直吹或长期封闭"", ""sensitivity"": ""low""}",10.00,30.00,40.00,75.00,low,audited_authority_corrected,Authority audit 2026-05-20: representative species/genus sources plus extension/RHS/ASPCA category guidance.,【属级养护基线 v2】已按权威资料修正为属级通用基线；具体品种、斑叶型、地栽/盆栽/室内外差异继续由 care_overrides 或问诊路径处理。露地开花植物基线：多为全日照和排水良好，盆栽需稳定水分。,L1_or_L2_authority_audited,rowwise_authority_audit_v2,genus_care_profiles_light_uv_minmax_v5.sql,v5_light_uv_minmax_2026_05_20,1,2026-03-22 00:01:02,2026-05-20 00:00:00,null,null,3.00,8.00
genus_care_c2857017f15d803f,system,Melissa,Lamiaceae,唇形科,Lamiaceae,null,null,Herb,"{""way"": ""保持微湿但不积水"", ""freq"": [3, 6], ""unit"": ""天"", ""verb"": ""浇"", ""basis"": ""盆栽基线；以基质干湿而非固定天数为准""}","{""freq"": [21, 30], ""type"": ""低浓度均衡肥"", ""unit"": ""天"", ""other"": ""生长期为主；休眠/低温/弱光期减量或暂停""}","{""way"": ""全日照/半日照，炎热季可午后遮阴"", ""freq"": [4, 6], ""unit"": ""小时/天"", ""other"": ""以实际光照强度与直射时段校正，避免机械按距离判断""}","{""level"": ""medium"", ""other"": ""保持柔和空气流动；避免闷湿、强风直吹或长期封闭"", ""sensitivity"": ""low""}",15.00,28.00,40.00,75.00,low,audited_authority_corrected,Authority audit 2026-05-20: representative species/genus sources plus extension/RHS/ASPCA category guidance.,【属级养护基线 v2】已按权威资料修正为属级通用基线；具体品种、斑叶型、地栽/盆栽/室内外差异继续由 care_overrides 或问诊路径处理。柔嫩香草基线：明亮、湿润但排水好，室内需补光。,L1_or_L2_authority_audited,rowwise_authority_audit_v2,genus_care_profiles_light_uv_minmax_v5.sql,v5_light_uv_minmax_2026_05_20,1,2026-03-22 00:13:11,2026-05-20 00:00:00,null,null,2.00,6.00
genus_care_c2b04028f889469d,system,Hydrangea,Hydrangeaceae,绣球科,Hydrangeaceae,null,null,Flowering,"{""way"": ""保持均匀湿润，高温期需水较多"", ""freq"": [3, 6], ""unit"": ""天"", ""verb"": ""浇"", ""basis"": ""盆栽基线；以基质干湿而非固定天数为准""}","{""freq"": [30, 45], ""type"": ""绣球/酸性植物肥"", ""unit"": ""天"", ""other"": ""生长期为主；休眠/低温/弱光期减量或暂停""}","{""way"": ""晨光/半日照，避午后强晒"", ""freq"": [3, 6], ""unit"": ""小时/天"", ""other"": ""以实际光照强度与直射时段校正，避免机械按距离判断""}","{""level"": ""medium"", ""other"": ""保持柔和空气流动；避免闷湿、强风直吹或长期封闭"", ""sensitivity"": ""medium""}",5.00,30.00,50.00,80.00,medium,audited_authority_corrected,Authority audit 2026-05-20: representative species/genus sources plus extension/RHS/ASPCA category guidance.,【属级养护基线 v2】已按权威资料修正为属级通用基线；具体品种、斑叶型、地栽/盆栽/室内外差异继续由 care_overrides 或问诊路径处理。绣球黄叶/萎蔫常与高温强晒和缺水相关，不能简化为散射光室内基线。,L1_or_L2_authority_audited,rowwise_authority_audit_v2,genus_care_profiles_light_uv_minmax_v5.sql,v5_light_uv_minmax_2026_05_20,1,2026-03-22 00:17:20,2026-05-20 00:00:00,null,null,1.00,5.00
genus_care_c63fbc3c0d257fa4,system,Eruca,Brassicaceae,十字花科,Brassicaceae,null,null,Vegetable,"{""way"": ""保持均匀湿润，表土微干即浇"", ""freq"": [2, 4], ""unit"": ""天"", ""verb"": ""浇"", ""basis"": ""盆栽基线；以基质干湿而非固定天数为准""}","{""freq"": [14, 21], ""type"": ""蔬菜均衡肥/堆肥补充"", ""unit"": ""天"", ""other"": ""生长期为主；休眠/低温/弱光期减量或暂停""}","{""way"": ""全日照到半日照，炎热季可午后遮阴"", ""freq"": [4, 8], ""unit"": ""小时/天"", ""other"": ""以实际光照强度与直射时段校正，避免机械按距离判断""}","{""level"": ""outdoor_medium"", ""other"": ""保持柔和空气流动；避免闷湿、强风直吹或长期封闭"", ""sensitivity"": ""low""}",10.00,24.00,40.00,80.00,low,audited_authority_corrected,Authority audit 2026-05-20: representative species/genus sources plus extension/RHS/ASPCA category guidance.,【属级养护基线 v2】已按权威资料修正为属级通用基线；具体品种、斑叶型、地栽/盆栽/室内外差异继续由 care_overrides 或问诊路径处理。冷凉季叶菜/根菜基线：充足光照、凉爽、均匀水分。,L1_or_L2_authority_audited,rowwise_authority_audit_v2,genus_care_profiles_light_uv_minmax_v5.sql,v5_light_uv_minmax_2026_05_20,1,2026-03-22 00:04:53,2026-05-20 00:00:00,null,null,2.00,6.00
genus_care_c69c324de52af093,system,Pachira,Malvaceae,锦葵科,Malvaceae,null,null,Foliage,"{""way"": ""表层2–3cm微干后浇透"", ""freq"": [5, 10], ""unit"": ""天"", ""verb"": ""浇"", ""basis"": ""盆栽基线；以基质干湿而非固定天数为准""}","{""freq"": [30, 45], ""type"": ""1/2浓度均衡肥"", ""unit"": ""天"", ""other"": ""生长期为主；休眠/低温/弱光期减量或暂停""}","{""way"": ""明亮散射光/半阴"", ""freq"": [3, 6], ""unit"": ""小时/天"", ""other"": ""以实际光照强度与直射时段校正，避免机械按距离判断""}","{""level"": ""medium"", ""other"": ""保持柔和空气流动；避免闷湿、强风直吹或长期封闭"", ""sensitivity"": ""medium""}",18.00,30.00,50.00,80.00,low,audited_authority_corrected,Authority audit 2026-05-20: representative species/genus sources plus extension/RHS/ASPCA category guidance.,【属级养护基线 v2】已按权威资料修正为属级通用基线；具体品种、斑叶型、地栽/盆栽/室内外差异继续由 care_overrides 或问诊路径处理。热带观叶基线：明亮散射光、稳定温暖、避免积水。,L1_or_L2_authority_audited,rowwise_authority_audit_v2,genus_care_profiles_light_uv_minmax_v5.sql,v5_light_uv_minmax_2026_05_20,1,2026-03-22 00:13:11,2026-05-20 00:00:00,null,null,0.00,3.00
genus_care_c7b8018475ce602c,system,Viola,Violaceae,堇菜科,Violaceae,null,null,Flowering,"{""way"": ""表层土微干后浇透"", ""freq"": [3, 7], ""unit"": ""天"", ""verb"": ""浇"", ""basis"": ""盆栽基线；以基质干湿而非固定天数为准""}","{""freq"": [14, 30], ""type"": ""开花植物均衡肥"", ""unit"": ""天"", ""other"": ""生长期为主；休眠/低温/弱光期减量或暂停""}","{""way"": ""全日照"", ""freq"": [6, 8], ""unit"": ""小时/天"", ""other"": ""以实际光照强度与直射时段校正，避免机械按距离判断""}","{""level"": ""outdoor_medium"", ""other"": ""保持柔和空气流动；避免闷湿、强风直吹或长期封闭"", ""sensitivity"": ""low""}",10.00,30.00,40.00,75.00,low,audited_authority_corrected,Authority audit 2026-05-20: representative species/genus sources plus extension/RHS/ASPCA category guidance.,【属级养护基线 v2】已按权威资料修正为属级通用基线；具体品种、斑叶型、地栽/盆栽/室内外差异继续由 care_overrides 或问诊路径处理。露地开花植物基线：多为全日照和排水良好，盆栽需稳定水分。,L1_or_L2_authority_audited,rowwise_authority_audit_v2,genus_care_profiles_light_uv_minmax_v5.sql,v5_light_uv_minmax_2026_05_20,1,2026-03-22 00:13:11,2026-05-20 00:00:00,null,null,2.00,6.00
genus_care_c82ca2e4991c5f10,system,Graptopetalum,Crassulaceae,景天科,Crassulaceae,null,null,Succulent,"{""way"": ""完全干透再浇"", ""freq"": [14, 30], ""unit"": ""天"", ""verb"": ""浇"", ""basis"": ""盆栽基线；以基质干湿而非固定天数为准""}","{""freq"": [45, 60], ""type"": ""低氮薄肥/多肉肥"", ""unit"": ""天"", ""other"": ""生长期为主；休眠/低温/弱光期减量或暂停""}","{""way"": ""强光/明亮直射或补光"", ""freq"": [4, 8], ""unit"": ""小时/天"", ""other"": ""以实际光照强度与直射时段校正，避免机械按距离判断""}","{""level"": ""high"", ""other"": ""保持柔和空气流动；避免闷湿、强风直吹或长期封闭"", ""sensitivity"": ""high""}",10.00,35.00,20.00,60.00,low,audited_authority_corrected,Authority audit 2026-05-20: representative species/genus sources plus extension/RHS/ASPCA category guidance.,【属级养护基线 v2】已按权威资料修正为属级通用基线；具体品种、斑叶型、地栽/盆栽/室内外差异继续由 care_overrides 或问诊路径处理。旱生多肉基线：强光、排水、通风，宁干勿湿。,L1_or_L2_authority_audited,rowwise_authority_audit_v2,genus_care_profiles_light_uv_minmax_v5.sql,v5_light_uv_minmax_2026_05_20,1,2026-03-22 00:17:20,2026-05-20 00:00:00,null,null,3.00,8.00
genus_care_cb8c024bcc4060f3,system,Caladium,Araceae,天南星科,Araceae,null,null,Foliage,"{""way"": ""表层2–3cm微干后浇透"", ""freq"": [5, 10], ""unit"": ""天"", ""verb"": ""浇"", ""basis"": ""盆栽基线；以基质干湿而非固定天数为准""}","{""freq"": [30, 45], ""type"": ""1/2浓度均衡肥"", ""unit"": ""天"", ""other"": ""生长期为主；休眠/低温/弱光期减量或暂停""}","{""way"": ""明亮散射光/半阴"", ""freq"": [3, 6], ""unit"": ""小时/天"", ""other"": ""以实际光照强度与直射时段校正，避免机械按距离判断""}","{""level"": ""medium"", ""other"": ""保持柔和空气流动；避免闷湿、强风直吹或长期封闭"", ""sensitivity"": ""medium""}",18.00,30.00,50.00,80.00,medium,audited_authority_corrected,Authority audit 2026-05-20: representative species/genus sources plus extension/RHS/ASPCA category guidance.,【属级养护基线 v2】已按权威资料修正为属级通用基线；具体品种、斑叶型、地栽/盆栽/室内外差异继续由 care_overrides 或问诊路径处理。热带观叶基线：明亮散射光、稳定温暖、避免积水。,L1_or_L2_authority_audited,rowwise_authority_audit_v2,genus_care_profiles_light_uv_minmax_v5.sql,v5_light_uv_minmax_2026_05_20,1,2026-03-21 23:59:15,2026-05-20 00:00:00,null,null,0.00,3.00
genus_care_cbf4ea566390d67d,system,Hedera,Araliaceae,null,Araliaceae,null,null,Foliage,"{""way"": ""表层土干后浇透，喜冷凉"", ""freq"": [5, 10], ""unit"": ""天"", ""verb"": ""浇"", ""basis"": ""盆栽基线；以基质干湿而非固定天数为准""}","{""freq"": [30, 45], ""type"": ""1/2浓度均衡肥"", ""unit"": ""天"", ""other"": ""生长期为主；休眠/低温/弱光期减量或暂停""}","{""way"": ""明亮散射光/半阴，可耐较低光"", ""freq"": [2, 6], ""unit"": ""小时/天"", ""other"": ""以实际光照强度与直射时段校正，避免机械按距离判断""}","{""level"": ""medium"", ""other"": ""保持柔和空气流动；避免闷湿、强风直吹或长期封闭"", ""sensitivity"": ""medium""}",10.00,24.00,40.00,70.00,medium,audited_authority_corrected,Authority audit 2026-05-20: representative species/genus sources plus extension/RHS/ASPCA category guidance.,【属级养护基线 v2】已按权威资料修正为属级通用基线；具体品种、斑叶型、地栽/盆栽/室内外差异继续由 care_overrides 或问诊路径处理。常春藤喜冷凉明亮环境，毒性不应忽略。,L1_or_L2_authority_audited,rowwise_authority_audit_v2,genus_care_profiles_light_uv_minmax_v5.sql,v5_light_uv_minmax_2026_05_20,1,2026-03-22 00:17:20,2026-05-20 00:00:00,null,null,0.00,3.00
genus_care_cc401e1303652889,system,Coriandrum,Apiaceae,伞形科,Apiaceae,null,null,Herb,"{""way"": ""保持微湿但不积水"", ""freq"": [3, 6], ""unit"": ""天"", ""verb"": ""浇"", ""basis"": ""盆栽基线；以基质干湿而非固定天数为准""}","{""freq"": [21, 30], ""type"": ""低浓度均衡肥"", ""unit"": ""天"", ""other"": ""生长期为主；休眠/低温/弱光期减量或暂停""}","{""way"": ""全日照/半日照，炎热季可午后遮阴"", ""freq"": [4, 6], ""unit"": ""小时/天"", ""other"": ""以实际光照强度与直射时段校正，避免机械按距离判断""}","{""level"": ""medium"", ""other"": ""保持柔和空气流动；避免闷湿、强风直吹或长期封闭"", ""sensitivity"": ""low""}",15.00,28.00,40.00,75.00,low,audited_authority_corrected,Authority audit 2026-05-20: representative species/genus sources plus extension/RHS/ASPCA category guidance.,【属级养护基线 v2】已按权威资料修正为属级通用基线；具体品种、斑叶型、地栽/盆栽/室内外差异继续由 care_overrides 或问诊路径处理。柔嫩香草基线：明亮、湿润但排水好，室内需补光。,L1_or_L2_authority_audited,rowwise_authority_audit_v2,genus_care_profiles_light_uv_minmax_v5.sql,v5_light_uv_minmax_2026_05_20,1,2026-03-22 00:01:02,2026-05-20 00:00:00,null,null,2.00,6.00
genus_care_cdf0aeee74936014,system,Euphorbia,Euphorbiaceae,null,Euphorbiaceae,null,null,Flowering,"{""way"": ""土壤明显变干后浇透，避免积水"", ""freq"": [7, 14], ""unit"": ""天"", ""verb"": ""浇"", ""basis"": ""盆栽基线；以基质干湿而非固定天数为准""}","{""freq"": [30, 45], ""type"": ""低浓度均衡肥"", ""unit"": ""天"", ""other"": ""生长期为主；休眠/低温/弱光期减量或暂停""}","{""way"": ""强光/明亮光，依种类避午后烈日"", ""freq"": [4, 8], ""unit"": ""小时/天"", ""other"": ""以实际光照强度与直射时段校正，避免机械按距离判断""}","{""level"": ""high"", ""other"": ""保持柔和空气流动；避免闷湿、强风直吹或长期封闭"", ""sensitivity"": ""medium""}",10.00,32.00,25.00,65.00,medium,audited_authority_corrected,Authority audit 2026-05-20: representative species/genus sources plus extension/RHS/ASPCA category guidance.,【属级养护基线 v2】已按权威资料修正为属级通用基线；具体品种、斑叶型、地栽/盆栽/室内外差异继续由 care_overrides 或问诊路径处理。大戟属差异大但多有刺激性乳汁；按属级基线应提高毒性和控水。,L1_or_L2_authority_audited,rowwise_authority_audit_v2,genus_care_profiles_light_uv_minmax_v5.sql,v5_light_uv_minmax_2026_05_20,1,2026-03-22 00:04:53,2026-05-20 00:00:00,null,null,3.00,8.00
genus_care_ce44ec2ffd670594,system,Adiantum,Pteridaceae,凤尾蕨科,Pteridaceae,null,null,Foliage,"{""way"": ""保持微湿，忌积水"", ""freq"": [3, 6], ""unit"": ""天"", ""verb"": ""浇"", ""basis"": ""盆栽基线；以基质干湿而非固定天数为准""}","{""freq"": [30, 45], ""type"": ""1/4–1/2浓度薄肥"", ""unit"": ""天"", ""other"": ""生长期为主；休眠/低温/弱光期减量或暂停""}","{""way"": ""明亮散射光/半阴"", ""freq"": [2, 5], ""unit"": ""小时/天"", ""other"": ""以实际光照强度与直射时段校正，避免机械按距离判断""}","{""level"": ""medium"", ""other"": ""保持柔和空气流动；避免闷湿、强风直吹或长期封闭"", ""sensitivity"": ""high""}",16.00,28.00,60.00,85.00,low,audited_authority_corrected,Authority audit 2026-05-20: representative species/genus sources plus extension/RHS/ASPCA category guidance.,【属级养护基线 v2】已按权威资料修正为属级通用基线；具体品种、斑叶型、地栽/盆栽/室内外差异继续由 care_overrides 或问诊路径处理。蕨类/卷柏基线：喜湿润空气和散射光，忌干冷与暴晒。,L1_or_L2_authority_audited,rowwise_authority_audit_v2,genus_care_profiles_light_uv_minmax_v5.sql,v5_light_uv_minmax_2026_05_20,1,2026-03-21 23:59:15,2026-05-20 00:00:00,null,null,0.00,3.00
genus_care_d02a8a4e536331c7,system,Cestrum,Solanaceae,茄科,Solanaceae,null,null,Flowering,"{""way"": ""表层土微干后浇透"", ""freq"": [3, 7], ""unit"": ""天"", ""verb"": ""浇"", ""basis"": ""盆栽基线；以基质干湿而非固定天数为准""}","{""freq"": [14, 30], ""type"": ""开花植物均衡肥"", ""unit"": ""天"", ""other"": ""生长期为主；休眠/低温/弱光期减量或暂停""}","{""way"": ""全日照"", ""freq"": [6, 8], ""unit"": ""小时/天"", ""other"": ""以实际光照强度与直射时段校正，避免机械按距离判断""}","{""level"": ""outdoor_medium"", ""other"": ""保持柔和空气流动；避免闷湿、强风直吹或长期封闭"", ""sensitivity"": ""low""}",10.00,30.00,40.00,75.00,high,audited_authority_corrected,Authority audit 2026-05-20: representative species/genus sources plus extension/RHS/ASPCA category guidance.,【属级养护基线 v2】已按权威资料修正为属级通用基线；具体品种、斑叶型、地栽/盆栽/室内外差异继续由 care_overrides 或问诊路径处理。露地开花植物基线：多为全日照和排水良好，盆栽需稳定水分。,L1_or_L2_authority_audited,rowwise_authority_audit_v2,genus_care_profiles_light_uv_minmax_v5.sql,v5_light_uv_minmax_2026_05_20,1,2026-03-22 00:01:02,2026-05-20 00:00:00,null,null,3.00,8.00
genus_care_d08ba1b0e89f27b4,system,Bougainvillea,Nyctaginaceae,紫茉莉科,Nyctaginaceae,null,null,Flowering,"{""way"": ""表层土微干后浇透"", ""freq"": [3, 7], ""unit"": ""天"", ""verb"": ""浇"", ""basis"": ""盆栽基线；以基质干湿而非固定天数为准""}","{""freq"": [14, 30], ""type"": ""开花植物均衡肥"", ""unit"": ""天"", ""other"": ""生长期为主；休眠/低温/弱光期减量或暂停""}","{""way"": ""全日照"", ""freq"": [6, 8], ""unit"": ""小时/天"", ""other"": ""以实际光照强度与直射时段校正，避免机械按距离判断""}","{""level"": ""outdoor_medium"", ""other"": ""保持柔和空气流动；避免闷湿、强风直吹或长期封闭"", ""sensitivity"": ""low""}",10.00,30.00,40.00,75.00,low,audited_authority_corrected,Authority audit 2026-05-20: representative species/genus sources plus extension/RHS/ASPCA category guidance.,【属级养护基线 v2】已按权威资料修正为属级通用基线；具体品种、斑叶型、地栽/盆栽/室内外差异继续由 care_overrides 或问诊路径处理。露地开花植物基线：多为全日照和排水良好，盆栽需稳定水分。,L1_or_L2_authority_audited,rowwise_authority_audit_v2,genus_care_profiles_light_uv_minmax_v5.sql,v5_light_uv_minmax_2026_05_20,1,2026-03-21 23:59:15,2026-05-20 00:00:00,null,null,3.00,8.00
genus_care_d255e82a07d9ad5e,system,Pontederia,Pontederiaceae,雨久花科,Pontederiaceae,null,null,Aquatic,"{""way"": ""保持稳定水位/湿泥，及时补水"", ""freq"": [1, 3], ""unit"": ""天"", ""verb"": ""浇"", ""basis"": ""盆栽基线；以基质干湿而非固定天数为准""}","{""freq"": [30, 45], ""type"": ""水生植物缓释肥"", ""unit"": ""天"", ""other"": ""生长期为主；休眠/低温/弱光期减量或暂停""}","{""way"": ""全日照"", ""freq"": [6, 8], ""unit"": ""小时/天"", ""other"": ""以实际光照强度与直射时段校正，避免机械按距离判断""}","{""level"": ""outdoor_medium"", ""other"": ""保持柔和空气流动；避免闷湿、强风直吹或长期封闭"", ""sensitivity"": ""low""}",15.00,32.00,60.00,100.00,low,audited_authority_corrected,Authority audit 2026-05-20: representative species/genus sources plus extension/RHS/ASPCA category guidance.,【属级养护基线 v2】已按权威资料修正为属级通用基线；具体品种、斑叶型、地栽/盆栽/室内外差异继续由 care_overrides 或问诊路径处理。水生植物基线：稳定水位、静水或缓流、足够日照。,L1_or_L2_authority_audited,rowwise_authority_audit_v2,genus_care_profiles_light_uv_minmax_v5.sql,v5_light_uv_minmax_2026_05_20,1,2026-03-22 00:13:11,2026-05-20 00:00:00,null,null,3.00,8.00
genus_care_d571e7860ecf3a91,system,Chlorophytum,Asparagaceae,天门冬科,Asparagaceae,null,null,Foliage,"{""way"": ""盆土大半干后浇透"", ""freq"": [10, 20], ""unit"": ""天"", ""verb"": ""浇"", ""basis"": ""盆栽基线；以基质干湿而非固定天数为准""}","{""freq"": [45, 60], ""type"": ""1/2浓度均衡肥"", ""unit"": ""天"", ""other"": ""生长期为主；休眠/低温/弱光期减量或暂停""}","{""way"": ""明亮散射光/可耐中低光"", ""freq"": [2, 6], ""unit"": ""小时/天"", ""other"": ""以实际光照强度与直射时段校正，避免机械按距离判断""}","{""level"": ""medium"", ""other"": ""保持柔和空气流动；避免闷湿、强风直吹或长期封闭"", ""sensitivity"": ""low""}",15.00,32.00,35.00,70.00,medium,audited_authority_corrected,Authority audit 2026-05-20: representative species/genus sources plus extension/RHS/ASPCA category guidance.,【属级养护基线 v2】已按权威资料修正为属级通用基线；具体品种、斑叶型、地栽/盆栽/室内外差异继续由 care_overrides 或问诊路径处理。耐旱观叶基线：优先防积水，耐低光不等于喜阴。,L1_or_L2_authority_audited,rowwise_authority_audit_v2,genus_care_profiles_light_uv_minmax_v5.sql,v5_light_uv_minmax_2026_05_20,1,2026-03-22 00:01:02,2026-05-20 00:00:00,null,null,0.00,3.00
genus_care_d5d0fc5a85fd648f,system,Schefflera,Araliaceae,null,Araliaceae,null,null,Foliage,"{""way"": ""表层土干后浇透"", ""freq"": [7, 12], ""unit"": ""天"", ""verb"": ""浇"", ""basis"": ""盆栽基线；以基质干湿而非固定天数为准""}","{""freq"": [30, 45], ""type"": ""1/2浓度均衡肥"", ""unit"": ""天"", ""other"": ""生长期为主；休眠/低温/弱光期减量或暂停""}","{""way"": ""明亮散射光"", ""freq"": [3, 6], ""unit"": ""小时/天"", ""other"": ""以实际光照强度与直射时段校正，避免机械按距离判断""}","{""level"": ""medium"", ""other"": ""保持柔和空气流动；避免闷湿、强风直吹或长期封闭"", ""sensitivity"": ""low""}",15.00,30.00,40.00,75.00,medium,audited_authority_corrected,Authority audit 2026-05-20: representative species/genus sources plus extension/RHS/ASPCA category guidance.,【属级养护基线 v2】已按权威资料修正为属级通用基线；具体品种、斑叶型、地栽/盆栽/室内外差异继续由 care_overrides 或问诊路径处理。鹅掌柴含草酸钙/刺激性成分，应上调毒性。,L1_or_L2_authority_audited,rowwise_authority_audit_v2,genus_care_profiles_light_uv_minmax_v5.sql,v5_light_uv_minmax_2026_05_20,1,2026-03-22 00:13:11,2026-05-20 00:00:00,null,null,0.00,3.00
genus_care_d7dcd1a20f80fd02,system,Narcissus,Amaryllidaceae,石蒜科,Amaryllidaceae,null,null,Bulb Flower,"{""way"": ""生长期保持微湿，花后养叶，休眠期控水"", ""freq"": [5, 10], ""unit"": ""天"", ""verb"": ""浇"", ""basis"": ""盆栽基线；以基质干湿而非固定天数为准""}","{""freq"": [30, 45], ""type"": ""球根肥"", ""unit"": ""天"", ""other"": ""生长期为主；休眠/低温/弱光期减量或暂停""}","{""way"": ""全日照/半日照"", ""freq"": [5, 8], ""unit"": ""小时/天"", ""other"": ""以实际光照强度与直射时段校正，避免机械按距离判断""}","{""level"": ""medium"", ""other"": ""保持柔和空气流动；避免闷湿、强风直吹或长期封闭"", ""sensitivity"": ""low""}",5.00,22.00,40.00,70.00,medium,audited_authority_corrected,Authority audit 2026-05-20: representative species/genus sources plus extension/RHS/ASPCA category guidance.,【属级养护基线 v2】已按权威资料修正为属级通用基线；具体品种、斑叶型、地栽/盆栽/室内外差异继续由 care_overrides 或问诊路径处理。水仙为有毒球根，且多数需要明亮光/半日照。,L1_or_L2_authority_audited,rowwise_authority_audit_v2,genus_care_profiles_light_uv_minmax_v5.sql,v5_light_uv_minmax_2026_05_20,1,2026-03-22 00:13:11,2026-05-20 00:00:00,null,null,1.00,5.00
genus_care_e190c91f496581a0,system,Cyclamen,Primulaceae,报春花科,Primulaceae,null,null,Flowering,"{""way"": ""盆土微湿，避免球茎积水，休眠期减水"", ""freq"": [5, 10], ""unit"": ""天"", ""verb"": ""浇"", ""basis"": ""盆栽基线；以基质干湿而非固定天数为准""}","{""freq"": [30, 45], ""type"": ""低浓度开花肥"", ""unit"": ""天"", ""other"": ""生长期为主；休眠/低温/弱光期减量或暂停""}","{""way"": ""明亮散射光/冷凉晨光"", ""freq"": [3, 6], ""unit"": ""小时/天"", ""other"": ""以实际光照强度与直射时段校正，避免机械按距离判断""}","{""level"": ""medium"", ""other"": ""保持柔和空气流动；避免闷湿、强风直吹或长期封闭"", ""sensitivity"": ""medium""}",8.00,20.00,45.00,70.00,medium,audited_authority_corrected,Authority audit 2026-05-20: representative species/genus sources plus extension/RHS/ASPCA category guidance.,【属级养护基线 v2】已按权威资料修正为属级通用基线；具体品种、斑叶型、地栽/盆栽/室内外差异继续由 care_overrides 或问诊路径处理。仙客来喜冷凉和明亮光，过热易休眠。,L1_or_L2_authority_audited,rowwise_authority_audit_v2,genus_care_profiles_light_uv_minmax_v5.sql,v5_light_uv_minmax_2026_05_20,1,2026-03-22 00:01:02,2026-05-20 00:00:00,null,null,0.00,4.00
genus_care_e2bc62baac75deb7,system,Anethum,Apiaceae,伞形科,Apiaceae,null,null,Herb,"{""way"": ""保持微湿但不积水"", ""freq"": [3, 6], ""unit"": ""天"", ""verb"": ""浇"", ""basis"": ""盆栽基线；以基质干湿而非固定天数为准""}","{""freq"": [21, 30], ""type"": ""低浓度均衡肥"", ""unit"": ""天"", ""other"": ""生长期为主；休眠/低温/弱光期减量或暂停""}","{""way"": ""全日照/半日照，炎热季可午后遮阴"", ""freq"": [4, 6], ""unit"": ""小时/天"", ""other"": ""以实际光照强度与直射时段校正，避免机械按距离判断""}","{""level"": ""medium"", ""other"": ""保持柔和空气流动；避免闷湿、强风直吹或长期封闭"", ""sensitivity"": ""low""}",15.00,28.00,40.00,75.00,low,audited_authority_corrected,Authority audit 2026-05-20: representative species/genus sources plus extension/RHS/ASPCA category guidance.,【属级养护基线 v2】已按权威资料修正为属级通用基线；具体品种、斑叶型、地栽/盆栽/室内外差异继续由 care_overrides 或问诊路径处理。柔嫩香草基线：明亮、湿润但排水好，室内需补光。,L1_or_L2_authority_audited,rowwise_authority_audit_v2,genus_care_profiles_light_uv_minmax_v5.sql,v5_light_uv_minmax_2026_05_20,1,2026-03-21 23:59:15,2026-05-20 00:00:00,null,null,2.00,6.00
genus_care_e39cf4e87d5b7c80,system,Clivia,Amaryllidaceae,石蒜科,Amaryllidaceae,null,null,Flowering,"{""way"": ""表层土干后浇透，冬季适度控水促花"", ""freq"": [7, 14], ""unit"": ""天"", ""verb"": ""浇"", ""basis"": ""盆栽基线；以基质干湿而非固定天数为准""}","{""freq"": [30, 45], ""type"": ""开花植物薄肥"", ""unit"": ""天"", ""other"": ""生长期为主；休眠/低温/弱光期减量或暂停""}","{""way"": ""明亮散射光/半阴，忌直晒"", ""freq"": [3, 6], ""unit"": ""小时/天"", ""other"": ""以实际光照强度与直射时段校正，避免机械按距离判断""}","{""level"": ""medium"", ""other"": ""保持柔和空气流动；避免闷湿、强风直吹或长期封闭"", ""sensitivity"": ""low""}",10.00,26.00,40.00,70.00,medium,audited_authority_corrected,Authority audit 2026-05-20: representative species/genus sources plus extension/RHS/ASPCA category guidance.,【属级养护基线 v2】已按权威资料修正为属级通用基线；具体品种、斑叶型、地栽/盆栽/室内外差异继续由 care_overrides 或问诊路径处理。君子兰喜明亮散射和冷凉休眠，非普通全日照花卉。,L1_or_L2_authority_audited,rowwise_authority_audit_v2,genus_care_profiles_light_uv_minmax_v5.sql,v5_light_uv_minmax_2026_05_20,1,2026-03-22 00:01:02,2026-05-20 00:00:00,null,null,0.00,3.00
genus_care_e468471c04b4ea89,system,Hyacinthus,Asparagaceae,天门冬科,Asparagaceae,null,null,Bulb Flower,"{""way"": ""生长期保持微湿，休眠期控水"", ""freq"": [5, 10], ""unit"": ""天"", ""verb"": ""浇"", ""basis"": ""盆栽基线；以基质干湿而非固定天数为准""}","{""freq"": [30, 45], ""type"": ""球根肥"", ""unit"": ""天"", ""other"": ""生长期为主；休眠/低温/弱光期减量或暂停""}","{""way"": ""全日照/半日照"", ""freq"": [5, 8], ""unit"": ""小时/天"", ""other"": ""以实际光照强度与直射时段校正，避免机械按距离判断""}","{""level"": ""medium"", ""other"": ""保持柔和空气流动；避免闷湿、强风直吹或长期封闭"", ""sensitivity"": ""low""}",5.00,22.00,40.00,70.00,medium,audited_authority_corrected,Authority audit 2026-05-20: representative species/genus sources plus extension/RHS/ASPCA category guidance.,【属级养护基线 v2】已按权威资料修正为属级通用基线；具体品种、斑叶型、地栽/盆栽/室内外差异继续由 care_overrides 或问诊路径处理。风信子偏好排水良好和充足光照，毒性应非低。,L1_or_L2_authority_audited,rowwise_authority_audit_v2,genus_care_profiles_light_uv_minmax_v5.sql,v5_light_uv_minmax_2026_05_20,1,2026-03-22 00:17:20,2026-05-20 00:00:00,null,null,1.00,5.00
genus_care_e51dd6c8fc108e97,system,Schoenoplectus,Cyperaceae,莎草科,Cyperaceae,null,null,Aquatic,"{""way"": ""保持稳定水位/湿泥，及时补水"", ""freq"": [1, 3], ""unit"": ""天"", ""verb"": ""浇"", ""basis"": ""盆栽基线；以基质干湿而非固定天数为准""}","{""freq"": [30, 45], ""type"": ""水生植物缓释肥"", ""unit"": ""天"", ""other"": ""生长期为主；休眠/低温/弱光期减量或暂停""}","{""way"": ""全日照"", ""freq"": [6, 8], ""unit"": ""小时/天"", ""other"": ""以实际光照强度与直射时段校正，避免机械按距离判断""}","{""level"": ""outdoor_medium"", ""other"": ""保持柔和空气流动；避免闷湿、强风直吹或长期封闭"", ""sensitivity"": ""low""}",15.00,32.00,60.00,100.00,low,audited_authority_corrected,Authority audit 2026-05-20: representative species/genus sources plus extension/RHS/ASPCA category guidance.,【属级养护基线 v2】已按权威资料修正为属级通用基线；具体品种、斑叶型、地栽/盆栽/室内外差异继续由 care_overrides 或问诊路径处理。水生植物基线：稳定水位、静水或缓流、足够日照。,L1_or_L2_authority_audited,rowwise_authority_audit_v2,genus_care_profiles_light_uv_minmax_v5.sql,v5_light_uv_minmax_2026_05_20,1,2026-03-22 00:13:11,2026-05-20 00:00:00,null,null,3.00,8.00
genus_care_e6bcfa20660c3532,system,Salvia,Lamiaceae,唇形科,Lamiaceae,null,null,Herb,"{""way"": ""土壤明显变干后浇透"", ""freq"": [5, 10], ""unit"": ""天"", ""verb"": ""浇"", ""basis"": ""盆栽基线；以基质干湿而非固定天数为准""}","{""freq"": [30, 45], ""type"": ""低浓度少量肥"", ""unit"": ""天"", ""other"": ""生长期为主；休眠/低温/弱光期减量或暂停""}","{""way"": ""全日照"", ""freq"": [6, 8], ""unit"": ""小时/天"", ""other"": ""以实际光照强度与直射时段校正，避免机械按距离判断""}","{""level"": ""high"", ""other"": ""保持柔和空气流动；避免闷湿、强风直吹或长期封闭"", ""sensitivity"": ""low""}",12.00,30.00,30.00,65.00,low,audited_authority_corrected,Authority audit 2026-05-20: representative species/genus sources plus extension/RHS/ASPCA category guidance.,【属级养护基线 v2】已按权威资料修正为属级通用基线；具体品种、斑叶型、地栽/盆栽/室内外差异继续由 care_overrides 或问诊路径处理。地中海香草基线：全日照、排水好、偏干，忌长期湿土。,L1_or_L2_authority_audited,rowwise_authority_audit_v2,genus_care_profiles_light_uv_minmax_v5.sql,v5_light_uv_minmax_2026_05_20,1,2026-03-22 00:13:11,2026-05-20 00:00:00,null,null,3.00,8.00
genus_care_ebaa899ee5b37912,system,Tradescantia,Commelinaceae,鸭跖草科,Commelinaceae,null,null,Foliage,"{""way"": ""表层2–3cm微干后浇透"", ""freq"": [5, 10], ""unit"": ""天"", ""verb"": ""浇"", ""basis"": ""盆栽基线；以基质干湿而非固定天数为准""}","{""freq"": [30, 45], ""type"": ""1/2浓度均衡肥"", ""unit"": ""天"", ""other"": ""生长期为主；休眠/低温/弱光期减量或暂停""}","{""way"": ""明亮散射光/半阴"", ""freq"": [3, 6], ""unit"": ""小时/天"", ""other"": ""以实际光照强度与直射时段校正，避免机械按距离判断""}","{""level"": ""medium"", ""other"": ""保持柔和空气流动；避免闷湿、强风直吹或长期封闭"", ""sensitivity"": ""medium""}",18.00,30.00,50.00,80.00,medium,audited_authority_corrected,Authority audit 2026-05-20: representative species/genus sources plus extension/RHS/ASPCA category guidance.,【属级养护基线 v2】已按权威资料修正为属级通用基线；具体品种、斑叶型、地栽/盆栽/室内外差异继续由 care_overrides 或问诊路径处理。热带观叶基线：明亮散射光、稳定温暖、避免积水。,L1_or_L2_authority_audited,rowwise_authority_audit_v2,genus_care_profiles_light_uv_minmax_v5.sql,v5_light_uv_minmax_2026_05_20,1,2026-03-22 00:13:11,2026-05-20 00:00:00,null,null,0.00,3.00
genus_care_efe55b2a58050c79,system,Selenicereus,Cactaceae,仙人掌科,Cactaceae,null,null,Succulent,"{""way"": ""基质半干后浇透，冬季减水"", ""freq"": [7, 14], ""unit"": ""天"", ""verb"": ""浇"", ""basis"": ""盆栽基线；以基质干湿而非固定天数为准""}","{""freq"": [30, 45], ""type"": ""仙人掌薄肥"", ""unit"": ""天"", ""other"": ""生长期为主；休眠/低温/弱光期减量或暂停""}","{""way"": ""明亮散射光到半日照"", ""freq"": [4, 6], ""unit"": ""小时/天"", ""other"": ""以实际光照强度与直射时段校正，避免机械按距离判断""}","{""level"": ""medium"", ""other"": ""保持柔和空气流动；避免闷湿、强风直吹或长期封闭"", ""sensitivity"": ""medium""}",15.00,30.00,40.00,75.00,low,audited_authority_corrected,Authority audit 2026-05-20: representative species/genus sources plus extension/RHS/ASPCA category guidance.,【属级养护基线 v2】已按权威资料修正为属级通用基线；具体品种、斑叶型、地栽/盆栽/室内外差异继续由 care_overrides 或问诊路径处理。量天尺/月下美人类偏附生或攀援，强光但忌封闭暴晒。,L1_or_L2_authority_audited,rowwise_authority_audit_v2,genus_care_profiles_light_uv_minmax_v5.sql,v5_light_uv_minmax_2026_05_20,1,2026-03-22 00:13:11,2026-05-20 00:00:00,null,null,0.00,3.00
genus_care_f296552767b53bea,system,Luffa,Cucurbitaceae,葫芦科,Cucurbitaceae,null,null,Vegetable,"{""way"": ""保持均匀湿润，忌忽干忽湿"", ""freq"": [2, 4], ""unit"": ""天"", ""verb"": ""浇"", ""basis"": ""盆栽基线；以基质干湿而非固定天数为准""}","{""freq"": [14, 21], ""type"": ""蔬果类均衡肥，结果期补钾"", ""unit"": ""天"", ""other"": ""生长期为主；休眠/低温/弱光期减量或暂停""}","{""way"": ""全日照"", ""freq"": [6, 8], ""unit"": ""小时/天"", ""other"": ""以实际光照强度与直射时段校正，避免机械按距离判断""}","{""level"": ""outdoor_medium"", ""other"": ""保持柔和空气流动；避免闷湿、强风直吹或长期封闭"", ""sensitivity"": ""low""}",18.00,32.00,40.00,80.00,low,audited_authority_corrected,Authority audit 2026-05-20: representative species/genus sources plus extension/RHS/ASPCA category guidance.,【属级养护基线 v2】已按权威资料修正为属级通用基线；具体品种、斑叶型、地栽/盆栽/室内外差异继续由 care_overrides 或问诊路径处理。暖季结果类蔬菜基线：至少6小时直射光、稳定水分和较高肥力。,L1_or_L2_authority_audited,rowwise_authority_audit_v2,genus_care_profiles_light_uv_minmax_v5.sql,v5_light_uv_minmax_2026_05_20,1,2026-03-22 00:13:11,2026-05-20 00:00:00,null,null,3.00,8.00
genus_care_f6447e5b8bfa9b25,system,Gardenia,Rubiaceae,茜草科,Rubiaceae,null,null,Flowering,"{""way"": ""保持均匀湿润，偏酸性基质"", ""freq"": [3, 6], ""unit"": ""天"", ""verb"": ""浇"", ""basis"": ""盆栽基线；以基质干湿而非固定天数为准""}","{""freq"": [30, 45], ""type"": ""酸性植物肥/含铁补充"", ""unit"": ""天"", ""other"": ""生长期为主；休眠/低温/弱光期减量或暂停""}","{""way"": ""明亮光/晨光，避午后烈日"", ""freq"": [4, 6], ""unit"": ""小时/天"", ""other"": ""以实际光照强度与直射时段校正，避免机械按距离判断""}","{""level"": ""medium"", ""other"": ""保持柔和空气流动；避免闷湿、强风直吹或长期封闭"", ""sensitivity"": ""medium""}",16.00,30.00,50.00,80.00,low,audited_authority_corrected,Authority audit 2026-05-20: representative species/genus sources plus extension/RHS/ASPCA category guidance.,【属级养护基线 v2】已按权威资料修正为属级通用基线；具体品种、斑叶型、地栽/盆栽/室内外差异继续由 care_overrides 或问诊路径处理。栀子喜酸性、湿润、明亮光，原表温度10–20℃偏低。,L1_or_L2_authority_audited,rowwise_authority_audit_v2,genus_care_profiles_light_uv_minmax_v5.sql,v5_light_uv_minmax_2026_05_20,1,2026-03-22 00:04:53,2026-05-20 00:00:00,null,null,0.00,4.00
genus_care_f9699d6973fae092,system,Clematis,Ranunculaceae,毛茛科,Ranunculaceae,null,null,Flowering,"{""way"": ""保持均匀湿润，根区凉爽但排水良好"", ""freq"": [3, 7], ""unit"": ""天"", ""verb"": ""浇"", ""basis"": ""盆栽基线；以基质干湿而非固定天数为准""}","{""freq"": [30, 45], ""type"": ""开花藤本肥"", ""unit"": ""天"", ""other"": ""生长期为主；休眠/低温/弱光期减量或暂停""}","{""way"": ""全日照/半日照，根部遮阴"", ""freq"": [5, 8], ""unit"": ""小时/天"", ""other"": ""以实际光照强度与直射时段校正，避免机械按距离判断""}","{""level"": ""outdoor_medium"", ""other"": ""保持柔和空气流动；避免闷湿、强风直吹或长期封闭"", ""sensitivity"": ""medium""}",5.00,30.00,40.00,75.00,medium,audited_authority_corrected,Authority audit 2026-05-20: representative species/genus sources plus extension/RHS/ASPCA category guidance.,【属级养护基线 v2】已按权威资料修正为属级通用基线；具体品种、斑叶型、地栽/盆栽/室内外差异继续由 care_overrides 或问诊路径处理。铁线莲需要花叶见光、根区凉爽，不能按单纯散射光处理。,L1_or_L2_authority_audited,rowwise_authority_audit_v2,genus_care_profiles_light_uv_minmax_v5.sql,v5_light_uv_minmax_2026_05_20,1,2026-03-22 00:01:02,2026-05-20 00:00:00,null,null,3.00,8.00
genus_care_f9e5dc2ed050ef17,system,Momordica,Cucurbitaceae,葫芦科,Cucurbitaceae,null,null,Vegetable,"{""way"": ""保持均匀湿润，忌忽干忽湿"", ""freq"": [2, 4], ""unit"": ""天"", ""verb"": ""浇"", ""basis"": ""盆栽基线；以基质干湿而非固定天数为准""}","{""freq"": [14, 21], ""type"": ""蔬果类均衡肥，结果期补钾"", ""unit"": ""天"", ""other"": ""生长期为主；休眠/低温/弱光期减量或暂停""}","{""way"": ""全日照"", ""freq"": [6, 8], ""unit"": ""小时/天"", ""other"": ""以实际光照强度与直射时段校正，避免机械按距离判断""}","{""level"": ""outdoor_medium"", ""other"": ""保持柔和空气流动；避免闷湿、强风直吹或长期封闭"", ""sensitivity"": ""low""}",18.00,32.00,40.00,80.00,low,audited_authority_corrected,Authority audit 2026-05-20: representative species/genus sources plus extension/RHS/ASPCA category guidance.,【属级养护基线 v2】已按权威资料修正为属级通用基线；具体品种、斑叶型、地栽/盆栽/室内外差异继续由 care_overrides 或问诊路径处理。暖季结果类蔬菜基线：至少6小时直射光、稳定水分和较高肥力。,L1_or_L2_authority_audited,rowwise_authority_audit_v2,genus_care_profiles_light_uv_minmax_v5.sql,v5_light_uv_minmax_2026_05_20,1,2026-03-22 00:13:11,2026-05-20 00:00:00,null,null,3.00,8.00
genus_care_fbf8545e96009a79,system,Thymus,Lamiaceae,唇形科,Lamiaceae,null,null,Herb,"{""way"": ""土壤明显变干后浇透"", ""freq"": [5, 10], ""unit"": ""天"", ""verb"": ""浇"", ""basis"": ""盆栽基线；以基质干湿而非固定天数为准""}","{""freq"": [30, 45], ""type"": ""低浓度少量肥"", ""unit"": ""天"", ""other"": ""生长期为主；休眠/低温/弱光期减量或暂停""}","{""way"": ""全日照"", ""freq"": [6, 8], ""unit"": ""小时/天"", ""other"": ""以实际光照强度与直射时段校正，避免机械按距离判断""}","{""level"": ""high"", ""other"": ""保持柔和空气流动；避免闷湿、强风直吹或长期封闭"", ""sensitivity"": ""low""}",12.00,30.00,30.00,65.00,low,audited_authority_corrected,Authority audit 2026-05-20: representative species/genus sources plus extension/RHS/ASPCA category guidance.,【属级养护基线 v2】已按权威资料修正为属级通用基线；具体品种、斑叶型、地栽/盆栽/室内外差异继续由 care_overrides 或问诊路径处理。地中海香草基线：全日照、排水好、偏干，忌长期湿土。,L1_or_L2_authority_audited,rowwise_authority_audit_v2,genus_care_profiles_light_uv_minmax_v5.sql,v5_light_uv_minmax_2026_05_20,1,2026-03-22 00:13:11,2026-05-20 00:00:00,null,null,3.00,8.00
genus_care_fd22d0e2e72b0795,system,Fuchsia,Onagraceae,柳叶菜科,Onagraceae,null,null,Flowering,"{""way"": ""保持均匀湿润，忌高温干燥"", ""freq"": [3, 6], ""unit"": ""天"", ""verb"": ""浇"", ""basis"": ""盆栽基线；以基质干湿而非固定天数为准""}","{""freq"": [14, 30], ""type"": ""开花植物薄肥"", ""unit"": ""天"", ""other"": ""生长期为主；休眠/低温/弱光期减量或暂停""}","{""way"": ""明亮散射光/半阴，避烈日"", ""freq"": [3, 6], ""unit"": ""小时/天"", ""other"": ""以实际光照强度与直射时段校正，避免机械按距离判断""}","{""level"": ""medium"", ""other"": ""保持柔和空气流动；避免闷湿、强风直吹或长期封闭"", ""sensitivity"": ""medium""}",10.00,24.00,50.00,80.00,low,audited_authority_corrected,Authority audit 2026-05-20: representative species/genus sources plus extension/RHS/ASPCA category guidance.,【属级养护基线 v2】已按权威资料修正为属级通用基线；具体品种、斑叶型、地栽/盆栽/室内外差异继续由 care_overrides 或问诊路径处理。倒挂金钟偏凉爽半阴，温度上限不宜按热带花木处理。,L1_or_L2_authority_audited,rowwise_authority_audit_v2,genus_care_profiles_light_uv_minmax_v5.sql,v5_light_uv_minmax_2026_05_20,1,2026-03-22 00:04:53,2026-05-20 00:00:00,null,null,0.00,3.00
genus_care_fdd28f2be2a20d11,system,Nerium,Apocynaceae,夹竹桃科,Apocynaceae,null,null,Flowering,"{""way"": ""表层土干后浇透，耐旱但盆栽需稳定水分"", ""freq"": [4, 7], ""unit"": ""天"", ""verb"": ""浇"", ""basis"": ""盆栽基线；以基质干湿而非固定天数为准""}","{""freq"": [30, 45], ""type"": ""开花木本肥"", ""unit"": ""天"", ""other"": ""生长期为主；休眠/低温/弱光期减量或暂停""}","{""way"": ""全日照"", ""freq"": [6, 8], ""unit"": ""小时/天"", ""other"": ""以实际光照强度与直射时段校正，避免机械按距离判断""}","{""level"": ""outdoor_medium"", ""other"": ""保持柔和空气流动；避免闷湿、强风直吹或长期封闭"", ""sensitivity"": ""low""}",10.00,35.00,35.00,75.00,high,audited_authority_corrected,Authority audit 2026-05-20: representative species/genus sources plus extension/RHS/ASPCA category guidance.,【属级养护基线 v2】已按权威资料修正为属级通用基线；具体品种、斑叶型、地栽/盆栽/室内外差异继续由 care_overrides 或问诊路径处理。夹竹桃为强毒植物且喜全日照，原表低毒/散射光错误。,L1_or_L2_authority_audited,rowwise_authority_audit_v2,genus_care_profiles_light_uv_minmax_v5.sql,v5_light_uv_minmax_2026_05_20,1,2026-03-22 00:13:11,2026-05-20 00:00:00,null,null,3.00,8.00
genus_care_fe137a7c895580a7,system,Phaseolus,Fabaceae,豆科,Fabaceae,null,null,Vegetable,"{""way"": ""保持均匀湿润，忌忽干忽湿"", ""freq"": [2, 4], ""unit"": ""天"", ""verb"": ""浇"", ""basis"": ""盆栽基线；以基质干湿而非固定天数为准""}","{""freq"": [14, 21], ""type"": ""蔬果类均衡肥，结果期补钾"", ""unit"": ""天"", ""other"": ""生长期为主；休眠/低温/弱光期减量或暂停""}","{""way"": ""全日照"", ""freq"": [6, 8], ""unit"": ""小时/天"", ""other"": ""以实际光照强度与直射时段校正，避免机械按距离判断""}","{""level"": ""outdoor_medium"", ""other"": ""保持柔和空气流动；避免闷湿、强风直吹或长期封闭"", ""sensitivity"": ""low""}",18.00,32.00,40.00,80.00,low,audited_authority_corrected,Authority audit 2026-05-20: representative species/genus sources plus extension/RHS/ASPCA category guidance.,【属级养护基线 v2】已按权威资料修正为属级通用基线；具体品种、斑叶型、地栽/盆栽/室内外差异继续由 care_overrides 或问诊路径处理。暖季结果类蔬菜基线：至少6小时直射光、稳定水分和较高肥力。,L1_or_L2_authority_audited,rowwise_authority_audit_v2,genus_care_profiles_light_uv_minmax_v5.sql,v5_light_uv_minmax_2026_05_20,1,2026-03-22 00:13:11,2026-05-20 00:00:00,null,null,3.00,8.00
