plant_id,category,plant_cn,scientific_name,commons_title,source_page,original_url,author,license,license_url,needs_attribution,source,description,derivative_note,original_width,original_height,file
2,蔬菜,生菜,Lactuca sativa,File:Lactuca sativa 'Ashbrook'.jpg,https://commons.wikimedia.org/wiki/File:Lactuca_sativa_'Ashbrook'.jpg,https://upload.wikimedia.org/wikipedia/commons/7/7b/Lactuca_sativa_%27Ashbrook%27.jpg?utm_source=commons.wikimedia.org&utm_campaign=imageinfo&utm_content=original,DeFacto,CC BY-SA 4.0,https://creativecommons.org/licenses/by-sa/4.0/,yes,Own work,Lactuca sativa 'Ashbrook' growing in an English garden,,2693,2693,vegetable/2_lactuca-sativa.jpg
3,草本,罗勒,Ocimum basilicum,File:BasilikumGenovesergroßblättriger.jpg,https://commons.wikimedia.org/wiki/File:BasilikumGenovesergroßblättriger.jpg,https://upload.wikimedia.org/wikipedia/commons/a/ac/BasilikumGenovesergro%C3%9Fbl%C3%A4ttriger.jpg?utm_source=commons.wikimedia.org&utm_campaign=imageinfo&utm_content=original,Goldlocki,CC BY-SA 3.0,https://creativecommons.org/licenses/by-sa/3.0/,yes,of my own work,Basilikum großblättriger Genoveser,,2812,2431,herbaceous/3_ocimum-basilicum.jpg
4,蔬菜,韭菜,Allium tuberosum,File:Allium tuberosum Czosnek bulwiasty 2021-09-18 02.jpg,https://commons.wikimedia.org/wiki/File:Allium_tuberosum_Czosnek_bulwiasty_2021-09-18_02.jpg,https://upload.wikimedia.org/wikipedia/commons/3/34/Allium_tuberosum_Czosnek_bulwiasty_2021-09-18_02.jpg?utm_source=commons.wikimedia.org&utm_campaign=imageinfo&utm_content=original,"Agnieszka Kwiecień, Nova",CC BY-SA 4.0,https://creativecommons.org/licenses/by-sa/4.0/,yes,Own work,"Chinese chives ( Allium tuberosum ) in flower, plants cultivated in Wrocław University Botanical Garden, Wrocław, Poland.",,3182,2386,vegetable/4_allium-tuberosum.jpg
5,草本,香菜,Coriandrum sativum,File:Starr-080731-9538-Coriandrum sativum-in pot-makawao-Maui (24924671165).jpg,https://commons.wikimedia.org/wiki/File:Starr-080731-9538-Coriandrum_sativum-in_pot-makawao-Maui_(24924671165).jpg,https://upload.wikimedia.org/wikipedia/commons/2/24/Starr-080731-9538-Coriandrum_sativum-in_pot-makawao-Maui_%2824924671165%29.jpg?utm_source=commons.wikimedia.org&utm_campaign=imageinfo&utm_content=original,Forest and Kim Starr,CC BY 3.0 us,https://creativecommons.org/licenses/by/3.0/,yes,starr-080731-9538-Coriandrum_sativum-in_pot-makawao-Maui,"Coriandrum sativum (Coriander, cilantro) In pot at makawao, Maui, Hawaii. July 31, 2008 #080731-9538 Image Use Policy",,2112,2816,herbaceous/5_coriandrum-sativum.jpg
6,香草,薄荷,Mentha canadensis,File:Mentha canadensis habit.jpg,https://commons.wikimedia.org/wiki/File:Mentha_canadensis_habit.jpg,https://upload.wikimedia.org/wikipedia/commons/7/7c/Mentha_canadensis_habit.jpg?utm_source=commons.wikimedia.org&utm_campaign=imageinfo&utm_content=original,Alex Abair,CC BY 4.0,https://creativecommons.org/licenses/by/4.0/,yes,https://www.inaturalist.org/photos/566086169,"Canada mint ( Mentha canadensis ) in Shenandoah National Park, Virginia, USA.",,1536,2048,herb/6_mentha-canadensis.jpg
7,观叶植物,常春藤,Hedera helix,File:Hedera helix 'Buttercup' Urn 2000px.JPG,https://commons.wikimedia.org/wiki/File:Hedera_helix_'Buttercup'_Urn_2000px.JPG,https://upload.wikimedia.org/wikipedia/commons/b/b9/Hedera_helix_%27Buttercup%27_Urn_2000px.JPG?utm_source=commons.wikimedia.org&utm_campaign=imageinfo&utm_content=original,Photo by and (c)2006 Derek Ramsey ( Ram-Man ). Location credit to the Chanticleer Garden.,CC BY-SA 3.0,https://creativecommons.org/licenses/by-sa/3.0/,yes,Self-photographed,"A picture of Variegated English Ivy — ( Hedera helix en 'Buttercup') plant growing on garden urn. Photo taken at the Chanticleer Garden in Pennsylvania, where it was identified. Camera and Exposure Details: Camera: Nikon D50 Lens: Nikon Nikkor ED AF-S DX 18-55mm f/3.5-5.6G Exposure: 24mm (36mm in 35mm equivalent ) f/6.3 @ 1/125 s.",,2000,2575,foliage/7_hedera-helix.jpg
8,观叶植物,橡皮树,Ficus elastica,File:Ficus elastica - Ботаничка градина Скопје (1).jpg,https://commons.wikimedia.org/wiki/File:Ficus_elastica_-_Ботаничка_градина_Скопје_(1).jpg,https://upload.wikimedia.org/wikipedia/commons/9/92/Ficus_elastica_-_%D0%91%D0%BE%D1%82%D0%B0%D0%BD%D0%B8%D1%87%D0%BA%D0%B0_%D0%B3%D1%80%D0%B0%D0%B4%D0%B8%D0%BD%D0%B0_%D0%A1%D0%BA%D0%BE%D0%BF%D1%98%D0%B5_%281%29.jpg?utm_source=commons.wikimedia.org&utm_campaign=imageinfo&utm_content=original,Dandarmkd,CC BY-SA 4.0,https://creativecommons.org/licenses/by-sa/4.0/,yes,Own work,"Ficus elastica at the Botanical garden of the Institute of Biology, Faculty of Natural Sciences and Mathematics, Skopje, Macedonia.",,4000,6000,foliage/8_ficus-elastica.jpg
9,观叶植物,万年青,Aglaonema modestum,File:Aglaonema modestum Variegatum 1zz.jpg,https://commons.wikimedia.org/wiki/File:Aglaonema_modestum_Variegatum_1zz.jpg,https://upload.wikimedia.org/wikipedia/commons/4/4e/Aglaonema_modestum_Variegatum_1zz.jpg?utm_source=commons.wikimedia.org&utm_campaign=imageinfo&utm_content=original,Photo by David J. Stang,CC BY-SA 4.0,https://creativecommons.org/licenses/by-sa/4.0/,yes,source: David Stang. First published at ZipcodeZoo.com,Location taken: United States Botanic Garden. Names: Aglaonema modestum 'Variegatum' Schott. ex Engl. Classification: Plantae > Angiosperms > Monocots > Alismatales > Araceae > Aglaonemateae > Aglaonema > Aglaonema modestum 'Variegatum' .,,1000,667,foliage/9_aglaonema-modestum.jpg
10,蔬菜,小香葱,Allium fistulosum,File:Starr-030418-0102-Allium fistulosum-in pot-Makawao-Maui (24262845769).jpg,https://commons.wikimedia.org/wiki/File:Starr-030418-0102-Allium_fistulosum-in_pot-Makawao-Maui_(24262845769).jpg,https://upload.wikimedia.org/wikipedia/commons/b/b9/Starr-030418-0102-Allium_fistulosum-in_pot-Makawao-Maui_%2824262845769%29.jpg?utm_source=commons.wikimedia.org&utm_campaign=imageinfo&utm_content=original,Forest and Kim Starr,CC BY 3.0 us,https://creativecommons.org/licenses/by/3.0/,yes,starr-030418-0102-Allium_fistulosum-in_pot-Makawao-Maui,"Allium fistulosum (Green onion, bunching onion) In pot at Makawao, Maui, Hawaii. April 18, 2003 >#030418-0102 Image Use Policy",,1200,1600,vegetable/10_allium-fistulosum.jpg
12,蔬菜,矮生辣椒,Capsicum annuum var. grossum,File:Starr-081031-0373-Capsicum annuum-bell pepper small plants-Makawao-Maui (24631172550).jpg,https://commons.wikimedia.org/wiki/File:Starr-081031-0373-Capsicum_annuum-bell_pepper_small_plants-Makawao-Maui_(24631172550).jpg,https://upload.wikimedia.org/wikipedia/commons/c/cf/Starr-081031-0373-Capsicum_annuum-bell_pepper_small_plants-Makawao-Maui_%2824631172550%29.jpg?utm_source=commons.wikimedia.org&utm_campaign=imageinfo&utm_content=original,Forest and Kim Starr,CC BY 3.0 us,https://creativecommons.org/licenses/by/3.0/,yes,starr-081031-0373-Capsicum_annuum-bell_pepper_small_plants-Makawao-Maui,"Capsicum annuum (Bell pepper, chili pepper) Bell pepper small plants at Makawao, Maui, Hawaii. October 31, 2008 #081031-0373 Image Use Policy Also known as Capsicum frutescens.",,2112,2816,vegetable/12_capsicum-annuum-var-grossum.jpg
13,仙人掌/多肉,芦荟,Aloe vera,File:Aloe vera plant in a container.jpg,https://commons.wikimedia.org/wiki/File:Aloe_vera_plant_in_a_container.jpg,https://upload.wikimedia.org/wikipedia/commons/d/d4/Aloe_vera_plant_in_a_container.jpg?utm_source=commons.wikimedia.org&utm_campaign=imageinfo&utm_content=original,Andikan Efiok Eduok,CC BY-SA 4.0,https://creativecommons.org/licenses/by-sa/4.0/,yes,Own work,Aloe vera plant in a container,,3120,4160,cactus-succulent/13_aloe-vera.jpg
15,观叶植物,幸福树,Radermachera sinica,File:Starr-090803-3610-Radermachera sinica-habit-Wailuku-Maui (24344168553).jpg,https://commons.wikimedia.org/wiki/File:Starr-090803-3610-Radermachera_sinica-habit-Wailuku-Maui_(24344168553).jpg,https://upload.wikimedia.org/wikipedia/commons/c/c3/Starr-090803-3610-Radermachera_sinica-habit-Wailuku-Maui_%2824344168553%29.jpg?utm_source=commons.wikimedia.org&utm_campaign=imageinfo&utm_content=original,Forest and Kim Starr,CC BY 3.0 us,https://creativecommons.org/licenses/by/3.0/,yes,starr-090803-3610-Radermachera_sinica-habit-Wailuku-Maui,"Radermachera sinica (China doll) Habit at Wailuku, Maui, Hawaii. August 03, 2009 #090803-3610 Image Use Policy Also known as Stereospermum sinica.",青花植主图：基于来源图片进行构图裁切，以突出植物主体并弱化背景。,2736,3648,foliage/15_radermachera-sinica.jpg
16,观叶植物,金钱树,Zamioculcas zamiifolia,File:Zamioculcas zamiifolia 1.jpg,https://commons.wikimedia.org/wiki/File:Zamioculcas_zamiifolia_1.jpg,https://upload.wikimedia.org/wikipedia/commons/c/cf/Zamioculcas_zamiifolia_1.jpg?utm_source=commons.wikimedia.org&utm_campaign=imageinfo&utm_content=original,User:WeFt,CC BY-SA 3.0,https://creativecommons.org/licenses/by-sa/3.0/,yes,Photo personnelle de User:WeFt,Photo d'un Zamioculcas zamiifolia cultivé. Famille des Araceae,,1536,2048,foliage/16_zamioculcas-zamiifolia.jpg
17,观叶植物,巴西木,Dracaena fragrans,File:Starr 080117-2202 Dracaena fragrans.jpg,https://commons.wikimedia.org/wiki/File:Starr_080117-2202_Dracaena_fragrans.jpg,https://upload.wikimedia.org/wikipedia/commons/0/0c/Starr_080117-2202_Dracaena_fragrans.jpg?utm_source=commons.wikimedia.org&utm_campaign=imageinfo&utm_content=original,Forest & Kim Starr,CC BY 3.0,https://creativecommons.org/licenses/by/3.0/,yes,"Plants of Hawaii, Image 080117-2202 from http://www.hear.org/starr/plants/images/image/?q=080117-2202","Dracaena fragrans ('Compacta' habit). Location: Maui, Home Depot Nursery Kahului",,2112,2816,foliage/17_dracaena-fragrans.jpg
18,观花植物,君子兰,Clivia miniata,"File:Clivia miniata, blomme en vrugte, Manie van der Schijff BT, a.jpg","https://commons.wikimedia.org/wiki/File:Clivia_miniata,_blomme_en_vrugte,_Manie_van_der_Schijff_BT,_a.jpg",https://upload.wikimedia.org/wikipedia/commons/c/c2/Clivia_miniata%2C_blomme_en_vrugte%2C_Manie_van_der_Schijff_BT%2C_a.jpg?utm_source=commons.wikimedia.org&utm_campaign=imageinfo&utm_content=original,JMK,CC BY-SA 3.0,https://creativecommons.org/licenses/by-sa/3.0/,yes,Own work,"Bush lily with flowers and fruit, in the Manie van der Schijff Botanical Garden, Pretoria",,4000,3000,flowering/18_clivia-miniata.jpg
19,观花植物,蝴蝶兰,Phalaenopsis spp.,File:Pot Orchid (124213019).jpeg,https://commons.wikimedia.org/wiki/File:Pot_Orchid_(124213019).jpeg,https://upload.wikimedia.org/wikipedia/commons/9/9c/Pot_Orchid_%28124213019%29.jpeg?utm_source=commons.wikimedia.org&utm_campaign=imageinfo&utm_content=original,Timm Schoof,CC BY-SA 3.0,https://creativecommons.org/licenses/by-sa/3.0/,yes,Imported from 500px ( archived version ) by the Archive Team . ( detail page ),"500px provided description: Pot Orchid [#Flower ,#Orchid ,#Plant ,#Pot]",,1540,2048,flowering/19_phalaenopsis-spp.jpg
20,观花植物,仙客来,Cyclamen persicum,File:Pot cyclamen 048.JPG,https://commons.wikimedia.org/wiki/File:Pot_cyclamen_048.JPG,https://upload.wikimedia.org/wikipedia/commons/9/9c/Pot_cyclamen_048.JPG?utm_source=commons.wikimedia.org&utm_campaign=imageinfo&utm_content=original,Penarc,CC BY 3.0,https://creativecommons.org/licenses/by/3.0/,yes,self-made own work,"Cyclamen , pot ornamental",,2304,3072,flowering/20_cyclamen-persicum.jpg
21,观叶植物,吊兰,Chlorophytum comosum,"File:Buenos Aires, botánico 1994 04.jpg","https://commons.wikimedia.org/wiki/File:Buenos_Aires,_botánico_1994_04.jpg",https://upload.wikimedia.org/wikipedia/commons/8/8b/Buenos_Aires%2C_bot%C3%A1nico_1994_04.jpg?utm_source=commons.wikimedia.org&utm_campaign=imageinfo&utm_content=original,LBM1948,CC BY-SA 4.0,https://creativecommons.org/licenses/by-sa/4.0/,yes,Own work,Chlorophytum comosum in front of the greenhouse; Buenos Aires Botanical Garden. Argentina,,690,1036,foliage/21_chlorophytum-comosum.jpg
22,观花植物,非洲堇,Streptocarpus ionanthus,File:2007-04-20Saintpaulia ionantha04.jpg,https://commons.wikimedia.org/wiki/File:2007-04-20Saintpaulia_ionantha04.jpg,https://upload.wikimedia.org/wikipedia/commons/1/19/2007-04-20Saintpaulia_ionantha04.jpg?utm_source=commons.wikimedia.org&utm_campaign=imageinfo&utm_content=original,Wildfeuer,CC BY-SA 3.0,https://creativecommons.org/licenses/by-sa/3.0/,yes,Madelyn Lewis,"Saintpaulia ionantha Vernacular names [ edit wikidata M3210576 ] English : African violet нохчийн : Africká fialka Deutsch : Usambaraveilchen français : Saintpaulia commun hornjoserbsce : Afriska fijałka magyar : Afrikai ibolya italiano : Violetta africana lietuvių : Sanpaulija, Afrikos žibutė polski : Fiołek afrykański português : Violeta-africana română : Violete africane українська : Сенполія, африканська фіалка",,2475,1844,flowering/22_streptocarpus-ionanthus.jpg
23,观花植物,月季,Rosa chinensis,File:Rosa chinensis en PUCP.jpg,https://commons.wikimedia.org/wiki/File:Rosa_chinensis_en_PUCP.jpg,https://upload.wikimedia.org/wikipedia/commons/1/1e/Rosa_chinensis_en_PUCP.jpg?utm_source=commons.wikimedia.org&utm_campaign=imageinfo&utm_content=original,Noribeets2003,CC0,http://creativecommons.org/publicdomain/zero/1.0/deed.en,no,Wikimedia Commons,Rosa chinensis tomado en el campus universitario de la PUCP cerca al ecosistema 7: Jardín de Palmeras o Palmetum,青花植主图：替换为近景候选，并按主图标准保留清晰主体、弱化干扰背景。,4080,2296,flowering/23_rosa-chinensis.jpg
24,观花植物,栀子花,Gardenia jasminoides,File:Gardenia jasminoides flower.jpg,https://commons.wikimedia.org/wiki/File:Gardenia_jasminoides_flower.jpg,https://upload.wikimedia.org/wikipedia/commons/e/e7/Gardenia_jasminoides_flower.jpg?utm_source=commons.wikimedia.org&utm_campaign=imageinfo&utm_content=original,Md Arif bd,CC BY-SA 4.0,https://creativecommons.org/licenses/by-sa/4.0,yes,Wikimedia Commons,বাংলা নাম বেলি ফুল। মধ্য প্রাচ্যে এর নাম আরাবিয়ান জেসমিন। এটি দক্ষিণ এশিয়ার দেশগুলোতে বেশি দেখা যায়।,青花植主图：替换为近景候选，并按主图标准保留清晰主体、弱化干扰背景。,2576,1932,flowering/24_gardenia-jasminoides.jpg
25,观花植物,茉莉花,Jasminum sambac,File:Jasminum sambac 2 years old.jpg,https://commons.wikimedia.org/wiki/File:Jasminum_sambac_2_years_old.jpg,https://upload.wikimedia.org/wikipedia/commons/c/ce/Jasminum_sambac_2_years_old.jpg?utm_source=commons.wikimedia.org&utm_campaign=imageinfo&utm_content=original,Wtin,Public domain,,no,Wikimedia Commons,A Jasminum sambac about two years old,青花植主图：替换为近景候选，并按主图标准保留清晰主体、弱化干扰背景。,2912,4368,flowering/25_jasminum-sambac.jpg
26,观花植物,玫瑰,Rosa rugosa,File:Rosa rugosa Tjörn June 2026 01.jpg,https://commons.wikimedia.org/wiki/File:Rosa_rugosa_Tjörn_June_2026_01.jpg,https://upload.wikimedia.org/wikipedia/commons/2/24/Rosa_rugosa_Tj%C3%B6rn_June_2026_01.jpg?utm_source=commons.wikimedia.org&utm_campaign=imageinfo&utm_content=original,ArildV,CC BY-SA 4.0,https://creativecommons.org/licenses/by-sa/4.0/,yes,Own work,"Rosa rugosa in Kyrkesund, Tjörn (Sweden).",,7543,5657,flowering/26_rosa-rugosa.jpg
27,观花植物,康乃馨,Dianthus caryophyllus,File:Gartennelke 1.jpg,https://commons.wikimedia.org/wiki/File:Gartennelke_1.jpg,https://upload.wikimedia.org/wikipedia/commons/8/80/Gartennelke_1.jpg?utm_source=commons.wikimedia.org&utm_campaign=imageinfo&utm_content=original,Darkone ( talk · contribs ),CC BY-SA 1.0,https://creativecommons.org/licenses/by-sa/1.0/,yes,Own work,"Beschreibung : Gartennelke ( Dianthus caryophyllus ) Fotograf / Bearbeitung : Darkone , 17./31. August / 18. September 2004",,1208,1565,flowering/27_dianthus-caryophyllus.jpg
28,球根花卉,郁金香,Tulipa spp.,File:Planta 3.jpg,https://commons.wikimedia.org/wiki/File:Planta_3.jpg,https://upload.wikimedia.org/wikipedia/commons/9/97/Planta_3.jpg?utm_source=commons.wikimedia.org&utm_campaign=imageinfo&utm_content=original,Jtcurses,CC BY-SA 3.0,https://creativecommons.org/licenses/by-sa/3.0/,yes,Own work,,,1536,2560,bulbous/28_tulipa-spp.jpg
29,球根花卉,水仙,Narcissus tazetta,File:Narcissus-tazetta-0006a.jpg,https://commons.wikimedia.org/wiki/File:Narcissus-tazetta-0006a.jpg,https://upload.wikimedia.org/wikipedia/commons/8/84/Narcissus-tazetta-0006a.jpg?utm_source=commons.wikimedia.org&utm_campaign=imageinfo&utm_content=original,Zachi Evenor,CC BY 2.0,https://creativecommons.org/licenses/by/2.0,yes,Wikimedia Commons,"Narcissus tazetta, Shoam (Shoham) Forest Park, Israel",青花植主图：替换为近景候选，并按主图标准保留清晰主体、弱化干扰背景。,2538,2518,bulbous/29_narcissus-tazetta.jpg
30,球根花卉,风信子,Hyacinthus orientalis,File:Garden Hyacinth Hyacinthus orientalis 'Purple Voice' Flower 1644px.JPG,https://commons.wikimedia.org/wiki/File:Garden_Hyacinth_Hyacinthus_orientalis_%27Purple_Voice%27_Flower_1644px.JPG,https://upload.wikimedia.org/wikipedia/commons/7/7b/Garden_Hyacinth_Hyacinthus_orientalis_%27Purple_Voice%27_Flower_1644px.JPG?utm_source=commons.wikimedia.org&utm_campaign=imageinfo&utm_content=original,Photo by and (c)2008 Derek Ramsey (Ram-Man),GFDL 1.2,http://www.gnu.org/licenses/old-licenses/fdl-1.2.html,yes,Wikimedia Commons,Picture of a Garden Hyacinthen (Hyacinthus orientalis en    'Purple Voice').  Photo taken at the Phipps Conservatory & Botanical Gardens where it was identified.,青花植主图：替换为近景候选，并按主图标准保留清晰主体、弱化干扰背景。,1644,1950,bulbous/30_hyacinthus-orientalis.jpg
31,观花植物,百合,Lilium spp.,"File:Lilium at Boreham, Essex, England 1.jpg","https://commons.wikimedia.org/wiki/File:Lilium_at_Boreham,_Essex,_England_1.jpg",https://upload.wikimedia.org/wikipedia/commons/3/39/Lilium_at_Boreham%2C_Essex%2C_England_1.jpg?utm_source=commons.wikimedia.org&utm_campaign=imageinfo&utm_content=original,Acabashi,CC BY-SA 4.0,https://creativecommons.org/licenses/by-sa/4.0/,yes,Own work,"A potted orange Lilium in Boreham village, Essex , England. Camera : Canon EOS 6D with Canon EF 24-105mm F4L IS USM lens. Software : RAW file lens-corrected, optimized and converted with DxO OpticsPro 11 Elite , and further optimized with Adobe Photoshop CS2 .",,3500,2333,flowering/31_lilium-spp.jpg
33,观花植物,扶郎花,Gerbera jamesonii,File:Gerbera jamesonii Festival Spider Salmon with Dark Eye kz1.jpg,https://commons.wikimedia.org/wiki/File:Gerbera_jamesonii_Festival_Spider_Salmon_with_Dark_Eye_kz1.jpg,https://upload.wikimedia.org/wikipedia/commons/4/48/Gerbera_jamesonii_Festival_Spider_Salmon_with_Dark_Eye_kz1.jpg?utm_source=commons.wikimedia.org&utm_campaign=imageinfo&utm_content=original,"Krzysztof Ziarnek, Kenraiz",CC BY-SA 4.0,https://creativecommons.org/licenses/by-sa/4.0/,yes,Own work,Gerbera jamesonii 'Festival Spider Salmon with Dark Eye',,2632,4056,flowering/33_gerbera-jamesonii.jpg
34,观花植物,绣球花,Hydrangea macrophylla,File:Hortensie - Hydrangea macrophylla.jpg,https://commons.wikimedia.org/wiki/File:Hortensie_-_Hydrangea_macrophylla.jpg,https://upload.wikimedia.org/wikipedia/commons/4/4a/Hortensie_-_Hydrangea_macrophylla.jpg?utm_source=commons.wikimedia.org&utm_campaign=imageinfo&utm_content=original,Sciencia58,CC BY-SA 4.0,https://creativecommons.org/licenses/by-sa/4.0/,yes,Own work,Hortensie in einem Topf neben einem Hauseingang,,3328,3232,flowering/34_hydrangea-macrophylla.jpg
35,观花植物,杜鹃花,Rhododendron simsii,File:Rhododendron simsii 'Georg Struppek' kz01.jpg,https://commons.wikimedia.org/wiki/File:Rhododendron_simsii_'Georg_Struppek'_kz01.jpg,https://upload.wikimedia.org/wikipedia/commons/0/00/Rhododendron_simsii_%27Georg_Struppek%27_kz01.jpg?utm_source=commons.wikimedia.org&utm_campaign=imageinfo&utm_content=original,"Krzysztof Ziarnek, Kenraiz",CC BY-SA 4.0,https://creativecommons.org/licenses/by-sa/4.0/,yes,Own work,"Rhododendron simsii 'Georg Struppek' in the Botanischer Garten, Berlin-Dahlem",,4300,3072,flowering/35_rhododendron-simsii.jpg
36,观花植物,茶花,Camellia japonica,File:Camellia japonica 'Akashigata' in Nymans Garden.jpg,https://commons.wikimedia.org/wiki/File:Camellia_japonica_'Akashigata'_in_Nymans_Garden.jpg,https://upload.wikimedia.org/wikipedia/commons/e/e7/Camellia_japonica_%27Akashigata%27_in_Nymans_Garden.jpg?utm_source=commons.wikimedia.org&utm_campaign=imageinfo&utm_content=original,Andy Li,CC0,https://creativecommons.org/publicdomain/zero/1.0/,no,Own work,Camellia japonica 'Akashigata' in Nymans Garden,,3024,3024,flowering/36_camellia-japonica.jpg
37,观花植物,蟹爪兰,Schlumbergera truncata,File:Cactus de noël rev.jpg,https://commons.wikimedia.org/wiki/File:Cactus_de_noël_rev.jpg,https://upload.wikimedia.org/wikipedia/commons/e/ef/Cactus_de_no%C3%ABl_rev.jpg?utm_source=commons.wikimedia.org&utm_campaign=imageinfo&utm_content=original,Cactus_de_noël.jpg : Empereur Day derivative work: Peter coxhead ( talk ),CC BY-SA 3.0,https://creativecommons.org/licenses/by-sa/3.0/,yes,Cactus_de_noël.jpg,Photo d'un cactus de noël en pleine floraison.,,2848,1835,flowering/37_schlumbergera-truncata.jpg
38,观花植物,长寿花,Kalanchoe blossfeldiana,File:Starr 080117-1758 Kalanchoe blossfeldiana.jpg,https://commons.wikimedia.org/wiki/File:Starr_080117-1758_Kalanchoe_blossfeldiana.jpg,https://upload.wikimedia.org/wikipedia/commons/d/d6/Starr_080117-1758_Kalanchoe_blossfeldiana.jpg?utm_source=commons.wikimedia.org&utm_campaign=imageinfo&utm_content=original,Forest & Kim Starr,CC BY 3.0,https://creativecommons.org/licenses/by/3.0/,yes,"Plants of Hawaii, Image 080117-1758 from http://www.hear.org/starr/plants/images/image/?q=080117-1758","Kalanchoe blossfeldiana (flowering habit). Location: Maui, Walmart Kahului",,2112,2816,flowering/38_kalanchoe-blossfeldiana.jpg
39,观花植物,一品红,Euphorbia pulcherrima,File:Red Poinsettia Plant- Shola Gardens - Kotagiri.jpg,https://commons.wikimedia.org/wiki/File:Red_Poinsettia_Plant-_Shola_Gardens_-_Kotagiri.jpg,https://upload.wikimedia.org/wikipedia/commons/6/6f/Red_Poinsettia_Plant-_Shola_Gardens_-_Kotagiri.jpg?utm_source=commons.wikimedia.org&utm_campaign=imageinfo&utm_content=original,Sankar 1995,CC BY-SA 4.0,https://creativecommons.org/licenses/by-sa/4.0/,yes,Own work,Red Poinsettia Plant- Shola Gardens - Kotagiri,,8000,6000,flowering/39_euphorbia-pulcherrima.jpg
40,观花植物,红掌,Anthurium andraeanum,File:Starr-100623-7787-Anthurium andraeanum-white flowers potted plants in shade house-Pukalani Plant Company Pulehu-Maui (24746778460).jpg,https://commons.wikimedia.org/wiki/File:Starr-100623-7787-Anthurium_andraeanum-white_flowers_potted_plants_in_shade_house-Pukalani_Plant_Company_Pulehu-Maui_(24746778460).jpg,https://upload.wikimedia.org/wikipedia/commons/e/e9/Starr-100623-7787-Anthurium_andraeanum-white_flowers_potted_plants_in_shade_house-Pukalani_Plant_Company_Pulehu-Maui_%2824746778460%29.jpg?utm_source=commons.wikimedia.org&utm_campaign=imageinfo&utm_content=original,Forest and Kim Starr,CC BY 3.0 us,https://creativecommons.org/licenses/by/3.0/us/deed.en,yes,Wikimedia Commons,"Anthurium andraeanum (Flamingo lily)
White flowers potted plants in shade house at Pukalani Plant Company Pulehu, Maui, Hawaii.
June 23, 2010


#100623-7787


Image Use Policy",青花植主图：替换为近景候选，并按主图标准保留清晰主体、弱化干扰背景。,3648,2736,flowering/40_anthurium-andraeanum.jpg
41,观花植物,花烛,Anthurium spp.,File:Fleurs d'Anthurium.jpg,https://commons.wikimedia.org/wiki/File:Fleurs_d'Anthurium.jpg,https://upload.wikimedia.org/wikipedia/commons/f/f8/Fleurs_d%27Anthurium.jpg?utm_source=commons.wikimedia.org&utm_campaign=imageinfo&utm_content=original,Bachelot Pierre J-P,CC BY-SA 3.0,https://creativecommons.org/licenses/by-sa/3.0/,yes,Own work,Anthurium en fleur (espèce non identifiée),,2304,3072,flowering/41_anthurium-spp.jpg
43,观花植物,马蹄莲,Zantedeschia aethiopica,File:Starr-110331-4689-Zantedeschia aethiopica-flowering habit-Shibuya Farm Kula-Maui (24786499790).jpg,https://commons.wikimedia.org/wiki/File:Starr-110331-4689-Zantedeschia_aethiopica-flowering_habit-Shibuya_Farm_Kula-Maui_(24786499790).jpg,https://upload.wikimedia.org/wikipedia/commons/2/29/Starr-110331-4689-Zantedeschia_aethiopica-flowering_habit-Shibuya_Farm_Kula-Maui_%2824786499790%29.jpg?utm_source=commons.wikimedia.org&utm_campaign=imageinfo&utm_content=original,Forest and Kim Starr,CC BY 3.0 us,https://creativecommons.org/licenses/by/3.0/us/deed.en,yes,Wikimedia Commons,"Zantedeschia aethiopica (Calla lily, arum lily)
Flowering habit at Shibuya Farm Kula, Maui, Hawaii.
March 31, 2011

#110331-4689


Image Use Policy",青花植主图：替换为近景候选，并按主图标准保留清晰主体、弱化干扰背景。,2736,3648,flowering/43_zantedeschia-aethiopica.jpg
44,观叶植物,彩叶芋,Caladium bicolor,File:Caladium sp. 01.jpg,https://commons.wikimedia.org/wiki/File:Caladium_sp._01.jpg,https://upload.wikimedia.org/wikipedia/commons/1/1e/Caladium_sp._01.jpg?utm_source=commons.wikimedia.org&utm_campaign=imageinfo&utm_content=original,Kor!An (Корзун Андрей),CC BY-SA 3.0,https://creativecommons.org/licenses/by-sa/3.0,yes,Wikimedia Commons,Caladium species in a greenhouse of the Botanical garden Saint Petersburg.,青花植主图：替换为近景候选，并按主图标准保留清晰主体、弱化干扰背景。,3190,2110,foliage/44_caladium-bicolor.jpg
48,观叶植物,琴叶榕,Ficus lyrata,File:Starr 070906-8755 Ficus lyrata.jpg,https://commons.wikimedia.org/wiki/File:Starr_070906-8755_Ficus_lyrata.jpg,https://upload.wikimedia.org/wikipedia/commons/8/84/Starr_070906-8755_Ficus_lyrata.jpg?utm_source=commons.wikimedia.org&utm_campaign=imageinfo&utm_content=original,Forest & Kim Starr,CC BY 3.0,https://creativecommons.org/licenses/by/3.0/,yes,"Plants of Hawaii, Image 070906-8755 from http://www.hear.org/starr/plants/images/image/?q=070906-8755","Ficus lyrata (habit). Location: Maui, Kula Ace Hardware and Nursery",,2112,2816,foliage/48_ficus-lyrata.jpg
49,观叶植物,龙血树,Dracaena marginata,File:Dracaena reflexa 'Angustifolia' - Ботаничка градина Скопје (1).jpg,https://commons.wikimedia.org/wiki/File:Dracaena_reflexa_'Angustifolia'_-_Ботаничка_градина_Скопје_(1).jpg,https://upload.wikimedia.org/wikipedia/commons/f/f9/Dracaena_reflexa_%27Angustifolia%27_-_%D0%91%D0%BE%D1%82%D0%B0%D0%BD%D0%B8%D1%87%D0%BA%D0%B0_%D0%B3%D1%80%D0%B0%D0%B4%D0%B8%D0%BD%D0%B0_%D0%A1%D0%BA%D0%BE%D0%BF%D1%98%D0%B5_%281%29.jpg?utm_source=commons.wikimedia.org&utm_campaign=imageinfo&utm_content=original,Dandarmkd,CC BY-SA 4.0,https://creativecommons.org/licenses/by-sa/4.0/,yes,Own work,"Dracaena reflexa 'Angustifolia', also named Dracaena marginata, at the Botanical garden of the Institute of Biology, Faculty of Natural Sciences and Mathematics, Skopje, Macedonia.",,4000,6000,foliage/49_dracaena-marginata.jpg
50,观叶植物,散尾葵,Dypsis lutescens,File:Dypsis lutescens 02.jpg,https://commons.wikimedia.org/wiki/File:Dypsis_lutescens_02.jpg,https://upload.wikimedia.org/wikipedia/commons/e/eb/Dypsis_lutescens_02.jpg?utm_source=commons.wikimedia.org&utm_campaign=imageinfo&utm_content=original,Digigalos,CC BY-SA 3.0,https://creativecommons.org/licenses/by-sa/3.0,yes,Wikimedia Commons,Dypsis lutescens,青花植主图：替换为近景候选，并按主图标准保留清晰主体、弱化干扰背景。,1600,1200,foliage/50_dypsis-lutescens.jpg
51,观叶植物,棕竹,Rhapis excelsa,File:Rhapis excelsa 16zz.jpg,https://commons.wikimedia.org/wiki/File:Rhapis_excelsa_16zz.jpg,https://upload.wikimedia.org/wikipedia/commons/d/d8/Rhapis_excelsa_16zz.jpg?utm_source=commons.wikimedia.org&utm_campaign=imageinfo&utm_content=original,Photo by David J. Stang,CC BY-SA 4.0,https://creativecommons.org/licenses/by-sa/4.0/,yes,source: David Stang. First published at ZipcodeZoo.com,"Location taken: Fairchild Tropical Botanic Garden, Miami, FL USA. Names: Rhapis excelsa (Thunb.) Henry, Bamboo Palm, Broad-Leaved Slender Lady Palm, Chinese Windmolenpalm, Fern Rhapis, Fern Rhapis (As Rhapis Flabelliformis), Ground Rattan, Gwan Eum Jook (Gwan Eum Juk), Hørpalme, Jupati (As R Flabelliformis - Brazil), Lady Palm, Miniature Fan<SP>Palm, Palma Ventaglio, Palmera Bambú, Palmera de bambú, Palmier éventail, Rhapis à Feuilles Larges, Rhapis En éventail, Rhapispalme, Slender Lady Palm, Steckenpalme, Zong Zhu, จั๋งญี่ปุ่น, 棕 Classification: Plantae > Magnoliophyta > Liliopsida > Arecales > Arecaceae > Trachycarpeae > Rhapidinae > Rhapis > Rhapis excelsa .",,2544,1696,foliage/51_rhapis-excelsa.jpg
52,观叶植物,发财树,Pachira aquatica,File:Pachira aquatica - Ботаничка градина Скопје (2).jpg,https://commons.wikimedia.org/wiki/File:Pachira_aquatica_-_Ботаничка_градина_Скопје_(2).jpg,https://upload.wikimedia.org/wikipedia/commons/a/a8/Pachira_aquatica_-_%D0%91%D0%BE%D1%82%D0%B0%D0%BD%D0%B8%D1%87%D0%BA%D0%B0_%D0%B3%D1%80%D0%B0%D0%B4%D0%B8%D0%BD%D0%B0_%D0%A1%D0%BA%D0%BE%D0%BF%D1%98%D0%B5_%282%29.jpg?utm_source=commons.wikimedia.org&utm_campaign=imageinfo&utm_content=original,Dandarmkd,CC BY-SA 4.0,https://creativecommons.org/licenses/by-sa/4.0/,yes,Own work,"Pachira aquatica at the Botanical garden of the Institute of Biology, Faculty of Natural Sciences and Mathematics, Skopje, Macedonia.",,4000,6000,foliage/52_pachira-aquatica.jpg
53,观叶植物,袖珍椰子,Chamaedorea elegans,File:Starr-080117-2235-Chamaedorea elegans-Bella habit-Home Depot Nursery Kahului-Maui (24274630364).jpg,https://commons.wikimedia.org/wiki/File:Starr-080117-2235-Chamaedorea_elegans-Bella_habit-Home_Depot_Nursery_Kahului-Maui_(24274630364).jpg,https://upload.wikimedia.org/wikipedia/commons/6/64/Starr-080117-2235-Chamaedorea_elegans-Bella_habit-Home_Depot_Nursery_Kahului-Maui_%2824274630364%29.jpg?utm_source=commons.wikimedia.org&utm_campaign=imageinfo&utm_content=original,Forest and Kim Starr,CC BY 3.0 us,https://creativecommons.org/licenses/by/3.0/,yes,starr-080117-2235-Chamaedorea_elegans-Bella_habit-Home_Depot_Nursery_Kahului-Maui,"Chamaedorea elegans (Parlor palm, neanthe bella, good luck palm) Bella habit at Home Depot Nursery Kahului, Maui, Hawaii. January 17, 2008 #080117-2235 Image Use Policy",,2112,2816,foliage/53_chamaedorea-elegans.jpg
54,观花植物,铁线莲,Clematis spp.,File:Clematis viticella plant (2).jpg,https://commons.wikimedia.org/wiki/File:Clematis_viticella_plant_(2).jpg,https://upload.wikimedia.org/wikipedia/commons/4/47/Clematis_viticella_plant_%282%29.jpg?utm_source=commons.wikimedia.org&utm_campaign=imageinfo&utm_content=original,Thomas Duerbye,CC BY-SA 3.0,https://creativecommons.org/licenses/by-sa/3.0,yes,Wikimedia Commons,Clematis_viticella,青花植主图：替换为近景候选，并按主图标准保留清晰主体、弱化干扰背景。,2448,3264,flowering/54_clematis-spp.jpg
55,观花植物,凌霄,Campsis grandiflora,"File:Campsis-grandiflora,nouzen-kazura,katori-city,japan.JPG","https://commons.wikimedia.org/wiki/File:Campsis-grandiflora,nouzen-kazura,katori-city,japan.JPG",https://upload.wikimedia.org/wikipedia/commons/2/2c/Campsis-grandiflora%2Cnouzen-kazura%2Ckatori-city%2Cjapan.JPG?utm_source=commons.wikimedia.org&utm_campaign=imageinfo&utm_content=original,katorisi,CC BY 2.5,https://creativecommons.org/licenses/by/2.5/,yes,Own work,"Campsis-grandiflora,nouzen-kazura,katori-city,japan",,1183,1577,flowering/55_campsis-grandiflora.jpg
56,观花植物,牵牛花,Ipomoea nil,File:Ipomoea nil Gorlitsa20230822 22942.jpg,https://commons.wikimedia.org/wiki/File:Ipomoea_nil_Gorlitsa20230822_22942.jpg,https://upload.wikimedia.org/wikipedia/commons/3/35/Ipomoea_nil_Gorlitsa20230822_22942.jpg?utm_source=commons.wikimedia.org&utm_campaign=imageinfo&utm_content=original,Bff,CC BY-SA 4.0,https://creativecommons.org/licenses/by-sa/4.0,yes,Wikimedia Commons,"Ipomoea nil (L.) Roth (1797)
Habitus of flowering Japanese morning glory 'Gorlitsa' as a house plant. Flower diameter is 9 cm, plant height is 22 cm.",青花植主图：替换为近景候选，并按主图标准保留清晰主体、弱化干扰背景。,4400,3300,flowering/56_ipomoea-nil.jpg
57,观花植物,炮仗花,Pyrostegia venusta,File:Starr 030201-0010 Pyrostegia venusta.jpg,https://commons.wikimedia.org/wiki/File:Starr_030201-0010_Pyrostegia_venusta.jpg,https://upload.wikimedia.org/wikipedia/commons/4/45/Starr_030201-0010_Pyrostegia_venusta.jpg?utm_source=commons.wikimedia.org&utm_campaign=imageinfo&utm_content=original,Forest & Kim Starr,CC BY 3.0,https://creativecommons.org/licenses/by/3.0,yes,Wikimedia Commons,"Pyrostegia venusta (flowers). Location: Maui, Haiku",青花植主图：替换为近景候选，并按主图标准保留清晰主体、弱化干扰背景。,1200,1600,flowering/57_pyrostegia-venusta.jpg
58,观花植物,三角梅,Bougainvillea spectabilis,File:Bougainvillea glabra 'Sanderiana' 1.jpg,https://commons.wikimedia.org/wiki/File:Bougainvillea_glabra_%27Sanderiana%27_1.jpg,https://upload.wikimedia.org/wikipedia/commons/2/22/Bougainvillea_glabra_%27Sanderiana%27_1.jpg?utm_source=commons.wikimedia.org&utm_campaign=imageinfo&utm_content=original,Mokkie,CC BY-SA 3.0,https://creativecommons.org/licenses/by-sa/3.0,yes,Wikimedia Commons,Bougainvillea glabra 'Sanderiana',青花植主图：替换为近景候选，并按主图标准保留清晰主体、弱化干扰背景。,2204,3920,flowering/58_bougainvillea-spectabilis.jpg
59,观花植物,鸡蛋花,Plumeria rubra,File:Plumeria rubera-1-korimedu-salem-India.jpg,https://commons.wikimedia.org/wiki/File:Plumeria_rubera-1-korimedu-salem-India.jpg,https://upload.wikimedia.org/wikipedia/commons/d/de/Plumeria_rubera-1-korimedu-salem-India.jpg?utm_source=commons.wikimedia.org&utm_campaign=imageinfo&utm_content=original,Yercaud-elango,CC BY-SA 4.0,https://creativecommons.org/licenses/by-sa/4.0,yes,Wikimedia Commons,"Apocynaceae-Frangipani,ஈழத்தலரி;Shrubs,flowers pink to white,fragrance.",青花植主图：替换为近景候选，并按主图标准保留清晰主体、弱化干扰背景。,4608,3456,flowering/59_plumeria-rubra.jpg
60,观花植物,夹竹桃,Nerium oleander,File:OleanderInPot.jpg,https://commons.wikimedia.org/wiki/File:OleanderInPot.jpg,https://upload.wikimedia.org/wikipedia/commons/0/02/OleanderInPot.jpg?utm_source=commons.wikimedia.org&utm_campaign=imageinfo&utm_content=original,"This Photo was taken by Miha Peče . Feel free to use my photos, but please mention me as the author. I would much appreciate if you send me an email pc.osx.linux@gmail.com or write on my talk page , for my information. Please do not upload an edited image here without consulting me. I would like to make corrections only at my own source to ensure that the changes improve the image and are preserved. Otherwise you may upload an edited image with a new name. Please use one of the templates derivative or extract .",CC BY-SA 4.0,https://creativecommons.org/licenses/by-sa/4.0/,yes,Own work,"Pot with oleander plant standing on pier in Neusiedl am See, Austria.",青花植主图：基于来源图片进行构图裁切，以突出植物主体并弱化背景。,8266,5488,flowering/60_nerium-oleander.jpg
61,观花植物,紫薇,Lagerstroemia indica,File:Lagerstroemia or Crape myrtle from Bangladesh 1.jpg,https://commons.wikimedia.org/wiki/File:Lagerstroemia_or_Crape_myrtle_from_Bangladesh_1.jpg,https://upload.wikimedia.org/wikipedia/commons/8/81/Lagerstroemia_or_Crape_myrtle_from_Bangladesh_1.jpg?utm_source=commons.wikimedia.org&utm_campaign=imageinfo&utm_content=original,Sm faysal,CC BY-SA 4.0,https://creativecommons.org/licenses/by-sa/4.0,yes,Wikimedia Commons,Lagerstroemia or Crape myrtle from Bangladesh,青花植主图：替换为近景候选，并按主图标准保留清晰主体、弱化干扰背景。,3472,4624,flowering/61_lagerstroemia-indica.jpg
62,观花植物,木槿,Hibiscus syriacus,File:Hibiscus syriacus Pianta.jpg,https://commons.wikimedia.org/wiki/File:Hibiscus_syriacus_Pianta.jpg,https://upload.wikimedia.org/wikipedia/commons/1/15/Hibiscus_syriacus_Pianta.jpg?utm_source=commons.wikimedia.org&utm_campaign=imageinfo&utm_content=original,RockPoetry,Public domain,https://creativecommons.org/publicdomain/mark/1.0/,no,Own work,it:Hibiscus syriacus,,902,600,flowering/62_hibiscus-syriacus.jpg
63,观叶植物,空气凤梨,Tillandsia spp.,File:Starr-110330-3690-Tillandsia cyanea-flowering habit-Garden of Eden Keanae-Maui (24962479282).jpg,https://commons.wikimedia.org/wiki/File:Starr-110330-3690-Tillandsia_cyanea-flowering_habit-Garden_of_Eden_Keanae-Maui_(24962479282).jpg,https://upload.wikimedia.org/wikipedia/commons/3/3f/Starr-110330-3690-Tillandsia_cyanea-flowering_habit-Garden_of_Eden_Keanae-Maui_%2824962479282%29.jpg?utm_source=commons.wikimedia.org&utm_campaign=imageinfo&utm_content=original,Forest and Kim Starr,CC BY 3.0 us,https://creativecommons.org/licenses/by/3.0/us/deed.en,yes,Wikimedia Commons,"Tillandsia cyanea (Pink quill, air plant) flowering habit at Garden of Eden Keanae, Maui, Hawaii. March 30, 2011
#110330-3690
Image Use Policy",青花植主图：替换为近景候选，并按主图标准保留清晰主体、弱化干扰背景。,3648,2736,foliage/63_tillandsia-spp.jpg
64,观花植物,木芙蓉,Hibiscus mutabilis,"File:Hibiscus mutabilis Confederate Rose, Cotton Rose ცვალებადი ხეტუხტი.JPG","https://commons.wikimedia.org/wiki/File:Hibiscus_mutabilis_Confederate_Rose,_Cotton_Rose_ცვალებადი_ხეტუხტი.JPG",https://upload.wikimedia.org/wikipedia/commons/e/ea/Hibiscus_mutabilis_Confederate_Rose%2C_Cotton_Rose_%E1%83%AA%E1%83%95%E1%83%90%E1%83%9A%E1%83%94%E1%83%91%E1%83%90%E1%83%93%E1%83%98_%E1%83%AE%E1%83%94%E1%83%A2%E1%83%A3%E1%83%AE%E1%83%A2%E1%83%98.JPG?utm_source=commons.wikimedia.org&utm_campaign=imageinfo&utm_content=original,Lazaregagnidze,CC BY-SA 4.0,https://creativecommons.org/licenses/by-sa/4.0/,yes,Own work,Taken in Bathumi,,4288,2848,flowering/64_hibiscus-mutabilis.jpg
65,水生植物,荷花,Nelumbo nucifera,File:Nelumbo nucifera RB3.JPG,https://commons.wikimedia.org/wiki/File:Nelumbo_nucifera_RB3.JPG,https://upload.wikimedia.org/wikipedia/commons/c/c0/Nelumbo_nucifera_RB3.JPG?utm_source=commons.wikimedia.org&utm_campaign=imageinfo&utm_content=original,Radomil,CC BY-SA 3.0,https://creativecommons.org/licenses/by-sa/3.0/,yes,Own work,"Nelumbo nucifera , Botanical garden in Poznań",,1536,2048,aquatic/65_nelumbo-nucifera.jpg
66,水生植物,睡莲,Nymphaea spp.,"File:Chicago Botanic Gdn, Aquatic Gdn 180721 205 Nelumbo nucifera Sacred Lotus, Nymphaea spp Waterlilies.jpg",https://commons.wikimedia.org/wiki/File:Chicago_Botanic_Gdn%2C_Aquatic_Gdn_180721_205_Nelumbo_nucifera_Sacred_Lotus%2C_Nymphaea_spp_Waterlilies.jpg,https://upload.wikimedia.org/wikipedia/commons/9/9b/Chicago_Botanic_Gdn%2C_Aquatic_Gdn_180721_205_Nelumbo_nucifera_Sacred_Lotus%2C_Nymphaea_spp_Waterlilies.jpg?utm_source=commons.wikimedia.org&utm_campaign=imageinfo&utm_content=original,cultivar413,CC BY 2.0,https://creativecommons.org/licenses/by/2.0,yes,Wikimedia Commons,At the Chicago Botanic Garden,青花植主图：替换为近景候选，并按主图标准保留清晰主体、弱化干扰背景。,3309,3648,aquatic/66_nymphaea-spp.jpg
67,水生植物,凤眼莲,Eichhornia crassipes,File:Pontederia crassipes 2019-05-03 02.jpg,https://commons.wikimedia.org/wiki/File:Pontederia_crassipes_2019-05-03_02.jpg,https://upload.wikimedia.org/wikipedia/commons/9/9e/Pontederia_crassipes_2019-05-03_02.jpg?utm_source=commons.wikimedia.org&utm_campaign=imageinfo&utm_content=original,"Agnieszka Kwiecień, Nova",CC BY-SA 4.0,https://creativecommons.org/licenses/by-sa/4.0/,yes,Own work,"Waterhyacinth ( Pontederia crassipes , syn. Eichhornia crassipes ), plant cultivated in Wrocław University Botanical Garden, Wrocław, Poland.",,3451,2588,aquatic/67_eichhornia-crassipes.jpg
68,水生植物,铜钱草,Hydrocotyle vulgaris,File:Hydrocotyle Vulgaris coin grass.jpg,https://commons.wikimedia.org/wiki/File:Hydrocotyle_Vulgaris_coin_grass.jpg,https://upload.wikimedia.org/wikipedia/commons/0/02/Hydrocotyle_Vulgaris_coin_grass.jpg?utm_source=commons.wikimedia.org&utm_campaign=imageinfo&utm_content=original,Suzanne ujen,CC0,http://creativecommons.org/publicdomain/zero/1.0/deed.en,no,Wikimedia Commons,"Location: L.A. River Cottage, Miri",青花植主图：替换为近景候选，并按主图标准保留清晰主体、弱化干扰背景。,3000,4000,aquatic/68_hydrocotyle-vulgaris.jpg
69,蔬菜,矮生番茄,Solanum lycopersicum var. cerasiforme,File:Starr-090801-3483-Solanum lycopersicum-habit in garden in circle cages-Olinda-Maui (24675352830).jpg,https://commons.wikimedia.org/wiki/File:Starr-090801-3483-Solanum_lycopersicum-habit_in_garden_in_circle_cages-Olinda-Maui_(24675352830).jpg,https://upload.wikimedia.org/wikipedia/commons/f/f8/Starr-090801-3483-Solanum_lycopersicum-habit_in_garden_in_circle_cages-Olinda-Maui_%2824675352830%29.jpg?utm_source=commons.wikimedia.org&utm_campaign=imageinfo&utm_content=original,Forest and Kim Starr,CC BY 3.0 us,https://creativecommons.org/licenses/by/3.0/,yes,starr-090801-3483-Solanum_lycopersicum-habit_in_garden_in_circle_cages-Olinda-Maui,"Solanum lycopersicum (Tomato) Habit in garden in circle cages at Olinda, Maui, Hawaii. August 01, 2009 #090801-3483 Image Use Policy Also known as Lycopersicon esculentum and L. pimpinellifolium. Images include Solanum lycopersicum var. cerasiforme, S. l. var. lycopersicum, and hybrid combinations between them.",,3648,2736,vegetable/69_solanum-lycopersicum-var-cerasiforme.jpg
70,蔬菜,小青菜,Brassica rapa var. chinensis,File:Brassica rapa chinensis 4610994.jpg,https://commons.wikimedia.org/wiki/File:Brassica_rapa_chinensis_4610994.jpg,https://upload.wikimedia.org/wikipedia/commons/1/1d/Brassica_rapa_chinensis_4610994.jpg?utm_source=commons.wikimedia.org&utm_campaign=imageinfo&utm_content=original,Jon Sullivan,CC BY 4.0,https://creativecommons.org/licenses/by/4.0/,yes,https://www.inaturalist.org/photos/4610994,Pak Choi ( Brassica rapa chinensis ),,2048,1536,vegetable/70_brassica-rapa-var-chinensis.jpg
71,观叶植物,白掌,Spathiphyllum wallisii,File:Maseta.jpg,https://commons.wikimedia.org/wiki/File:Maseta.jpg,https://upload.wikimedia.org/wikipedia/commons/0/00/Maseta.jpg?utm_source=commons.wikimedia.org&utm_campaign=imageinfo&utm_content=original,CesarAlbertoHerrera,CC0,https://creativecommons.org/publicdomain/zero/1.0/,no,Own work,Maseta con plantas de sombra ubicada en una casa en iztacalco,,3024,4032,foliage/71_spathiphyllum-wallisii.jpg
73,观叶植物,银皇后,Aglaonema commutatum,File:Agalaonema commulatum-1-sunny brook-yercaud-salem-India.JPG,https://commons.wikimedia.org/wiki/File:Agalaonema_commulatum-1-sunny_brook-yercaud-salem-India.JPG,https://upload.wikimedia.org/wikipedia/commons/9/9d/Agalaonema_commulatum-1-sunny_brook-yercaud-salem-India.JPG?utm_source=commons.wikimedia.org&utm_campaign=imageinfo&utm_content=original,Yercaud-elango,CC BY-SA 4.0,https://creativecommons.org/licenses/by-sa/4.0/,yes,Own work,"Herb,leaves deep green,marking of silver gray,waxy white spathe.",,2816,2112,foliage/73_aglaonema-commutatum.jpg
74,观叶植物,黛粉叶,Dieffenbachia seguine,File:Dieffenbachia maculata Rudolph Roehrs 3zz.jpg,https://commons.wikimedia.org/wiki/File:Dieffenbachia_maculata_Rudolph_Roehrs_3zz.jpg,https://upload.wikimedia.org/wikipedia/commons/2/24/Dieffenbachia_maculata_Rudolph_Roehrs_3zz.jpg?utm_source=commons.wikimedia.org&utm_campaign=imageinfo&utm_content=original,Photo by David J. Stang,CC BY-SA 4.0,https://creativecommons.org/licenses/by-sa/4.0/,yes,source: David Stang. First published at ZipcodeZoo.com,"Location taken: Fairchild Tropical Botanic Garden, Miami, FL USA. Names: Dieffenbachia maculata 'Rudolph Roehrs' (Lodd.) G. Don Classification: Plantae > Angiosperms > Monocots > Alismatales > Araceae > Dieffenbachieae > Dieffenbachia > Dieffenbachia maculata 'Rudolph Roehrs' .",,2544,1696,foliage/74_dieffenbachia-seguine.jpg
75,观叶植物,白蝶合果芋,Syngonium podophyllum,File:Syngonium podophyllum - Ботаничка градина Скопје (3).jpg,https://commons.wikimedia.org/wiki/File:Syngonium_podophyllum_-_Ботаничка_градина_Скопје_(3).jpg,https://upload.wikimedia.org/wikipedia/commons/2/2d/Syngonium_podophyllum_-_%D0%91%D0%BE%D1%82%D0%B0%D0%BD%D0%B8%D1%87%D0%BA%D0%B0_%D0%B3%D1%80%D0%B0%D0%B4%D0%B8%D0%BD%D0%B0_%D0%A1%D0%BA%D0%BE%D0%BF%D1%98%D0%B5_%283%29.jpg?utm_source=commons.wikimedia.org&utm_campaign=imageinfo&utm_content=original,Dandarmkd,CC BY-SA 4.0,https://creativecommons.org/licenses/by-sa/4.0/,yes,Own work,"Syngonium podophyllum at the Botanical garden of the Institute of Biology, Faculty of Natural Sciences and Mathematics, Skopje, Macedonia.",,4000,6000,foliage/75_syngonium-podophyllum.jpg
76,观叶植物,蔓绿绒,Philodendron hederaceum,File:Philodendron hederaceum var. Lemon Lime.jpg,https://commons.wikimedia.org/wiki/File:Philodendron_hederaceum_var._Lemon_Lime.jpg,https://upload.wikimedia.org/wikipedia/commons/e/ef/Philodendron_hederaceum_var._Lemon_Lime.jpg?utm_source=commons.wikimedia.org&utm_campaign=imageinfo&utm_content=original,AlbeitPK,CC BY-SA 4.0,https://creativecommons.org/licenses/by-sa/4.0,yes,Wikimedia Commons,Philodendron hederaceum var. Lemon Lime,青花植主图：替换为近景候选，并按主图标准保留清晰主体、弱化干扰背景。,2482,3058,foliage/76_philodendron-hederaceum.jpg
77,观叶植物,裂叶喜林芋,Thaumatophyllum bipinnatifidum,File:Starr 031108-0220 Philodendron bipinnatifidum.jpg,https://commons.wikimedia.org/wiki/File:Starr_031108-0220_Philodendron_bipinnatifidum.jpg,https://upload.wikimedia.org/wikipedia/commons/2/26/Starr_031108-0220_Philodendron_bipinnatifidum.jpg?utm_source=commons.wikimedia.org&utm_campaign=imageinfo&utm_content=original,Forest & Kim Starr,CC BY 3.0,https://creativecommons.org/licenses/by/3.0,yes,Wikimedia Commons,"Philodendron bipinnatifidum, syn. Thaumatophyllum bipinnatifidum (habit). Location: Florida, Siesta Key",青花植主图：替换为近景候选，并按主图标准保留清晰主体、弱化干扰背景。,1632,1224,foliage/77_thaumatophyllum-bipinnatifidum.jpg
78,观叶植物,姬龟背,Rhaphidophora tetrasperma,File:Rhapidophora Tetrasperma.jpg,https://commons.wikimedia.org/wiki/File:Rhapidophora_Tetrasperma.jpg,https://upload.wikimedia.org/wikipedia/commons/f/fe/Rhapidophora_Tetrasperma.jpg?utm_source=commons.wikimedia.org&utm_campaign=imageinfo&utm_content=original,Jule.Kat,CC BY-SA 4.0,https://creativecommons.org/licenses/by-sa/4.0/,yes,Own work,Rhaphidophora Tetrasperma als Zimmerpflanze,,4032,3024,foliage/78_rhaphidophora-tetrasperma.jpg
79,观叶植物,海芋,Alocasia macrorrhizos,File:Alocasia macrorrhizos 2.jpg,https://commons.wikimedia.org/wiki/File:Alocasia_macrorrhizos_2.jpg,https://upload.wikimedia.org/wikipedia/commons/7/70/Alocasia_macrorrhizos_2.jpg?utm_source=commons.wikimedia.org&utm_campaign=imageinfo&utm_content=original,Nativeplants garden,CC BY-SA 4.0,https://creativecommons.org/licenses/by-sa/4.0,yes,Wikimedia Commons,മാറാൻ ചേമ്പ്,青花植主图：替换为近景候选，并按主图标准保留清晰主体、弱化干扰背景。,2250,4000,foliage/79_alocasia-macrorrhizos.jpg
80,观叶植物,滴水观音,Alocasia odora,File:Alocasia odora - Ботаничка градина (3).jpg,https://commons.wikimedia.org/wiki/File:Alocasia_odora_-_Ботаничка_градина_(3).jpg,https://upload.wikimedia.org/wikipedia/commons/c/c3/Alocasia_odora_-_%D0%91%D0%BE%D1%82%D0%B0%D0%BD%D0%B8%D1%87%D0%BA%D0%B0_%D0%B3%D1%80%D0%B0%D0%B4%D0%B8%D0%BD%D0%B0_%283%29.jpg?utm_source=commons.wikimedia.org&utm_campaign=imageinfo&utm_content=original,Dandarmkd,CC BY-SA 4.0,https://creativecommons.org/licenses/by-sa/4.0/,yes,Own work,"Alocasia odora at the Botanical garden of the Institute of Biology, Faculty of Natural Sciences and Mathematics, Skopje, Macedonia.",,4000,6000,foliage/80_alocasia-odora.jpg
81,观叶植物,花叶椒草,Peperomia obtusifolia,File:Peperomia obtusifolia - Ботаничка градина Скопје (1).jpg,https://commons.wikimedia.org/wiki/File:Peperomia_obtusifolia_-_Ботаничка_градина_Скопје_(1).jpg,https://upload.wikimedia.org/wikipedia/commons/1/16/Peperomia_obtusifolia_-_%D0%91%D0%BE%D1%82%D0%B0%D0%BD%D0%B8%D1%87%D0%BA%D0%B0_%D0%B3%D1%80%D0%B0%D0%B4%D0%B8%D0%BD%D0%B0_%D0%A1%D0%BA%D0%BE%D0%BF%D1%98%D0%B5_%281%29.jpg?utm_source=commons.wikimedia.org&utm_campaign=imageinfo&utm_content=original,Dandarmkd,CC BY-SA 4.0,https://creativecommons.org/licenses/by-sa/4.0/,yes,Own work,"Peperomia obtusifolia at the Botanical garden of the Institute of Biology, Faculty of Natural Sciences and Mathematics, Skopje, Macedonia.",,6000,4000,foliage/81_peperomia-obtusifolia.jpg
82,观叶植物,西瓜皮椒草,Peperomia argyreia,File:Peperomia argyreia.jpg,https://commons.wikimedia.org/wiki/File:Peperomia_argyreia.jpg,https://upload.wikimedia.org/wikipedia/commons/a/ac/Peperomia_argyreia.jpg?utm_source=commons.wikimedia.org&utm_campaign=imageinfo&utm_content=original,James Steakley,CC BY-SA 3.0,https://creativecommons.org/licenses/by-sa/3.0/,yes,Own work,"Peperomia argyreia in the Botanical Garden, Berlin.",,3648,2736,foliage/82_peperomia-argyreia.jpg
83,观叶植物,网纹草,Fittonia albivenis,File:Fittonia verschaffeltii argyroneura Prague 2012 2.jpg,https://commons.wikimedia.org/wiki/File:Fittonia_verschaffeltii_argyroneura_Prague_2012_2.jpg,https://upload.wikimedia.org/wikipedia/commons/5/5b/Fittonia_verschaffeltii_argyroneura_Prague_2012_2.jpg?utm_source=commons.wikimedia.org&utm_campaign=imageinfo&utm_content=original,Karelj,CC BY-SA 3.0,https://creativecommons.org/licenses/by-sa/3.0/,yes,Own work,"Flowering plant Fittonia verschaffeltii var. argyroneura , Fittonia verschaffeltii var. argyroneura , The Botanical Gardens of Charles University , Prague , Czech Republic",,2000,3000,foliage/83_fittonia-albivenis.jpg
84,观叶植物,冷水花,Pilea cadierei,File:Pilea cadierei-anna park-yercaud-salem-India.JPG,https://commons.wikimedia.org/wiki/File:Pilea_cadierei-anna_park-yercaud-salem-India.JPG,https://upload.wikimedia.org/wikipedia/commons/4/4d/Pilea_cadierei-anna_park-yercaud-salem-India.JPG?utm_source=commons.wikimedia.org&utm_campaign=imageinfo&utm_content=original,Yercaud-elango,CC BY-SA 4.0,https://creativecommons.org/licenses/by-sa/4.0/,yes,Own work,"Aluminium plant-herb,leaves green with white batches.",,4000,3000,foliage/84_pilea-cadierei.jpg
85,观叶植物,镜面草,Pilea peperomioides,File:Pilea peperomioides - Ботаничка градина Скопје (3).jpg,https://commons.wikimedia.org/wiki/File:Pilea_peperomioides_-_Ботаничка_градина_Скопје_(3).jpg,https://upload.wikimedia.org/wikipedia/commons/5/5a/Pilea_peperomioides_-_%D0%91%D0%BE%D1%82%D0%B0%D0%BD%D0%B8%D1%87%D0%BA%D0%B0_%D0%B3%D1%80%D0%B0%D0%B4%D0%B8%D0%BD%D0%B0_%D0%A1%D0%BA%D0%BE%D0%BF%D1%98%D0%B5_%283%29.jpg?utm_source=commons.wikimedia.org&utm_campaign=imageinfo&utm_content=original,Dandarmkd,CC BY-SA 4.0,https://creativecommons.org/licenses/by-sa/4.0/,yes,Own work,"Pilea peperomioides at the Botanical garden of the Institute of Biology, Faculty of Natural Sciences and Mathematics, Skopje, Macedonia.",,6000,4000,foliage/85_pilea-peperomioides.jpg
86,观叶植物,吊竹梅,Tradescantia zebrina,File:Tradescantia zebrina (20484324691).jpg,https://commons.wikimedia.org/wiki/File:Tradescantia_zebrina_(20484324691).jpg,https://upload.wikimedia.org/wikipedia/commons/c/cb/Tradescantia_zebrina_%2820484324691%29.jpg?utm_source=commons.wikimedia.org&utm_campaign=imageinfo&utm_content=original,Maja Dumat from Deutschland (Germany),CC BY 2.0,https://creativecommons.org/licenses/by/2.0/,yes,Tradescantia zebrina,,,4679,3109,foliage/86_tradescantia-zebrina.jpg
87,观叶植物,紫露草,Tradescantia pallida,File:Tradescantia pallida - Ботаничка градина Скопје (3).jpg,https://commons.wikimedia.org/wiki/File:Tradescantia_pallida_-_Ботаничка_градина_Скопје_(3).jpg,https://upload.wikimedia.org/wikipedia/commons/d/dd/Tradescantia_pallida_-_%D0%91%D0%BE%D1%82%D0%B0%D0%BD%D0%B8%D1%87%D0%BA%D0%B0_%D0%B3%D1%80%D0%B0%D0%B4%D0%B8%D0%BD%D0%B0_%D0%A1%D0%BA%D0%BE%D0%BF%D1%98%D0%B5_%283%29.jpg?utm_source=commons.wikimedia.org&utm_campaign=imageinfo&utm_content=original,Dandarmkd,CC BY-SA 4.0,https://creativecommons.org/licenses/by-sa/4.0/,yes,Own work,"Tradescantia pallida at the Botanical garden of the Institute of Biology, Faculty of Natural Sciences and Mathematics, Skopje, Macedonia.",,6000,4000,foliage/87_tradescantia-pallida.jpg
88,观叶植物,文竹,Asparagus setaceus,File:Asparagus plumosa WPC.jpg,https://commons.wikimedia.org/wiki/File:Asparagus_plumosa_WPC.jpg,https://upload.wikimedia.org/wikipedia/commons/c/c3/Asparagus_plumosa_WPC.jpg?utm_source=commons.wikimedia.org&utm_campaign=imageinfo&utm_content=original,WayneRay,Public domain,,no,Wikimedia Commons,Asparagus plumosus,青花植主图：替换为近景候选，并按主图标准保留清晰主体、弱化干扰背景。,3000,2000,foliage/88_asparagus-setaceus.jpg
89,观叶植物,鸟巢蕨,Asplenium nidus,File:Starr 070515-7046 Asplenium nidus.jpg,https://commons.wikimedia.org/wiki/File:Starr_070515-7046_Asplenium_nidus.jpg,https://upload.wikimedia.org/wikipedia/commons/0/0e/Starr_070515-7046_Asplenium_nidus.jpg?utm_source=commons.wikimedia.org&utm_campaign=imageinfo&utm_content=original,Forest & Kim Starr,CC BY 3.0,https://creativecommons.org/licenses/by/3.0/,yes,"Plants of Hawaii, Image 070515-7046 from http://www.hear.org/starr/plants/images/image/?q=070515-7046","Asplenium nidus (habit). Location: Oahu, Hoomaluhia Botanical Garden",,2112,2816,foliage/89_asplenium-nidus.jpg
90,观叶植物,鹿角蕨,Platycerium bifurcatum,File:Platycerium bifurcatum at the coffee shop.jpg,https://commons.wikimedia.org/wiki/File:Platycerium_bifurcatum_at_the_coffee_shop.jpg,https://upload.wikimedia.org/wikipedia/commons/6/61/Platycerium_bifurcatum_at_the_coffee_shop.jpg?utm_source=commons.wikimedia.org&utm_campaign=imageinfo&utm_content=original,Quangkhanhhuynh,CC BY-SA 4.0,https://creativecommons.org/licenses/by-sa/4.0,yes,Wikimedia Commons,Platycerium bifurcatum,青花植主图：替换为近景候选，并按主图标准保留清晰主体、弱化干扰背景。,3096,4128,foliage/90_platycerium-bifurcatum.jpg
91,观叶植物,波士顿蕨,Nephrolepis exaltata,File:Helecho de Boston (Nephrolepis exaltata).jpg,https://commons.wikimedia.org/wiki/File:Helecho_de_Boston_(Nephrolepis_exaltata).jpg,https://upload.wikimedia.org/wikipedia/commons/c/c2/Helecho_de_Boston_%28Nephrolepis_exaltata%29.jpg?utm_source=commons.wikimedia.org&utm_campaign=imageinfo&utm_content=original,Nathaly 1106,CC0,http://creativecommons.org/publicdomain/zero/1.0/deed.en,no,Wikimedia Commons,Boston fern (Nephrolepis exaltata),青花植主图：替换为近景候选，并按主图标准保留清晰主体、弱化干扰背景。,1200,1600,foliage/91_nephrolepis-exaltata.jpg
92,观叶植物,铁线蕨,Adiantum raddianum,File:Frauenhaarfarn (Adiantum raddianum 'Fragrans') (20524424239).jpg,https://commons.wikimedia.org/wiki/File:Frauenhaarfarn_(Adiantum_raddianum_%27Fragrans%27)_(20524424239).jpg,https://upload.wikimedia.org/wikipedia/commons/c/cc/Frauenhaarfarn_%28Adiantum_raddianum_%27Fragrans%27%29_%2820524424239%29.jpg?utm_source=commons.wikimedia.org&utm_campaign=imageinfo&utm_content=original,Maja Dumat from Deutschland (Germany),CC BY 2.0,https://creativecommons.org/licenses/by/2.0,yes,Wikimedia Commons,Frauenhaarfarn (Adiantum raddianum 'Fragrans') (20524424239),青花植主图：替换为近景候选，并按主图标准保留清晰主体、弱化干扰背景。,2971,4456,foliage/92_adiantum-raddianum.jpg
93,观叶植物,孔雀竹芋,Goeppertia makoyana,File:Calathea makoyana 1.jpg,https://commons.wikimedia.org/wiki/File:Calathea_makoyana_1.jpg,https://upload.wikimedia.org/wikipedia/commons/6/60/Calathea_makoyana_1.jpg?utm_source=commons.wikimedia.org&utm_campaign=imageinfo&utm_content=original,Stickpen,CC0,https://creativecommons.org/publicdomain/zero/1.0/,no,Own work,"Calathea makoyana at New York Botanical Garden, Bronx, NY, USA",,3000,4000,foliage/93_goeppertia-makoyana.jpg
94,观叶植物,青苹果竹芋,Goeppertia orbifolia,File:Houseplant Calathea orbifolia.jpg,https://commons.wikimedia.org/wiki/File:Houseplant_Calathea_orbifolia.jpg,https://upload.wikimedia.org/wikipedia/commons/b/bb/Houseplant_Calathea_orbifolia.jpg?utm_source=commons.wikimedia.org&utm_campaign=imageinfo&utm_content=original,Supsoph,CC BY-SA 4.0,https://creativecommons.org/licenses/by-sa/4.0,yes,Wikimedia Commons,Houseplant Calathea orbifolia after 6 months growth,青花植主图：替换为近景候选，并按主图标准保留清晰主体、弱化干扰背景。,1080,1440,foliage/94_goeppertia-orbifolia.jpg
95,观叶植物,祈祷草,Maranta leuconeura,File:Maranta leuconeura-1-ondikkadai-yercaud-salem-India.JPG,https://commons.wikimedia.org/wiki/File:Maranta_leuconeura-1-ondikkadai-yercaud-salem-India.JPG,https://upload.wikimedia.org/wikipedia/commons/5/51/Maranta_leuconeura-1-ondikkadai-yercaud-salem-India.JPG?utm_source=commons.wikimedia.org&utm_campaign=imageinfo&utm_content=original,Yercaud-elango,CC BY-SA 4.0,https://creativecommons.org/licenses/by-sa/4.0/,yes,Own work,"Marantaceae-rabbits tracts and ten commandments,rhizomatus plant,flowers white with purple spots.",,4608,3456,foliage/95_maranta-leuconeura.jpg
96,观叶植物,富贵竹,Dracaena sanderiana,File:Palmriet.JPG,https://commons.wikimedia.org/wiki/File:Palmriet.JPG,https://upload.wikimedia.org/wikipedia/commons/1/1d/Palmriet.JPG?utm_source=commons.wikimedia.org&utm_campaign=imageinfo&utm_content=original,Aloys5268 at Dutch Wikipedia,CC BY-SA 3.0,https://creativecommons.org/licenses/by-sa/3.0/,yes,Transferred from nl.wikipedia to Commons.,eigen opname,,1200,1600,foliage/96_dracaena-sanderiana.jpg
97,观叶植物,酒瓶兰,Beaucarnea recurvata,File:Wc 0001 edit.jpg,https://commons.wikimedia.org/wiki/File:Wc_0001_edit.jpg,https://upload.wikimedia.org/wikipedia/commons/4/4e/Wc_0001_edit.jpg?utm_source=commons.wikimedia.org&utm_campaign=imageinfo&utm_content=original,iRaS,CC0,https://creativecommons.org/publicdomain/zero/1.0/,no,File:Wc_0001.JPG,Бокарнея отогнутая в комнатной культуре,,1412,1882,foliage/97_beaucarnea-recurvata.jpg
98,观叶植物,狐尾天门冬,Asparagus densiflorus,File:Asparagus densiflorus cv.sprengeri-2-bsi-yercaud-salem-India.JPG,https://commons.wikimedia.org/wiki/File:Asparagus_densiflorus_cv.sprengeri-2-bsi-yercaud-salem-India.JPG,https://upload.wikimedia.org/wikipedia/commons/7/79/Asparagus_densiflorus_cv.sprengeri-2-bsi-yercaud-salem-India.JPG?utm_source=commons.wikimedia.org&utm_campaign=imageinfo&utm_content=original,Yercaud-elango,CC BY-SA 4.0,https://creativecommons.org/licenses/by-sa/4.0/,yes,Own work,"Tuberous plant,scarcely climber,flowers whitish,fragrants.",,3000,4000,foliage/98_asparagus-densiflorus.jpg
99,观叶植物,鹅掌柴,Schefflera arboricola,File:Schefflera arboricola - Ботаничка градина Скопје (1).jpg,https://commons.wikimedia.org/wiki/File:Schefflera_arboricola_-_Ботаничка_градина_Скопје_(1).jpg,https://upload.wikimedia.org/wikipedia/commons/6/6d/Schefflera_arboricola_-_%D0%91%D0%BE%D1%82%D0%B0%D0%BD%D0%B8%D1%87%D0%BA%D0%B0_%D0%B3%D1%80%D0%B0%D0%B4%D0%B8%D0%BD%D0%B0_%D0%A1%D0%BA%D0%BE%D0%BF%D1%98%D0%B5_%281%29.jpg?utm_source=commons.wikimedia.org&utm_campaign=imageinfo&utm_content=original,Dandarmkd,CC BY-SA 4.0,https://creativecommons.org/licenses/by-sa/4.0/,yes,Own work,"Schefflera arboricola at the Botanical garden of the Institute of Biology, Faculty of Natural Sciences and Mathematics, Skopje, Macedonia.",,6000,4000,foliage/99_schefflera-arboricola.jpg
100,观叶植物,福禄桐,Polyscias fruticosa,File:Starr 060916-8949 Polyscias fruticosa.jpg,https://commons.wikimedia.org/wiki/File:Starr_060916-8949_Polyscias_fruticosa.jpg,https://upload.wikimedia.org/wikipedia/commons/0/0e/Starr_060916-8949_Polyscias_fruticosa.jpg?utm_source=commons.wikimedia.org&utm_campaign=imageinfo&utm_content=original,Forest & Kim Starr,CC BY 3.0,https://creativecommons.org/licenses/by/3.0,yes,Wikimedia Commons,"Polyscias fruticosa (habit). Location: Maui, Makawao",青花植主图：替换为近景候选，并按主图标准保留清晰主体、弱化干扰背景。,1944,2592,foliage/100_polyscias-fruticosa.jpg
101,观叶植物,豆瓣绿,Peperomia tetraphylla,File:Peperomia tetraphylla-plant-yercaud-salem-India.JPG,https://commons.wikimedia.org/wiki/File:Peperomia_tetraphylla-plant-yercaud-salem-India.JPG,https://upload.wikimedia.org/wikipedia/commons/6/63/Peperomia_tetraphylla-plant-yercaud-salem-India.JPG?utm_source=commons.wikimedia.org&utm_campaign=imageinfo&utm_content=original,Yercaud-elango,CC BY-SA 4.0,https://creativecommons.org/licenses/by-sa/4.0,yes,Wikimedia Commons,"Epiphytic plants,leaves whorled,spike terminal.",青花植主图：替换为近景候选，并按主图标准保留清晰主体、弱化干扰背景。,4000,3000,foliage/101_peperomia-tetraphylla.jpg
102,观叶植物,金钻蔓绿绒,Philodendron erubescens,File:Starr 071024-9943 Philodendron sp..jpg,https://commons.wikimedia.org/wiki/File:Starr_071024-9943_Philodendron_sp..jpg,https://upload.wikimedia.org/wikipedia/commons/3/3b/Starr_071024-9943_Philodendron_sp..jpg?utm_source=commons.wikimedia.org&utm_campaign=imageinfo&utm_content=original,Forest & Kim Starr,CC BY 3.0,https://creativecommons.org/licenses/by/3.0,yes,Wikimedia Commons,"Philodendron sp. (habit). Location: Maui, Enchanting Floral Gardens of Kula",青花植主图：替换为近景候选，并按主图标准保留清晰主体、弱化干扰背景。,2816,2112,foliage/102_philodendron-erubescens.jpg
103,观叶植物,白脉椒草,Peperomia puteolata,File:Peperomia puteolata 1-OB9.jpg,https://commons.wikimedia.org/wiki/File:Peperomia_puteolata_1-OB9.jpg,https://upload.wikimedia.org/wikipedia/commons/9/94/Peperomia_puteolata_1-OB9.jpg?utm_source=commons.wikimedia.org&utm_campaign=imageinfo&utm_content=original,Jerzy Opioła,CC BY-SA 4.0,https://creativecommons.org/licenses/by-sa/4.0/,yes,Own work,Peperomia tetragona ( Peperomia puteolata ),,2791,2096,foliage/103_peperomia-puteolata.jpg
104,观叶植物,卷叶吊兰,Chlorophytum comosum 'Bonnie',"File:Buenos Aires, botánico 1994 04.jpg","https://commons.wikimedia.org/wiki/File:Buenos_Aires,_botánico_1994_04.jpg",https://upload.wikimedia.org/wikipedia/commons/8/8b/Buenos_Aires%2C_bot%C3%A1nico_1994_04.jpg?utm_source=commons.wikimedia.org&utm_campaign=imageinfo&utm_content=original,LBM1948,CC BY-SA 4.0,https://creativecommons.org/licenses/by-sa/4.0/,yes,Own work,Chlorophytum comosum in front of the greenhouse; Buenos Aires Botanical Garden. Argentina,,690,1036,foliage/104_chlorophytum-comosum-bonnie.jpg
105,观叶植物,卷柏,Selaginella tamariscina,File:Selaginella tamariscina cv1.jpg,https://commons.wikimedia.org/wiki/File:Selaginella_tamariscina_cv1.jpg,https://upload.wikimedia.org/wikipedia/commons/e/e3/Selaginella_tamariscina_cv1.jpg?utm_source=commons.wikimedia.org&utm_campaign=imageinfo&utm_content=original,KENPEI,CC BY-SA 3.0,https://creativecommons.org/licenses/by-sa/3.0/,yes,Own work,イワヒバ 玉獅子,,2448,3264,foliage/105_selaginella-tamariscina.jpg
106,观花植物,络石,Trachelospermum jasminoides,File:'Trachelospermum jasminoides' Jasmin Capel Manor Gardens Enfield London England.jpg,https://commons.wikimedia.org/wiki/File:%27Trachelospermum_jasminoides%27_Jasmin_Capel_Manor_Gardens_Enfield_London_England.jpg,https://upload.wikimedia.org/wikipedia/commons/a/a4/%27Trachelospermum_jasminoides%27_Jasmin_Capel_Manor_Gardens_Enfield_London_England.jpg?utm_source=commons.wikimedia.org&utm_campaign=imageinfo&utm_content=original,Acabashi,CC BY-SA 4.0,https://creativecommons.org/licenses/by-sa/4.0,yes,Wikimedia Commons,"Trachelospermum jasminoides, or star jasmine, confederate jessamine, and Chinese star jessamine, at Capel Manor College and Gardens, Bulls Cross, Enfield, London, England.Software: RAW file lens-corrected, optimized and converted to JPEG with DxO OpticsPro 10 Elite, and likely further optimized and/or cropped and/or spun with Adobe Photoshop CS2.",青花植主图：替换为近景候选，并按主图标准保留清晰主体、弱化干扰背景。,3648,5472,flowering/106_trachelospermum-jasminoides.jpg
107,观花植物,球兰,Hoya carnosa,File:Hoya carnosa - Ботаничка градина Скопје (2).jpg,https://commons.wikimedia.org/wiki/File:Hoya_carnosa_-_Ботаничка_градина_Скопје_(2).jpg,https://upload.wikimedia.org/wikipedia/commons/c/c0/Hoya_carnosa_-_%D0%91%D0%BE%D1%82%D0%B0%D0%BD%D0%B8%D1%87%D0%BA%D0%B0_%D0%B3%D1%80%D0%B0%D0%B4%D0%B8%D0%BD%D0%B0_%D0%A1%D0%BA%D0%BE%D0%BF%D1%98%D0%B5_%282%29.jpg?utm_source=commons.wikimedia.org&utm_campaign=imageinfo&utm_content=original,Dandarmkd,CC BY-SA 4.0,https://creativecommons.org/licenses/by-sa/4.0/,yes,Own work,"Hoya carnosa at the Botanical garden of the Institute of Biology, Faculty of Natural Sciences and Mathematics, Skopje, Macedonia.",,4000,6000,flowering/107_hoya-carnosa.jpg
108,仙人掌/多肉,玉树,Crassula ovata,"File:Crassula ovata (potted, Nepal) 01.jpg","https://commons.wikimedia.org/wiki/File:Crassula_ovata_(potted,_Nepal)_01.jpg",https://upload.wikimedia.org/wikipedia/commons/2/20/Crassula_ovata_%28potted%2C_Nepal%29_01.jpg?utm_source=commons.wikimedia.org&utm_campaign=imageinfo&utm_content=original,Sabina Bajracharya,CC BY-SA 4.0,https://creativecommons.org/licenses/by-sa/4.0/,yes,Own work,"Crassula ovata, commonly known as jade plant, lucky plant, money plant or money tree, is a succulent plant with small pink or white flowers that is native to the KwaZulu-Natal province and Eastern Cape of South Africa and Mozambique, and is common as a houseplant worldwide.",,3456,4608,cactus-succulent/108_crassula-ovata.jpg
109,仙人掌/多肉,虹之玉,Sedum rubrotinctum,File:Sedum rubrotinctum kz1.jpg,https://commons.wikimedia.org/wiki/File:Sedum_rubrotinctum_kz1.jpg,https://upload.wikimedia.org/wikipedia/commons/6/6b/Sedum_rubrotinctum_kz1.jpg?utm_source=commons.wikimedia.org&utm_campaign=imageinfo&utm_content=original,"Krzysztof Ziarnek, Kenraiz",CC BY-SA 4.0,https://creativecommons.org/licenses/by-sa/4.0/,yes,Own work,Sedum × rubrotinctum in botanical garden in Batumi,,4280,2860,cactus-succulent/109_sedum-rubrotinctum.jpg
110,仙人掌/多肉,乙女心,Sedum pachyphyllum,File:Sedum pachyphyllum (8719304226).jpg,https://commons.wikimedia.org/wiki/File:Sedum_pachyphyllum_(8719304226).jpg,https://upload.wikimedia.org/wikipedia/commons/1/1b/Sedum_pachyphyllum_%288719304226%29.jpg?utm_source=commons.wikimedia.org&utm_campaign=imageinfo&utm_content=original,"Takashi Hososhima from Tokyo, Japan",CC BY-SA 2.0,https://creativecommons.org/licenses/by-sa/2.0/,yes,Sedum pachyphyllum,"They displayed a lot of cactuses in Jindai Botanical Garden. There are a lot of good looking cactus, but this one is outstanding on its prettiness. 神代植物公園でたくさんのサボテンが展示されていました。その中でも特にこのサボテンがかわいらしかったです。その名も乙女心というらしいです。 [ Nikon D4, Nikon Ai AF Micro-Nikkor 200mm f/4D IF-ED, f/4.8, 1/80sec, ISO180, Lightroom 4.4 ]",,3280,4928,cactus-succulent/110_sedum-pachyphyllum.jpg
111,仙人掌/多肉,胧月,Graptopetalum paraguayense,File:Graptopetalum paraguayense (23247274152).jpg,https://commons.wikimedia.org/wiki/File:Graptopetalum_paraguayense_(23247274152).jpg,https://upload.wikimedia.org/wikipedia/commons/a/af/Graptopetalum_paraguayense_%2823247274152%29.jpg?utm_source=commons.wikimedia.org&utm_campaign=imageinfo&utm_content=original,Forest and Kim Starr,CC BY 2.0,https://creativecommons.org/licenses/by/2.0/,yes,starr-110307-2235-Graptopetalum_paraguayense-flowering_habit-Kula_Botanical_Garden-Maui,"Graptopetalum paraguayense (Mother of pearl, ghost plant) Flowering habit at Kula Botanical Garden, Maui, Hawaii. March 07, 2011 #110307-2235 - Image Use Policy",,3648,2736,cactus-succulent/111_graptopetalum-paraguayense.jpg
112,仙人掌/多肉,生石花,Lithops spp.,File:Cactus piedra.jpg,https://commons.wikimedia.org/wiki/File:Cactus_piedra.jpg,https://upload.wikimedia.org/wikipedia/commons/0/0c/Cactus_piedra.jpg?utm_source=commons.wikimedia.org&utm_campaign=imageinfo&utm_content=original,Juan Emilio Prades Bel,CC BY 4.0,https://creativecommons.org/licenses/by/4.0,yes,Wikimedia Commons,Cactus piedra.,青花植主图：替换为近景候选，并按主图标准保留清晰主体、弱化干扰背景。,5184,3888,cactus-succulent/112_lithops-spp.jpg
113,仙人掌/多肉,条纹十二卷,Haworthiopsis attenuata,File:Haworthia attenuata - Ab plant 01.jpg,https://commons.wikimedia.org/wiki/File:Haworthia_attenuata_-_Ab_plant_01.jpg,https://upload.wikimedia.org/wikipedia/commons/4/4a/Haworthia_attenuata_-_Ab_plant_01.jpg?utm_source=commons.wikimedia.org&utm_campaign=imageinfo&utm_content=original,Andrey Butko,CC BY-SA 3.0,https://creativecommons.org/licenses/by-sa/3.0,yes,Wikimedia Commons,Хавортия полосатая,青花植主图：替换为近景候选，并按主图标准保留清晰主体、弱化干扰背景。,2048,1536,cactus-succulent/113_haworthiopsis-attenuata.jpg
114,仙人掌/多肉,瓦松,Orostachys japonica,File:Orostachys japonica (rosette s3).jpg,https://commons.wikimedia.org/wiki/File:Orostachys_japonica_(rosette_s3).jpg,https://upload.wikimedia.org/wikipedia/commons/8/84/Orostachys_japonica_%28rosette_s3%29.jpg?utm_source=commons.wikimedia.org&utm_campaign=imageinfo&utm_content=original,Alpsdake,CC0,http://creativecommons.org/publicdomain/zero/1.0/deed.en,no,Wikimedia Commons,"Orostachys japonica in Mikawa Area, Aichi Prefecture, Japan.",青花植主图：替换为近景候选，并按主图标准保留清晰主体、弱化干扰背景。,2678,2678,cactus-succulent/114_orostachys-japonica.jpg
115,仙人掌/多肉,长生草,Sempervivum tectorum,"File:Sempervivum tectorum (Linnaeus, 1753).jpg","https://commons.wikimedia.org/wiki/File:Sempervivum_tectorum_(Linnaeus,_1753).jpg",https://upload.wikimedia.org/wikipedia/commons/6/6c/Sempervivum_tectorum_%28Linnaeus%2C_1753%29.jpg?utm_source=commons.wikimedia.org&utm_campaign=imageinfo&utm_content=original,Terragio67,CC BY-SA 4.0,https://creativecommons.org/licenses/by-sa/4.0/,yes,Own work,"Sempervivum tectorum (Linnaeus, 1753)",,3093,2160,cactus-succulent/115_sempervivum-tectorum.jpg
116,仙人掌/多肉,吉娃娃,Echeveria chihuahuaensis,File:Echeveria chihuahuaensis RubyBlush 011213 1.jpg,https://commons.wikimedia.org/wiki/File:Echeveria_chihuahuaensis_RubyBlush_011213_1.jpg,https://upload.wikimedia.org/wikipedia/commons/e/e2/Echeveria_chihuahuaensis_RubyBlush_011213_1.jpg?utm_source=commons.wikimedia.org&utm_campaign=imageinfo&utm_content=original,Jean-Michel Moullec,CC BY 2.0,https://creativecommons.org/licenses/by/2.0/,yes,https://www.flickr.com/photos/enez35/11270350044/in/photolist-iaVuq5-a1K5Ci-8MCLQU-7YwKL8-dzmNhp-gexiDy-CyBoVz-aiwWVX-9QQyZz-8hfQ9K-ekiLfs-8DS7Bq-augBPC-8j3W37-b6cMca-cxeuJG-fkb2fW-oN8DNC-7TkNNY-44ifHH-8s9fgR-7kXgqy-b6cMbn-9LP96Y-Whjqt6-fCdyyc-dmtXCr-3TihLt-aCQCCG-9UV2Pm-9KTZxy-cxevuS-qn7mWp-bWKhCG-6PxCU5-euyBMj-7asrHu-deXdz3-8h3gwV-JVuiUD-21ygk5J-oDx8jE-a5MykF-9xVwKj-p9rpqQ-7zPWVt-7MoCVq-dzmNBM-6HZhph-dJbT8T,Echeveria chihuahuaensis RubyBlush,,2360,1992,cactus-succulent/116_echeveria-chihuahuaensis.jpg
117,仙人掌/多肉,桃蛋,Pachyphytum oviferum,File:Pachyphytum oviferum.jpg,https://commons.wikimedia.org/wiki/File:Pachyphytum_oviferum.jpg,https://upload.wikimedia.org/wikipedia/commons/4/41/Pachyphytum_oviferum.jpg?utm_source=commons.wikimedia.org&utm_campaign=imageinfo&utm_content=original,Michael Wolf,CC BY-SA 3.0,https://creativecommons.org/licenses/by-sa/3.0/,yes,Own work,Pachyphytum oviferum,,1600,1808,cactus-succulent/117_pachyphytum-oviferum.jpg
118,仙人掌/多肉,玉缀,Sedum morganianum,File:Starr-110215-0984-Sedum morganianum-habit-KiHana Nursery Kihei-Maui (24981794361).jpg,https://commons.wikimedia.org/wiki/File:Starr-110215-0984-Sedum_morganianum-habit-KiHana_Nursery_Kihei-Maui_(24981794361).jpg,https://upload.wikimedia.org/wikipedia/commons/b/bb/Starr-110215-0984-Sedum_morganianum-habit-KiHana_Nursery_Kihei-Maui_%2824981794361%29.jpg?utm_source=commons.wikimedia.org&utm_campaign=imageinfo&utm_content=original,Forest and Kim Starr,CC BY 3.0 us,https://creativecommons.org/licenses/by/3.0/us/deed.en,yes,Wikimedia Commons,"Sedum morganianum (Burrow's tail, donkey's tail)
Habit at KiHana Nursery Kihei, Maui, Hawaii.
February 15, 2011

#110215-0984


Image Use Policy",青花植主图：替换为近景候选，并按主图标准保留清晰主体、弱化干扰背景。,2736,3648,cactus-succulent/118_sedum-morganianum.jpg
119,仙人掌/多肉,金枝玉叶,Portulacaria afra,File:Jade in a pot.jpg,https://commons.wikimedia.org/wiki/File:Jade_in_a_pot.jpg,https://upload.wikimedia.org/wikipedia/commons/6/65/Jade_in_a_pot.jpg?utm_source=commons.wikimedia.org&utm_campaign=imageinfo&utm_content=original,,GFDL,http://www.gnu.org/copyleft/fdl.html,yes,Wikimedia Commons,Jade in a pot,青花植主图：替换为近景候选，并按主图标准保留清晰主体、弱化干扰背景。,1613,1536,cactus-succulent/119_portulacaria-afra.jpg
120,仙人掌/多肉,量天尺,Selenicereus undatus,File:Selenicereus undatus-2-R.M.Nagar-bengaluru-India.jpg,https://commons.wikimedia.org/wiki/File:Selenicereus_undatus-2-R.M.Nagar-bengaluru-India.jpg,https://upload.wikimedia.org/wikipedia/commons/9/93/Selenicereus_undatus-2-R.M.Nagar-bengaluru-India.jpg?utm_source=commons.wikimedia.org&utm_campaign=imageinfo&utm_content=original,Yercaud-elango,CC BY-SA 4.0,https://creativecommons.org/licenses/by-sa/4.0,yes,Wikimedia Commons,"Cactaceae - Dragon Fruit: Stem climbing, flowers whitish yellow.",青花植主图：替换为近景候选，并按主图标准保留清晰主体、弱化干扰背景。,1793,2538,cactus-succulent/120_selenicereus-undatus.jpg
121,仙人掌/多肉,仙人球,Echinopsis oxygona,File:20200809 EchinopsisOxygona DSC03170 PtrQs.jpg,https://commons.wikimedia.org/wiki/File:20200809_EchinopsisOxygona_DSC03170_PtrQs.jpg,https://upload.wikimedia.org/wikipedia/commons/a/a7/20200809_EchinopsisOxygona_DSC03170_PtrQs.jpg?utm_source=commons.wikimedia.org&utm_campaign=imageinfo&utm_content=original,PtrQs,CC BY-SA 4.0,https://creativecommons.org/licenses/by-sa/4.0/,yes,Own work,Echinopsis Oxygona flowers,,2915,4105,cactus-succulent/121_echinopsis-oxygona.jpg
122,仙人掌/多肉,金琥,Echinocactus grusonii,File:Kroenleinia grusonii 2018-10-06 01.jpg,https://commons.wikimedia.org/wiki/File:Kroenleinia_grusonii_2018-10-06_01.jpg,https://upload.wikimedia.org/wikipedia/commons/1/1f/Kroenleinia_grusonii_2018-10-06_01.jpg?utm_source=commons.wikimedia.org&utm_campaign=imageinfo&utm_content=original,"Agnieszka Kwiecień, Nova",CC BY-SA 4.0,https://creativecommons.org/licenses/by-sa/4.0/,yes,Own work,"Golden barrel cactus ( Kroenleinia grusonii , syn. Echinocactus grusonii ), plant cultivated in Wrocław University Botanical Garden, Wrocław, Poland.",,3325,4434,cactus-succulent/122_echinocactus-grusonii.jpg
123,仙人掌/多肉,绯牡丹,Gymnocalycium mihanovichii,File:Gymnocalycium Hibotan forma Rubra. Grafted cactus..JPG,https://commons.wikimedia.org/wiki/File:Gymnocalycium_Hibotan_forma_Rubra._Grafted_cactus..JPG,https://upload.wikimedia.org/wikipedia/commons/0/09/Gymnocalycium_Hibotan_forma_Rubra._Grafted_cactus..JPG?utm_source=commons.wikimedia.org&utm_campaign=imageinfo&utm_content=original,Jyriorgan,CC BY-SA 3.0,https://creativecommons.org/licenses/by-sa/3.0/,yes,Own work,Grafted cactus Gymnocalycium Hibotan. Photo author Jüri Goltsov.,,1944,2592,cactus-succulent/123_gymnocalycium-mihanovichii.jpg
124,仙人掌/多肉,白鸟,Mammillaria plumosa,File:Mammillaria plumosa 2018-10-06 02.jpg,https://commons.wikimedia.org/wiki/File:Mammillaria_plumosa_2018-10-06_02.jpg,https://upload.wikimedia.org/wikipedia/commons/6/6f/Mammillaria_plumosa_2018-10-06_02.jpg?utm_source=commons.wikimedia.org&utm_campaign=imageinfo&utm_content=original,"Agnieszka Kwiecień, Nova",CC BY-SA 4.0,https://creativecommons.org/licenses/by-sa/4.0/,yes,Own work,"Feather cactus ( Mammillaria plumosa ), plants cultivated in Wrocław University Botanical Garden, Wrocław, Poland.",,4242,3182,cactus-succulent/124_mammillaria-plumosa.jpg
125,仙人掌/多肉,龙骨,Euphorbia lactea,File:Euphorbia lactea cv.white ghost-2-shevaroy nusery-yercaud-salem-India.jpg,https://commons.wikimedia.org/wiki/File:Euphorbia_lactea_cv.white_ghost-2-shevaroy_nusery-yercaud-salem-India.jpg,https://upload.wikimedia.org/wikipedia/commons/e/e7/Euphorbia_lactea_cv.white_ghost-2-shevaroy_nusery-yercaud-salem-India.jpg?utm_source=commons.wikimedia.org&utm_campaign=imageinfo&utm_content=original,Yercaud-elango,CC BY-SA 4.0,https://creativecommons.org/licenses/by-sa/4.0/,yes,Own work,Euphorbiaceae-white ghost candle stick tree.,青花植主图：基于来源图片进行构图裁切，以突出植物主体并弱化背景。,3456,4608,cactus-succulent/125_euphorbia-lactea.jpg
126,观花植物,虎刺梅,Euphorbia milii,File:Euphorbia milii - Ботаничка градина Скопје (2).jpg,https://commons.wikimedia.org/wiki/File:Euphorbia_milii_-_Ботаничка_градина_Скопје_(2).jpg,https://upload.wikimedia.org/wikipedia/commons/4/48/Euphorbia_milii_-_%D0%91%D0%BE%D1%82%D0%B0%D0%BD%D0%B8%D1%87%D0%BA%D0%B0_%D0%B3%D1%80%D0%B0%D0%B4%D0%B8%D0%BD%D0%B0_%D0%A1%D0%BA%D0%BE%D0%BF%D1%98%D0%B5_%282%29.jpg?utm_source=commons.wikimedia.org&utm_campaign=imageinfo&utm_content=original,Dandarmkd,CC BY-SA 4.0,https://creativecommons.org/licenses/by-sa/4.0/,yes,Own work,"Euphorbia milii at the Botanical garden of the Institute of Biology, Faculty of Natural Sciences and Mathematics, Skopje, Macedonia.",,6000,4000,flowering/126_euphorbia-milii.jpg
127,仙人掌/多肉,佛珠,Curio rowleyanus,File:Curio rowleyanus syn. Senecio rowleyanus 2019-04-14 02.jpg,https://commons.wikimedia.org/wiki/File:Curio_rowleyanus_syn._Senecio_rowleyanus_2019-04-14_02.jpg,https://upload.wikimedia.org/wikipedia/commons/3/3e/Curio_rowleyanus_syn._Senecio_rowleyanus_2019-04-14_02.jpg?utm_source=commons.wikimedia.org&utm_campaign=imageinfo&utm_content=original,"Agnieszka Kwiecień, Nova",CC BY-SA 4.0,https://creativecommons.org/licenses/by-sa/4.0/,yes,Own work,"Succulent Curio rowleyanus (syn. Senecio rowleyanus ), plants cultivated in Wrocław University Botanical Garden, Wrocław, Poland.",,4262,3196,cactus-succulent/127_curio-rowleyanus.jpg
128,香草,碰碰香,Plectranthus amboinicus,File:Starr 071024-0025 Plectranthus amboinicus.jpg,https://commons.wikimedia.org/wiki/File:Starr_071024-0025_Plectranthus_amboinicus.jpg,https://upload.wikimedia.org/wikipedia/commons/3/35/Starr_071024-0025_Plectranthus_amboinicus.jpg?utm_source=commons.wikimedia.org&utm_campaign=imageinfo&utm_content=original,Forest & Kim Starr,CC BY 3.0,https://creativecommons.org/licenses/by/3.0/,yes,"Plants of Hawaii, Image 071024-0025 from http://www.hear.org/starr/plants/images/image/?q=071024-0025","Plectranthus amboinicus (syn. Coleus amboinicus , leaves). Location: Maui, Enchanting Floral Gardens of Kula",,2112,2816,herb/128_plectranthus-amboinicus.jpg
129,仙人掌/多肉,不死鸟,Kalanchoe daigremontiana,File:Kalanchoe daigremontiana 01.jpg,https://commons.wikimedia.org/wiki/File:Kalanchoe_daigremontiana_01.jpg,https://upload.wikimedia.org/wikipedia/commons/6/63/Kalanchoe_daigremontiana_01.jpg?utm_source=commons.wikimedia.org&utm_campaign=imageinfo&utm_content=original,Harry Lepke,CC BY-SA 3.0,https://creativecommons.org/licenses/by-sa/3.0/,yes,Harry Lepke,Kalanchoe daigremontiana.,,2592,1944,cactus-succulent/129_kalanchoe-daigremontiana.jpg
130,仙人掌/多肉,落地生根,Kalanchoe pinnata,File:Cathedral bells plant at Nativeplants botanical garden.jpg,https://commons.wikimedia.org/wiki/File:Cathedral_bells_plant_at_Nativeplants_botanical_garden.jpg,https://upload.wikimedia.org/wikipedia/commons/5/55/Cathedral_bells_plant_at_Nativeplants_botanical_garden.jpg?utm_source=commons.wikimedia.org&utm_campaign=imageinfo&utm_content=original,Nativeplants garden,CC BY-SA 4.0,https://creativecommons.org/licenses/by-sa/4.0/,yes,Own work,Cathedral bells plant at Nativeplants botanical garden,,1080,1440,cactus-succulent/130_kalanchoe-pinnata.jpg
131,观花植物,三色堇,Viola × wittrockiana,File:Pensée.JPG,https://commons.wikimedia.org/wiki/File:Pens%C3%A9e.JPG,https://upload.wikimedia.org/wikipedia/commons/3/33/Pens%C3%A9e.JPG?utm_source=commons.wikimedia.org&utm_campaign=imageinfo&utm_content=original,Béotien lambda,Public domain,,no,Wikimedia Commons,Pensée,青花植主图：替换为近景候选，并按主图标准保留清晰主体、弱化干扰背景。,2048,1536,flowering/131_viola-x-wittrockiana.jpg
132,观花植物,矮牵牛,Petunia × atkinsiana,File:Petunia x atkinsiana.jpg,https://commons.wikimedia.org/wiki/File:Petunia_x_atkinsiana.jpg,https://upload.wikimedia.org/wikipedia/commons/9/94/Petunia_x_atkinsiana.jpg?utm_source=commons.wikimedia.org&utm_campaign=imageinfo&utm_content=original,İmmortalance,CC0,https://creativecommons.org/publicdomain/zero/1.0/,no,Own work,petunia x atkinsiana,,2268,3024,flowering/132_petunia-x-atkinsiana.jpg
133,观花植物,天竺葵,Pelargonium × hortorum,File:Starr 980529-4263 Pelargonium.jpg,https://commons.wikimedia.org/wiki/File:Starr_980529-4263_Pelargonium.jpg,https://upload.wikimedia.org/wikipedia/commons/8/8b/Starr_980529-4263_Pelargonium.jpg?utm_source=commons.wikimedia.org&utm_campaign=imageinfo&utm_content=original,Forest & Kim Starr,CC BY 3.0,https://creativecommons.org/licenses/by/3.0/,yes,"Plants of Hawaii, Image 980529-4263 from http://www.hear.org/starr/plants/images/image/?q=980529-4263","Pelargonium x hortorum (flowers). Location: Maui, Enchanting Floral Gardens of Kula",,1800,1200,flowering/133_pelargonium-x-hortorum.jpg
134,观花植物,长春花,Catharanthus roseus,File:Periwinkle1.jpg,https://commons.wikimedia.org/wiki/File:Periwinkle1.jpg,https://upload.wikimedia.org/wikipedia/commons/d/d9/Periwinkle1.jpg?utm_source=commons.wikimedia.org&utm_campaign=imageinfo&utm_content=original,Swastik Mazumder,CC BY-SA 4.0,https://creativecommons.org/licenses/by-sa/4.0/,yes,Own work,A rare mutation which causes an additional petal (6) in Periwinkle flower,,2822,2116,flowering/134_catharanthus-roseus.jpg
135,观花植物,金鱼草,Antirrhinum majus,File:Antirrhinum majus Piazzo 02.jpg,https://commons.wikimedia.org/wiki/File:Antirrhinum_majus_Piazzo_02.jpg,https://upload.wikimedia.org/wikipedia/commons/6/61/Antirrhinum_majus_Piazzo_02.jpg?utm_source=commons.wikimedia.org&utm_campaign=imageinfo&utm_content=original,Syrio,CC BY-SA 4.0,https://creativecommons.org/licenses/by-sa/4.0,yes,Wikimedia Commons,"Antirrhinum majus, Piazzo (Segonzano, Trentino, Italy)",青花植主图：替换为近景候选，并按主图标准保留清晰主体、弱化干扰背景。,3000,4000,flowering/135_antirrhinum-majus.jpg
136,观花植物,雏菊,Bellis perennis,File:Pâquerette - Bellis perennis 'Habanera Rose' 01.jpg,https://commons.wikimedia.org/wiki/File:P%C3%A2querette_-_Bellis_perennis_%27Habanera_Rose%27_01.jpg,https://upload.wikimedia.org/wikipedia/commons/e/e5/P%C3%A2querette_-_Bellis_perennis_%27Habanera_Rose%27_01.jpg?utm_source=commons.wikimedia.org&utm_campaign=imageinfo&utm_content=original,FreCha,CC BY-SA 4.0,https://creativecommons.org/licenses/by-sa/4.0,yes,Wikimedia Commons,"Pâquerette - Bellis perennis 'Habanera Rose', au Jardin des plantes à Paris.",青花植主图：替换为近景候选，并按主图标准保留清晰主体、弱化干扰背景。,2992,2992,flowering/136_bellis-perennis.jpg
137,观花植物,玛格丽特,Argyranthemum frutescens,File:Argyranthemumfrutescens.JPG,https://commons.wikimedia.org/wiki/File:Argyranthemumfrutescens.JPG,https://upload.wikimedia.org/wikipedia/commons/7/78/Argyranthemumfrutescens.JPG?utm_source=commons.wikimedia.org&utm_campaign=imageinfo&utm_content=original,Stickpen,Public domain,,no,Wikimedia Commons,"Argyranthemum frutescens at Quail Botanical Gardens in Encinitas, California, USA.",青花植主图：替换为近景候选，并按主图标准保留清晰主体、弱化干扰背景。,3648,2736,flowering/137_argyranthemum-frutescens.jpg
138,观花植物,金盏花,Calendula officinalis,File:Calendula officinalis 3517.jpg,https://commons.wikimedia.org/wiki/File:Calendula_officinalis_3517.jpg,https://upload.wikimedia.org/wikipedia/commons/0/09/Calendula_officinalis_3517.jpg?utm_source=commons.wikimedia.org&utm_campaign=imageinfo&utm_content=original,Flominator,CC BY-SA 3.0,https://creativecommons.org/licenses/by-sa/3.0/,yes,Self-photographed,Calendula officinalis recorded in our garden in the Black Forest,,2048,1536,flowering/138_calendula-officinalis.jpg
139,观花植物,向日葵,Helianthus annuus,File:HangingBasketSunflower.jpg,https://commons.wikimedia.org/wiki/File:HangingBasketSunflower.jpg,https://upload.wikimedia.org/wikipedia/commons/c/c6/HangingBasketSunflower.jpg?utm_source=commons.wikimedia.org&utm_campaign=imageinfo&utm_content=original,Andrew C. Murdoch ( BlueSquadronRaven ),Public domain,https://creativecommons.org/publicdomain/mark/1.0/,no,Own work,A large sunflower growing in a hanging basket.,,1704,2272,flowering/139_helianthus-annuus.jpg
140,观花植物,百日草,Zinnia elegans,File:Zinnia-dreamland-pink.jpg,https://commons.wikimedia.org/wiki/File:Zinnia-dreamland-pink.jpg,https://upload.wikimedia.org/wikipedia/commons/7/79/Zinnia-dreamland-pink.jpg?utm_source=commons.wikimedia.org&utm_campaign=imageinfo&utm_content=original,Don McCulley,CC BY-SA 4.0,https://creativecommons.org/licenses/by-sa/4.0,yes,Wikimedia Commons,"Zinnia 'Sun Cherry' (name corrected 7-7-17) as seen in early July in Santa Rosa, Ca.",青花植主图：替换为近景候选，并按主图标准保留清晰主体、弱化干扰背景。,1000,1500,flowering/140_zinnia-elegans.jpg
141,观花植物,鸡冠花,Celosia argentea,File:Cockscomb (Celosia) Laangke Buton Island (2).jpg,https://commons.wikimedia.org/wiki/File:Cockscomb_(Celosia)_Laangke_Buton_Island_(2).jpg,https://upload.wikimedia.org/wikipedia/commons/3/33/Cockscomb_%28Celosia%29_Laangke_Buton_Island_%282%29.jpg?utm_source=commons.wikimedia.org&utm_campaign=imageinfo&utm_content=original,David E Mead,CC0,https://creativecommons.org/publicdomain/zero/1.0/,no,Own work,"Cultivated variety of celosia of the 'Spicata' type in Laangke village, northeastern Buton Island, Southeast Sulawesi, Indonesia",,4317,3238,flowering/141_celosia-argentea.jpg
142,观花植物,石竹,Dianthus chinensis,File:Dianthus chinensis Goździk chiński 2023-07-21 03.jpg,https://commons.wikimedia.org/wiki/File:Dianthus_chinensis_Goździk_chiński_2023-07-21_03.jpg,https://upload.wikimedia.org/wikipedia/commons/b/b8/Dianthus_chinensis_Go%C5%BAdzik_chi%C5%84ski_2023-07-21_03.jpg?utm_source=commons.wikimedia.org&utm_campaign=imageinfo&utm_content=original,"Agnieszka Kwiecień, Nova",CC BY-SA 4.0,https://creativecommons.org/licenses/by-sa/4.0/,yes,Own work,"Rainbow pink ( Dianthus chinensis ) cultivated in Wrocław University Botanical Garden, Wrocław, Poland.",,2355,3140,flowering/142_dianthus-chinensis.jpg
143,观花植物,紫罗兰,Matthiola incana,File:Matthiola incana01.jpg,https://commons.wikimedia.org/wiki/File:Matthiola_incana01.jpg,https://upload.wikimedia.org/wikipedia/commons/c/cb/Matthiola_incana01.jpg?utm_source=commons.wikimedia.org&utm_campaign=imageinfo&utm_content=original,Meneerke bloem,CC BY-SA 3.0,https://creativecommons.org/licenses/by-sa/3.0/,yes,Own work,Matthiola incana,,1536,2048,flowering/143_matthiola-incana.jpg
144,观花植物,四季海棠,Begonia cucullata,"File:Begonia semperflorens (at Mito Botanical Garden, Ibaraki, Japan).jpg","https://commons.wikimedia.org/wiki/File:Begonia_semperflorens_(at_Mito_Botanical_Garden,_Ibaraki,_Japan).jpg",https://upload.wikimedia.org/wikipedia/commons/a/a2/Begonia_semperflorens_%28at_Mito_Botanical_Garden%2C_Ibaraki%2C_Japan%29.jpg?utm_source=commons.wikimedia.org&utm_campaign=imageinfo&utm_content=original,小石川人晃,CC BY-SA 4.0,https://creativecommons.org/licenses/by-sa/4.0/,yes,Own work,ベゴニア・センパフローレンス（水戸市植物公園）,,4928,3280,flowering/144_begonia-cucullata.jpg
145,观花植物,丽格海棠,Begonia × hiemalis,File:Begonia 1.jpg,https://commons.wikimedia.org/wiki/File:Begonia_1.jpg,https://upload.wikimedia.org/wikipedia/commons/0/09/Begonia_1.jpg?utm_source=commons.wikimedia.org&utm_campaign=imageinfo&utm_content=original,Quadell,CC BY-SA 3.0,https://creativecommons.org/licenses/by-sa/3.0/,yes,Self-published work by Quadell,Begonia-Elatior-Hybrid A Begonia cultivar.,,1378,1156,flowering/145_begonia-x-hiemalis.jpg
146,观花植物,大岩桐,Sinningia speciosa,File:Sinningia speciosa (cultivar) 01.jpg,https://commons.wikimedia.org/wiki/File:Sinningia_speciosa_(cultivar)_01.jpg,https://upload.wikimedia.org/wikipedia/commons/2/28/Sinningia_speciosa_%28cultivar%29_01.jpg?utm_source=commons.wikimedia.org&utm_campaign=imageinfo&utm_content=original,Kor!An (Корзун Андрей),CC BY-SA 3.0,https://creativecommons.org/licenses/by-sa/3.0/,yes,Own work,Gloxinia speciosa (unknown cultivar; double-flowered; main title of this page for this species is incorrect),,1129,1024,flowering/146_sinningia-speciosa.jpg
147,观花植物,倒挂金钟,Fuchsia hybrida,File:Fuchsia plant.jpg,https://commons.wikimedia.org/wiki/File:Fuchsia_plant.jpg,https://upload.wikimedia.org/wikipedia/commons/d/dc/Fuchsia_plant.jpg?utm_source=commons.wikimedia.org&utm_campaign=imageinfo&utm_content=original,Challiyan,CC BY-SA 4.0,https://creativecommons.org/licenses/by-sa/4.0,yes,Wikimedia Commons,"Fuchsia flowers are often brightly colored, with many hybrids featuring shades of pink, purple, and red. 
The plant is a popular ornamental, often grown in hanging baskets, containers, and garden borders. 
There are about 100 species of fuchsia, which can range from small plants to shrubs and even trees. 

The color ""fuchsia"" is named after these plants.",青花植主图：替换为近景候选，并按主图标准保留清晰主体、弱化干扰背景。,2000,3008,flowering/147_fuchsia-hybrida.jpg
148,观花植物,蓝雪花,Plumbago auriculata,"File:Potted Plumbago auriculata near Esplanade – Theatres on the Bay, Singapore - 20101120-02.jpg","https://commons.wikimedia.org/wiki/File:Potted_Plumbago_auriculata_near_Esplanade_–_Theatres_on_the_Bay,_Singapore_-_20101120-02.jpg",https://upload.wikimedia.org/wikipedia/commons/1/1c/Potted_Plumbago_auriculata_near_Esplanade_%E2%80%93_Theatres_on_the_Bay%2C_Singapore_-_20101120-02.jpg?utm_source=commons.wikimedia.org&utm_campaign=imageinfo&utm_content=original,Wicki .,Public domain,https://creativecommons.org/publicdomain/mark/1.0/,no,Own work .,"A potted Plumbago auriculata near the Esplanade – Theatres on the Bay , Singapore.",青花植主图：基于来源图片进行构图裁切/轻度亮度校正，以突出植物主体并弱化背景；未改变植物形态。,1536,2048,flowering/148_plumbago-auriculata.jpg
149,观花植物,茑萝,Ipomoea quamoclit,File:Plants at Bijalinagar 79.jpg,https://commons.wikimedia.org/wiki/File:Plants_at_Bijalinagar_79.jpg,https://upload.wikimedia.org/wikipedia/commons/2/24/Plants_at_Bijalinagar_79.jpg?utm_source=commons.wikimedia.org&utm_campaign=imageinfo&utm_content=original,Suresh Khole,CC BY-SA 4.0,https://creativecommons.org/licenses/by-sa/4.0/,yes,Own work,plants,,4632,3474,flowering/149_ipomoea-quamoclit.jpg
150,观花植物,旱金莲,Tropaeolum majus,File:Tropaeolum majus 'Milkmaid' Nasturcja większa 2023-07-21 02.jpg,https://commons.wikimedia.org/wiki/File:Tropaeolum_majus_'Milkmaid'_Nasturcja_większa_2023-07-21_02.jpg,https://upload.wikimedia.org/wikipedia/commons/6/62/Tropaeolum_majus_%27Milkmaid%27_Nasturcja_wi%C4%99ksza_2023-07-21_02.jpg?utm_source=commons.wikimedia.org&utm_campaign=imageinfo&utm_content=original,"Agnieszka Kwiecień, Nova",CC BY-SA 4.0,https://creativecommons.org/licenses/by-sa/4.0/,yes,Own work,"Garden Nasturtium Tropaeolum majus 'Milkmaid' cultivated in Wrocław University Botanical Garden, Wrocław, Poland.",,3916,2937,flowering/150_tropaeolum-majus.jpg
151,观花植物,木香花,Rosa banksiae,File:LadyBanksRoseInBloom.png,https://commons.wikimedia.org/wiki/File:LadyBanksRoseInBloom.png,https://upload.wikimedia.org/wikipedia/commons/b/b1/LadyBanksRoseInBloom.png?utm_source=commons.wikimedia.org&utm_campaign=imageinfo&utm_content=original,Jarekk,CC BY-SA 3.0,https://creativecommons.org/licenses/by-sa/3.0,yes,Wikimedia Commons,"Lady Banks' Rose in full bloom. Taken in Henderson, Nevada on March 25th, 2013.",青花植主图：替换为近景候选，并按主图标准保留清晰主体、弱化干扰背景。,1500,1500,flowering/151_rosa-banksiae.jpg
152,观花植物,金银花,Lonicera japonica,File:Lonicera japonica - whole plant (18435957464).jpg,https://commons.wikimedia.org/wiki/File:Lonicera_japonica_-_whole_plant_(18435957464).jpg,https://upload.wikimedia.org/wikipedia/commons/4/44/Lonicera_japonica_-_whole_plant_%2818435957464%29.jpg?utm_source=commons.wikimedia.org&utm_campaign=imageinfo&utm_content=original,"NY State IPM Program  at Cornell University from New York, USA",CC BY 2.0,https://creativecommons.org/licenses/by/2.0,yes,Wikimedia Commons,"Japanese honeysuckle. For more information on identification and control, visit turfweeds.cals.cornell.edu/plant/identify/474. For more information on this invasive plant, visit nyis.info/index.php?action=invasive_detail&id=44.",青花植主图：替换为近景候选，并按主图标准保留清晰主体、弱化干扰背景。,3456,5184,flowering/152_lonicera-japonica.jpg
153,观花植物,夜来香,Cestrum nocturnum,File:Starr 080103-1256 Cestrum nocturnum.jpg,https://commons.wikimedia.org/wiki/File:Starr_080103-1256_Cestrum_nocturnum.jpg,https://upload.wikimedia.org/wikipedia/commons/e/eb/Starr_080103-1256_Cestrum_nocturnum.jpg?utm_source=commons.wikimedia.org&utm_campaign=imageinfo&utm_content=original,Forest & Kim Starr,CC BY 3.0,https://creativecommons.org/licenses/by/3.0,yes,Wikimedia Commons,"Cestrum nocturnum (leaves). Location: Maui, Lowes Garden Center Kahului",青花植主图：替换为近景候选，并按主图标准保留清晰主体、弱化干扰背景。,2112,2816,flowering/153_cestrum-nocturnum.jpg
154,观花植物,桂花,Osmanthus fragrans,File:Osmanthus fragrans ZH 10.jpg,https://commons.wikimedia.org/wiki/File:Osmanthus_fragrans_ZH_10.jpg,https://upload.wikimedia.org/wikipedia/commons/5/58/Osmanthus_fragrans_ZH_10.jpg?utm_source=commons.wikimedia.org&utm_campaign=imageinfo&utm_content=original,Love Krittaya,Public domain,,no,Wikimedia Commons,Osmanthus fragrans in China,青花植主图：替换为近景候选，并按主图标准保留清晰主体、弱化干扰背景。,1936,1296,flowering/154_osmanthus-fragrans.jpg
155,球根花卉,朱顶红,Hippeastrum × hybridum,File:Hippeastrum hybrid 1.jpg,https://commons.wikimedia.org/wiki/File:Hippeastrum_hybrid_1.jpg,https://upload.wikimedia.org/wikipedia/commons/f/fc/Hippeastrum_hybrid_1.jpg?utm_source=commons.wikimedia.org&utm_campaign=imageinfo&utm_content=original,Mokkie,CC BY-SA 3.0,https://creativecommons.org/licenses/by-sa/3.0/,yes,Own work,"Hippeastrum hybrid (sometimes known as Hippeastrum ""roseum"")",,2204,3920,bulbous/155_hippeastrum-x-hybridum.jpg
156,球根花卉,番红花,Crocus spp.,File:Crocus minimus GotBot 2016.jpg,https://commons.wikimedia.org/wiki/File:Crocus_minimus_GotBot_2016.jpg,https://upload.wikimedia.org/wikipedia/commons/a/a9/Crocus_minimus_GotBot_2016.jpg?utm_source=commons.wikimedia.org&utm_campaign=imageinfo&utm_content=original,Averater,CC BY 4.0,https://creativecommons.org/licenses/by/4.0/,yes,Own work,Crocus minimus at a Crocus exhibition in the greenhouses at Gothenburg Botanical Garden the spring 2016.,,4104,2736,bulbous/156_crocus-spp.jpg
157,球根花卉,唐菖蒲,Gladiolus × hortulanus,File:Gladiolus 7-19-06.JPG,https://commons.wikimedia.org/wiki/File:Gladiolus_7-19-06.JPG,https://upload.wikimedia.org/wikipedia/commons/c/cd/Gladiolus_7-19-06.JPG?utm_source=commons.wikimedia.org&utm_campaign=imageinfo&utm_content=original,William Pembroke at English Wikipedia,Public domain,https://creativecommons.org/publicdomain/mark/1.0/,no,Transferred from en.wikipedia to Commons.,"A Gladiolus flow, aka the ""Sword Lilly"". Self pictured.",,2448,3264,bulbous/157_gladiolus-x-hortulanus.jpg
158,观花植物,大丽花,Dahlia pinnata,File:Dahlia pinnata dwarf-Anna park-yercaud-salem-India.JPG,https://commons.wikimedia.org/wiki/File:Dahlia_pinnata_dwarf-Anna_park-yercaud-salem-India.JPG,https://upload.wikimedia.org/wikipedia/commons/a/a1/Dahlia_pinnata_dwarf-Anna_park-yercaud-salem-India.JPG?utm_source=commons.wikimedia.org&utm_campaign=imageinfo&utm_content=original,Yercaud-elango,CC BY-SA 4.0,https://creativecommons.org/licenses/by-sa/4.0/,yes,Own work,"Double flowers,dark pink.",,4000,3000,flowering/158_dahlia-pinnata.jpg
159,观花植物,美人蕉,Canna indica,File:Young Canna indica.jpg,https://commons.wikimedia.org/wiki/File:Young_Canna_indica.jpg,https://upload.wikimedia.org/wikipedia/commons/5/5b/Young_Canna_indica.jpg?utm_source=commons.wikimedia.org&utm_campaign=imageinfo&utm_content=original,Hakurra,CC0,https://creativecommons.org/publicdomain/zero/1.0/,no,Own work,Young Canna indica,,2944,2448,flowering/159_canna-indica.jpg
160,观花植物,姜荷花,Curcuma alismatifolia,File:RFE06 214.jpg,https://commons.wikimedia.org/wiki/File:RFE06_214.jpg,https://upload.wikimedia.org/wikipedia/commons/b/bd/RFE06_214.jpg?utm_source=commons.wikimedia.org&utm_campaign=imageinfo&utm_content=original,Love Krittaya,Public domain,https://creativecommons.org/publicdomain/mark/1.0/,no,Own work,"in Royal Flora Expo 2006, Chiangmai, Thailand",,1632,1224,flowering/160_curcuma-alismatifolia.jpg
161,观花植物,鸢尾,Iris germanica,File:Plant of Iris Germanica 'Lighting Ridge' of the Barbata Eliator in the Merian Gardens.jpg,https://commons.wikimedia.org/wiki/File:Plant_of_Iris_Germanica_%27Lighting_Ridge%27_of_the_Barbata_Eliator_in_the_Merian_Gardens.jpg,https://upload.wikimedia.org/wikipedia/commons/7/7e/Plant_of_Iris_Germanica_%27Lighting_Ridge%27_of_the_Barbata_Eliator_in_the_Merian_Gardens.jpg?utm_source=commons.wikimedia.org&utm_campaign=imageinfo&utm_content=original,Paradise Chronicle,CC BY-SA 4.0,https://creativecommons.org/licenses/by-sa/4.0,yes,Wikimedia Commons,Plant of Iris Germanica 'Lighting Ridge' of the Barbata Eliator in the Merian Gardens,青花植主图：替换为近景候选，并按主图标准保留清晰主体、弱化干扰背景。,3178,3930,flowering/161_iris-germanica.jpg
162,水生植物,再力花,Thalia dealbata,File:Gardenology.org-IMG 0750 rbgs10dec.jpg,https://commons.wikimedia.org/wiki/File:Gardenology.org-IMG_0750_rbgs10dec.jpg,https://upload.wikimedia.org/wikipedia/commons/4/46/Gardenology.org-IMG_0750_rbgs10dec.jpg?utm_source=commons.wikimedia.org&utm_campaign=imageinfo&utm_content=original,Raffi Kojian,CC BY-SA 3.0,https://creativecommons.org/licenses/by-sa/3.0,yes,Wikimedia Commons,Thalia dealbata photographed at the Royal Botanic Gardens Sydney (Australia) in December,青花植主图：替换为近景候选，并按主图标准保留清晰主体、弱化干扰背景。,1200,1600,aquatic/162_thalia-dealbata.jpg
163,水生植物,梭鱼草,Pontederia cordata,File:Pontederia cordata kz01.jpg,https://commons.wikimedia.org/wiki/File:Pontederia_cordata_kz01.jpg,https://upload.wikimedia.org/wikipedia/commons/f/fd/Pontederia_cordata_kz01.jpg?utm_source=commons.wikimedia.org&utm_campaign=imageinfo&utm_content=original,"Krzysztof Ziarnek, Kenraiz",CC BY-SA 4.0,https://creativecommons.org/licenses/by-sa/4.0/,yes,Own work,Pontederia cordata in botanical garden in Poznań,,3672,4896,aquatic/163_pontederia-cordata.jpg
164,水生植物,水葱,Schoenoplectus tabernaemontani,"File:Soft-stemmed Bulrush (Schoenoplectus tabernaemontani) - Guelph, Ontario 2020-07-29.jpg",https://commons.wikimedia.org/wiki/File:Soft-stemmed_Bulrush_(Schoenoplectus_tabernaemontani)_-_Guelph%2C_Ontario_2020-07-29.jpg,https://upload.wikimedia.org/wikipedia/commons/9/96/Soft-stemmed_Bulrush_%28Schoenoplectus_tabernaemontani%29_-_Guelph%2C_Ontario_2020-07-29.jpg?utm_source=commons.wikimedia.org&utm_campaign=imageinfo&utm_content=original,Ryan Hodnett,CC BY-SA 4.0,https://creativecommons.org/licenses/by-sa/4.0,yes,Wikimedia Commons,"Soft-stemmed Bulrush (Schoenoplectus tabernaemontani) in Guelph, Ontario, Canada.",青花植主图：替换为近景候选，并按主图标准保留清晰主体、弱化干扰背景。,822,1234,aquatic/164_schoenoplectus-tabernaemontani.jpg
166,水生植物,金钱蒲,Acorus gramineus,File:Acorus gramineus Oborozuki kz1.jpg,https://commons.wikimedia.org/wiki/File:Acorus_gramineus_Oborozuki_kz1.jpg,https://upload.wikimedia.org/wikipedia/commons/d/d0/Acorus_gramineus_Oborozuki_kz1.jpg?utm_source=commons.wikimedia.org&utm_campaign=imageinfo&utm_content=original,"Krzysztof Ziarnek, Kenraiz",CC BY-SA 4.0,https://creativecommons.org/licenses/by-sa/4.0/,yes,Own work,Acorus gramineus 'Oborozuki' at the New York Botanical Garden,,2616,4280,aquatic/166_acorus-gramineus.jpg
167,水生植物,旱伞草,Cyperus alternifolius,File:Cyperus alternifolius Cibora zmienna 2024-02-29 Graz 03.jpg,https://commons.wikimedia.org/wiki/File:Cyperus_alternifolius_Cibora_zmienna_2024-02-29_Graz_03.jpg,https://upload.wikimedia.org/wikipedia/commons/3/31/Cyperus_alternifolius_Cibora_zmienna_2024-02-29_Graz_03.jpg?utm_source=commons.wikimedia.org&utm_campaign=imageinfo&utm_content=original,"Agnieszka Kwiecień, Nova",CC BY-SA 4.0,https://creativecommons.org/licenses/by-sa/4.0/,yes,Own work,"Umbrella papyrus ( Cyperus alternifolius ) cultivated in a greenhouse in Botanical Garden of the University of Graz, Austria.",,4608,3456,aquatic/167_cyperus-alternifolius.jpg
168,香草,迷迭香,Salvia rosmarinus,File:'Rosmarinus officinalis' Rosemary Capel Manor College Gardens Enfield London England.jpg,https://commons.wikimedia.org/wiki/File:'Rosmarinus_officinalis'_Rosemary_Capel_Manor_College_Gardens_Enfield_London_England.jpg,https://upload.wikimedia.org/wikipedia/commons/8/83/%27Rosmarinus_officinalis%27_Rosemary_Capel_Manor_College_Gardens_Enfield_London_England.jpg?utm_source=commons.wikimedia.org&utm_campaign=imageinfo&utm_content=original,Acabashi,CC BY-SA 4.0,https://creativecommons.org/licenses/by-sa/4.0/,yes,Own work,"Rosmarinus officinalis , Rosemary, at Capel Manor College and Gardens , Bulls Cross , Enfield , London , England. Software : RAW file lens-corrected, optimized and converted to JPEG with DxO OpticsPro 10 Elite , and likely further optimized and/or cropped and/or spun with Adobe Photoshop CS2 .",,5472,3648,herb/168_salvia-rosmarinus.jpg
169,香草,百里香,Thymus vulgaris,File:Thymus vulgaris1.JPG,https://commons.wikimedia.org/wiki/File:Thymus_vulgaris1.JPG,https://upload.wikimedia.org/wikipedia/commons/4/4f/Thymus_vulgaris1.JPG?utm_source=commons.wikimedia.org&utm_campaign=imageinfo&utm_content=original,Henry Brisse (upload by user:Abalg ),CC BY-SA 3.0,https://creativecommons.org/licenses/by-sa/3.0/,yes,from the aforementioned site,"(en) Garden Thyme ( Thymus vulgaris ), in France (Bouche du Rhône), a photography originating of the internet site http://sophy.u-3mrs.fr/ . The accord of the autor, H. Brisse, is here . (fr) Thym commun ( Thymus vulgaris ), en France (Bouche du Rhône), une photographie issue du site internet http://sophy.u-3mrs.fr/ . L'accord de l'auteur, H. Brisse, se situe ici . (de)Echter Thymian, (it)Timo maggiore, (es)Tomillo común",,640,511,herb/169_thymus-vulgaris.jpg
170,香草,牛至,Origanum vulgare,File:Oregano in Pot.jpg,https://commons.wikimedia.org/wiki/File:Oregano_in_Pot.jpg,https://upload.wikimedia.org/wikipedia/commons/5/58/Oregano_in_Pot.jpg?utm_source=commons.wikimedia.org&utm_campaign=imageinfo&utm_content=original,ZabMilenko,CC BY-SA 3.0,https://creativecommons.org/licenses/by-sa/3.0/,yes,Transferred from en.wikipedia to Commons.,"I took this picture myself, but my wife did all the growing. Zab 10:02, 28 May 2007 (UTC)",青花植主图：基于来源图片进行构图裁切，以突出植物主体并弱化背景。,1818,1228,herb/170_origanum-vulgare.jpg
171,香草,鼠尾草,Salvia officinalis,File:Salvia officinalis Szałwia lekarska 2019-04-28 03.jpg,https://commons.wikimedia.org/wiki/File:Salvia_officinalis_Szałwia_lekarska_2019-04-28_03.jpg,https://upload.wikimedia.org/wikipedia/commons/f/f3/Salvia_officinalis_Sza%C5%82wia_lekarska_2019-04-28_03.jpg?utm_source=commons.wikimedia.org&utm_campaign=imageinfo&utm_content=original,"Agnieszka Kwiecień, Nova",CC BY-SA 4.0,https://creativecommons.org/licenses/by-sa/4.0/,yes,Own work,"Common sage ( Salvia officinalis ) cultivated in Wrocław University Botanical Garden, Wrocław, Poland.",,2958,3943,herb/171_salvia-officinalis.jpg
172,香草,紫苏,Perilla frutescens,File:Shiso potted.jpg,https://commons.wikimedia.org/wiki/File:Shiso_potted.jpg,https://upload.wikimedia.org/wikipedia/commons/a/a8/Shiso_potted.jpg?utm_source=commons.wikimedia.org&utm_campaign=imageinfo&utm_content=original,No machine-readable author provided. ChrisRuvolo assumed (based on copyright claims).,CC BY-SA 3.0,https://creativecommons.org/licenses/by-sa/3.0/,yes,No machine-readable source provided. Own work assumed (based on copyright claims).,Potted en:Shiso ( ja:シソ ) ( Perilla frutescens ) plant,,1200,1600,herb/172_perilla-frutescens.jpg
173,香草,欧芹,Petroselinum crispum,File:Parsley Flat.jpg,https://commons.wikimedia.org/wiki/File:Parsley_Flat.jpg,https://upload.wikimedia.org/wikipedia/commons/a/a6/Parsley_Flat.jpg?utm_source=commons.wikimedia.org&utm_campaign=imageinfo&utm_content=original,Donovan Govan.,CC BY-SA 3.0,http://creativecommons.org/licenses/by-sa/3.0/,yes,Wikimedia Commons,This is part of a flat leaved parsley plant (also known as Italian parsley).,青花植主图：替换为近景候选，并按主图标准保留清晰主体、弱化干扰背景。,1464,1956,herb/173_petroselinum-crispum.jpg
174,香草,莳萝,Anethum graveolens,File:Starr-090801-3498-Anethum graveolens-habit in pot-Olinda-Maui (24852887282).jpg,https://commons.wikimedia.org/wiki/File:Starr-090801-3498-Anethum_graveolens-habit_in_pot-Olinda-Maui_(24852887282).jpg,https://upload.wikimedia.org/wikipedia/commons/d/d7/Starr-090801-3498-Anethum_graveolens-habit_in_pot-Olinda-Maui_%2824852887282%29.jpg?utm_source=commons.wikimedia.org&utm_campaign=imageinfo&utm_content=original,Forest and Kim Starr,CC BY 3.0 us,https://creativecommons.org/licenses/by/3.0/,yes,starr-090801-3498-Anethum_graveolens-habit_in_pot-Olinda-Maui,"Anethum graveolens (Dill weed) Habit in pot at Olinda, Maui, Hawaii. August 01, 2009 #090801-3498 Image Use Policy",青花植主图：基于来源图片进行构图裁切/轻度亮度校正，以突出植物主体并弱化背景；未改变植物形态。,2736,3648,herb/174_anethum-graveolens.jpg
175,香草,细香葱,Allium schoenoprasum,File:Allium schoenoprasum 001.JPG,https://commons.wikimedia.org/wiki/File:Allium_schoenoprasum_001.JPG,https://upload.wikimedia.org/wikipedia/commons/4/4e/Allium_schoenoprasum_001.JPG?utm_source=commons.wikimedia.org&utm_campaign=imageinfo&utm_content=original,H. Zell,CC BY-SA 3.0,https://creativecommons.org/licenses/by-sa/3.0/,yes,Own work,"Allium schoenoprasum , Alliaceae, Chive, habitus; Botanical Garden KIT, Karlsruhe, Germany.",,1772,1329,herb/175_allium-schoenoprasum.jpg
176,香草,柠檬香蜂草,Melissa officinalis,File:Melissa officinalis g1.jpg,https://commons.wikimedia.org/wiki/File:Melissa_officinalis_g1.jpg,https://upload.wikimedia.org/wikipedia/commons/5/59/Melissa_officinalis_g1.jpg?utm_source=commons.wikimedia.org&utm_campaign=imageinfo&utm_content=original,,CC BY-SA 3.0,http://creativecommons.org/licenses/by-sa/3.0/,yes,Wikimedia Commons,Melissa officinalis g1,青花植主图：替换为近景候选，并按主图标准保留清晰主体、弱化干扰背景。,1800,1800,herb/176_melissa-officinalis.jpg
177,香草,茴香,Foeniculum vulgare,File:Starr-110515-6515-Foeniculum vulgare-small plant-Science City-Maui (24976891672).jpg,https://commons.wikimedia.org/wiki/File:Starr-110515-6515-Foeniculum_vulgare-small_plant-Science_City-Maui_(24976891672).jpg,https://upload.wikimedia.org/wikipedia/commons/7/76/Starr-110515-6515-Foeniculum_vulgare-small_plant-Science_City-Maui_%2824976891672%29.jpg?utm_source=commons.wikimedia.org&utm_campaign=imageinfo&utm_content=original,Forest and Kim Starr,CC BY 3.0 us,https://creativecommons.org/licenses/by/3.0/us/deed.en,yes,Wikimedia Commons,"Foeniculum vulgare (Fennel)
Small plant at Science City, Maui, Hawaii.
May 15, 2011

#110515-6515


Image Use Policy",青花植主图：替换为近景候选，并按主图标准保留清晰主体、弱化干扰背景。,3456,2592,herb/177_foeniculum-vulgare.jpg
178,蔬菜,芝麻菜,Eruca vesicaria,File:Starr 080103-1273 Eruca vesicaria subsp. sativa.jpg,https://commons.wikimedia.org/wiki/File:Starr_080103-1273_Eruca_vesicaria_subsp._sativa.jpg,https://upload.wikimedia.org/wikipedia/commons/a/a7/Starr_080103-1273_Eruca_vesicaria_subsp._sativa.jpg?utm_source=commons.wikimedia.org&utm_campaign=imageinfo&utm_content=original,Forest & Kim Starr,CC BY 3.0,https://creativecommons.org/licenses/by/3.0/,yes,"Plants of Hawaii, Image 080103-1273 from http://www.hear.org/starr/plants/images/image/?q=080103-1273","Eruca vesicaria subsp. sativa (habit). Location: Maui, Lowes Garden Center Kahului",,2112,2816,vegetable/178_eruca-vesicaria.jpg
179,蔬菜,菠菜,Spinacia oleracea,File:Spinacia Oleracea.jpg,https://commons.wikimedia.org/wiki/File:Spinacia_Oleracea.jpg,https://upload.wikimedia.org/wikipedia/commons/0/07/Spinacia_Oleracea.jpg?utm_source=commons.wikimedia.org&utm_campaign=imageinfo&utm_content=original,Merstel007,CC0,https://creativecommons.org/publicdomain/zero/1.0/,no,Own work,Épinard,,2736,3648,vegetable/179_spinacia-oleracea.jpg
180,蔬菜,油麦菜,Lactuca sativa var. longifolia,File:Romaine lettuce J1.JPG,https://commons.wikimedia.org/wiki/File:Romaine_lettuce_J1.JPG,https://upload.wikimedia.org/wikipedia/commons/6/6d/Romaine_lettuce_J1.JPG?utm_source=commons.wikimedia.org&utm_campaign=imageinfo&utm_content=original,Jamain,CC BY-SA 3.0,https://creativecommons.org/licenses/by-sa/3.0/,yes,Own work,"Romaine lettuce, in a allotment in Wattrelos (Nord), France.",,3000,4000,vegetable/180_lactuca-sativa-var-longifolia.jpg
182,蔬菜,上海青,Brassica rapa subsp. chinensis,File:Pak-ch.jpg,https://commons.wikimedia.org/wiki/File:Pak-ch.jpg,https://upload.wikimedia.org/wikipedia/commons/3/33/Pak-ch.jpg?utm_source=commons.wikimedia.org&utm_campaign=imageinfo&utm_content=original,Webvet~enwiki at English Wikipedia,Public domain,https://creativecommons.org/publicdomain/mark/1.0/,no,Transferred from en.wikipedia to Commons.,"Pak Choi (a.k.a. Pac Choi, Poc Choi, Bok Choy)",,1200,1600,vegetable/182_brassica-rapa-subsp-chinensis.jpg
183,蔬菜,羽衣甘蓝,Brassica oleracea var. acephala,File:Brassica oleracea var. acephala Nagoya Garnish Red 1zz.jpg,https://commons.wikimedia.org/wiki/File:Brassica_oleracea_var._acephala_Nagoya_Garnish_Red_1zz.jpg,https://upload.wikimedia.org/wikipedia/commons/c/cc/Brassica_oleracea_var._acephala_Nagoya_Garnish_Red_1zz.jpg?utm_source=commons.wikimedia.org&utm_campaign=imageinfo&utm_content=original,Photo by David J. Stang,CC BY-SA 4.0,https://creativecommons.org/licenses/by-sa/4.0/,yes,source: David Stang. First published at ZipcodeZoo.com,"Location taken: Behnke Nurseries, Beltsville, MD USA. Names: Brassica oleracea var. acephala 'Nagoya Garnish Red' Linnaeus, Nagoya Garnish Red Flowering Kal Classification: Plantae > Tracheophyta > Spermatopsida > Brassicales > Brassicacaeae > Brassiceae > Brassica > Brassica oleracea var. acephala 'Nagoya Garnish Red' .",,3504,2336,vegetable/183_brassica-oleracea-var-acephala.jpg
184,蔬菜,茄子,Solanum melongena,File:Starr 070906-8917 Solanum melongena.jpg,https://commons.wikimedia.org/wiki/File:Starr_070906-8917_Solanum_melongena.jpg,https://upload.wikimedia.org/wikipedia/commons/3/3e/Starr_070906-8917_Solanum_melongena.jpg?utm_source=commons.wikimedia.org&utm_campaign=imageinfo&utm_content=original,Forest & Kim Starr,CC BY 3.0,https://creativecommons.org/licenses/by/3.0/,yes,"Plants of Hawaii, Image 070906-8917 from http://www.hear.org/starr/plants/images/image/?q=070906-8917","Solanum melongena (Black Beauty habit). Location: Maui, Kula Ace Hardware and Nursery",,2112,2816,vegetable/184_solanum-melongena.jpg
185,蔬菜,黄瓜,Cucumis sativus,File:Cucumis sativus 0001.JPG,https://commons.wikimedia.org/wiki/File:Cucumis_sativus_0001.JPG,https://upload.wikimedia.org/wikipedia/commons/0/07/Cucumis_sativus_0001.JPG?utm_source=commons.wikimedia.org&utm_campaign=imageinfo&utm_content=original,H. Zell,CC BY-SA 3.0,https://creativecommons.org/licenses/by-sa/3.0/,yes,Own work,"Cucumis sativus , Cucurbitaceae, Cucumber, habitus. The fruit is used in homeopathy as remedy: Cucumis sativus (Cucum.)",,1772,1329,vegetable/185_cucumis-sativus.jpg
186,蔬菜,苦瓜,Momordica charantia,File:Momordica charantia (plant).jpg,https://commons.wikimedia.org/wiki/File:Momordica_charantia_(plant).jpg,https://upload.wikimedia.org/wikipedia/commons/b/bc/Momordica_charantia_%28plant%29.jpg?utm_source=commons.wikimedia.org&utm_campaign=imageinfo&utm_content=original,Hans Hillewaert,CC BY-SA 3.0,https://creativecommons.org/licenses/by-sa/3.0,yes,Wikimedia Commons,"near Palm Tree House, Woodfordhill, Dominica, W.I.",青花植主图：替换为近景候选，并按主图标准保留清晰主体、弱化干扰背景。,2816,2112,vegetable/186_momordica-charantia.jpg
187,蔬菜,丝瓜,Luffa aegyptiaca,File:A vegetable plant and also a beautification plant.jpg,https://commons.wikimedia.org/wiki/File:A_vegetable_plant_and_also_a_beautification_plant.jpg,https://upload.wikimedia.org/wikipedia/commons/2/21/A_vegetable_plant_and_also_a_beautification_plant.jpg?utm_source=commons.wikimedia.org&utm_campaign=imageinfo&utm_content=original,Goodymeraj,CC0,http://creativecommons.org/publicdomain/zero/1.0/deed.en,no,Wikimedia Commons,"Sponge gourd, also known as Luffa or ridge gourd, is a vegetable that can have many health benefits. It is part of the cucumber family and has been used since the Roman Empire.",青花植主图：替换为近景候选，并按主图标准保留清晰主体、弱化干扰背景。,3024,4032,vegetable/187_luffa-aegyptiaca.jpg
188,蔬菜,南瓜,Cucurbita moschata,File:Cucurbita moschata 01.JPG,https://commons.wikimedia.org/wiki/File:Cucurbita_moschata_01.JPG,https://upload.wikimedia.org/wikipedia/commons/6/6a/Cucurbita_moschata_01.JPG?utm_source=commons.wikimedia.org&utm_campaign=imageinfo&utm_content=original,AfroBrazilian,CC BY-SA 3.0,https://creativecommons.org/licenses/by-sa/3.0,yes,Wikimedia Commons,Cucurbita moschata. Found in Latvia,青花植主图：替换为近景候选，并按主图标准保留清晰主体、弱化干扰背景。,4608,3456,vegetable/188_cucurbita-moschata.jpg
189,蔬菜,西葫芦,Cucurbita pepo,File:Courgette plant 'Diamant'.jpg,https://commons.wikimedia.org/wiki/File:Courgette_plant_'Diamant'.jpg,https://upload.wikimedia.org/wikipedia/commons/f/fd/Courgette_plant_%27Diamant%27.jpg?utm_source=commons.wikimedia.org&utm_campaign=imageinfo&utm_content=original,Rasbak,CC BY-SA 3.0,https://creativecommons.org/licenses/by-sa/3.0/,yes,Own work,Courgette plant;,,1161,1675,vegetable/189_cucurbita-pepo.jpg
190,蔬菜,豌豆,Pisum sativum,File:Doperwt rijserwt peulen Pisum sativum.jpg,https://commons.wikimedia.org/wiki/File:Doperwt_rijserwt_peulen_Pisum_sativum.jpg,https://upload.wikimedia.org/wikipedia/commons/b/bc/Doperwt_rijserwt_peulen_Pisum_sativum.jpg?utm_source=commons.wikimedia.org&utm_campaign=imageinfo&utm_content=original,Rasbak,CC BY-SA 3.0,https://creativecommons.org/licenses/by-sa/3.0/,yes,Own work,Green peas in a pod,,1278,1704,vegetable/190_pisum-sativum.jpg
191,蔬菜,四季豆,Phaseolus vulgaris,File:Starr 080914-9907 Phaseolus vulgaris.jpg,https://commons.wikimedia.org/wiki/File:Starr_080914-9907_Phaseolus_vulgaris.jpg,https://upload.wikimedia.org/wikipedia/commons/8/88/Starr_080914-9907_Phaseolus_vulgaris.jpg?utm_source=commons.wikimedia.org&utm_campaign=imageinfo&utm_content=original,Forest & Kim Starr,CC BY 3.0,https://creativecommons.org/licenses/by/3.0/,yes,"Plants of Hawaii, Image 080914-9907 from http://www.hear.org/starr/plants/images/image/?q=080914-9907","Phaseolus vulgaris (twining up bamboo pole). Location: Maui, Makawao",,2112,2816,vegetable/191_phaseolus-vulgaris.jpg
192,蔬菜,豆角,Vigna unguiculata subsp. sesquipedalis,File:Starr 080610-8330 Vigna unguiculata subsp. sesquipedalis.jpg,https://commons.wikimedia.org/wiki/File:Starr_080610-8330_Vigna_unguiculata_subsp._sesquipedalis.jpg,https://upload.wikimedia.org/wikipedia/commons/f/f9/Starr_080610-8330_Vigna_unguiculata_subsp._sesquipedalis.jpg?utm_source=commons.wikimedia.org&utm_campaign=imageinfo&utm_content=original,Forest & Kim Starr,CC BY 3.0,https://creativecommons.org/licenses/by/3.0/,yes,"Plants of Hawaii, Image 080610-8330 from http://www.hear.org/starr/plants/images/image/?q=080610-8330","Vigna unguiculata subsp. sesquipedalis (twining habit and beans). Location: Midway Atoll, Community Garden Sand Island",,2112,2816,vegetable/192_vigna-unguiculata-subsp-sesquipedalis.jpg
193,蔬菜,秋葵,Abelmoschus esculentus,File:Starr-110731-8155-Abelmoschus esculentus-habit in veggie garden-Hawea Pl Olinda-Maui (24806718860).jpg,https://commons.wikimedia.org/wiki/File:Starr-110731-8155-Abelmoschus_esculentus-habit_in_veggie_garden-Hawea_Pl_Olinda-Maui_(24806718860).jpg,https://upload.wikimedia.org/wikipedia/commons/e/ea/Starr-110731-8155-Abelmoschus_esculentus-habit_in_veggie_garden-Hawea_Pl_Olinda-Maui_%2824806718860%29.jpg?utm_source=commons.wikimedia.org&utm_campaign=imageinfo&utm_content=original,Forest and Kim Starr,CC BY 3.0 us,https://creativecommons.org/licenses/by/3.0/us/deed.en,yes,Wikimedia Commons,"Abelmoschus esculentus (Okra, gumbo, lady's finger)
Habit in veggie garden at Hawea Pl Olinda, Maui, Hawaii.
July 31, 2011

#110731-8155


Image Use Policy",青花植主图：替换为近景候选，并按主图标准保留清晰主体、弱化干扰背景。,3648,2736,vegetable/193_abelmoschus-esculentus.jpg
194,蔬菜,甜椒,Capsicum annuum,File:'Gypsy' pepper IMG 6053-.jpg,https://commons.wikimedia.org/wiki/File:%27Gypsy%27_pepper_IMG_6053-.jpg,https://upload.wikimedia.org/wikipedia/commons/f/fe/%27Gypsy%27_pepper_IMG_6053-.jpg?utm_source=commons.wikimedia.org&utm_campaign=imageinfo&utm_content=original,Don McCulley,CC BY-SA 4.0,https://creativecommons.org/licenses/by-sa/4.0,yes,Wikimedia Commons,"Sweet pepper 'Gypsy' on August 13, 2017 in Santa Rosa, Ca.",青花植主图：替换为近景候选，并按主图标准保留清晰主体、弱化干扰背景。,2176,3264,vegetable/194_capsicum-annuum.jpg
196,蔬菜,草莓,Fragaria × ananassa,File:Starr-080117-1586-Fragaria x ananassa-habit-Walmart Kahului-Maui (24806944021).jpg,https://commons.wikimedia.org/wiki/File:Starr-080117-1586-Fragaria_x_ananassa-habit-Walmart_Kahului-Maui_(24806944021).jpg,https://upload.wikimedia.org/wikipedia/commons/4/4e/Starr-080117-1586-Fragaria_x_ananassa-habit-Walmart_Kahului-Maui_%2824806944021%29.jpg?utm_source=commons.wikimedia.org&utm_campaign=imageinfo&utm_content=original,Forest and Kim Starr,CC BY 2.0,https://creativecommons.org/licenses/by/2.0/,yes,starr-080117-1586-Fragaria_x_ananassa-habit-Walmart_Kahului-Maui,"<a href="" http://www.starrenvironmental.com/images/species/?q=Fragaria+x+ananassa "" rel=""nofollow""> Fragaria x ananassa (Cultivated strawberry) </a> Habit at Walmart Kahului, Maui, Hawaii. January 17, 2008 <a href="" http://www.starrenvironmental.com/images/search/?q=080117-1586 "" rel=""nofollow"">#080117-1586</a> - <a href="" https://www.flickr.com/people/starr-environmental/ "">Image Use Policy</a>",,2112,2816,vegetable/196_fragaria-x-ananassa.jpg
197,观叶植物,金边富贵竹,Dracaena sanderiana 'Variegata',File:Dracaena sanderiana1.jpg,https://commons.wikimedia.org/wiki/File:Dracaena_sanderiana1.jpg,https://upload.wikimedia.org/wikipedia/commons/c/cd/Dracaena_sanderiana1.jpg?utm_source=commons.wikimedia.org&utm_campaign=imageinfo&utm_content=original,KENPEI,CC BY-SA 3.0,https://creativecommons.org/licenses/by-sa/3.0/,yes,KENPEI's photo,Dracaena sanderiana,青花植主图：基于来源图片进行构图裁切/轻度亮度校正，以突出植物主体并弱化背景；未改变植物形态。,1712,2304,foliage/197_dracaena-sanderiana-variegata.jpg
198,观叶植物,白玉虎皮兰,Dracaena trifasciata 'Moonshine',File:Sansevieria trifasciata 'Moonshine'.jpg,https://commons.wikimedia.org/wiki/File:Sansevieria_trifasciata_'Moonshine'.jpg,https://upload.wikimedia.org/wikipedia/commons/8/88/Sansevieria_trifasciata_%27Moonshine%27.jpg?utm_source=commons.wikimedia.org&utm_campaign=imageinfo&utm_content=original,Mokkie,CC BY-SA 3.0,https://creativecommons.org/licenses/by-sa/3.0/,yes,Own work,Sansevieria trifasciata 'Moonshine',,1985,3475,foliage/198_dracaena-trifasciata-moonshine.jpg
199,观叶植物,油画吊兰,Tradescantia fluminensis 'Tricolor',File:Tradescantia Fluminensis Tri-Color.jpg,https://commons.wikimedia.org/wiki/File:Tradescantia_Fluminensis_Tri-Color.jpg,https://upload.wikimedia.org/wikipedia/commons/8/87/Tradescantia_Fluminensis_Tri-Color.jpg?utm_source=commons.wikimedia.org&utm_campaign=imageinfo&utm_content=original,Peaceloveandlilies,CC BY-SA 4.0,https://creativecommons.org/licenses/by-sa/4.0/,yes,Own work,"Known for its soft pink and white variegated leaves, long trailing ends, and ease of care.",,5529,3686,foliage/199_tradescantia-fluminensis-tricolor.jpg
200,仙人掌/多肉,鹿角海棠,Oscularia deltoides,File:IMG 5948-Oscularia deltoides.jpg,https://commons.wikimedia.org/wiki/File:IMG_5948-Oscularia_deltoides.jpg,https://upload.wikimedia.org/wikipedia/commons/0/07/IMG_5948-Oscularia_deltoides.jpg?utm_source=commons.wikimedia.org&utm_campaign=imageinfo&utm_content=original,C T Johansson,CC BY 3.0,https://creativecommons.org/licenses/by/3.0,yes,Wikimedia Commons,Oscularia deltoides,青花植主图：替换为近景候选，并按主图标准保留清晰主体、弱化干扰背景。,2583,2583,cactus-succulent/200_oscularia-deltoides.jpg
